-- --------------------------------------------------------
-- Host:                         127.0.0.1
-- Server version:               8.4.3 - MySQL Community Server - GPL
-- Server OS:                    Win64
-- HeidiSQL Version:             12.8.0.6908
-- --------------------------------------------------------

/*!40101 SET @OLD_CHARACTER_SET_CLIENT=@@CHARACTER_SET_CLIENT */;
/*!40101 SET NAMES utf8 */;
/*!50503 SET NAMES utf8mb4 */;
/*!40103 SET @OLD_TIME_ZONE=@@TIME_ZONE */;
/*!40103 SET TIME_ZONE='+00:00' */;
/*!40014 SET @OLD_FOREIGN_KEY_CHECKS=@@FOREIGN_KEY_CHECKS, FOREIGN_KEY_CHECKS=0 */;
/*!40101 SET @OLD_SQL_MODE=@@SQL_MODE, SQL_MODE='NO_AUTO_VALUE_ON_ZERO' */;
/*!40111 SET @OLD_SQL_NOTES=@@SQL_NOTES, SQL_NOTES=0 */;


-- Dumping database structure for amar_hostel

USE `busines2_amar_hostel`;

-- Dumping structure for table amar_hostel.account_transactions
DROP TABLE IF EXISTS `account_transactions`;
CREATE TABLE IF NOT EXISTS `account_transactions` (
  `id` bigint unsigned NOT NULL AUTO_INCREMENT,
  `account_transaction_auto_id` bigint unsigned NOT NULL,
  `voucher_no` varchar(255) COLLATE utf8mb4_unicode_ci NOT NULL,
  `voucher_type` varchar(20) COLLATE utf8mb4_unicode_ci NOT NULL,
  `date` date NOT NULL,
  `coa_id` bigint unsigned NOT NULL,
  `coa_head_code` bigint NOT NULL,
  `narration` text COLLATE utf8mb4_unicode_ci,
  `debit_amount` decimal(16,2) NOT NULL DEFAULT '0.00',
  `credit_amount` decimal(16,2) NOT NULL DEFAULT '0.00',
  `document` varchar(255) COLLATE utf8mb4_unicode_ci DEFAULT NULL,
  `posted` tinyint(1) NOT NULL DEFAULT '0',
  `approved` tinyint(1) NOT NULL DEFAULT '0',
  `approved_by` bigint unsigned DEFAULT NULL,
  `created_by` bigint unsigned DEFAULT NULL,
  `updated_by` bigint unsigned DEFAULT NULL,
  `deleted_by` bigint unsigned DEFAULT NULL,
  `deleted_at` timestamp NULL DEFAULT NULL,
  `created_at` timestamp NULL DEFAULT NULL,
  `updated_at` timestamp NULL DEFAULT NULL,
  PRIMARY KEY (`id`),
  KEY `account_transactions_account_transaction_auto_id_foreign` (`account_transaction_auto_id`),
  KEY `account_transactions_coa_id_foreign` (`coa_id`),
  KEY `account_transactions_approved_by_foreign` (`approved_by`),
  KEY `account_transactions_created_by_foreign` (`created_by`),
  KEY `account_transactions_updated_by_foreign` (`updated_by`),
  KEY `account_transactions_deleted_by_foreign` (`deleted_by`)
) ENGINE=InnoDB AUTO_INCREMENT=229 DEFAULT CHARSET=utf8mb4 COLLATE=utf8mb4_unicode_ci;

-- Dumping data for table amar_hostel.account_transactions: ~109 rows (approximately)
DELETE FROM `account_transactions`;
INSERT INTO `account_transactions` (`id`, `account_transaction_auto_id`, `voucher_no`, `voucher_type`, `date`, `coa_id`, `coa_head_code`, `narration`, `debit_amount`, `credit_amount`, `document`, `posted`, `approved`, `approved_by`, `created_by`, `updated_by`, `deleted_by`, `deleted_at`, `created_at`, `updated_at`) VALUES
	(3, 83, '2509038', 'Invest', '2025-09-28', 13, 1010201, 'Invest against Invest No - 2509038', 37500.00, 0.00, NULL, 1, 1, 1, 1, NULL, NULL, NULL, '2025-09-27 22:36:44', '2025-09-27 22:36:44'),
	(4, 84, '2509038', 'Invest', '2025-09-28', 219, 20267, 'Invest against Invest No - 2509038', 0.00, 37500.00, NULL, 1, 1, 1, 1, NULL, NULL, NULL, '2025-09-27 22:36:44', '2025-09-27 22:36:44'),
	(7, 79, '2509036', 'Invest', '2025-09-28', 13, 1010201, 'Invest against Invest No - 2509036', 200000.00, 0.00, NULL, 1, 1, 1, 1, NULL, NULL, NULL, '2025-09-27 22:36:49', '2025-09-27 22:36:49'),
	(8, 80, '2509036', 'Invest', '2025-09-28', 149, 20232, 'Invest against Invest No - 2509036', 0.00, 200000.00, NULL, 1, 1, 1, 1, NULL, NULL, NULL, '2025-09-27 22:36:49', '2025-09-27 22:36:49'),
	(9, 77, '2509035', 'Invest', '2025-09-28', 13, 1010201, 'Invest against Invest No - 2509035', 137500.00, 0.00, NULL, 1, 1, 1, 1, NULL, NULL, NULL, '2025-09-27 22:36:51', '2025-09-27 22:36:51'),
	(10, 78, '2509035', 'Invest', '2025-09-28', 117, 20216, 'Invest against Invest No - 2509035', 0.00, 137500.00, NULL, 1, 1, 1, 1, NULL, NULL, NULL, '2025-09-27 22:36:51', '2025-09-27 22:36:51'),
	(19, 67, '2509030', 'Invest', '2025-09-28', 13, 1010201, 'Invest against Invest No - 2509030', 50000.00, 0.00, NULL, 1, 1, 1, 1, NULL, NULL, NULL, '2025-09-27 22:37:00', '2025-09-27 22:37:00'),
	(20, 68, '2509030', 'Invest', '2025-09-28', 213, 20264, 'Invest against Invest No - 2509030', 0.00, 50000.00, NULL, 1, 1, 1, 1, NULL, NULL, NULL, '2025-09-27 22:37:00', '2025-09-27 22:37:00'),
	(21, 65, '2509029', 'Invest', '2025-09-28', 13, 1010201, 'Invest against Invest No - 2509029', 62500.00, 0.00, NULL, 1, 1, 1, 1, NULL, NULL, NULL, '2025-09-27 22:37:01', '2025-09-27 22:37:01'),
	(22, 66, '2509029', 'Invest', '2025-09-28', 121, 20218, 'Invest against Invest No - 2509029', 0.00, 62500.00, NULL, 1, 1, 1, 1, NULL, NULL, NULL, '2025-09-27 22:37:01', '2025-09-27 22:37:01'),
	(23, 61, '2509027', 'Invest', '2025-09-28', 13, 1010201, 'Invest against Invest No - 2509027', 25000.00, 0.00, NULL, 1, 1, 1, 1, NULL, NULL, NULL, '2025-09-27 22:37:03', '2025-09-27 22:37:03'),
	(24, 62, '2509027', 'Invest', '2025-09-28', 185, 20250, 'Invest against Invest No - 2509027', 0.00, 25000.00, NULL, 1, 1, 1, 1, NULL, NULL, NULL, '2025-09-27 22:37:03', '2025-09-27 22:37:03'),
	(25, 63, '2509028', 'Invest', '2025-09-28', 13, 1010201, 'Invest against Invest No - 2509028', 37500.00, 0.00, NULL, 1, 1, 1, 1, NULL, NULL, NULL, '2025-09-27 22:37:08', '2025-09-27 22:37:08'),
	(26, 64, '2509028', 'Invest', '2025-09-28', 211, 20263, 'Invest against Invest No - 2509028', 0.00, 37500.00, NULL, 1, 1, 1, 1, NULL, NULL, NULL, '2025-09-27 22:37:08', '2025-09-27 22:37:08'),
	(27, 103, '2509045', 'Invest', '2025-09-29', 13, 1010201, 'Invest against Invest No - 2509045', 25000.00, 0.00, NULL, 1, 1, 1, 1, NULL, NULL, NULL, '2025-09-28 23:56:26', '2025-09-28 23:56:26'),
	(28, 104, '2509045', 'Invest', '2025-09-29', 229, 20272, 'Invest against Invest No - 2509045', 0.00, 25000.00, NULL, 1, 1, 1, 1, NULL, NULL, NULL, '2025-09-28 23:56:26', '2025-09-28 23:56:26'),
	(33, 101, '2509044', 'Invest', '2025-09-29', 13, 1010201, 'Invest against Invest No - 2509044', 100000.00, 0.00, NULL, 1, 1, 1, 1, NULL, NULL, NULL, '2025-09-28 23:57:38', '2025-09-28 23:57:38'),
	(34, 102, '2509044', 'Invest', '2025-09-29', 227, 20271, 'Invest against Invest No - 2509044', 0.00, 100000.00, NULL, 1, 1, 1, 1, NULL, NULL, NULL, '2025-09-28 23:57:38', '2025-09-28 23:57:38'),
	(37, 97, '2509042', 'Invest', '2025-09-29', 13, 1010201, 'Invest against Invest No - 2509042', 200000.00, 0.00, NULL, 1, 1, 1, 1, NULL, NULL, NULL, '2025-09-28 23:57:43', '2025-09-28 23:57:43'),
	(38, 98, '2509042', 'Invest', '2025-09-29', 223, 20269, 'Invest against Invest No - 2509042', 0.00, 200000.00, NULL, 1, 1, 1, 1, NULL, NULL, NULL, '2025-09-28 23:57:43', '2025-09-28 23:57:43'),
	(39, 95, '2509041', 'Invest', '2025-09-29', 13, 1010201, 'Invest against Invest No - 2509041', 100000.00, 0.00, NULL, 1, 1, 1, 1, NULL, NULL, NULL, '2025-09-28 23:57:46', '2025-09-28 23:57:46'),
	(40, 96, '2509041', 'Invest', '2025-09-29', 151, 20233, 'Invest against Invest No - 2509041', 0.00, 100000.00, NULL, 1, 1, 1, 1, NULL, NULL, NULL, '2025-09-28 23:57:46', '2025-09-28 23:57:46'),
	(41, 93, '2509040', 'Invest', '2025-09-29', 13, 1010201, 'Invest against Invest No - 2509040', 200000.00, 0.00, NULL, 1, 1, 1, 1, NULL, NULL, NULL, '2025-09-28 23:57:49', '2025-09-28 23:57:49'),
	(42, 94, '2509040', 'Invest', '2025-09-29', 195, 20255, 'Invest against Invest No - 2509040', 0.00, 200000.00, NULL, 1, 1, 1, 1, NULL, NULL, NULL, '2025-09-28 23:57:49', '2025-09-28 23:57:49'),
	(45, 89, '2509039', 'Invest', '2025-09-28', 13, 1010201, 'Invest against Invest No - 2509039', 25000.00, 0.00, NULL, 1, 1, 1, 1, NULL, NULL, NULL, '2025-09-28 23:59:11', '2025-09-28 23:59:11'),
	(46, 90, '2509039', 'Invest', '2025-09-28', 221, 20268, 'Invest against Invest No - 2509039', 0.00, 25000.00, NULL, 1, 1, 1, 1, NULL, NULL, NULL, '2025-09-28 23:59:11', '2025-09-28 23:59:11'),
	(49, 111, '2509013', 'Invest', '2025-09-28', 13, 1010201, 'Invest against Invest No - 2509013', 50000.00, 0.00, NULL, 1, 1, 1, 1, NULL, NULL, NULL, '2025-09-28 23:59:49', '2025-09-28 23:59:49'),
	(50, 112, '2509013', 'Invest', '2025-09-28', 143, 20229, 'Invest against Invest No - 2509013', 0.00, 50000.00, NULL, 1, 1, 1, 1, NULL, NULL, NULL, '2025-09-28 23:59:49', '2025-09-28 23:59:49'),
	(51, 109, '2509031', 'Invest', '2025-09-28', 13, 1010201, 'Invest against Invest No - 2509031', 25000.00, 0.00, NULL, 1, 1, 1, 1, NULL, NULL, NULL, '2025-09-28 23:59:51', '2025-09-28 23:59:51'),
	(52, 110, '2509031', 'Invest', '2025-09-28', 215, 20265, 'Invest against Invest No - 2509031', 0.00, 25000.00, NULL, 1, 1, 1, 1, NULL, NULL, NULL, '2025-09-28 23:59:51', '2025-09-28 23:59:51'),
	(53, 59, '2509026', 'Invest', '2025-09-28', 13, 1010201, 'Invest against Invest No - 2509026', 25000.00, 0.00, NULL, 1, 1, 1, 1, NULL, NULL, NULL, '2025-09-28 23:59:53', '2025-09-28 23:59:53'),
	(54, 60, '2509026', 'Invest', '2025-09-28', 175, 20245, 'Invest against Invest No - 2509026', 0.00, 25000.00, NULL, 1, 1, 1, 1, NULL, NULL, NULL, '2025-09-28 23:59:53', '2025-09-28 23:59:53'),
	(55, 57, '2509025', 'Invest', '2025-09-28', 13, 1010201, 'Invest against Invest No - 2509025', 25000.00, 0.00, NULL, 1, 1, 1, 1, NULL, NULL, NULL, '2025-09-28 23:59:55', '2025-09-28 23:59:55'),
	(56, 58, '2509025', 'Invest', '2025-09-28', 209, 20262, 'Invest against Invest No - 2509025', 0.00, 25000.00, NULL, 1, 1, 1, 1, NULL, NULL, NULL, '2025-09-28 23:59:55', '2025-09-28 23:59:55'),
	(59, 53, '2509023', 'Invest', '2025-09-28', 13, 1010201, 'Invest against Invest No - 2509023', 25000.00, 0.00, NULL, 1, 1, 1, 1, NULL, NULL, NULL, '2025-09-28 23:59:58', '2025-09-28 23:59:58'),
	(60, 54, '2509023', 'Invest', '2025-09-28', 127, 20221, 'Invest against Invest No - 2509023', 0.00, 25000.00, NULL, 1, 1, 1, 1, NULL, NULL, NULL, '2025-09-28 23:59:58', '2025-09-28 23:59:58'),
	(61, 51, '2509022', 'Invest', '2025-09-28', 13, 1010201, 'Invest against Invest No - 2509022', 62500.00, 0.00, NULL, 1, 1, 1, 1, NULL, NULL, NULL, '2025-09-29 00:00:01', '2025-09-29 00:00:01'),
	(62, 52, '2509022', 'Invest', '2025-09-28', 123, 20219, 'Invest against Invest No - 2509022', 0.00, 62500.00, NULL, 1, 1, 1, 1, NULL, NULL, NULL, '2025-09-29 00:00:01', '2025-09-29 00:00:01'),
	(65, 27, '2509010', 'Invest', '2025-09-28', 13, 1010201, 'Invest against Invest No - 2509010', 250000.00, 0.00, NULL, 1, 1, 1, 1, NULL, NULL, NULL, '2025-09-29 00:00:09', '2025-09-29 00:00:09'),
	(66, 28, '2509010', 'Invest', '2025-09-28', 107, 20211, 'Invest against Invest No - 2509010', 0.00, 250000.00, NULL, 1, 1, 1, 1, NULL, NULL, NULL, '2025-09-29 00:00:09', '2025-09-29 00:00:09'),
	(67, 49, '2509021', 'Invest', '2025-09-28', 13, 1010201, 'Invest against Invest No - 2509021', 25000.00, 0.00, NULL, 1, 1, 1, 1, NULL, NULL, NULL, '2025-09-29 00:00:11', '2025-09-29 00:00:11'),
	(68, 50, '2509021', 'Invest', '2025-09-28', 207, 20261, 'Invest against Invest No - 2509021', 0.00, 25000.00, NULL, 1, 1, 1, 1, NULL, NULL, NULL, '2025-09-29 00:00:11', '2025-09-29 00:00:11'),
	(69, 45, '2509019', 'Invest', '2025-09-28', 13, 1010201, 'Invest against Invest No - 2509019', 12500.00, 0.00, NULL, 1, 1, 1, 1, NULL, NULL, NULL, '2025-09-29 00:00:16', '2025-09-29 00:00:16'),
	(70, 46, '2509019', 'Invest', '2025-09-28', 177, 20246, 'Invest against Invest No - 2509019', 0.00, 12500.00, NULL, 1, 1, 1, 1, NULL, NULL, NULL, '2025-09-29 00:00:16', '2025-09-29 00:00:16'),
	(71, 43, '2509018', 'Invest', '2025-09-28', 13, 1010201, 'Invest against Invest No - 2509018', 25000.00, 0.00, NULL, 1, 1, 1, 1, NULL, NULL, NULL, '2025-09-29 00:00:18', '2025-09-29 00:00:18'),
	(72, 44, '2509018', 'Invest', '2025-09-28', 183, 20249, 'Invest against Invest No - 2509018', 0.00, 25000.00, NULL, 1, 1, 1, 1, NULL, NULL, NULL, '2025-09-29 00:00:18', '2025-09-29 00:00:18'),
	(73, 41, '2509017', 'Invest', '2025-09-28', 13, 1010201, 'Invest against Invest No - 2509017', 50000.00, 0.00, NULL, 1, 1, 1, 1, NULL, NULL, NULL, '2025-09-29 00:00:21', '2025-09-29 00:00:21'),
	(74, 42, '2509017', 'Invest', '2025-09-28', 179, 20247, 'Invest against Invest No - 2509017', 0.00, 50000.00, NULL, 1, 1, 1, 1, NULL, NULL, NULL, '2025-09-29 00:00:21', '2025-09-29 00:00:21'),
	(75, 39, '2509016', 'Invest', '2025-09-28', 13, 1010201, 'Invest against Invest No - 2509016', 125000.00, 0.00, NULL, 1, 1, 1, 1, NULL, NULL, NULL, '2025-09-29 00:00:23', '2025-09-29 00:00:23'),
	(76, 40, '2509016', 'Invest', '2025-09-28', 131, 20223, 'Invest against Invest No - 2509016', 0.00, 125000.00, NULL, 1, 1, 1, 1, NULL, NULL, NULL, '2025-09-29 00:00:23', '2025-09-29 00:00:23'),
	(77, 37, '2509015', 'Invest', '2025-09-28', 13, 1010201, 'Invest against Invest No - 2509015', 125000.00, 0.00, NULL, 1, 1, 1, 1, NULL, NULL, NULL, '2025-09-29 00:00:25', '2025-09-29 00:00:25'),
	(78, 38, '2509015', 'Invest', '2025-09-28', 193, 20254, 'Invest against Invest No - 2509015', 0.00, 125000.00, NULL, 1, 1, 1, 1, NULL, NULL, NULL, '2025-09-29 00:00:25', '2025-09-29 00:00:25'),
	(81, 31, '2509012', 'Invest', '2025-09-28', 13, 1010201, 'Invest against Invest No - 2509012', 150000.00, 0.00, NULL, 1, 1, 1, 1, NULL, NULL, NULL, '2025-09-29 00:00:29', '2025-09-29 00:00:29'),
	(82, 32, '2509012', 'Invest', '2025-09-28', 169, 20242, 'Invest against Invest No - 2509012', 0.00, 150000.00, NULL, 1, 1, 1, 1, NULL, NULL, NULL, '2025-09-29 00:00:29', '2025-09-29 00:00:29'),
	(83, 29, '2509011', 'Invest', '2025-09-28', 13, 1010201, 'Invest against Invest No - 2509011', 150000.00, 0.00, NULL, 1, 1, 1, 1, NULL, NULL, NULL, '2025-09-29 00:00:31', '2025-09-29 00:00:31'),
	(84, 30, '2509011', 'Invest', '2025-09-28', 197, 20256, 'Invest against Invest No - 2509011', 0.00, 150000.00, NULL, 1, 1, 1, 1, NULL, NULL, NULL, '2025-09-29 00:00:31', '2025-09-29 00:00:31'),
	(85, 25, '2509009', 'Invest', '2025-09-28', 13, 1010201, 'Invest against Invest No - 2509009', 12500.00, 0.00, NULL, 1, 1, 1, 1, NULL, NULL, NULL, '2025-09-29 00:00:33', '2025-09-29 00:00:33'),
	(86, 26, '2509009', 'Invest', '2025-09-28', 205, 20260, 'Invest against Invest No - 2509009', 0.00, 12500.00, NULL, 1, 1, 1, 1, NULL, NULL, NULL, '2025-09-29 00:00:33', '2025-09-29 00:00:33'),
	(87, 23, '2509008', 'Invest', '2025-09-28', 13, 1010201, 'Invest against Invest No - 2509008', 50000.00, 0.00, NULL, 1, 1, 1, 1, NULL, NULL, NULL, '2025-09-29 00:00:35', '2025-09-29 00:00:35'),
	(88, 24, '2509008', 'Invest', '2025-09-28', 203, 20259, 'Invest against Invest No - 2509008', 0.00, 50000.00, NULL, 1, 1, 1, 1, NULL, NULL, NULL, '2025-09-29 00:00:35', '2025-09-29 00:00:35'),
	(89, 21, '2509007', 'Invest', '2025-09-28', 13, 1010201, 'Invest against Invest No - 2509007', 12500.00, 0.00, NULL, 1, 1, 1, 1, NULL, NULL, NULL, '2025-09-29 00:00:37', '2025-09-29 00:00:37'),
	(90, 22, '2509007', 'Invest', '2025-09-28', 201, 20258, 'Invest against Invest No - 2509007', 0.00, 12500.00, NULL, 1, 1, 1, 1, NULL, NULL, NULL, '2025-09-29 00:00:37', '2025-09-29 00:00:37'),
	(91, 19, '2509006', 'Invest', '2025-09-28', 13, 1010201, 'Invest against Invest No - 2509006', 100000.00, 0.00, NULL, 1, 1, 1, 1, NULL, NULL, NULL, '2025-09-29 00:00:38', '2025-09-29 00:00:38'),
	(92, 20, '2509006', 'Invest', '2025-09-28', 199, 20257, 'Invest against Invest No - 2509006', 0.00, 100000.00, NULL, 1, 1, 1, 1, NULL, NULL, NULL, '2025-09-29 00:00:38', '2025-09-29 00:00:38'),
	(93, 17, '2509005', 'Invest', '2025-09-28', 13, 1010201, 'Invest against Invest No - 2509005', 50000.00, 0.00, NULL, 1, 1, 1, 1, NULL, NULL, NULL, '2025-09-29 00:00:40', '2025-09-29 00:00:40'),
	(94, 18, '2509005', 'Invest', '2025-09-28', 191, 20253, 'Invest against Invest No - 2509005', 0.00, 50000.00, NULL, 1, 1, 1, 1, NULL, NULL, NULL, '2025-09-29 00:00:40', '2025-09-29 00:00:40'),
	(95, 15, '2509004', 'Invest', '2025-09-28', 13, 1010201, 'Invest against Invest No - 2509004', 12500.00, 0.00, NULL, 1, 1, 1, 1, NULL, NULL, NULL, '2025-09-29 00:00:43', '2025-09-29 00:00:43'),
	(96, 16, '2509004', 'Invest', '2025-09-28', 173, 20244, 'Invest against Invest No - 2509004', 0.00, 12500.00, NULL, 1, 1, 1, 1, NULL, NULL, NULL, '2025-09-29 00:00:43', '2025-09-29 00:00:43'),
	(97, 13, '2509003', 'Invest', '2025-09-28', 13, 1010201, 'Invest against Invest No - 2509003', 125000.00, 0.00, NULL, 1, 1, 1, 1, NULL, NULL, NULL, '2025-09-29 00:00:45', '2025-09-29 00:00:45'),
	(98, 14, '2509003', 'Invest', '2025-09-28', 109, 20212, 'Invest against Invest No - 2509003', 0.00, 125000.00, NULL, 1, 1, 1, 1, NULL, NULL, NULL, '2025-09-29 00:00:45', '2025-09-29 00:00:45'),
	(99, 11, '2509002', 'Invest', '2025-09-28', 13, 1010201, 'Invest against Invest No - 2509002', 200000.00, 0.00, NULL, 1, 1, 1, 1, NULL, NULL, NULL, '2025-09-29 00:00:47', '2025-09-29 00:00:47'),
	(100, 12, '2509002', 'Invest', '2025-09-28', 105, 20210, 'Invest against Invest No - 2509002', 0.00, 200000.00, NULL, 1, 1, 1, 1, NULL, NULL, NULL, '2025-09-29 00:00:47', '2025-09-29 00:00:47'),
	(105, 119, '2509048', 'Invest', '2025-09-30', 13, 1010201, 'Invest against Invest No - 2509048', 225000.00, 0.00, NULL, 1, 1, 1, 1, NULL, NULL, NULL, '2025-09-29 22:42:57', '2025-09-29 22:42:57'),
	(106, 120, '2509048', 'Invest', '2025-09-30', 233, 20274, 'Invest against Invest No - 2509048', 0.00, 225000.00, NULL, 1, 1, 1, 1, NULL, NULL, NULL, '2025-09-29 22:42:57', '2025-09-29 22:42:57'),
	(146, 260, '2510005', 'Invest', '2025-09-30', 13, 1010201, 'Invest against Invest No - 2510005', 100000.00, 0.00, NULL, 1, 1, 2, 2, NULL, NULL, NULL, '2025-10-08 02:21:03', '2025-10-08 02:21:03'),
	(147, 261, '2510005', 'Invest', '2025-09-30', 249, 20279, 'Invest against Invest No - 2510005', 0.00, 100000.00, NULL, 1, 1, 2, 2, NULL, NULL, NULL, '2025-10-08 02:21:03', '2025-10-08 02:21:03'),
	(150, 256, '2510003', 'Invest', '2025-09-30', 13, 1010201, 'Invest against Invest No - 2510003', 25000.00, 0.00, NULL, 1, 1, 2, 2, NULL, NULL, NULL, '2025-10-08 02:21:07', '2025-10-08 02:21:07'),
	(151, 257, '2510003', 'Invest', '2025-09-30', 245, 20277, 'Invest against Invest No - 2510003', 0.00, 25000.00, NULL, 1, 1, 2, 2, NULL, NULL, NULL, '2025-10-08 02:21:07', '2025-10-08 02:21:07'),
	(152, 254, '2510002', 'Invest', '2025-10-08', 13, 1010201, 'Invest against Invest No - 2510002', 62500.00, 0.00, NULL, 1, 1, 2, 2, NULL, NULL, NULL, '2025-10-08 02:21:09', '2025-10-08 02:21:09'),
	(153, 255, '2510002', 'Invest', '2025-10-08', 243, 20276, 'Invest against Invest No - 2510002', 0.00, 62500.00, NULL, 1, 1, 2, 2, NULL, NULL, NULL, '2025-10-08 02:21:09', '2025-10-08 02:21:09'),
	(154, 252, '2510001', 'Invest', '2025-09-30', 13, 1010201, 'Invest against Invest No - 2510001', 100000.00, 0.00, NULL, 1, 1, 2, 2, NULL, NULL, NULL, '2025-10-08 02:21:11', '2025-10-08 02:21:11'),
	(155, 253, '2510001', 'Invest', '2025-09-30', 241, 20275, 'Invest against Invest No - 2510001', 0.00, 100000.00, NULL, 1, 1, 2, 2, NULL, NULL, NULL, '2025-10-08 02:21:11', '2025-10-08 02:21:11'),
	(156, 250, '2509043', 'Invest', '2025-09-29', 13, 1010201, 'Invest against Invest No - 2509043', 75000.00, 0.00, NULL, 1, 1, 2, 2, NULL, NULL, NULL, '2025-10-08 02:21:14', '2025-10-08 02:21:14'),
	(157, 251, '2509043', 'Invest', '2025-09-29', 225, 20270, 'Invest against Invest No - 2509043', 0.00, 75000.00, NULL, 1, 1, 2, 2, NULL, NULL, NULL, '2025-10-08 02:21:14', '2025-10-08 02:21:14'),
	(158, 248, '2509037', 'Invest', '2025-09-28', 13, 1010201, 'Invest against Invest No - 2509037', 150000.00, 0.00, NULL, 1, 1, 2, 2, NULL, NULL, NULL, '2025-10-08 02:21:17', '2025-10-08 02:21:17'),
	(159, 249, '2509037', 'Invest', '2025-09-28', 217, 20266, 'Invest against Invest No - 2509037', 0.00, 150000.00, NULL, 1, 1, 2, 2, NULL, NULL, NULL, '2025-10-08 02:21:17', '2025-10-08 02:21:17'),
	(160, 246, '2509034', 'Invest', '2025-09-28', 13, 1010201, 'Invest against Invest No - 2509034', 300000.00, 0.00, NULL, 1, 1, 2, 2, NULL, NULL, NULL, '2025-10-08 02:21:19', '2025-10-08 02:21:19'),
	(161, 247, '2509034', 'Invest', '2025-09-28', 113, 20214, 'Invest against Invest No - 2509034', 0.00, 300000.00, NULL, 1, 1, 2, 2, NULL, NULL, NULL, '2025-10-08 02:21:19', '2025-10-08 02:21:19'),
	(162, 244, '2509020', 'Invest', '2025-09-28', 13, 1010201, 'Invest against Invest No - 2509020', 25000.00, 0.00, NULL, 1, 1, 2, 2, NULL, NULL, NULL, '2025-10-08 02:21:22', '2025-10-08 02:21:22'),
	(163, 245, '2509020', 'Invest', '2025-09-28', 119, 20217, 'Invest against Invest No - 2509020', 0.00, 25000.00, NULL, 1, 1, 2, 2, NULL, NULL, NULL, '2025-10-08 02:21:22', '2025-10-08 02:21:22'),
	(166, 3, '2509001', 'Invest', '2025-09-17', 13, 1010201, 'Invest against Invest No - 2509001', 37500.00, 0.00, NULL, 1, 1, 2, 1, NULL, NULL, NULL, '2025-10-08 02:21:27', '2025-10-08 02:21:27'),
	(167, 4, '2509001', 'Invest', '2025-09-17', 103, 20209, 'Invest against Invest No - 2509001', 0.00, 37500.00, NULL, 1, 1, 2, 1, NULL, NULL, NULL, '2025-10-08 02:21:27', '2025-10-08 02:21:27'),
	(168, 266, '2510004', 'Invest', '2025-09-30', 13, 1010201, 'Invest against Invest No - 2510004', 100000.00, 0.00, NULL, 1, 1, 2, 2, NULL, NULL, NULL, '2025-10-08 08:37:26', '2025-10-08 08:37:26'),
	(169, 267, '2510004', 'Invest', '2025-09-30', 247, 20278, 'Invest against Invest No - 2510004', 0.00, 100000.00, NULL, 1, 1, 2, 2, NULL, NULL, NULL, '2025-10-08 08:37:26', '2025-10-08 08:37:26'),
	(170, 264, '2510006', 'Invest', '2025-09-30', 13, 1010201, 'Invest against Invest No - 2510006', 100000.00, 0.00, NULL, 1, 1, 2, 2, NULL, NULL, NULL, '2025-10-08 08:37:28', '2025-10-08 08:37:28'),
	(171, 265, '2510006', 'Invest', '2025-09-30', 251, 20280, 'Invest against Invest No - 2510006', 0.00, 100000.00, NULL, 1, 1, 2, 2, NULL, NULL, NULL, '2025-10-08 08:37:28', '2025-10-08 08:37:28'),
	(216, 510, '2509032', 'Invest', '2025-09-28', 13, 1010201, 'Invest against Invest No - 2509032', 25000.00, 0.00, NULL, 1, 1, 1, 1, NULL, NULL, NULL, '2025-10-14 01:15:03', '2025-10-14 01:15:03'),
	(217, 511, '2509032', 'Invest', '2025-09-28', 153, 20234, 'Invest against Invest No - 2509032', 0.00, 25000.00, NULL, 1, 1, 1, 1, NULL, NULL, NULL, '2025-10-14 01:15:03', '2025-10-14 01:15:03'),
	(218, 512, '2509046', 'Invest', '2025-09-29', 13, 1010201, 'Invest against Invest No - 2509046', 762500.00, 0.00, NULL, 1, 1, 1, 1, NULL, NULL, NULL, '2025-10-14 01:16:06', '2025-10-14 01:16:06'),
	(219, 513, '2509046', 'Invest', '2025-09-29', 187, 20251, 'Invest against Invest No - 2509046', 0.00, 762500.00, NULL, 1, 1, 1, 1, NULL, NULL, NULL, '2025-10-14 01:16:06', '2025-10-14 01:16:06'),
	(220, 514, '2509024', 'Invest', '2025-09-28', 13, 1010201, 'Invest against Invest No - 2509024', 12500.00, 0.00, NULL, 1, 1, 1, 1, NULL, NULL, NULL, '2025-10-14 01:18:41', '2025-10-14 01:18:41'),
	(221, 515, '2509024', 'Invest', '2025-09-28', 155, 20235, 'Invest against Invest No - 2509024', 0.00, 12500.00, NULL, 1, 1, 1, 1, NULL, NULL, NULL, '2025-10-14 01:18:41', '2025-10-14 01:18:41'),
	(222, 2130, 'INV-2602043', 'Invoice', '0000-00-00', 0, 30101, 'Sales income for invoice #INV-2602043', 0.00, 4500.00, NULL, 1, 0, NULL, 2, NULL, NULL, NULL, '2026-02-18 02:30:49', '2026-02-18 02:30:49'),
	(223, 2131, 'INV-2602043', 'Invoice', '0000-00-00', 0, 1010201, 'Cash payment for invoice #INV-2602043', 4500.00, 0.00, NULL, 1, 0, NULL, 2, NULL, NULL, NULL, '2026-02-18 02:30:49', '2026-02-18 02:30:49'),
	(224, 2133, 'DV-100001', 'DV', '0000-00-00', 0, 1010202, 'Abdullah Faysal - Profit - 40208', 0.00, 22.00, NULL, 1, 0, NULL, 1, NULL, NULL, NULL, '2026-02-18 02:38:47', '2026-02-18 02:38:47'),
	(225, 2134, 'DV-100001', 'DV', '0000-00-00', 0, 40208, 'Abdullah Faysal - Profit - 40208', 22.00, 0.00, NULL, 1, 0, NULL, 1, NULL, NULL, NULL, '2026-02-18 02:38:47', '2026-02-18 02:38:47'),
	(226, 2135, 'CV-100001', 'CV', '0000-00-00', 0, 1010202, 'Abeda Sultana - 20214', 33.00, 0.00, NULL, 1, 0, NULL, 1, NULL, NULL, NULL, '2026-02-18 02:40:07', '2026-02-18 02:40:07'),
	(227, 2136, 'CV-100001', 'CV', '0000-00-00', 0, 20214, 'Abeda Sultana - 20214', 0.00, 33.00, NULL, 1, 0, NULL, 1, NULL, NULL, NULL, '2026-02-18 02:40:07', '2026-02-18 02:40:07'),
	(228, 2132, 'JV-100001', 'JV', '0000-00-00', 0, 40208, NULL, 22.00, 22.00, NULL, 1, 0, NULL, 1, NULL, NULL, NULL, '2026-02-18 02:40:11', '2026-02-18 02:40:11');

-- Dumping structure for table amar_hostel.account_transaction_autos
DROP TABLE IF EXISTS `account_transaction_autos`;
CREATE TABLE IF NOT EXISTS `account_transaction_autos` (
  `id` bigint unsigned NOT NULL AUTO_INCREMENT,
  `voucher_no` varchar(255) COLLATE utf8mb4_unicode_ci NOT NULL,
  `voucher_type` varchar(20) COLLATE utf8mb4_unicode_ci NOT NULL,
  `date` date NOT NULL,
  `coa_id` bigint unsigned NOT NULL,
  `coa_head_code` bigint NOT NULL,
  `narration` text COLLATE utf8mb4_unicode_ci,
  `debit_amount` decimal(16,2) NOT NULL DEFAULT '0.00',
  `credit_amount` decimal(16,2) NOT NULL DEFAULT '0.00',
  `document` varchar(255) COLLATE utf8mb4_unicode_ci DEFAULT NULL,
  `posted` tinyint(1) NOT NULL DEFAULT '0',
  `approved` tinyint(1) NOT NULL DEFAULT '0',
  `approved_by` bigint unsigned DEFAULT NULL,
  `created_by` bigint unsigned DEFAULT NULL,
  `updated_by` bigint unsigned DEFAULT NULL,
  `deleted_by` bigint unsigned DEFAULT NULL,
  `deleted_at` timestamp NULL DEFAULT NULL,
  `created_at` timestamp NULL DEFAULT NULL,
  `updated_at` timestamp NULL DEFAULT NULL,
  PRIMARY KEY (`id`),
  KEY `account_transaction_autos_coa_id_foreign` (`coa_id`),
  KEY `account_transaction_autos_approved_by_foreign` (`approved_by`),
  KEY `account_transaction_autos_created_by_foreign` (`created_by`),
  KEY `account_transaction_autos_updated_by_foreign` (`updated_by`),
  KEY `account_transaction_autos_deleted_by_foreign` (`deleted_by`)
) ENGINE=InnoDB AUTO_INCREMENT=2137 DEFAULT CHARSET=utf8mb4 COLLATE=utf8mb4_unicode_ci;

-- Dumping data for table amar_hostel.account_transaction_autos: ~1,517 rows (approximately)
DELETE FROM `account_transaction_autos`;
INSERT INTO `account_transaction_autos` (`id`, `voucher_no`, `voucher_type`, `date`, `coa_id`, `coa_head_code`, `narration`, `debit_amount`, `credit_amount`, `document`, `posted`, `approved`, `approved_by`, `created_by`, `updated_by`, `deleted_by`, `deleted_at`, `created_at`, `updated_at`) VALUES
	(3, '2509001', 'Invest', '2025-09-17', 13, 1010201, 'Invest against Invest No - 2509001', 37500.00, 0.00, NULL, 1, 1, 2, 1, NULL, NULL, NULL, '2025-09-17 07:23:01', '2025-10-08 02:21:27'),
	(4, '2509001', 'Invest', '2025-09-17', 103, 20209, 'Invest against Invest No - 2509001', 0.00, 37500.00, NULL, 1, 1, 2, 1, NULL, NULL, NULL, '2025-09-17 07:23:01', '2025-10-08 02:21:27'),
	(11, '2509002', 'Invest', '2025-09-28', 13, 1010201, 'Invest against Invest No - 2509002', 200000.00, 0.00, NULL, 1, 1, 1, 1, NULL, NULL, NULL, '2025-09-27 21:55:16', '2025-09-29 00:00:47'),
	(12, '2509002', 'Invest', '2025-09-28', 105, 20210, 'Invest against Invest No - 2509002', 0.00, 200000.00, NULL, 1, 1, 1, 1, NULL, NULL, NULL, '2025-09-27 21:55:16', '2025-09-29 00:00:47'),
	(13, '2509003', 'Invest', '2025-09-28', 13, 1010201, 'Invest against Invest No - 2509003', 125000.00, 0.00, NULL, 1, 1, 1, 1, NULL, NULL, NULL, '2025-09-27 21:55:36', '2025-09-29 00:00:45'),
	(14, '2509003', 'Invest', '2025-09-28', 109, 20212, 'Invest against Invest No - 2509003', 0.00, 125000.00, NULL, 1, 1, 1, 1, NULL, NULL, NULL, '2025-09-27 21:55:36', '2025-09-29 00:00:45'),
	(15, '2509004', 'Invest', '2025-09-28', 13, 1010201, 'Invest against Invest No - 2509004', 12500.00, 0.00, NULL, 1, 1, 1, 1, NULL, NULL, NULL, '2025-09-27 21:55:49', '2025-09-29 00:00:43'),
	(16, '2509004', 'Invest', '2025-09-28', 173, 20244, 'Invest against Invest No - 2509004', 0.00, 12500.00, NULL, 1, 1, 1, 1, NULL, NULL, NULL, '2025-09-27 21:55:49', '2025-09-29 00:00:43'),
	(17, '2509005', 'Invest', '2025-09-28', 13, 1010201, 'Invest against Invest No - 2509005', 50000.00, 0.00, NULL, 1, 1, 1, 1, NULL, NULL, NULL, '2025-09-27 21:56:04', '2025-09-29 00:00:40'),
	(18, '2509005', 'Invest', '2025-09-28', 191, 20253, 'Invest against Invest No - 2509005', 0.00, 50000.00, NULL, 1, 1, 1, 1, NULL, NULL, NULL, '2025-09-27 21:56:04', '2025-09-29 00:00:40'),
	(19, '2509006', 'Invest', '2025-09-28', 13, 1010201, 'Invest against Invest No - 2509006', 100000.00, 0.00, NULL, 1, 1, 1, 1, NULL, NULL, NULL, '2025-09-27 21:57:35', '2025-09-29 00:00:38'),
	(20, '2509006', 'Invest', '2025-09-28', 199, 20257, 'Invest against Invest No - 2509006', 0.00, 100000.00, NULL, 1, 1, 1, 1, NULL, NULL, NULL, '2025-09-27 21:57:35', '2025-09-29 00:00:38'),
	(21, '2509007', 'Invest', '2025-09-28', 13, 1010201, 'Invest against Invest No - 2509007', 12500.00, 0.00, NULL, 1, 1, 1, 1, NULL, NULL, NULL, '2025-09-27 21:59:05', '2025-09-29 00:00:37'),
	(22, '2509007', 'Invest', '2025-09-28', 201, 20258, 'Invest against Invest No - 2509007', 0.00, 12500.00, NULL, 1, 1, 1, 1, NULL, NULL, NULL, '2025-09-27 21:59:05', '2025-09-29 00:00:37'),
	(23, '2509008', 'Invest', '2025-09-28', 13, 1010201, 'Invest against Invest No - 2509008', 50000.00, 0.00, NULL, 1, 1, 1, 1, NULL, NULL, NULL, '2025-09-27 21:59:58', '2025-09-29 00:00:35'),
	(24, '2509008', 'Invest', '2025-09-28', 203, 20259, 'Invest against Invest No - 2509008', 0.00, 50000.00, NULL, 1, 1, 1, 1, NULL, NULL, NULL, '2025-09-27 21:59:58', '2025-09-29 00:00:35'),
	(25, '2509009', 'Invest', '2025-09-28', 13, 1010201, 'Invest against Invest No - 2509009', 12500.00, 0.00, NULL, 1, 1, 1, 1, NULL, NULL, NULL, '2025-09-27 22:00:42', '2025-09-29 00:00:33'),
	(26, '2509009', 'Invest', '2025-09-28', 205, 20260, 'Invest against Invest No - 2509009', 0.00, 12500.00, NULL, 1, 1, 1, 1, NULL, NULL, NULL, '2025-09-27 22:00:42', '2025-09-29 00:00:33'),
	(27, '2509010', 'Invest', '2025-09-28', 13, 1010201, 'Invest against Invest No - 2509010', 250000.00, 0.00, NULL, 1, 1, 1, 1, NULL, NULL, NULL, '2025-09-27 22:00:59', '2025-09-29 00:00:09'),
	(28, '2509010', 'Invest', '2025-09-28', 107, 20211, 'Invest against Invest No - 2509010', 0.00, 250000.00, NULL, 1, 1, 1, 1, NULL, NULL, NULL, '2025-09-27 22:00:59', '2025-09-29 00:00:09'),
	(29, '2509011', 'Invest', '2025-09-28', 13, 1010201, 'Invest against Invest No - 2509011', 150000.00, 0.00, NULL, 1, 1, 1, 1, NULL, NULL, NULL, '2025-09-27 22:01:11', '2025-09-29 00:00:31'),
	(30, '2509011', 'Invest', '2025-09-28', 197, 20256, 'Invest against Invest No - 2509011', 0.00, 150000.00, NULL, 1, 1, 1, 1, NULL, NULL, NULL, '2025-09-27 22:01:11', '2025-09-29 00:00:31'),
	(31, '2509012', 'Invest', '2025-09-28', 13, 1010201, 'Invest against Invest No - 2509012', 150000.00, 0.00, NULL, 1, 1, 1, 1, NULL, NULL, NULL, '2025-09-27 22:01:24', '2025-09-29 00:00:29'),
	(32, '2509012', 'Invest', '2025-09-28', 169, 20242, 'Invest against Invest No - 2509012', 0.00, 150000.00, NULL, 1, 1, 1, 1, NULL, NULL, NULL, '2025-09-27 22:01:24', '2025-09-29 00:00:29'),
	(37, '2509015', 'Invest', '2025-09-28', 13, 1010201, 'Invest against Invest No - 2509015', 125000.00, 0.00, NULL, 1, 1, 1, 1, NULL, NULL, NULL, '2025-09-27 22:02:10', '2025-09-29 00:00:25'),
	(38, '2509015', 'Invest', '2025-09-28', 193, 20254, 'Invest against Invest No - 2509015', 0.00, 125000.00, NULL, 1, 1, 1, 1, NULL, NULL, NULL, '2025-09-27 22:02:10', '2025-09-29 00:00:25'),
	(39, '2509016', 'Invest', '2025-09-28', 13, 1010201, 'Invest against Invest No - 2509016', 125000.00, 0.00, NULL, 1, 1, 1, 1, NULL, NULL, NULL, '2025-09-27 22:02:28', '2025-09-29 00:00:23'),
	(40, '2509016', 'Invest', '2025-09-28', 131, 20223, 'Invest against Invest No - 2509016', 0.00, 125000.00, NULL, 1, 1, 1, 1, NULL, NULL, NULL, '2025-09-27 22:02:28', '2025-09-29 00:00:23'),
	(41, '2509017', 'Invest', '2025-09-28', 13, 1010201, 'Invest against Invest No - 2509017', 50000.00, 0.00, NULL, 1, 1, 1, 1, NULL, NULL, NULL, '2025-09-27 22:02:45', '2025-09-29 00:00:21'),
	(42, '2509017', 'Invest', '2025-09-28', 179, 20247, 'Invest against Invest No - 2509017', 0.00, 50000.00, NULL, 1, 1, 1, 1, NULL, NULL, NULL, '2025-09-27 22:02:45', '2025-09-29 00:00:21'),
	(43, '2509018', 'Invest', '2025-09-28', 13, 1010201, 'Invest against Invest No - 2509018', 25000.00, 0.00, NULL, 1, 1, 1, 1, NULL, NULL, NULL, '2025-09-27 22:02:59', '2025-09-29 00:00:18'),
	(44, '2509018', 'Invest', '2025-09-28', 183, 20249, 'Invest against Invest No - 2509018', 0.00, 25000.00, NULL, 1, 1, 1, 1, NULL, NULL, NULL, '2025-09-27 22:02:59', '2025-09-29 00:00:18'),
	(45, '2509019', 'Invest', '2025-09-28', 13, 1010201, 'Invest against Invest No - 2509019', 12500.00, 0.00, NULL, 1, 1, 1, 1, NULL, NULL, NULL, '2025-09-27 22:03:13', '2025-09-29 00:00:16'),
	(46, '2509019', 'Invest', '2025-09-28', 177, 20246, 'Invest against Invest No - 2509019', 0.00, 12500.00, NULL, 1, 1, 1, 1, NULL, NULL, NULL, '2025-09-27 22:03:13', '2025-09-29 00:00:16'),
	(49, '2509021', 'Invest', '2025-09-28', 13, 1010201, 'Invest against Invest No - 2509021', 25000.00, 0.00, NULL, 1, 1, 1, 1, NULL, NULL, NULL, '2025-09-27 22:04:11', '2025-09-29 00:00:11'),
	(50, '2509021', 'Invest', '2025-09-28', 207, 20261, 'Invest against Invest No - 2509021', 0.00, 25000.00, NULL, 1, 1, 1, 1, NULL, NULL, NULL, '2025-09-27 22:04:11', '2025-09-29 00:00:11'),
	(51, '2509022', 'Invest', '2025-09-28', 13, 1010201, 'Invest against Invest No - 2509022', 62500.00, 0.00, NULL, 1, 1, 1, 1, NULL, NULL, NULL, '2025-09-27 22:04:26', '2025-09-29 00:00:01'),
	(52, '2509022', 'Invest', '2025-09-28', 123, 20219, 'Invest against Invest No - 2509022', 0.00, 62500.00, NULL, 1, 1, 1, 1, NULL, NULL, NULL, '2025-09-27 22:04:26', '2025-09-29 00:00:01'),
	(53, '2509023', 'Invest', '2025-09-28', 13, 1010201, 'Invest against Invest No - 2509023', 25000.00, 0.00, NULL, 1, 1, 1, 1, NULL, NULL, NULL, '2025-09-27 22:04:41', '2025-09-28 23:59:58'),
	(54, '2509023', 'Invest', '2025-09-28', 127, 20221, 'Invest against Invest No - 2509023', 0.00, 25000.00, NULL, 1, 1, 1, 1, NULL, NULL, NULL, '2025-09-27 22:04:41', '2025-09-28 23:59:58'),
	(57, '2509025', 'Invest', '2025-09-28', 13, 1010201, 'Invest against Invest No - 2509025', 25000.00, 0.00, NULL, 1, 1, 1, 1, NULL, NULL, NULL, '2025-09-27 22:05:37', '2025-09-28 23:59:55'),
	(58, '2509025', 'Invest', '2025-09-28', 209, 20262, 'Invest against Invest No - 2509025', 0.00, 25000.00, NULL, 1, 1, 1, 1, NULL, NULL, NULL, '2025-09-27 22:05:37', '2025-09-28 23:59:55'),
	(59, '2509026', 'Invest', '2025-09-28', 13, 1010201, 'Invest against Invest No - 2509026', 25000.00, 0.00, NULL, 1, 1, 1, 1, NULL, NULL, NULL, '2025-09-27 22:05:50', '2025-09-28 23:59:53'),
	(60, '2509026', 'Invest', '2025-09-28', 175, 20245, 'Invest against Invest No - 2509026', 0.00, 25000.00, NULL, 1, 1, 1, 1, NULL, NULL, NULL, '2025-09-27 22:05:50', '2025-09-28 23:59:53'),
	(61, '2509027', 'Invest', '2025-09-28', 13, 1010201, 'Invest against Invest No - 2509027', 25000.00, 0.00, NULL, 1, 1, 1, 1, NULL, NULL, NULL, '2025-09-27 22:06:04', '2025-09-27 22:37:03'),
	(62, '2509027', 'Invest', '2025-09-28', 185, 20250, 'Invest against Invest No - 2509027', 0.00, 25000.00, NULL, 1, 1, 1, 1, NULL, NULL, NULL, '2025-09-27 22:06:04', '2025-09-27 22:37:03'),
	(63, '2509028', 'Invest', '2025-09-28', 13, 1010201, 'Invest against Invest No - 2509028', 37500.00, 0.00, NULL, 1, 1, 1, 1, NULL, NULL, NULL, '2025-09-27 22:06:48', '2025-09-27 22:37:08'),
	(64, '2509028', 'Invest', '2025-09-28', 211, 20263, 'Invest against Invest No - 2509028', 0.00, 37500.00, NULL, 1, 1, 1, 1, NULL, NULL, NULL, '2025-09-27 22:06:48', '2025-09-27 22:37:08'),
	(65, '2509029', 'Invest', '2025-09-28', 13, 1010201, 'Invest against Invest No - 2509029', 62500.00, 0.00, NULL, 1, 1, 1, 1, NULL, NULL, NULL, '2025-09-27 22:07:06', '2025-09-27 22:37:01'),
	(66, '2509029', 'Invest', '2025-09-28', 121, 20218, 'Invest against Invest No - 2509029', 0.00, 62500.00, NULL, 1, 1, 1, 1, NULL, NULL, NULL, '2025-09-27 22:07:06', '2025-09-27 22:37:01'),
	(67, '2509030', 'Invest', '2025-09-28', 13, 1010201, 'Invest against Invest No - 2509030', 50000.00, 0.00, NULL, 1, 1, 1, 1, NULL, NULL, NULL, '2025-09-27 22:07:42', '2025-09-27 22:37:00'),
	(68, '2509030', 'Invest', '2025-09-28', 213, 20264, 'Invest against Invest No - 2509030', 0.00, 50000.00, NULL, 1, 1, 1, 1, NULL, NULL, NULL, '2025-09-27 22:07:42', '2025-09-27 22:37:00'),
	(77, '2509035', 'Invest', '2025-09-28', 13, 1010201, 'Invest against Invest No - 2509035', 137500.00, 0.00, NULL, 1, 1, 1, 1, NULL, NULL, NULL, '2025-09-27 22:09:29', '2025-09-27 22:36:51'),
	(78, '2509035', 'Invest', '2025-09-28', 117, 20216, 'Invest against Invest No - 2509035', 0.00, 137500.00, NULL, 1, 1, 1, 1, NULL, NULL, NULL, '2025-09-27 22:09:29', '2025-09-27 22:36:51'),
	(79, '2509036', 'Invest', '2025-09-28', 13, 1010201, 'Invest against Invest No - 2509036', 200000.00, 0.00, NULL, 1, 1, 1, 1, NULL, NULL, NULL, '2025-09-27 22:09:49', '2025-09-27 22:36:49'),
	(80, '2509036', 'Invest', '2025-09-28', 149, 20232, 'Invest against Invest No - 2509036', 0.00, 200000.00, NULL, 1, 1, 1, 1, NULL, NULL, NULL, '2025-09-27 22:09:49', '2025-09-27 22:36:49'),
	(83, '2509038', 'Invest', '2025-09-28', 13, 1010201, 'Invest against Invest No - 2509038', 37500.00, 0.00, NULL, 1, 1, 1, 1, NULL, NULL, NULL, '2025-09-27 22:11:14', '2025-09-27 22:36:44'),
	(84, '2509038', 'Invest', '2025-09-28', 219, 20267, 'Invest against Invest No - 2509038', 0.00, 37500.00, NULL, 1, 1, 1, 1, NULL, NULL, NULL, '2025-09-27 22:11:14', '2025-09-27 22:36:44'),
	(89, '2509039', 'Invest', '2025-09-28', 13, 1010201, 'Invest against Invest No - 2509039', 25000.00, 0.00, NULL, 1, 1, 1, 1, NULL, NULL, NULL, '2025-09-28 23:39:27', '2025-09-28 23:59:11'),
	(90, '2509039', 'Invest', '2025-09-28', 221, 20268, 'Invest against Invest No - 2509039', 0.00, 25000.00, NULL, 1, 1, 1, 1, NULL, NULL, NULL, '2025-09-28 23:39:27', '2025-09-28 23:59:11'),
	(93, '2509040', 'Invest', '2025-09-29', 13, 1010201, 'Invest against Invest No - 2509040', 200000.00, 0.00, NULL, 1, 1, 1, 1, NULL, NULL, NULL, '2025-09-28 23:44:14', '2025-09-28 23:57:49'),
	(94, '2509040', 'Invest', '2025-09-29', 195, 20255, 'Invest against Invest No - 2509040', 0.00, 200000.00, NULL, 1, 1, 1, 1, NULL, NULL, NULL, '2025-09-28 23:44:14', '2025-09-28 23:57:49'),
	(95, '2509041', 'Invest', '2025-09-29', 13, 1010201, 'Invest against Invest No - 2509041', 100000.00, 0.00, NULL, 1, 1, 1, 1, NULL, NULL, NULL, '2025-09-28 23:44:50', '2025-09-28 23:57:46'),
	(96, '2509041', 'Invest', '2025-09-29', 151, 20233, 'Invest against Invest No - 2509041', 0.00, 100000.00, NULL, 1, 1, 1, 1, NULL, NULL, NULL, '2025-09-28 23:44:50', '2025-09-28 23:57:46'),
	(97, '2509042', 'Invest', '2025-09-29', 13, 1010201, 'Invest against Invest No - 2509042', 200000.00, 0.00, NULL, 1, 1, 1, 1, NULL, NULL, NULL, '2025-09-28 23:45:51', '2025-09-28 23:57:43'),
	(98, '2509042', 'Invest', '2025-09-29', 223, 20269, 'Invest against Invest No - 2509042', 0.00, 200000.00, NULL, 1, 1, 1, 1, NULL, NULL, NULL, '2025-09-28 23:45:51', '2025-09-28 23:57:43'),
	(101, '2509044', 'Invest', '2025-09-29', 13, 1010201, 'Invest against Invest No - 2509044', 100000.00, 0.00, NULL, 1, 1, 1, 1, NULL, NULL, NULL, '2025-09-28 23:54:27', '2025-09-28 23:57:38'),
	(102, '2509044', 'Invest', '2025-09-29', 227, 20271, 'Invest against Invest No - 2509044', 0.00, 100000.00, NULL, 1, 1, 1, 1, NULL, NULL, NULL, '2025-09-28 23:54:27', '2025-09-28 23:57:38'),
	(103, '2509045', 'Invest', '2025-09-29', 13, 1010201, 'Invest against Invest No - 2509045', 25000.00, 0.00, NULL, 1, 1, 1, 1, NULL, NULL, NULL, '2025-09-28 23:55:02', '2025-09-28 23:56:26'),
	(104, '2509045', 'Invest', '2025-09-29', 229, 20272, 'Invest against Invest No - 2509045', 0.00, 25000.00, NULL, 1, 1, 1, 1, NULL, NULL, NULL, '2025-09-28 23:55:02', '2025-09-28 23:56:26'),
	(109, '2509031', 'Invest', '2025-09-28', 13, 1010201, 'Invest against Invest No - 2509031', 25000.00, 0.00, NULL, 1, 1, 1, 1, NULL, NULL, NULL, '2025-09-28 23:59:20', '2025-09-28 23:59:51'),
	(110, '2509031', 'Invest', '2025-09-28', 215, 20265, 'Invest against Invest No - 2509031', 0.00, 25000.00, NULL, 1, 1, 1, 1, NULL, NULL, NULL, '2025-09-28 23:59:20', '2025-09-28 23:59:51'),
	(111, '2509013', 'Invest', '2025-09-28', 13, 1010201, 'Invest against Invest No - 2509013', 50000.00, 0.00, NULL, 1, 1, 1, 1, NULL, NULL, NULL, '2025-09-28 23:59:35', '2025-09-28 23:59:49'),
	(112, '2509013', 'Invest', '2025-09-28', 143, 20229, 'Invest against Invest No - 2509013', 0.00, 50000.00, NULL, 1, 1, 1, 1, NULL, NULL, NULL, '2025-09-28 23:59:35', '2025-09-28 23:59:49'),
	(119, '2509048', 'Invest', '2025-09-30', 13, 1010201, 'Invest against Invest No - 2509048', 225000.00, 0.00, NULL, 1, 1, 1, 1, NULL, NULL, NULL, '2025-09-29 22:41:29', '2025-09-29 22:42:57'),
	(120, '2509048', 'Invest', '2025-09-30', 233, 20274, 'Invest against Invest No - 2509048', 0.00, 225000.00, NULL, 1, 1, 1, 1, NULL, NULL, NULL, '2025-09-29 22:41:29', '2025-09-29 22:42:57'),
	(244, '2509020', 'Invest', '2025-09-28', 13, 1010201, 'Invest against Invest No - 2509020', 25000.00, 0.00, NULL, 1, 1, 2, 2, NULL, NULL, NULL, '2025-10-08 01:41:42', '2025-10-08 02:21:22'),
	(245, '2509020', 'Invest', '2025-09-28', 119, 20217, 'Invest against Invest No - 2509020', 0.00, 25000.00, NULL, 1, 1, 2, 2, NULL, NULL, NULL, '2025-10-08 01:41:42', '2025-10-08 02:21:22'),
	(246, '2509034', 'Invest', '2025-09-28', 13, 1010201, 'Invest against Invest No - 2509034', 300000.00, 0.00, NULL, 1, 1, 2, 2, NULL, NULL, NULL, '2025-10-08 01:43:57', '2025-10-08 02:21:19'),
	(247, '2509034', 'Invest', '2025-09-28', 113, 20214, 'Invest against Invest No - 2509034', 0.00, 300000.00, NULL, 1, 1, 2, 2, NULL, NULL, NULL, '2025-10-08 01:43:57', '2025-10-08 02:21:19'),
	(248, '2509037', 'Invest', '2025-09-28', 13, 1010201, 'Invest against Invest No - 2509037', 150000.00, 0.00, NULL, 1, 1, 2, 2, NULL, NULL, NULL, '2025-10-08 01:45:38', '2025-10-08 02:21:17'),
	(249, '2509037', 'Invest', '2025-09-28', 217, 20266, 'Invest against Invest No - 2509037', 0.00, 150000.00, NULL, 1, 1, 2, 2, NULL, NULL, NULL, '2025-10-08 01:45:38', '2025-10-08 02:21:17'),
	(250, '2509043', 'Invest', '2025-09-29', 13, 1010201, 'Invest against Invest No - 2509043', 75000.00, 0.00, NULL, 1, 1, 2, 2, NULL, NULL, NULL, '2025-10-08 01:46:31', '2025-10-08 02:21:14'),
	(251, '2509043', 'Invest', '2025-09-29', 225, 20270, 'Invest against Invest No - 2509043', 0.00, 75000.00, NULL, 1, 1, 2, 2, NULL, NULL, NULL, '2025-10-08 01:46:31', '2025-10-08 02:21:14'),
	(252, '2510001', 'Invest', '2025-09-30', 13, 1010201, 'Invest against Invest No - 2510001', 100000.00, 0.00, NULL, 1, 1, 2, 2, NULL, NULL, NULL, '2025-10-08 01:48:05', '2025-10-08 02:21:11'),
	(253, '2510001', 'Invest', '2025-09-30', 241, 20275, 'Invest against Invest No - 2510001', 0.00, 100000.00, NULL, 1, 1, 2, 2, NULL, NULL, NULL, '2025-10-08 01:48:05', '2025-10-08 02:21:11'),
	(254, '2510002', 'Invest', '2025-10-08', 13, 1010201, 'Invest against Invest No - 2510002', 62500.00, 0.00, NULL, 1, 1, 2, 2, NULL, NULL, NULL, '2025-10-08 01:49:00', '2025-10-08 02:21:09'),
	(255, '2510002', 'Invest', '2025-10-08', 243, 20276, 'Invest against Invest No - 2510002', 0.00, 62500.00, NULL, 1, 1, 2, 2, NULL, NULL, NULL, '2025-10-08 01:49:00', '2025-10-08 02:21:09'),
	(256, '2510003', 'Invest', '2025-09-30', 13, 1010201, 'Invest against Invest No - 2510003', 25000.00, 0.00, NULL, 1, 1, 2, 2, NULL, NULL, NULL, '2025-10-08 01:49:45', '2025-10-08 02:21:07'),
	(257, '2510003', 'Invest', '2025-09-30', 245, 20277, 'Invest against Invest No - 2510003', 0.00, 25000.00, NULL, 1, 1, 2, 2, NULL, NULL, NULL, '2025-10-08 01:49:45', '2025-10-08 02:21:07'),
	(260, '2510005', 'Invest', '2025-09-30', 13, 1010201, 'Invest against Invest No - 2510005', 100000.00, 0.00, NULL, 1, 1, 2, 2, NULL, NULL, NULL, '2025-10-08 01:52:01', '2025-10-08 02:21:03'),
	(261, '2510005', 'Invest', '2025-09-30', 249, 20279, 'Invest against Invest No - 2510005', 0.00, 100000.00, NULL, 1, 1, 2, 2, NULL, NULL, NULL, '2025-10-08 01:52:01', '2025-10-08 02:21:03'),
	(264, '2510006', 'Invest', '2025-09-30', 13, 1010201, 'Invest against Invest No - 2510006', 100000.00, 0.00, NULL, 1, 1, 2, 2, NULL, NULL, NULL, '2025-10-08 08:37:13', '2025-10-08 08:37:28'),
	(265, '2510006', 'Invest', '2025-09-30', 251, 20280, 'Invest against Invest No - 2510006', 0.00, 100000.00, NULL, 1, 1, 2, 2, NULL, NULL, NULL, '2025-10-08 08:37:13', '2025-10-08 08:37:28'),
	(266, '2510004', 'Invest', '2025-09-30', 13, 1010201, 'Invest against Invest No - 2510004', 100000.00, 0.00, NULL, 1, 1, 2, 2, NULL, NULL, NULL, '2025-10-08 08:37:20', '2025-10-08 08:37:26'),
	(267, '2510004', 'Invest', '2025-09-30', 247, 20278, 'Invest against Invest No - 2510004', 0.00, 100000.00, NULL, 1, 1, 2, 2, NULL, NULL, NULL, '2025-10-08 08:37:20', '2025-10-08 08:37:26'),
	(510, '2509032', 'Invest', '2025-09-28', 13, 1010201, 'Invest against Invest No - 2509032', 25000.00, 0.00, NULL, 1, 1, 1, 1, NULL, NULL, NULL, '2025-10-14 01:14:40', '2025-10-14 01:15:03'),
	(511, '2509032', 'Invest', '2025-09-28', 153, 20234, 'Invest against Invest No - 2509032', 0.00, 25000.00, NULL, 1, 1, 1, 1, NULL, NULL, NULL, '2025-10-14 01:14:40', '2025-10-14 01:15:03'),
	(512, '2509046', 'Invest', '2025-09-29', 13, 1010201, 'Invest against Invest No - 2509046', 762500.00, 0.00, NULL, 1, 1, 1, 1, NULL, NULL, NULL, '2025-10-14 01:15:55', '2025-10-14 01:16:06'),
	(513, '2509046', 'Invest', '2025-09-29', 187, 20251, 'Invest against Invest No - 2509046', 0.00, 762500.00, NULL, 1, 1, 1, 1, NULL, NULL, NULL, '2025-10-14 01:15:55', '2025-10-14 01:16:06'),
	(514, '2509024', 'Invest', '2025-09-28', 13, 1010201, 'Invest against Invest No - 2509024', 12500.00, 0.00, NULL, 1, 1, 1, 1, NULL, NULL, NULL, '2025-10-14 01:18:16', '2025-10-14 01:18:41'),
	(515, '2509024', 'Invest', '2025-09-28', 155, 20235, 'Invest against Invest No - 2509024', 0.00, 12500.00, NULL, 1, 1, 1, 1, NULL, NULL, NULL, '2025-10-14 01:18:16', '2025-10-14 01:18:41'),
	(516, 'INV-2510001', 'Invoice', '2025-10-01', 235, 30101, 'Sales income for invoice #INV-2510001', 0.00, 5200.00, NULL, 0, 0, NULL, 2, NULL, NULL, NULL, '2025-10-19 00:46:56', '2025-10-19 00:46:56'),
	(517, 'INV-2510001', 'Invoice', '2025-10-01', 236, 1010101, 'Due from customer for invoice #INV-2510001', 5200.00, 0.00, NULL, 0, 0, NULL, 2, NULL, NULL, NULL, '2025-10-19 00:46:56', '2025-10-19 00:46:56'),
	(520, 'INV-2510001', 'Invoice', '2025-10-19', 13, 1010201, 'Payment received via Cash for invoice #INV-2510001', 5200.00, 0.00, NULL, 0, 0, NULL, 2, NULL, NULL, NULL, '2025-10-19 00:54:29', '2025-10-19 00:54:29'),
	(521, 'INV-2510001', 'Invoice', '2025-10-19', 236, 1010101, 'Reduce Accounts Receivable for invoice #INV-2510001', 0.00, 5200.00, NULL, 0, 0, NULL, 2, NULL, NULL, NULL, '2025-10-19 00:54:29', '2025-10-19 00:54:29'),
	(524, 'INV-2510002', 'Invoice', '2025-10-01', 235, 30101, 'Sales income for invoice #INV-2510002', 0.00, 4200.00, NULL, 0, 0, NULL, 2, NULL, NULL, NULL, '2025-10-19 00:56:49', '2025-10-19 00:56:49'),
	(525, 'INV-2510002', 'Invoice', '2025-10-01', 13, 1010201, 'Cash payment for invoice #INV-2510002', 4200.00, 0.00, NULL, 0, 0, NULL, 2, NULL, NULL, NULL, '2025-10-19 00:56:49', '2025-10-19 00:56:49'),
	(526, 'INV-2510003', 'Invoice', '2025-10-02', 235, 30101, 'Sales income for invoice #INV-2510003', 0.00, 2500.00, NULL, 0, 0, NULL, 2, NULL, NULL, NULL, '2025-10-19 00:57:21', '2025-10-19 00:57:21'),
	(527, 'INV-2510003', 'Invoice', '2025-10-02', 13, 1010201, 'Cash payment for invoice #INV-2510003', 2500.00, 0.00, NULL, 0, 0, NULL, 2, NULL, NULL, NULL, '2025-10-19 00:57:21', '2025-10-19 00:57:21'),
	(530, 'INV-2510004', 'Invoice', '2025-10-02', 235, 30101, 'Sales income for invoice #INV-2510004', 0.00, 4000.00, NULL, 0, 0, NULL, 2, NULL, NULL, NULL, '2025-10-19 00:58:30', '2025-10-19 00:58:30'),
	(531, 'INV-2510004', 'Invoice', '2025-10-02', 13, 1010201, 'Cash payment for invoice #INV-2510004', 4000.00, 0.00, NULL, 0, 0, NULL, 2, NULL, NULL, NULL, '2025-10-19 00:58:30', '2025-10-19 00:58:30'),
	(534, 'INV-2510005', 'Invoice', '2025-10-04', 235, 30101, 'Sales income for invoice #INV-2510005', 0.00, 12000.00, NULL, 0, 0, NULL, 2, NULL, NULL, NULL, '2025-10-19 00:59:51', '2025-10-19 00:59:51'),
	(535, 'INV-2510005', 'Invoice', '2025-10-04', 13, 1010201, 'Cash payment for invoice #INV-2510005', 12000.00, 0.00, NULL, 0, 0, NULL, 2, NULL, NULL, NULL, '2025-10-19 00:59:51', '2025-10-19 00:59:51'),
	(536, 'INV-2510006', 'Invoice', '2025-10-05', 235, 30101, 'Sales income for invoice #INV-2510006', 0.00, 21000.00, NULL, 0, 0, NULL, 2, NULL, NULL, NULL, '2025-10-19 01:00:42', '2025-10-19 01:00:42'),
	(537, 'INV-2510006', 'Invoice', '2025-10-05', 13, 1010201, 'Cash payment for invoice #INV-2510006', 21000.00, 0.00, NULL, 0, 0, NULL, 2, NULL, NULL, NULL, '2025-10-19 01:00:42', '2025-10-19 01:00:42'),
	(538, 'INV-2510007', 'Invoice', '2025-10-06', 235, 30101, 'Sales income for invoice #INV-2510007', 0.00, 25000.00, NULL, 0, 0, NULL, 2, NULL, NULL, NULL, '2025-10-19 03:11:25', '2025-10-19 03:11:25'),
	(539, 'INV-2510007', 'Invoice', '2025-10-06', 13, 1010201, 'Cash payment for invoice #INV-2510007', 25000.00, 0.00, NULL, 0, 0, NULL, 2, NULL, NULL, NULL, '2025-10-19 03:11:25', '2025-10-19 03:11:25'),
	(540, 'INV-2510008', 'Invoice', '2025-10-19', 235, 30101, 'Sales income for invoice #INV-2510008', 0.00, 6300.00, NULL, 0, 0, NULL, 2, NULL, NULL, NULL, '2025-10-19 03:17:09', '2025-10-19 03:17:09'),
	(541, 'INV-2510008', 'Invoice', '2025-10-19', 13, 1010201, 'Cash payment for invoice #INV-2510008', 6300.00, 0.00, NULL, 0, 0, NULL, 2, NULL, NULL, NULL, '2025-10-19 03:17:09', '2025-10-19 03:17:09'),
	(542, 'INV-2510009', 'Invoice', '2025-10-19', 235, 30101, 'Sales income for invoice #INV-2510009', 0.00, 2500.00, NULL, 0, 0, NULL, 2, NULL, NULL, NULL, '2025-10-19 03:17:51', '2025-10-19 03:17:51'),
	(543, 'INV-2510009', 'Invoice', '2025-10-19', 13, 1010201, 'Cash payment for invoice #INV-2510009', 2500.00, 0.00, NULL, 0, 0, NULL, 2, NULL, NULL, NULL, '2025-10-19 03:17:51', '2025-10-19 03:17:51'),
	(544, 'INV-2510010', 'Invoice', '2025-10-06', 235, 30101, 'Sales income for invoice #INV-2510010', 0.00, 4800.00, NULL, 0, 0, NULL, 2, NULL, NULL, NULL, '2025-10-19 03:19:18', '2025-10-19 03:19:18'),
	(545, 'INV-2510010', 'Invoice', '2025-10-06', 13, 1010201, 'Cash payment for invoice #INV-2510010', 4800.00, 0.00, NULL, 0, 0, NULL, 2, NULL, NULL, NULL, '2025-10-19 03:19:18', '2025-10-19 03:19:18'),
	(546, 'INV-2510011', 'Invoice', '2025-10-06', 235, 30101, 'Sales income for invoice #INV-2510011', 0.00, 4200.00, NULL, 0, 0, NULL, 2, NULL, NULL, NULL, '2025-10-19 03:19:41', '2025-10-19 03:19:41'),
	(547, 'INV-2510011', 'Invoice', '2025-10-06', 13, 1010201, 'Cash payment for invoice #INV-2510011', 4200.00, 0.00, NULL, 0, 0, NULL, 2, NULL, NULL, NULL, '2025-10-19 03:19:41', '2025-10-19 03:19:41'),
	(548, 'INV-2510012', 'Invoice', '2025-10-08', 235, 30101, 'Sales income for invoice #INV-2510012', 0.00, 18900.00, NULL, 0, 0, NULL, 2, NULL, NULL, NULL, '2025-10-19 03:20:24', '2025-10-19 03:20:24'),
	(549, 'INV-2510012', 'Invoice', '2025-10-08', 13, 1010201, 'Cash payment for invoice #INV-2510012', 18900.00, 0.00, NULL, 0, 0, NULL, 2, NULL, NULL, NULL, '2025-10-19 03:20:24', '2025-10-19 03:20:24'),
	(552, 'INV-2510013', 'Invoice', '2025-10-08', 235, 30101, 'Sales income for invoice #INV-2510013', 0.00, 7200.00, NULL, 0, 0, NULL, 2, NULL, NULL, NULL, '2025-10-19 03:21:07', '2025-10-19 03:21:07'),
	(553, 'INV-2510013', 'Invoice', '2025-10-08', 13, 1010201, 'Cash payment for invoice #INV-2510013', 7200.00, 0.00, NULL, 0, 0, NULL, 2, NULL, NULL, NULL, '2025-10-19 03:21:07', '2025-10-19 03:21:07'),
	(554, 'INV-2510014', 'Invoice', '2025-10-08', 235, 30101, 'Sales income for invoice #INV-2510014', 0.00, 4200.00, NULL, 0, 0, NULL, 2, NULL, NULL, NULL, '2025-10-19 03:21:30', '2025-10-19 03:21:30'),
	(555, 'INV-2510014', 'Invoice', '2025-10-08', 13, 1010201, 'Cash payment for invoice #INV-2510014', 4200.00, 0.00, NULL, 0, 0, NULL, 2, NULL, NULL, NULL, '2025-10-19 03:21:30', '2025-10-19 03:21:30'),
	(556, 'INV-2510015', 'Invoice', '2025-10-08', 235, 30101, 'Sales income for invoice #INV-2510015', 0.00, 7500.00, NULL, 0, 0, NULL, 2, NULL, NULL, NULL, '2025-10-19 03:22:02', '2025-10-19 03:22:02'),
	(557, 'INV-2510015', 'Invoice', '2025-10-08', 236, 1010101, 'Due from customer for invoice #INV-2510015', 7500.00, 0.00, NULL, 0, 0, NULL, 2, NULL, NULL, NULL, '2025-10-19 03:22:02', '2025-10-19 03:22:02'),
	(558, 'INV-2510015', 'Invoice', '2025-10-08', 13, 1010201, 'Payment received via Cash for invoice #INV-2510015', 7500.00, 0.00, NULL, 0, 0, NULL, 2, NULL, NULL, NULL, '2025-10-19 03:22:16', '2025-10-19 03:22:16'),
	(559, 'INV-2510015', 'Invoice', '2025-10-08', 236, 1010101, 'Reduce Accounts Receivable for invoice #INV-2510015', 0.00, 7500.00, NULL, 0, 0, NULL, 2, NULL, NULL, NULL, '2025-10-19 03:22:16', '2025-10-19 03:22:16'),
	(560, 'INV-2510016', 'Invoice', '2025-10-08', 235, 30101, 'Sales income for invoice #INV-2510016', 0.00, 3200.00, NULL, 0, 0, NULL, 2, NULL, NULL, NULL, '2025-10-19 03:22:47', '2025-10-19 03:22:47'),
	(561, 'INV-2510016', 'Invoice', '2025-10-08', 13, 1010201, 'Cash payment for invoice #INV-2510016', 3200.00, 0.00, NULL, 0, 0, NULL, 2, NULL, NULL, NULL, '2025-10-19 03:22:47', '2025-10-19 03:22:47'),
	(564, 'INV-2510017', 'Invoice', '2025-10-09', 235, 30101, 'Sales income for invoice #INV-2510017', 0.00, 4000.00, NULL, 0, 0, NULL, 2, NULL, NULL, NULL, '2025-10-19 03:24:33', '2025-10-19 03:24:33'),
	(565, 'INV-2510017', 'Invoice', '2025-10-09', 13, 1010201, 'Cash payment for invoice #INV-2510017', 4000.00, 0.00, NULL, 0, 0, NULL, 2, NULL, NULL, NULL, '2025-10-19 03:24:33', '2025-10-19 03:24:33'),
	(566, 'INV-2510018', 'Invoice', '2025-10-09', 235, 30101, 'Sales income for invoice #INV-2510018', 0.00, 3000.00, NULL, 0, 0, NULL, 2, NULL, NULL, NULL, '2025-10-19 03:25:03', '2025-10-19 03:25:03'),
	(567, 'INV-2510018', 'Invoice', '2025-10-09', 13, 1010201, 'Cash payment for invoice #INV-2510018', 3000.00, 0.00, NULL, 0, 0, NULL, 2, NULL, NULL, NULL, '2025-10-19 03:25:03', '2025-10-19 03:25:03'),
	(568, 'INV-2510019', 'Invoice', '2025-10-09', 235, 30101, 'Sales income for invoice #INV-2510019', 0.00, 2200.00, NULL, 0, 0, NULL, 2, NULL, NULL, NULL, '2025-10-19 03:25:34', '2025-10-19 03:25:34'),
	(569, 'INV-2510019', 'Invoice', '2025-10-09', 13, 1010201, 'Cash payment for invoice #INV-2510019', 2200.00, 0.00, NULL, 0, 0, NULL, 2, NULL, NULL, NULL, '2025-10-19 03:25:34', '2025-10-19 03:25:34'),
	(570, 'INV-2510020', 'Invoice', '2025-10-12', 235, 30101, 'Sales income for invoice #INV-2510020', 0.00, 7000.00, NULL, 0, 0, NULL, 2, NULL, NULL, NULL, '2025-10-19 03:26:41', '2025-10-19 03:26:41'),
	(571, 'INV-2510020', 'Invoice', '2025-10-12', 13, 1010201, 'Cash payment for invoice #INV-2510020', 7000.00, 0.00, NULL, 0, 0, NULL, 2, NULL, NULL, NULL, '2025-10-19 03:26:41', '2025-10-19 03:26:41'),
	(572, 'INV-2510021', 'Invoice', '2025-10-19', 235, 30101, 'Sales income for invoice #INV-2510021', 0.00, 500.00, NULL, 0, 0, NULL, 2, NULL, NULL, NULL, '2025-10-19 03:27:00', '2025-10-19 03:27:00'),
	(573, 'INV-2510021', 'Invoice', '2025-10-19', 13, 1010201, 'Cash payment for invoice #INV-2510021', 500.00, 0.00, NULL, 0, 0, NULL, 2, NULL, NULL, NULL, '2025-10-19 03:27:00', '2025-10-19 03:27:00'),
	(574, 'INV-2510022', 'Invoice', '2025-10-13', 235, 30101, 'Sales income for invoice #INV-2510022', 0.00, 26700.00, NULL, 0, 0, NULL, 2, NULL, NULL, NULL, '2025-10-19 03:27:42', '2025-10-19 03:27:42'),
	(575, 'INV-2510022', 'Invoice', '2025-10-13', 13, 1010201, 'Cash payment for invoice #INV-2510022', 26700.00, 0.00, NULL, 0, 0, NULL, 2, NULL, NULL, NULL, '2025-10-19 03:27:42', '2025-10-19 03:27:42'),
	(576, 'INV-2510023', 'Invoice', '2025-10-13', 235, 30101, 'Sales income for invoice #INV-2510023', 0.00, 4500.00, NULL, 0, 0, NULL, 2, NULL, NULL, NULL, '2025-10-19 03:28:17', '2025-10-19 03:28:17'),
	(577, 'INV-2510023', 'Invoice', '2025-10-13', 13, 1010201, 'Cash payment for invoice #INV-2510023', 4500.00, 0.00, NULL, 0, 0, NULL, 2, NULL, NULL, NULL, '2025-10-19 03:28:17', '2025-10-19 03:28:17'),
	(578, 'INV-2510024', 'Invoice', '2025-10-13', 235, 30101, 'Sales income for invoice #INV-2510024', 0.00, 3600.00, NULL, 0, 0, NULL, 2, NULL, NULL, NULL, '2025-10-19 03:28:49', '2025-10-19 03:28:49'),
	(579, 'INV-2510024', 'Invoice', '2025-10-13', 13, 1010201, 'Cash payment for invoice #INV-2510024', 3600.00, 0.00, NULL, 0, 0, NULL, 2, NULL, NULL, NULL, '2025-10-19 03:28:49', '2025-10-19 03:28:49'),
	(580, 'INV-2510025', 'Invoice', '2025-10-14', 235, 30101, 'Sales income for invoice #INV-2510025', 0.00, 10200.00, NULL, 0, 0, NULL, 2, NULL, NULL, NULL, '2025-10-19 03:30:02', '2025-10-19 03:30:02'),
	(581, 'INV-2510025', 'Invoice', '2025-10-14', 13, 1010201, 'Cash payment for invoice #INV-2510025', 10200.00, 0.00, NULL, 0, 0, NULL, 2, NULL, NULL, NULL, '2025-10-19 03:30:02', '2025-10-19 03:30:02'),
	(582, 'INV-2510026', 'Invoice', '2025-10-14', 235, 30101, 'Sales income for invoice #INV-2510026', 0.00, 5400.00, NULL, 0, 0, NULL, 2, NULL, NULL, NULL, '2025-10-19 03:30:27', '2025-10-19 03:30:27'),
	(583, 'INV-2510026', 'Invoice', '2025-10-14', 13, 1010201, 'Cash payment for invoice #INV-2510026', 5400.00, 0.00, NULL, 0, 0, NULL, 2, NULL, NULL, NULL, '2025-10-19 03:30:27', '2025-10-19 03:30:27'),
	(584, 'INV-2510027', 'Invoice', '2025-10-15', 235, 30101, 'Sales income for invoice #INV-2510027', 0.00, 47450.00, NULL, 0, 0, NULL, 2, NULL, NULL, NULL, '2025-10-19 03:31:04', '2025-10-19 03:31:04'),
	(585, 'INV-2510027', 'Invoice', '2025-10-15', 13, 1010201, 'Cash payment for invoice #INV-2510027', 47450.00, 0.00, NULL, 0, 0, NULL, 2, NULL, NULL, NULL, '2025-10-19 03:31:04', '2025-10-19 03:31:04'),
	(586, 'INV-2510028', 'Invoice', '2025-10-15', 235, 30101, 'Sales income for invoice #INV-2510028', 0.00, 11300.00, NULL, 0, 0, NULL, 2, NULL, NULL, NULL, '2025-10-19 03:31:37', '2025-10-19 03:31:37'),
	(587, 'INV-2510028', 'Invoice', '2025-10-15', 13, 1010201, 'Cash payment for invoice #INV-2510028', 11300.00, 0.00, NULL, 0, 0, NULL, 2, NULL, NULL, NULL, '2025-10-19 03:31:37', '2025-10-19 03:31:37'),
	(588, 'INV-2510029', 'Invoice', '2025-10-15', 235, 30101, 'Sales income for invoice #INV-2510029', 0.00, 24300.00, NULL, 0, 0, NULL, 2, NULL, NULL, NULL, '2025-10-19 03:32:04', '2025-10-19 03:32:04'),
	(589, 'INV-2510029', 'Invoice', '2025-10-15', 13, 1010201, 'Cash payment for invoice #INV-2510029', 24300.00, 0.00, NULL, 0, 0, NULL, 2, NULL, NULL, NULL, '2025-10-19 03:32:04', '2025-10-19 03:32:04'),
	(590, 'INV-2510030', 'Invoice', '2025-10-19', 235, 30101, 'Sales income for invoice #INV-2510030', 0.00, 500.00, NULL, 0, 0, NULL, 2, NULL, NULL, NULL, '2025-10-19 03:32:23', '2025-10-19 03:32:23'),
	(591, 'INV-2510030', 'Invoice', '2025-10-19', 13, 1010201, 'Cash payment for invoice #INV-2510030', 500.00, 0.00, NULL, 0, 0, NULL, 2, NULL, NULL, NULL, '2025-10-19 03:32:23', '2025-10-19 03:32:23'),
	(592, 'INV-2510031', 'Invoice', '2025-10-16', 235, 30101, 'Sales income for invoice #INV-2510031', 0.00, 1400.00, NULL, 0, 0, NULL, 2, NULL, NULL, NULL, '2025-10-19 03:32:46', '2025-10-19 03:32:46'),
	(593, 'INV-2510031', 'Invoice', '2025-10-16', 13, 1010201, 'Cash payment for invoice #INV-2510031', 1400.00, 0.00, NULL, 0, 0, NULL, 2, NULL, NULL, NULL, '2025-10-19 03:32:46', '2025-10-19 03:32:46'),
	(594, 'INV-2510032', 'Invoice', '2025-10-16', 235, 30101, 'Sales income for invoice #INV-2510032', 0.00, 4000.00, NULL, 0, 0, NULL, 2, NULL, NULL, NULL, '2025-10-19 03:34:27', '2025-10-19 03:34:27'),
	(595, 'INV-2510032', 'Invoice', '2025-10-16', 13, 1010201, 'Cash payment for invoice #INV-2510032', 4000.00, 0.00, NULL, 0, 0, NULL, 2, NULL, NULL, NULL, '2025-10-19 03:34:27', '2025-10-19 03:34:27'),
	(596, 'INV-2510033', 'Invoice', '2025-10-16', 235, 30101, 'Sales income for invoice #INV-2510033', 0.00, 4000.00, NULL, 0, 0, NULL, 2, NULL, NULL, NULL, '2025-10-19 03:36:31', '2025-10-19 03:36:31'),
	(597, 'INV-2510033', 'Invoice', '2025-10-16', 13, 1010201, 'Cash payment for invoice #INV-2510033', 4000.00, 0.00, NULL, 0, 0, NULL, 2, NULL, NULL, NULL, '2025-10-19 03:36:31', '2025-10-19 03:36:31'),
	(598, 'INV-2510034', 'Invoice', '2025-10-16', 235, 30101, 'Sales income for invoice #INV-2510034', 0.00, 3800.00, NULL, 0, 0, NULL, 2, NULL, NULL, NULL, '2025-10-19 03:40:00', '2025-10-19 03:40:00'),
	(599, 'INV-2510034', 'Invoice', '2025-10-16', 13, 1010201, 'Cash payment for invoice #INV-2510034', 3800.00, 0.00, NULL, 0, 0, NULL, 2, NULL, NULL, NULL, '2025-10-19 03:40:00', '2025-10-19 03:40:00'),
	(600, 'INV-2510035', 'Invoice', '2025-10-16', 235, 30101, 'Sales income for invoice #INV-2510035', 0.00, 9000.00, NULL, 0, 0, NULL, 2, NULL, NULL, NULL, '2025-10-19 03:40:46', '2025-10-19 03:40:46'),
	(601, 'INV-2510035', 'Invoice', '2025-10-16', 13, 1010201, 'Cash payment for invoice #INV-2510035', 9000.00, 0.00, NULL, 0, 0, NULL, 2, NULL, NULL, NULL, '2025-10-19 03:40:46', '2025-10-19 03:40:46'),
	(602, 'INV-2510036', 'Invoice', '2025-10-16', 235, 30101, 'Sales income for invoice #INV-2510036', 0.00, 13000.00, NULL, 0, 0, NULL, 2, NULL, NULL, NULL, '2025-10-19 03:42:15', '2025-10-19 03:42:15'),
	(603, 'INV-2510036', 'Invoice', '2025-10-16', 13, 1010201, 'Cash payment for invoice #INV-2510036', 13000.00, 0.00, NULL, 0, 0, NULL, 2, NULL, NULL, NULL, '2025-10-19 03:42:15', '2025-10-19 03:42:15'),
	(604, 'INV-2510037', 'Invoice', '2025-10-18', 235, 30101, 'Sales income for invoice #INV-2510037', 0.00, 3500.00, NULL, 0, 0, NULL, 2, NULL, NULL, NULL, '2025-10-19 03:42:50', '2025-10-19 03:42:50'),
	(605, 'INV-2510037', 'Invoice', '2025-10-18', 13, 1010201, 'Cash payment for invoice #INV-2510037', 3500.00, 0.00, NULL, 0, 0, NULL, 2, NULL, NULL, NULL, '2025-10-19 03:42:50', '2025-10-19 03:42:50'),
	(606, 'INV-2510038', 'Invoice', '2025-10-18', 235, 30101, 'Sales income for invoice #INV-2510038', 0.00, 25000.00, NULL, 0, 0, NULL, 2, NULL, NULL, NULL, '2025-10-19 03:43:17', '2025-10-19 03:43:17'),
	(607, 'INV-2510038', 'Invoice', '2025-10-18', 13, 1010201, 'Cash payment for invoice #INV-2510038', 25000.00, 0.00, NULL, 0, 0, NULL, 2, NULL, NULL, NULL, '2025-10-19 03:43:17', '2025-10-19 03:43:17'),
	(608, 'INV-2510039', 'Invoice', '2025-10-18', 235, 30101, 'Sales income for invoice #INV-2510039', 0.00, 4850.00, NULL, 0, 0, NULL, 2, NULL, NULL, NULL, '2025-10-19 03:43:38', '2025-10-19 03:43:38'),
	(609, 'INV-2510039', 'Invoice', '2025-10-18', 13, 1010201, 'Cash payment for invoice #INV-2510039', 4850.00, 0.00, NULL, 0, 0, NULL, 2, NULL, NULL, NULL, '2025-10-19 03:43:38', '2025-10-19 03:43:38'),
	(610, 'INV-2510040', 'Invoice', '2025-10-18', 235, 30101, 'Sales income for invoice #INV-2510040', 0.00, 3500.00, NULL, 0, 0, NULL, 2, NULL, NULL, NULL, '2025-10-19 03:43:56', '2025-10-19 03:43:56'),
	(611, 'INV-2510040', 'Invoice', '2025-10-18', 13, 1010201, 'Cash payment for invoice #INV-2510040', 3500.00, 0.00, NULL, 0, 0, NULL, 2, NULL, NULL, NULL, '2025-10-19 03:43:56', '2025-10-19 03:43:56'),
	(612, 'INV-2510041', 'Invoice', '2025-10-18', 235, 30101, 'Sales income for invoice #INV-2510041', 0.00, 2000.00, NULL, 0, 0, NULL, 2, NULL, NULL, NULL, '2025-10-19 03:44:15', '2025-10-19 03:44:15'),
	(613, 'INV-2510041', 'Invoice', '2025-10-18', 13, 1010201, 'Cash payment for invoice #INV-2510041', 2000.00, 0.00, NULL, 0, 0, NULL, 2, NULL, NULL, NULL, '2025-10-19 03:44:15', '2025-10-19 03:44:15'),
	(614, 'EXP-2510001', 'Expense', '2025-10-01', 13, 1010201, NULL, 0.00, 152.00, NULL, 0, 0, NULL, 2, NULL, NULL, NULL, '2025-10-19 03:52:30', '2025-10-19 03:52:30'),
	(615, 'EXP-2510001', 'Expense', '2025-10-01', 93, 40301, NULL, 152.00, 0.00, NULL, 0, 0, NULL, 2, NULL, NULL, NULL, '2025-10-19 03:52:30', '2025-10-19 03:52:30'),
	(616, 'EXP-2510002', 'Expense', '2025-10-02', 13, 1010201, NULL, 0.00, 120.00, NULL, 0, 0, NULL, 2, NULL, NULL, NULL, '2025-10-19 03:52:58', '2025-10-19 03:52:58'),
	(617, 'EXP-2510002', 'Expense', '2025-10-02', 93, 40301, NULL, 120.00, 0.00, NULL, 0, 0, NULL, 2, NULL, NULL, NULL, '2025-10-19 03:52:58', '2025-10-19 03:52:58'),
	(618, 'EXP-2510003', 'Expense', '2025-10-04', 13, 1010201, NULL, 0.00, 136.00, NULL, 0, 0, NULL, 2, NULL, NULL, NULL, '2025-10-19 03:54:49', '2025-10-19 03:54:49'),
	(619, 'EXP-2510003', 'Expense', '2025-10-04', 93, 40301, NULL, 136.00, 0.00, NULL, 0, 0, NULL, 2, NULL, NULL, NULL, '2025-10-19 03:54:49', '2025-10-19 03:54:49'),
	(620, 'EXP-2510004', 'Expense', '2025-10-05', 13, 1010201, NULL, 0.00, 300.00, NULL, 0, 0, NULL, 2, NULL, NULL, NULL, '2025-10-19 03:55:46', '2025-10-19 03:55:46'),
	(621, 'EXP-2510004', 'Expense', '2025-10-05', 93, 40301, NULL, 300.00, 0.00, NULL, 0, 0, NULL, 2, NULL, NULL, NULL, '2025-10-19 03:55:46', '2025-10-19 03:55:46'),
	(622, 'EXP-2510005', 'Expense', '2025-10-06', 13, 1010201, NULL, 0.00, 628.00, NULL, 0, 0, NULL, 2, NULL, NULL, NULL, '2025-10-19 03:57:00', '2025-10-19 03:57:00'),
	(623, 'EXP-2510005', 'Expense', '2025-10-06', 93, 40301, NULL, 628.00, 0.00, NULL, 0, 0, NULL, 2, NULL, NULL, NULL, '2025-10-19 03:57:00', '2025-10-19 03:57:00'),
	(624, 'EXP-2510006', 'Expense', '2025-10-08', 13, 1010201, NULL, 0.00, 724.00, NULL, 0, 0, NULL, 2, NULL, NULL, NULL, '2025-10-19 03:57:54', '2025-10-19 03:57:54'),
	(625, 'EXP-2510006', 'Expense', '2025-10-08', 93, 40301, NULL, 724.00, 0.00, NULL, 0, 0, NULL, 2, NULL, NULL, NULL, '2025-10-19 03:57:54', '2025-10-19 03:57:54'),
	(626, 'EXP-2510007', 'Expense', '2025-10-09', 13, 1010201, NULL, 0.00, 176.00, NULL, 0, 0, NULL, 2, NULL, NULL, NULL, '2025-10-19 03:58:39', '2025-10-19 03:58:39'),
	(627, 'EXP-2510007', 'Expense', '2025-10-09', 93, 40301, NULL, 176.00, 0.00, NULL, 0, 0, NULL, 2, NULL, NULL, NULL, '2025-10-19 03:58:39', '2025-10-19 03:58:39'),
	(628, 'EXP-2510008', 'Expense', '2025-10-12', 13, 1010201, NULL, 0.00, 118.00, NULL, 0, 0, NULL, 2, NULL, NULL, NULL, '2025-10-19 03:59:18', '2025-10-19 03:59:18'),
	(629, 'EXP-2510008', 'Expense', '2025-10-12', 93, 40301, NULL, 118.00, 0.00, NULL, 0, 0, NULL, 2, NULL, NULL, NULL, '2025-10-19 03:59:18', '2025-10-19 03:59:18'),
	(630, 'EXP-2510009', 'Expense', '2025-10-13', 13, 1010201, NULL, 0.00, 596.00, NULL, 0, 0, NULL, 2, NULL, NULL, NULL, '2025-10-19 04:00:26', '2025-10-19 04:00:26'),
	(631, 'EXP-2510009', 'Expense', '2025-10-13', 93, 40301, NULL, 596.00, 0.00, NULL, 0, 0, NULL, 2, NULL, NULL, NULL, '2025-10-19 04:00:26', '2025-10-19 04:00:26'),
	(632, 'EXP-2510010', 'Expense', '2025-10-14', 13, 1010201, NULL, 0.00, 116.00, NULL, 0, 0, NULL, 2, NULL, NULL, NULL, '2025-10-19 04:00:56', '2025-10-19 04:00:56'),
	(633, 'EXP-2510010', 'Expense', '2025-10-14', 93, 40301, NULL, 116.00, 0.00, NULL, 0, 0, NULL, 2, NULL, NULL, NULL, '2025-10-19 04:00:56', '2025-10-19 04:00:56'),
	(634, 'EXP-2510011', 'Expense', '2025-10-15', 13, 1010201, NULL, 0.00, 518.00, NULL, 0, 0, NULL, 2, NULL, NULL, NULL, '2025-10-19 04:01:50', '2025-10-19 04:01:50'),
	(635, 'EXP-2510011', 'Expense', '2025-10-15', 93, 40301, NULL, 518.00, 0.00, NULL, 0, 0, NULL, 2, NULL, NULL, NULL, '2025-10-19 04:01:50', '2025-10-19 04:01:50'),
	(638, 'EXP-2510013', 'Expense', '2025-10-18', 13, 1010201, NULL, 0.00, 702.00, NULL, 0, 0, NULL, 2, NULL, NULL, NULL, '2025-10-19 04:03:40', '2025-10-19 04:03:40'),
	(639, 'EXP-2510013', 'Expense', '2025-10-18', 93, 40301, NULL, 702.00, 0.00, NULL, 0, 0, NULL, 2, NULL, NULL, NULL, '2025-10-19 04:03:40', '2025-10-19 04:03:40'),
	(640, 'EXP-2510012', 'Expense', '2025-10-16', 13, 1010201, NULL, 0.00, 596.00, NULL, 0, 0, NULL, NULL, 2, NULL, NULL, '2025-10-19 04:21:30', '2025-10-19 04:21:30'),
	(641, 'EXP-2510012', 'Expense', '2025-10-16', 93, 40301, NULL, 596.00, 0.00, NULL, 0, 0, NULL, NULL, 2, NULL, NULL, '2025-10-19 04:21:30', '2025-10-19 04:21:30'),
	(644, 'INV-2510043', 'Invoice', '2025-10-19', 235, 30101, 'Sales income for invoice #INV-2510043', 0.00, 1920.00, NULL, 0, 0, NULL, 2, NULL, NULL, NULL, '2025-10-19 08:44:39', '2025-10-19 08:44:39'),
	(645, 'INV-2510043', 'Invoice', '2025-10-19', 236, 1010101, 'Due from customer for invoice #INV-2510043', 1920.00, 0.00, NULL, 0, 0, NULL, 2, NULL, NULL, NULL, '2025-10-19 08:44:39', '2025-10-19 08:44:39'),
	(648, 'INV-2510045', 'Invoice', '2025-10-20', 235, 30101, 'Sales income for invoice #INV-2510045', 0.00, 2200.00, NULL, 0, 0, NULL, 2, NULL, NULL, NULL, '2025-10-20 06:22:20', '2025-10-20 06:22:20'),
	(649, 'INV-2510045', 'Invoice', '2025-10-20', 236, 1010101, 'Due from customer for invoice #INV-2510045', 2200.00, 0.00, NULL, 0, 0, NULL, 2, NULL, NULL, NULL, '2025-10-20 06:22:20', '2025-10-20 06:22:20'),
	(650, 'INV-2510046', 'Invoice', '2025-10-20', 235, 30101, 'Sales income for invoice #INV-2510046', 0.00, 2000.00, NULL, 0, 0, NULL, 2, NULL, NULL, NULL, '2025-10-20 06:22:36', '2025-10-20 06:22:36'),
	(651, 'INV-2510046', 'Invoice', '2025-10-20', 236, 1010101, 'Due from customer for invoice #INV-2510046', 2000.00, 0.00, NULL, 0, 0, NULL, 2, NULL, NULL, NULL, '2025-10-20 06:22:36', '2025-10-20 06:22:36'),
	(652, 'INV-2510047', 'Invoice', '2025-10-20', 235, 30101, 'Sales income for invoice #INV-2510047', 0.00, 25000.00, NULL, 0, 0, NULL, 2, NULL, NULL, NULL, '2025-10-20 06:22:52', '2025-10-20 06:22:52'),
	(653, 'INV-2510047', 'Invoice', '2025-10-20', 236, 1010101, 'Due from customer for invoice #INV-2510047', 25000.00, 0.00, NULL, 0, 0, NULL, 2, NULL, NULL, NULL, '2025-10-20 06:22:52', '2025-10-20 06:22:52'),
	(654, 'INV-2510048', 'Invoice', '2025-10-20', 235, 30101, 'Sales income for invoice #INV-2510048', 0.00, 3500.00, NULL, 0, 0, NULL, 2, NULL, NULL, NULL, '2025-10-20 06:23:04', '2025-10-20 06:23:04'),
	(655, 'INV-2510048', 'Invoice', '2025-10-20', 236, 1010101, 'Due from customer for invoice #INV-2510048', 3500.00, 0.00, NULL, 0, 0, NULL, 2, NULL, NULL, NULL, '2025-10-20 06:23:04', '2025-10-20 06:23:04'),
	(662, 'EXP-2510014', 'Expense', '2025-10-19', 13, 1010201, NULL, 0.00, 20000.00, NULL, 0, 0, NULL, NULL, 2, 2, '2025-10-29 08:15:35', '2025-10-20 06:27:48', '2025-10-29 08:15:35'),
	(663, 'EXP-2510014', 'Expense', '2025-10-19', 95, 40303, NULL, 20000.00, 0.00, NULL, 0, 0, NULL, NULL, 2, 2, '2025-10-29 08:15:35', '2025-10-20 06:27:48', '2025-10-29 08:15:35'),
	(664, 'EXP-2510015', 'Expense', '2025-10-20', 13, 1010201, NULL, 0.00, 6500.00, NULL, 0, 0, NULL, 2, NULL, 2, '2025-10-29 08:15:38', '2025-10-20 11:22:45', '2025-10-29 08:15:38'),
	(665, 'EXP-2510015', 'Expense', '2025-10-20', 257, 40304, NULL, 6500.00, 0.00, NULL, 0, 0, NULL, 2, NULL, 2, '2025-10-29 08:15:38', '2025-10-20 11:22:45', '2025-10-29 08:15:38'),
	(666, 'INV-2510049', 'Invoice', '2025-10-21', 235, 30101, 'Sales income for invoice #INV-2510049', 0.00, 9500.00, NULL, 0, 0, NULL, 2, NULL, NULL, NULL, '2025-10-21 06:52:21', '2025-10-21 06:52:21'),
	(667, 'INV-2510049', 'Invoice', '2025-10-21', 236, 1010101, 'Due from customer for invoice #INV-2510049', 9500.00, 0.00, NULL, 0, 0, NULL, 2, NULL, NULL, NULL, '2025-10-21 06:52:21', '2025-10-21 06:52:21'),
	(668, 'INV-2510050', 'Invoice', '2025-10-21', 235, 30101, 'Sales income for invoice #INV-2510050', 0.00, 4000.00, NULL, 0, 0, NULL, 2, NULL, NULL, NULL, '2025-10-21 06:52:37', '2025-10-21 06:52:37'),
	(669, 'INV-2510050', 'Invoice', '2025-10-21', 236, 1010101, 'Due from customer for invoice #INV-2510050', 4000.00, 0.00, NULL, 0, 0, NULL, 2, NULL, NULL, NULL, '2025-10-21 06:52:37', '2025-10-21 06:52:37'),
	(670, 'INV-2510051', 'Invoice', '2025-10-21', 235, 30101, 'Sales income for invoice #INV-2510051', 0.00, 2500.00, NULL, 0, 0, NULL, 2, NULL, NULL, NULL, '2025-10-21 06:52:48', '2025-10-21 06:52:48'),
	(671, 'INV-2510051', 'Invoice', '2025-10-21', 236, 1010101, 'Due from customer for invoice #INV-2510051', 2500.00, 0.00, NULL, 0, 0, NULL, 2, NULL, NULL, NULL, '2025-10-21 06:52:48', '2025-10-21 06:52:48'),
	(672, 'INV-2510052', 'Invoice', '2025-10-21', 235, 30101, 'Sales income for invoice #INV-2510052', 0.00, 20000.00, NULL, 0, 0, NULL, 2, NULL, NULL, NULL, '2025-10-21 06:53:01', '2025-10-21 06:53:01'),
	(673, 'INV-2510052', 'Invoice', '2025-10-21', 236, 1010101, 'Due from customer for invoice #INV-2510052', 20000.00, 0.00, NULL, 0, 0, NULL, 2, NULL, NULL, NULL, '2025-10-21 06:53:01', '2025-10-21 06:53:01'),
	(674, 'INV-2510053', 'Invoice', '2025-10-21', 235, 30101, 'Sales income for invoice #INV-2510053', 0.00, 15000.00, NULL, 0, 0, NULL, 2, NULL, NULL, NULL, '2025-10-21 06:53:15', '2025-10-21 06:53:15'),
	(675, 'INV-2510053', 'Invoice', '2025-10-21', 236, 1010101, 'Due from customer for invoice #INV-2510053', 15000.00, 0.00, NULL, 0, 0, NULL, 2, NULL, NULL, NULL, '2025-10-21 06:53:15', '2025-10-21 06:53:15'),
	(676, 'EXP-2510016', 'Expense', '2025-10-21', 13, 1010201, NULL, 0.00, 450.00, NULL, 0, 0, NULL, 2, NULL, 2, '2025-10-29 08:15:50', '2025-10-21 06:55:03', '2025-10-29 08:15:50'),
	(677, 'EXP-2510016', 'Expense', '2025-10-21', 257, 40304, NULL, 450.00, 0.00, NULL, 0, 0, NULL, 2, NULL, 2, '2025-10-29 08:15:50', '2025-10-21 06:55:03', '2025-10-29 08:15:50'),
	(678, 'EXP-2510017', 'Expense', '2025-10-21', 13, 1010201, NULL, 0.00, 380.00, NULL, 0, 0, NULL, 2, NULL, 2, '2025-10-29 08:15:52', '2025-10-21 06:56:23', '2025-10-29 08:15:52'),
	(679, 'EXP-2510017', 'Expense', '2025-10-21', 259, 40306, NULL, 380.00, 0.00, NULL, 0, 0, NULL, 2, NULL, 2, '2025-10-29 08:15:52', '2025-10-21 06:56:23', '2025-10-29 08:15:52'),
	(680, 'EXP-2510018', 'Expense', '2025-10-22', 13, 1010201, NULL, 0.00, 380.00, NULL, 0, 0, NULL, 2, NULL, 2, '2025-10-29 08:16:05', '2025-10-22 07:44:21', '2025-10-29 08:16:05'),
	(681, 'EXP-2510018', 'Expense', '2025-10-22', 257, 40304, NULL, 380.00, 0.00, NULL, 0, 0, NULL, 2, NULL, 2, '2025-10-29 08:16:05', '2025-10-22 07:44:21', '2025-10-29 08:16:05'),
	(682, 'EXP-2510019', 'Expense', '2025-10-22', 13, 1010201, NULL, 0.00, 220.00, NULL, 0, 0, NULL, 2, NULL, 2, '2025-10-29 08:16:11', '2025-10-22 07:45:44', '2025-10-29 08:16:11'),
	(683, 'EXP-2510019', 'Expense', '2025-10-22', 259, 40306, NULL, 220.00, 0.00, NULL, 0, 0, NULL, 2, NULL, 2, '2025-10-29 08:16:11', '2025-10-22 07:45:44', '2025-10-29 08:16:11'),
	(684, 'INV-2510054', 'Invoice', '2025-10-22', 235, 30101, 'Sales income for invoice #INV-2510054', 0.00, 3000.00, NULL, 0, 0, NULL, 2, NULL, NULL, NULL, '2025-10-22 08:11:26', '2025-10-22 08:11:26'),
	(685, 'INV-2510054', 'Invoice', '2025-10-22', 236, 1010101, 'Due from customer for invoice #INV-2510054', 3000.00, 0.00, NULL, 0, 0, NULL, 2, NULL, NULL, NULL, '2025-10-22 08:11:26', '2025-10-22 08:11:26'),
	(686, 'INV-2510055', 'Invoice', '2025-10-22', 235, 30101, 'Sales income for invoice #INV-2510055', 0.00, 36500.00, NULL, 0, 0, NULL, 2, NULL, NULL, NULL, '2025-10-22 08:15:44', '2025-10-22 08:15:44'),
	(687, 'INV-2510055', 'Invoice', '2025-10-22', 236, 1010101, 'Due from customer for invoice #INV-2510055', 36500.00, 0.00, NULL, 0, 0, NULL, 2, NULL, NULL, NULL, '2025-10-22 08:15:44', '2025-10-22 08:15:44'),
	(688, 'INV-2510056', 'Invoice', '2025-10-22', 235, 30101, 'Sales income for invoice #INV-2510056', 0.00, 5600.00, NULL, 0, 0, NULL, 2, NULL, NULL, NULL, '2025-10-22 08:16:15', '2025-10-22 08:16:15'),
	(689, 'INV-2510056', 'Invoice', '2025-10-22', 236, 1010101, 'Due from customer for invoice #INV-2510056', 5600.00, 0.00, NULL, 0, 0, NULL, 2, NULL, NULL, NULL, '2025-10-22 08:16:15', '2025-10-22 08:16:15'),
	(690, 'INV-2510057', 'Invoice', '2025-10-22', 235, 30101, 'Sales income for invoice #INV-2510057', 0.00, 5000.00, NULL, 0, 0, NULL, 2, NULL, NULL, NULL, '2025-10-22 08:16:30', '2025-10-22 08:16:30'),
	(691, 'INV-2510057', 'Invoice', '2025-10-22', 236, 1010101, 'Due from customer for invoice #INV-2510057', 5000.00, 0.00, NULL, 0, 0, NULL, 2, NULL, NULL, NULL, '2025-10-22 08:16:30', '2025-10-22 08:16:30'),
	(692, 'INV-2510058', 'Invoice', '2025-10-22', 235, 30101, 'Sales income for invoice #INV-2510058', 0.00, 2500.00, NULL, 0, 0, NULL, 2, NULL, NULL, NULL, '2025-10-22 08:17:18', '2025-10-22 08:17:18'),
	(693, 'INV-2510058', 'Invoice', '2025-10-22', 236, 1010101, 'Due from customer for invoice #INV-2510058', 2500.00, 0.00, NULL, 0, 0, NULL, 2, NULL, NULL, NULL, '2025-10-22 08:17:18', '2025-10-22 08:17:18'),
	(694, 'EXP-2510020', 'Expense', '2025-10-23', 13, 1010201, NULL, 0.00, 430.00, NULL, 0, 0, NULL, 2, NULL, 2, '2025-10-29 08:16:08', '2025-10-23 05:25:37', '2025-10-29 08:16:08'),
	(695, 'EXP-2510020', 'Expense', '2025-10-23', 257, 40304, NULL, 430.00, 0.00, NULL, 0, 0, NULL, 2, NULL, 2, '2025-10-29 08:16:08', '2025-10-23 05:25:37', '2025-10-29 08:16:08'),
	(696, 'EXP-2510021', 'Expense', '2025-10-23', 13, 1010201, NULL, 0.00, 350.00, NULL, 0, 0, NULL, 2, NULL, 2, '2025-10-29 08:16:06', '2025-10-23 05:26:33', '2025-10-29 08:16:06'),
	(697, 'EXP-2510021', 'Expense', '2025-10-23', 259, 40306, NULL, 350.00, 0.00, NULL, 0, 0, NULL, 2, NULL, 2, '2025-10-29 08:16:06', '2025-10-23 05:26:33', '2025-10-29 08:16:06'),
	(698, 'INV-2510059', 'Invoice', '2025-10-23', 235, 30101, 'Sales income for invoice #INV-2510059', 0.00, 38000.00, NULL, 0, 0, NULL, 2, NULL, NULL, NULL, '2025-10-23 06:27:02', '2025-10-23 06:27:02'),
	(699, 'INV-2510059', 'Invoice', '2025-10-23', 236, 1010101, 'Due from customer for invoice #INV-2510059', 38000.00, 0.00, NULL, 0, 0, NULL, 2, NULL, NULL, NULL, '2025-10-23 06:27:02', '2025-10-23 06:27:02'),
	(700, 'INV-2510060', 'Invoice', '2025-10-23', 235, 30101, 'Sales income for invoice #INV-2510060', 0.00, 3000.00, NULL, 0, 0, NULL, 2, NULL, NULL, NULL, '2025-10-23 06:28:28', '2025-10-23 06:28:28'),
	(701, 'INV-2510060', 'Invoice', '2025-10-23', 236, 1010101, 'Due from customer for invoice #INV-2510060', 3000.00, 0.00, NULL, 0, 0, NULL, 2, NULL, NULL, NULL, '2025-10-23 06:28:28', '2025-10-23 06:28:28'),
	(702, 'INV-2510061', 'Invoice', '2025-10-23', 235, 30101, 'Sales income for invoice #INV-2510061', 0.00, 2500.00, NULL, 0, 0, NULL, 2, NULL, NULL, NULL, '2025-10-23 06:29:18', '2025-10-23 06:29:18'),
	(703, 'INV-2510061', 'Invoice', '2025-10-23', 236, 1010101, 'Due from customer for invoice #INV-2510061', 2500.00, 0.00, NULL, 0, 0, NULL, 2, NULL, NULL, NULL, '2025-10-23 06:29:18', '2025-10-23 06:29:18'),
	(704, 'INV-2510062', 'Invoice', '2025-10-23', 235, 30101, 'Sales income for invoice #INV-2510062', 0.00, 8500.00, NULL, 0, 0, NULL, 2, NULL, NULL, NULL, '2025-10-23 06:31:10', '2025-10-23 06:31:10'),
	(705, 'INV-2510062', 'Invoice', '2025-10-23', 236, 1010101, 'Due from customer for invoice #INV-2510062', 8500.00, 0.00, NULL, 0, 0, NULL, 2, NULL, NULL, NULL, '2025-10-23 06:31:10', '2025-10-23 06:31:10'),
	(706, 'INV-2510063', 'Invoice', '2025-10-23', 235, 30101, 'Sales income for invoice #INV-2510063', 0.00, 3900.00, NULL, 0, 0, NULL, 2, NULL, NULL, NULL, '2025-10-23 06:31:55', '2025-10-23 06:31:55'),
	(707, 'INV-2510063', 'Invoice', '2025-10-23', 236, 1010101, 'Due from customer for invoice #INV-2510063', 3900.00, 0.00, NULL, 0, 0, NULL, 2, NULL, NULL, NULL, '2025-10-23 06:31:55', '2025-10-23 06:31:55'),
	(708, 'INV-2510064', 'Invoice', '2025-10-20', 235, 30101, 'Sales income for invoice #INV-2510064', 0.00, 2200.00, NULL, 0, 0, NULL, 2, NULL, NULL, NULL, '2025-10-29 07:21:33', '2025-10-29 07:21:33'),
	(709, 'INV-2510064', 'Invoice', '2025-10-20', 13, 1010201, 'Cash payment for invoice #INV-2510064', 2200.00, 0.00, NULL, 0, 0, NULL, 2, NULL, NULL, NULL, '2025-10-29 07:21:33', '2025-10-29 07:21:33'),
	(710, 'EXP-2510022', 'Expense', '2025-10-19', 13, 1010201, NULL, 0.00, 80.00, NULL, 0, 0, NULL, 2, NULL, NULL, NULL, '2025-10-29 08:20:05', '2025-10-29 08:20:05'),
	(711, 'EXP-2510022', 'Expense', '2025-10-19', 93, 40301, NULL, 80.00, 0.00, NULL, 0, 0, NULL, 2, NULL, NULL, NULL, '2025-10-29 08:20:05', '2025-10-29 08:20:05'),
	(712, 'EXP-2510023', 'Expense', '2025-10-20', 13, 1010201, NULL, 0.00, 446.00, NULL, 0, 0, NULL, 2, NULL, NULL, NULL, '2025-10-29 08:20:45', '2025-10-29 08:20:45'),
	(713, 'EXP-2510023', 'Expense', '2025-10-20', 93, 40301, NULL, 446.00, 0.00, NULL, 0, 0, NULL, 2, NULL, NULL, NULL, '2025-10-29 08:20:45', '2025-10-29 08:20:45'),
	(714, 'EXP-2510024', 'Expense', '2025-10-21', 13, 1010201, NULL, 0.00, 652.00, NULL, 0, 0, NULL, 2, NULL, NULL, NULL, '2025-10-29 08:21:25', '2025-10-29 08:21:25'),
	(715, 'EXP-2510024', 'Expense', '2025-10-21', 93, 40301, NULL, 652.00, 0.00, NULL, 0, 0, NULL, 2, NULL, NULL, NULL, '2025-10-29 08:21:25', '2025-10-29 08:21:25'),
	(716, 'EXP-2510025', 'Expense', '2025-10-22', 13, 1010201, NULL, 0.00, 692.00, NULL, 0, 0, NULL, 2, NULL, NULL, NULL, '2025-10-29 08:21:58', '2025-10-29 08:21:58'),
	(717, 'EXP-2510025', 'Expense', '2025-10-22', 93, 40301, NULL, 692.00, 0.00, NULL, 0, 0, NULL, 2, NULL, NULL, NULL, '2025-10-29 08:21:58', '2025-10-29 08:21:58'),
	(718, 'EXP-2510026', 'Expense', '2025-10-23', 13, 1010201, NULL, 0.00, 718.00, NULL, 0, 0, NULL, 2, NULL, NULL, NULL, '2025-10-29 08:22:38', '2025-10-29 08:22:38'),
	(719, 'EXP-2510026', 'Expense', '2025-10-23', 93, 40301, NULL, 718.00, 0.00, NULL, 0, 0, NULL, 2, NULL, NULL, NULL, '2025-10-29 08:22:38', '2025-10-29 08:22:38'),
	(720, 'EXP-2510027', 'Expense', '2025-10-25', 13, 1010201, NULL, 0.00, 180.00, NULL, 0, 0, NULL, 2, NULL, NULL, NULL, '2025-10-29 08:23:24', '2025-10-29 08:23:24'),
	(721, 'EXP-2510027', 'Expense', '2025-10-25', 93, 40301, NULL, 180.00, 0.00, NULL, 0, 0, NULL, 2, NULL, NULL, NULL, '2025-10-29 08:23:24', '2025-10-29 08:23:24'),
	(726, 'INV-2510065', 'Invoice', '2025-10-25', 235, 30101, 'Sales income for invoice #INV-2510065', 0.00, 10500.00, NULL, 0, 0, NULL, 2, NULL, NULL, NULL, '2025-10-29 08:41:42', '2025-10-29 08:41:42'),
	(727, 'INV-2510065', 'Invoice', '2025-10-25', 236, 1010101, 'Due from customer for invoice #INV-2510065', 10500.00, 0.00, NULL, 0, 0, NULL, 2, NULL, NULL, NULL, '2025-10-29 08:41:42', '2025-10-29 08:41:42'),
	(728, 'INV-2510066', 'Invoice', '2025-10-25', 235, 30101, 'Sales income for invoice #INV-2510066', 0.00, 5000.00, NULL, 0, 0, NULL, 2, NULL, NULL, NULL, '2025-10-29 08:43:19', '2025-10-29 08:43:19'),
	(729, 'INV-2510066', 'Invoice', '2025-10-25', 236, 1010101, 'Due from customer for invoice #INV-2510066', 5000.00, 0.00, NULL, 0, 0, NULL, 2, NULL, NULL, NULL, '2025-10-29 08:43:19', '2025-10-29 08:43:19'),
	(730, 'INV-2510067', 'Invoice', '2025-10-26', 235, 30101, 'Sales income for invoice #INV-2510067', 0.00, 21000.00, NULL, 0, 0, NULL, 2, NULL, NULL, NULL, '2025-10-29 08:47:32', '2025-10-29 08:47:32'),
	(731, 'INV-2510067', 'Invoice', '2025-10-26', 236, 1010101, 'Due from customer for invoice #INV-2510067', 21000.00, 0.00, NULL, 0, 0, NULL, 2, NULL, NULL, NULL, '2025-10-29 08:47:32', '2025-10-29 08:47:32'),
	(732, 'INV-2510068', 'Invoice', '2025-10-26', 235, 30101, 'Sales income for invoice #INV-2510068', 0.00, 1500.00, NULL, 0, 0, NULL, 2, NULL, NULL, NULL, '2025-10-29 08:50:08', '2025-10-29 08:50:08'),
	(733, 'INV-2510068', 'Invoice', '2025-10-26', 236, 1010101, 'Due from customer for invoice #INV-2510068', 1500.00, 0.00, NULL, 0, 0, NULL, 2, NULL, NULL, NULL, '2025-10-29 08:50:08', '2025-10-29 08:50:08'),
	(734, 'INV-2510069', 'Invoice', '2025-10-27', 235, 30101, 'Sales income for invoice #INV-2510069', 0.00, 8000.00, NULL, 0, 0, NULL, 2, NULL, NULL, NULL, '2025-10-29 08:53:49', '2025-10-29 08:53:49'),
	(735, 'INV-2510069', 'Invoice', '2025-10-27', 236, 1010101, 'Due from customer for invoice #INV-2510069', 8000.00, 0.00, NULL, 0, 0, NULL, 2, NULL, NULL, NULL, '2025-10-29 08:53:49', '2025-10-29 08:53:49'),
	(736, 'INV-2510070', 'Invoice', '2025-10-27', 235, 30101, 'Sales income for invoice #INV-2510070', 0.00, 9000.00, NULL, 0, 0, NULL, 2, NULL, NULL, NULL, '2025-10-29 08:54:58', '2025-10-29 08:54:58'),
	(737, 'INV-2510070', 'Invoice', '2025-10-27', 236, 1010101, 'Due from customer for invoice #INV-2510070', 9000.00, 0.00, NULL, 0, 0, NULL, 2, NULL, NULL, NULL, '2025-10-29 08:54:58', '2025-10-29 08:54:58'),
	(738, 'INV-2510071', 'Invoice', '2025-10-27', 235, 30101, 'Sales income for invoice #INV-2510071', 0.00, 2500.00, NULL, 0, 0, NULL, 2, NULL, NULL, NULL, '2025-10-29 08:56:08', '2025-10-29 08:56:08'),
	(739, 'INV-2510071', 'Invoice', '2025-10-27', 236, 1010101, 'Due from customer for invoice #INV-2510071', 2500.00, 0.00, NULL, 0, 0, NULL, 2, NULL, NULL, NULL, '2025-10-29 08:56:08', '2025-10-29 08:56:08'),
	(740, 'INV-2510072', 'Invoice', '2025-10-26', 235, 30101, 'Sales income for invoice #INV-2510072', 0.00, 8000.00, NULL, 0, 0, NULL, 2, NULL, NULL, NULL, '2025-10-30 18:16:09', '2025-10-30 18:16:09'),
	(741, 'INV-2510072', 'Invoice', '2025-10-26', 236, 1010101, 'Due from customer for invoice #INV-2510072', 8000.00, 0.00, NULL, 0, 0, NULL, 2, NULL, NULL, NULL, '2025-10-30 18:16:09', '2025-10-30 18:16:09'),
	(742, 'INV-2510073', 'Invoice', '2025-10-26', 235, 30101, 'Sales income for invoice #INV-2510073', 0.00, 5000.00, NULL, 0, 0, NULL, 2, NULL, NULL, NULL, '2025-10-30 18:17:23', '2025-10-30 18:17:23'),
	(743, 'INV-2510073', 'Invoice', '2025-10-26', 236, 1010101, 'Due from customer for invoice #INV-2510073', 5000.00, 0.00, NULL, 0, 0, NULL, 2, NULL, NULL, NULL, '2025-10-30 18:17:23', '2025-10-30 18:17:23'),
	(744, 'INV-2510074', 'Invoice', '2025-10-26', 235, 30101, 'Sales income for invoice #INV-2510074', 0.00, 25000.00, NULL, 0, 0, NULL, 2, NULL, NULL, NULL, '2025-10-30 18:18:48', '2025-10-30 18:18:48'),
	(745, 'INV-2510074', 'Invoice', '2025-10-26', 236, 1010101, 'Due from customer for invoice #INV-2510074', 25000.00, 0.00, NULL, 0, 0, NULL, 2, NULL, NULL, NULL, '2025-10-30 18:18:48', '2025-10-30 18:18:48'),
	(746, 'INV-2510075', 'Invoice', '2025-10-26', 235, 30101, 'Sales income for invoice #INV-2510075', 0.00, 11300.00, NULL, 0, 0, NULL, 2, NULL, NULL, NULL, '2025-10-30 18:20:46', '2025-10-30 18:20:46'),
	(747, 'INV-2510075', 'Invoice', '2025-10-26', 236, 1010101, 'Due from customer for invoice #INV-2510075', 11300.00, 0.00, NULL, 0, 0, NULL, 2, NULL, NULL, NULL, '2025-10-30 18:20:46', '2025-10-30 18:20:46'),
	(748, 'INV-2510076', 'Invoice', '2025-10-28', 235, 30101, 'Sales income for invoice #INV-2510076', 0.00, 47000.00, NULL, 0, 0, NULL, 2, NULL, NULL, NULL, '2025-10-30 18:22:09', '2025-10-30 18:22:09'),
	(749, 'INV-2510076', 'Invoice', '2025-10-28', 236, 1010101, 'Due from customer for invoice #INV-2510076', 47000.00, 0.00, NULL, 0, 0, NULL, 2, NULL, NULL, NULL, '2025-10-30 18:22:09', '2025-10-30 18:22:09'),
	(750, 'INV-2510077', 'Invoice', '2025-10-28', 235, 30101, 'Sales income for invoice #INV-2510077', 0.00, 20000.00, NULL, 0, 0, NULL, 2, NULL, NULL, NULL, '2025-10-30 18:26:22', '2025-10-30 18:26:22'),
	(751, 'INV-2510077', 'Invoice', '2025-10-28', 236, 1010101, 'Due from customer for invoice #INV-2510077', 20000.00, 0.00, NULL, 0, 0, NULL, 2, NULL, NULL, NULL, '2025-10-30 18:26:22', '2025-10-30 18:26:22'),
	(752, 'INV-2510078', 'Invoice', '2025-10-28', 235, 30101, 'Sales income for invoice #INV-2510078', 0.00, 2000.00, NULL, 0, 0, NULL, 2, NULL, NULL, NULL, '2025-10-30 18:27:27', '2025-10-30 18:27:27'),
	(753, 'INV-2510078', 'Invoice', '2025-10-28', 236, 1010101, 'Due from customer for invoice #INV-2510078', 2000.00, 0.00, NULL, 0, 0, NULL, 2, NULL, NULL, NULL, '2025-10-30 18:27:27', '2025-10-30 18:27:27'),
	(754, 'INV-2510079', 'Invoice', '2025-10-28', 235, 30101, 'Sales income for invoice #INV-2510079', 0.00, 2500.00, NULL, 0, 0, NULL, 2, NULL, NULL, NULL, '2025-10-30 18:28:25', '2025-10-30 18:28:25'),
	(755, 'INV-2510079', 'Invoice', '2025-10-28', 236, 1010101, 'Due from customer for invoice #INV-2510079', 2500.00, 0.00, NULL, 0, 0, NULL, 2, NULL, NULL, NULL, '2025-10-30 18:28:25', '2025-10-30 18:28:25'),
	(756, 'INV-2510080', 'Invoice', '2025-10-29', 235, 30101, 'Sales income for invoice #INV-2510080', 0.00, 45000.00, NULL, 0, 0, NULL, 2, NULL, NULL, NULL, '2025-10-30 18:30:13', '2025-10-30 18:30:13'),
	(757, 'INV-2510080', 'Invoice', '2025-10-29', 236, 1010101, 'Due from customer for invoice #INV-2510080', 45000.00, 0.00, NULL, 0, 0, NULL, 2, NULL, NULL, NULL, '2025-10-30 18:30:13', '2025-10-30 18:30:13'),
	(758, 'INV-2510081', 'Invoice', '2025-10-29', 235, 30101, 'Sales income for invoice #INV-2510081', 0.00, 9500.00, NULL, 0, 0, NULL, 2, NULL, NULL, NULL, '2025-10-30 18:31:52', '2025-10-30 18:31:52'),
	(759, 'INV-2510081', 'Invoice', '2025-10-29', 236, 1010101, 'Due from customer for invoice #INV-2510081', 9500.00, 0.00, NULL, 0, 0, NULL, 2, NULL, NULL, NULL, '2025-10-30 18:31:52', '2025-10-30 18:31:52'),
	(760, 'INV-2510082', 'Invoice', '2025-10-29', 235, 30101, 'Sales income for invoice #INV-2510082', 0.00, 46000.00, NULL, 0, 0, NULL, 2, NULL, NULL, NULL, '2025-10-30 18:34:19', '2025-10-30 18:34:19'),
	(761, 'INV-2510082', 'Invoice', '2025-10-29', 236, 1010101, 'Due from customer for invoice #INV-2510082', 46000.00, 0.00, NULL, 0, 0, NULL, 2, NULL, NULL, NULL, '2025-10-30 18:34:19', '2025-10-30 18:34:19'),
	(762, 'INV-2510083', 'Invoice', '2025-10-29', 235, 30101, 'Sales income for invoice #INV-2510083', 0.00, 7000.00, NULL, 0, 0, NULL, 2, NULL, NULL, NULL, '2025-10-30 18:36:42', '2025-10-30 18:36:42'),
	(763, 'INV-2510083', 'Invoice', '2025-10-29', 236, 1010101, 'Due from customer for invoice #INV-2510083', 7000.00, 0.00, NULL, 0, 0, NULL, 2, NULL, NULL, NULL, '2025-10-30 18:36:42', '2025-10-30 18:36:42'),
	(764, 'INV-2510084', 'Invoice', '2025-10-30', 235, 30101, 'Sales income for invoice #INV-2510084', 0.00, 39000.00, NULL, 0, 0, NULL, 2, NULL, NULL, NULL, '2025-10-30 18:37:59', '2025-10-30 18:37:59'),
	(765, 'INV-2510084', 'Invoice', '2025-10-30', 236, 1010101, 'Due from customer for invoice #INV-2510084', 39000.00, 0.00, NULL, 0, 0, NULL, 2, NULL, NULL, NULL, '2025-10-30 18:37:59', '2025-10-30 18:37:59'),
	(766, 'INV-2510085', 'Invoice', '2025-10-30', 235, 30101, 'Sales income for invoice #INV-2510085', 0.00, 9000.00, NULL, 0, 0, NULL, 2, NULL, NULL, NULL, '2025-10-30 18:38:59', '2025-10-30 18:38:59'),
	(767, 'INV-2510085', 'Invoice', '2025-10-30', 236, 1010101, 'Due from customer for invoice #INV-2510085', 9000.00, 0.00, NULL, 0, 0, NULL, 2, NULL, NULL, NULL, '2025-10-30 18:38:59', '2025-10-30 18:38:59'),
	(768, 'INV-2510086', 'Invoice', '2025-10-30', 235, 30101, 'Sales income for invoice #INV-2510086', 0.00, 6500.00, NULL, 0, 0, NULL, 2, NULL, NULL, NULL, '2025-10-30 18:40:36', '2025-10-30 18:40:36'),
	(769, 'INV-2510086', 'Invoice', '2025-10-30', 236, 1010101, 'Due from customer for invoice #INV-2510086', 6500.00, 0.00, NULL, 0, 0, NULL, 2, NULL, NULL, NULL, '2025-10-30 18:40:36', '2025-10-30 18:40:36'),
	(770, 'INV-2510087', 'Invoice', '2025-10-30', 235, 30101, 'Sales income for invoice #INV-2510087', 0.00, 3500.00, NULL, 0, 0, NULL, 2, NULL, NULL, NULL, '2025-10-30 18:41:42', '2025-10-30 18:41:42'),
	(771, 'INV-2510087', 'Invoice', '2025-10-30', 236, 1010101, 'Due from customer for invoice #INV-2510087', 3500.00, 0.00, NULL, 0, 0, NULL, 2, NULL, NULL, NULL, '2025-10-30 18:41:42', '2025-10-30 18:41:42'),
	(772, 'INV-2510088', 'Invoice', '2025-10-30', 235, 30101, 'Sales income for invoice #INV-2510088', 0.00, 4800.00, NULL, 0, 0, NULL, 2, NULL, NULL, NULL, '2025-10-30 18:42:50', '2025-10-30 18:42:50'),
	(773, 'INV-2510088', 'Invoice', '2025-10-30', 236, 1010101, 'Due from customer for invoice #INV-2510088', 4800.00, 0.00, NULL, 0, 0, NULL, 2, NULL, NULL, NULL, '2025-10-30 18:42:50', '2025-10-30 18:42:50'),
	(774, 'INV-2510089', 'Invoice', '2025-10-30', 235, 30101, 'Sales income for invoice #INV-2510089', 0.00, 16500.00, NULL, 0, 0, NULL, 2, NULL, NULL, NULL, '2025-10-30 18:43:50', '2025-10-30 18:43:50'),
	(775, 'INV-2510089', 'Invoice', '2025-10-30', 236, 1010101, 'Due from customer for invoice #INV-2510089', 16500.00, 0.00, NULL, 0, 0, NULL, 2, NULL, NULL, NULL, '2025-10-30 18:43:50', '2025-10-30 18:43:50'),
	(776, 'EXP-2510029', 'Expense', '2025-10-27', 13, 1010201, NULL, 0.00, 792.00, NULL, 0, 0, NULL, NULL, 2, NULL, NULL, '2025-10-30 18:45:47', '2025-10-30 18:45:47'),
	(777, 'EXP-2510029', 'Expense', '2025-10-27', 93, 40301, NULL, 792.00, 0.00, NULL, 0, 0, NULL, NULL, 2, NULL, NULL, '2025-10-30 18:45:47', '2025-10-30 18:45:47'),
	(778, 'EXP-2510028', 'Expense', '2025-10-26', 13, 1010201, NULL, 0.00, 784.00, NULL, 0, 0, NULL, NULL, 2, NULL, NULL, '2025-10-30 18:46:24', '2025-10-30 18:46:24'),
	(779, 'EXP-2510028', 'Expense', '2025-10-26', 93, 40301, NULL, 784.00, 0.00, NULL, 0, 0, NULL, NULL, 2, NULL, NULL, '2025-10-30 18:46:24', '2025-10-30 18:46:24'),
	(780, 'EXP-2510030', 'Expense', '2025-10-28', 13, 1010201, NULL, 0.00, 660.00, NULL, 0, 0, NULL, 2, NULL, NULL, NULL, '2025-10-30 18:47:04', '2025-10-30 18:47:04'),
	(781, 'EXP-2510030', 'Expense', '2025-10-28', 93, 40301, NULL, 660.00, 0.00, NULL, 0, 0, NULL, 2, NULL, NULL, NULL, '2025-10-30 18:47:04', '2025-10-30 18:47:04'),
	(782, 'EXP-2510031', 'Expense', '2025-10-29', 13, 1010201, NULL, 0.00, 1040.00, NULL, 0, 0, NULL, 2, NULL, NULL, NULL, '2025-10-30 18:47:42', '2025-10-30 18:47:42'),
	(783, 'EXP-2510031', 'Expense', '2025-10-29', 93, 40301, NULL, 1040.00, 0.00, NULL, 0, 0, NULL, 2, NULL, NULL, NULL, '2025-10-30 18:47:42', '2025-10-30 18:47:42'),
	(784, 'EXP-2510032', 'Expense', '2025-10-30', 13, 1010201, NULL, 0.00, 1278.00, NULL, 0, 0, NULL, 2, NULL, NULL, NULL, '2025-10-30 18:48:27', '2025-10-30 18:48:27'),
	(785, 'EXP-2510032', 'Expense', '2025-10-30', 93, 40301, NULL, 1278.00, 0.00, NULL, 0, 0, NULL, 2, NULL, NULL, NULL, '2025-10-30 18:48:27', '2025-10-30 18:48:27'),
	(796, 'EXP-2511001', 'Expense', '2025-11-01', 13, 1010201, NULL, 0.00, 380.00, NULL, 0, 0, NULL, 2, NULL, 1, '2025-11-19 03:13:34', '2025-11-01 09:45:09', '2025-11-19 03:13:34'),
	(797, 'EXP-2511001', 'Expense', '2025-11-01', 259, 40306, NULL, 380.00, 0.00, NULL, 0, 0, NULL, 2, NULL, 1, '2025-11-19 03:13:34', '2025-11-01 09:45:09', '2025-11-19 03:13:34'),
	(814, 'EXP-2511004', 'Expense', '2025-11-02', 13, 1010201, NULL, 0.00, 350.00, NULL, 0, 0, NULL, 2, NULL, 1, '2025-11-19 03:20:00', '2025-11-02 12:13:48', '2025-11-19 03:20:00'),
	(815, 'EXP-2511004', 'Expense', '2025-11-02', 258, 40305, NULL, 350.00, 0.00, NULL, 0, 0, NULL, 2, NULL, 1, '2025-11-19 03:20:00', '2025-11-02 12:13:48', '2025-11-19 03:20:00'),
	(824, 'EXP-2511005', 'Expense', '2025-11-03', 13, 1010201, NULL, 0.00, 280.00, NULL, 0, 0, NULL, 2, NULL, 1, '2025-11-19 03:23:11', '2025-11-03 13:04:51', '2025-11-19 03:23:11'),
	(825, 'EXP-2511005', 'Expense', '2025-11-03', 259, 40306, NULL, 280.00, 0.00, NULL, 0, 0, NULL, 2, NULL, 1, '2025-11-19 03:23:11', '2025-11-03 13:04:51', '2025-11-19 03:23:11'),
	(828, 'IS-2511001', 'Invest Sattlement', '2025-11-01', 117, 20216, 'Invest Sattlement against Sattlement No - IS-2511001', 137500.00, 0.00, NULL, 0, 0, NULL, 1, NULL, NULL, NULL, '2025-11-04 03:46:16', '2025-11-04 03:46:16'),
	(829, 'IS-2511001', 'Invest Sattlement', '2025-11-01', 13, 1010201, 'Invest Sattlement against Sattlement No - IS-2511001', 0.00, 137500.00, NULL, 0, 0, NULL, 1, NULL, NULL, NULL, '2025-11-04 03:46:16', '2025-11-04 03:46:16'),
	(830, '2511001', 'Invest', '2025-11-01', 13, 1010201, 'Invest against Invest No - 2511001', 100000.00, 0.00, NULL, 0, 0, NULL, 1, NULL, NULL, NULL, '2025-11-04 03:46:50', '2025-11-04 03:46:50'),
	(831, '2511001', 'Invest', '2025-11-01', 117, 20216, 'Invest against Invest No - 2511001', 0.00, 100000.00, NULL, 0, 0, NULL, 1, NULL, NULL, NULL, '2025-11-04 03:46:50', '2025-11-04 03:46:50'),
	(832, 'IS-2511002', 'Invest Sattlement', '2025-11-04', 149, 20232, 'Invest Sattlement against Sattlement No - IS-2511002', 200000.00, 0.00, NULL, 0, 0, NULL, 1, NULL, NULL, NULL, '2025-11-04 03:47:50', '2025-11-04 03:47:50'),
	(833, 'IS-2511002', 'Invest Sattlement', '2025-11-04', 13, 1010201, 'Invest Sattlement against Sattlement No - IS-2511002', 0.00, 200000.00, NULL, 0, 0, NULL, 1, NULL, NULL, NULL, '2025-11-04 03:47:50', '2025-11-04 03:47:50'),
	(834, '2511002', 'Invest', '2025-11-04', 13, 1010201, 'Invest against Invest No - 2511002', 200000.00, 0.00, NULL, 0, 0, NULL, 1, NULL, NULL, NULL, '2025-11-04 03:50:26', '2025-11-04 03:50:26'),
	(835, '2511002', 'Invest', '2025-11-04', 265, 20281, 'Invest against Invest No - 2511002', 0.00, 200000.00, NULL, 0, 0, NULL, 1, NULL, NULL, NULL, '2025-11-04 03:50:26', '2025-11-04 03:50:26'),
	(836, '2511003', 'Invest', '2025-11-04', 13, 1010201, 'Invest against Invest No - 2511003', 25000.00, 0.00, NULL, 0, 0, NULL, 1, NULL, NULL, NULL, '2025-11-04 03:50:57', '2025-11-04 03:50:57'),
	(837, '2511003', 'Invest', '2025-11-04', 267, 20282, 'Invest against Invest No - 2511003', 0.00, 25000.00, NULL, 0, 0, NULL, 1, NULL, NULL, NULL, '2025-11-04 03:50:57', '2025-11-04 03:50:57'),
	(838, '2511004', 'Invest', '2025-11-04', 13, 1010201, 'Invest against Invest No - 2511004', 12500.00, 0.00, NULL, 0, 0, NULL, 1, NULL, 1, '2025-11-18 10:39:59', '2025-11-04 03:51:12', '2025-11-18 10:39:59'),
	(839, '2511004', 'Invest', '2025-11-04', 187, 20251, 'Invest against Invest No - 2511004', 0.00, 12500.00, NULL, 0, 0, NULL, 1, NULL, 1, '2025-11-18 10:39:59', '2025-11-04 03:51:12', '2025-11-18 10:39:59'),
	(842, 'EXP-2511008', 'Expense', '2025-11-04', 13, 1010201, NULL, 0.00, 580.00, NULL, 0, 0, NULL, 2, NULL, 1, '2025-11-19 03:23:49', '2025-11-04 11:53:15', '2025-11-19 03:23:49'),
	(843, 'EXP-2511008', 'Expense', '2025-11-04', 259, 40306, NULL, 580.00, 0.00, NULL, 0, 0, NULL, 2, NULL, 1, '2025-11-19 03:23:49', '2025-11-04 11:53:15', '2025-11-19 03:23:49'),
	(858, 'EXP-2511010', 'Expense', '2025-11-05', 13, 1010201, NULL, 0.00, 350.00, NULL, 0, 0, NULL, 2, NULL, 1, '2025-11-19 03:24:33', '2025-11-05 11:54:17', '2025-11-19 03:24:33'),
	(859, 'EXP-2511010', 'Expense', '2025-11-05', 258, 40305, NULL, 350.00, 0.00, NULL, 0, 0, NULL, 2, NULL, 1, '2025-11-19 03:24:33', '2025-11-05 11:54:17', '2025-11-19 03:24:33'),
	(874, 'EXP-2511012', 'Expense', '2025-11-06', 13, 1010201, NULL, 0.00, 500.00, NULL, 0, 0, NULL, 2, NULL, 1, '2025-11-19 03:30:35', '2025-11-06 13:20:15', '2025-11-19 03:30:35'),
	(875, 'EXP-2511012', 'Expense', '2025-11-06', 258, 40305, NULL, 500.00, 0.00, NULL, 0, 0, NULL, 2, NULL, 1, '2025-11-19 03:30:35', '2025-11-06 13:20:15', '2025-11-19 03:30:35'),
	(886, 'EXP-2511013', 'Expense', '2025-11-08', 13, 1010201, NULL, 0.00, 460.00, NULL, 0, 0, NULL, 2, NULL, 1, '2025-11-19 03:31:53', '2025-11-08 05:27:35', '2025-11-19 03:31:53'),
	(887, 'EXP-2511013', 'Expense', '2025-11-08', 259, 40306, NULL, 460.00, 0.00, NULL, 0, 0, NULL, 2, NULL, 1, '2025-11-19 03:31:53', '2025-11-08 05:27:35', '2025-11-19 03:31:53'),
	(902, 'EXP-2511015', 'Expense', '2025-11-09', 13, 1010201, NULL, 0.00, 20000.00, NULL, 0, 0, NULL, 2, NULL, 1, '2025-11-19 03:32:58', '2025-11-09 00:07:54', '2025-11-19 03:32:58'),
	(903, 'EXP-2511015', 'Expense', '2025-11-09', 95, 40303, NULL, 20000.00, 0.00, NULL, 0, 0, NULL, 2, NULL, 1, '2025-11-19 03:32:58', '2025-11-09 00:07:54', '2025-11-19 03:32:58'),
	(906, 'EXP-2511017', 'Expense', '2025-11-09', 13, 1010201, NULL, 0.00, 5500.00, NULL, 0, 0, NULL, 2, NULL, 1, '2025-11-19 03:34:51', '2025-11-09 00:11:30', '2025-11-19 03:34:51'),
	(907, 'EXP-2511017', 'Expense', '2025-11-09', 94, 40302, NULL, 5500.00, 0.00, NULL, 0, 0, NULL, 2, NULL, 1, '2025-11-19 03:34:51', '2025-11-09 00:11:30', '2025-11-19 03:34:51'),
	(908, 'EXP-2511018', 'Expense', '2025-11-09', 13, 1010201, NULL, 0.00, 460.00, NULL, 0, 0, NULL, 2, NULL, 1, '2025-11-19 03:34:48', '2025-11-09 11:37:52', '2025-11-19 03:34:48'),
	(909, 'EXP-2511018', 'Expense', '2025-11-09', 259, 40306, NULL, 460.00, 0.00, NULL, 0, 0, NULL, 2, NULL, 1, '2025-11-19 03:34:48', '2025-11-09 11:37:52', '2025-11-19 03:34:48'),
	(910, 'EXP-2511019', 'Expense', '2025-11-09', 13, 1010201, NULL, 0.00, 500.00, NULL, 0, 0, NULL, 2, NULL, 1, '2025-11-19 03:33:02', '2025-11-09 11:39:17', '2025-11-19 03:33:02'),
	(911, 'EXP-2511019', 'Expense', '2025-11-09', 258, 40305, NULL, 500.00, 0.00, NULL, 0, 0, NULL, 2, NULL, 1, '2025-11-19 03:33:02', '2025-11-09 11:39:17', '2025-11-19 03:33:02'),
	(926, 'EXP-2511021', 'Expense', '2025-11-10', 13, 1010201, NULL, 0.00, 700.00, NULL, 0, 0, NULL, 2, NULL, 1, '2025-11-19 03:36:08', '2025-11-10 13:43:57', '2025-11-19 03:36:08'),
	(927, 'EXP-2511021', 'Expense', '2025-11-10', 258, 40305, NULL, 700.00, 0.00, NULL, 0, 0, NULL, 2, NULL, 1, '2025-11-19 03:36:08', '2025-11-10 13:43:57', '2025-11-19 03:36:08'),
	(938, 'EXP-2511022', 'Expense', '2025-11-11', 13, 1010201, NULL, 0.00, 550.00, NULL, 0, 0, NULL, 2, NULL, 1, '2025-11-19 03:36:52', '2025-11-11 13:24:09', '2025-11-19 03:36:52'),
	(939, 'EXP-2511022', 'Expense', '2025-11-11', 259, 40306, NULL, 550.00, 0.00, NULL, 0, 0, NULL, 2, NULL, 1, '2025-11-19 03:36:52', '2025-11-11 13:24:09', '2025-11-19 03:36:52'),
	(952, 'IP-2511001', 'Investor Payment', '2025-11-01', 242, 40275, 'Investor Payment against Payment No - IP-2511001', 3399.00, 0.00, NULL, 0, 0, NULL, 1, NULL, NULL, NULL, '2025-11-17 23:12:17', '2025-11-17 23:12:17'),
	(953, 'IP-2511001', 'Investor Payment', '2025-11-01', 13, 1010201, 'Investor Payment against Payment No - IP-2511001', 0.00, 3399.00, NULL, 0, 0, NULL, 1, NULL, NULL, NULL, '2025-11-17 23:12:17', '2025-11-17 23:12:17'),
	(954, 'IP-2511002', 'Investor Payment', '2025-11-01', 226, 40270, 'Investor Payment against Payment No - IP-2511002', 2549.00, 0.00, NULL, 0, 0, NULL, 1, NULL, NULL, NULL, '2025-11-17 23:12:22', '2025-11-17 23:12:22'),
	(955, 'IP-2511002', 'Investor Payment', '2025-11-01', 13, 1010201, 'Investor Payment against Payment No - IP-2511002', 0.00, 2549.00, NULL, 0, 0, NULL, 1, NULL, NULL, NULL, '2025-11-17 23:12:22', '2025-11-17 23:12:22'),
	(956, 'IP-2511003', 'Investor Payment', '2025-11-01', 156, 40235, 'Investor Payment against Payment No - IP-2511003', 425.00, 0.00, NULL, 0, 0, NULL, 1, NULL, NULL, NULL, '2025-11-17 23:12:26', '2025-11-17 23:12:26'),
	(957, 'IP-2511003', 'Investor Payment', '2025-11-01', 13, 1010201, 'Investor Payment against Payment No - IP-2511003', 0.00, 425.00, NULL, 0, 0, NULL, 1, NULL, NULL, NULL, '2025-11-17 23:12:26', '2025-11-17 23:12:26'),
	(958, 'IP-2511004', 'Investor Payment', '2025-11-01', 144, 40229, 'Investor Payment against Payment No - IP-2511004', 1699.00, 0.00, NULL, 0, 0, NULL, 1, NULL, NULL, NULL, '2025-11-17 23:12:29', '2025-11-17 23:12:29'),
	(959, 'IP-2511004', 'Investor Payment', '2025-11-01', 13, 1010201, 'Investor Payment against Payment No - IP-2511004', 0.00, 1699.00, NULL, 0, 0, NULL, 1, NULL, NULL, NULL, '2025-11-17 23:12:29', '2025-11-17 23:12:29'),
	(960, 'IP-2511005', 'Investor Payment', '2025-11-01', 192, 40253, 'Investor Payment against Payment No - IP-2511005', 1699.00, 0.00, NULL, 0, 0, NULL, 1, NULL, NULL, NULL, '2025-11-17 23:12:37', '2025-11-17 23:12:37'),
	(961, 'IP-2511005', 'Investor Payment', '2025-11-01', 13, 1010201, 'Investor Payment against Payment No - IP-2511005', 0.00, 1699.00, NULL, 0, 0, NULL, 1, NULL, NULL, NULL, '2025-11-17 23:12:37', '2025-11-17 23:12:37'),
	(962, 'IP-2511006', 'Investor Payment', '2025-11-01', 252, 40280, 'Investor Payment against Payment No - IP-2511006', 3399.00, 0.00, NULL, 0, 0, NULL, 1, NULL, NULL, NULL, '2025-11-17 23:12:42', '2025-11-17 23:12:42'),
	(963, 'IP-2511006', 'Investor Payment', '2025-11-01', 13, 1010201, 'Investor Payment against Payment No - IP-2511006', 0.00, 3399.00, NULL, 0, 0, NULL, 1, NULL, NULL, NULL, '2025-11-17 23:12:42', '2025-11-17 23:12:42'),
	(964, 'IP-2511007', 'Investor Payment', '2025-11-01', 194, 40254, 'Investor Payment against Payment No - IP-2511007', 4249.00, 0.00, NULL, 0, 0, NULL, 1, NULL, NULL, NULL, '2025-11-17 23:12:50', '2025-11-17 23:12:50'),
	(965, 'IP-2511007', 'Investor Payment', '2025-11-01', 13, 1010201, 'Investor Payment against Payment No - IP-2511007', 0.00, 4249.00, NULL, 0, 0, NULL, 1, NULL, NULL, NULL, '2025-11-17 23:12:50', '2025-11-17 23:12:50'),
	(966, 'IP-2511008', 'Investor Payment', '2025-11-01', 206, 40260, 'Investor Payment against Payment No - IP-2511008', 850.00, 0.00, NULL, 0, 0, NULL, 1, NULL, NULL, NULL, '2025-11-17 23:12:59', '2025-11-17 23:12:59'),
	(967, 'IP-2511008', 'Investor Payment', '2025-11-01', 13, 1010201, 'Investor Payment against Payment No - IP-2511008', 0.00, 850.00, NULL, 0, 0, NULL, 1, NULL, NULL, NULL, '2025-11-17 23:12:59', '2025-11-17 23:12:59'),
	(968, 'IP-2511009', 'Investor Payment', '2025-11-01', 228, 40271, 'Investor Payment against Payment No - IP-2511009', 3399.00, 0.00, NULL, 0, 0, NULL, 1, NULL, NULL, NULL, '2025-11-17 23:13:03', '2025-11-17 23:13:03'),
	(969, 'IP-2511009', 'Investor Payment', '2025-11-01', 13, 1010201, 'Investor Payment against Payment No - IP-2511009', 0.00, 3399.00, NULL, 0, 0, NULL, 1, NULL, NULL, NULL, '2025-11-17 23:13:03', '2025-11-17 23:13:03'),
	(970, 'IP-2511010', 'Investor Payment', '2025-11-01', 248, 40278, 'Investor Payment against Payment No - IP-2511010', 3399.00, 0.00, NULL, 0, 0, NULL, 1, NULL, NULL, NULL, '2025-11-17 23:13:07', '2025-11-17 23:13:07'),
	(971, 'IP-2511010', 'Investor Payment', '2025-11-01', 13, 1010201, 'Investor Payment against Payment No - IP-2511010', 0.00, 3399.00, NULL, 0, 0, NULL, 1, NULL, NULL, NULL, '2025-11-17 23:13:07', '2025-11-17 23:13:07'),
	(972, 'IP-2511011', 'Investor Payment', '2025-11-01', 114, 40214, 'Investor Payment against Payment No - IP-2511011', 10197.00, 0.00, NULL, 0, 0, NULL, 1, NULL, NULL, NULL, '2025-11-17 23:13:14', '2025-11-17 23:13:14'),
	(973, 'IP-2511011', 'Investor Payment', '2025-11-01', 13, 1010201, 'Investor Payment against Payment No - IP-2511011', 0.00, 10197.00, NULL, 0, 0, NULL, 1, NULL, NULL, NULL, '2025-11-17 23:13:14', '2025-11-17 23:13:14'),
	(974, 'IP-2511012', 'Investor Payment', '2025-11-01', 244, 40276, 'Investor Payment against Payment No - IP-2511012', 2124.00, 0.00, NULL, 0, 0, NULL, 1, NULL, NULL, NULL, '2025-11-17 23:13:20', '2025-11-17 23:13:20'),
	(975, 'IP-2511012', 'Investor Payment', '2025-11-01', 13, 1010201, 'Investor Payment against Payment No - IP-2511012', 0.00, 2124.00, NULL, 0, 0, NULL, 1, NULL, NULL, NULL, '2025-11-17 23:13:20', '2025-11-17 23:13:20'),
	(976, 'IP-2511013', 'Investor Payment', '2025-11-01', 128, 40221, 'Investor Payment against Payment No - IP-2511013', 850.00, 0.00, NULL, 0, 0, NULL, 1, NULL, NULL, NULL, '2025-11-17 23:13:25', '2025-11-17 23:13:25'),
	(977, 'IP-2511013', 'Investor Payment', '2025-11-01', 13, 1010201, 'Investor Payment against Payment No - IP-2511013', 0.00, 850.00, NULL, 0, 0, NULL, 1, NULL, NULL, NULL, '2025-11-17 23:13:25', '2025-11-17 23:13:25'),
	(978, 'IP-2511014', 'Investor Payment', '2025-11-01', 210, 40262, 'Investor Payment against Payment No - IP-2511014', 850.00, 0.00, NULL, 0, 0, NULL, 1, NULL, NULL, NULL, '2025-11-17 23:13:32', '2025-11-17 23:13:32'),
	(979, 'IP-2511014', 'Investor Payment', '2025-11-01', 13, 1010201, 'Investor Payment against Payment No - IP-2511014', 0.00, 850.00, NULL, 0, 0, NULL, 1, NULL, NULL, NULL, '2025-11-17 23:13:32', '2025-11-17 23:13:32'),
	(980, 'IP-2511015', 'Investor Payment', '2025-11-01', 106, 40210, 'Investor Payment against Payment No - IP-2511015', 6798.00, 0.00, NULL, 0, 0, NULL, 1, NULL, NULL, NULL, '2025-11-17 23:13:37', '2025-11-17 23:13:37'),
	(981, 'IP-2511015', 'Investor Payment', '2025-11-01', 13, 1010201, 'Investor Payment against Payment No - IP-2511015', 0.00, 6798.00, NULL, 0, 0, NULL, 1, NULL, NULL, NULL, '2025-11-17 23:13:37', '2025-11-17 23:13:37'),
	(982, 'IP-2511016', 'Investor Payment', '2025-11-01', 176, 40245, 'Investor Payment against Payment No - IP-2511016', 850.00, 0.00, NULL, 0, 0, NULL, 1, NULL, NULL, NULL, '2025-11-17 23:13:42', '2025-11-17 23:13:42'),
	(983, 'IP-2511016', 'Investor Payment', '2025-11-01', 13, 1010201, 'Investor Payment against Payment No - IP-2511016', 0.00, 850.00, NULL, 0, 0, NULL, 1, NULL, NULL, NULL, '2025-11-17 23:13:42', '2025-11-17 23:13:42'),
	(984, 'IP-2511017', 'Investor Payment', '2025-11-01', 152, 40233, 'Investor Payment against Payment No - IP-2511017', 3399.00, 0.00, NULL, 0, 0, NULL, 1, NULL, NULL, NULL, '2025-11-17 23:13:48', '2025-11-17 23:13:48'),
	(985, 'IP-2511017', 'Investor Payment', '2025-11-01', 13, 1010201, 'Investor Payment against Payment No - IP-2511017', 0.00, 3399.00, NULL, 0, 0, NULL, 1, NULL, NULL, NULL, '2025-11-17 23:13:48', '2025-11-17 23:13:48'),
	(990, 'IP-2511019', 'Investor Payment', '2025-11-01', 188, 40251, 'Investor Payment against Payment No - IP-2511019', 25917.00, 0.00, NULL, 0, 0, NULL, 1, NULL, NULL, NULL, '2025-11-18 00:43:49', '2025-11-18 00:43:49'),
	(991, 'IP-2511019', 'Investor Payment', '2025-11-01', 13, 1010201, 'Investor Payment against Payment No - IP-2511019', 0.00, 25917.00, NULL, 0, 0, NULL, 1, NULL, NULL, NULL, '2025-11-18 00:43:49', '2025-11-18 00:43:49'),
	(992, 'IP-2511020', 'Investor Payment', '2025-11-01', 208, 40261, 'Investor Payment against Payment No - IP-2511020', 850.00, 0.00, NULL, 0, 0, NULL, 1, NULL, NULL, NULL, '2025-11-18 00:43:53', '2025-11-18 00:43:53'),
	(993, 'IP-2511020', 'Investor Payment', '2025-11-01', 13, 1010201, 'Investor Payment against Payment No - IP-2511020', 0.00, 850.00, NULL, 0, 0, NULL, 1, NULL, NULL, NULL, '2025-11-18 00:43:53', '2025-11-18 00:43:53'),
	(994, 'IP-2511021', 'Investor Payment', '2025-11-01', 204, 40259, 'Investor Payment against Payment No - IP-2511021', 1699.00, 0.00, NULL, 0, 0, NULL, 1, NULL, NULL, NULL, '2025-11-18 00:43:57', '2025-11-18 00:43:57'),
	(995, 'IP-2511021', 'Investor Payment', '2025-11-01', 13, 1010201, 'Investor Payment against Payment No - IP-2511021', 0.00, 1699.00, NULL, 0, 0, NULL, 1, NULL, NULL, NULL, '2025-11-18 00:43:57', '2025-11-18 00:43:57'),
	(996, 'IP-2511022', 'Investor Payment', '2025-11-01', 154, 40234, 'Investor Payment against Payment No - IP-2511022', 850.00, 0.00, NULL, 0, 0, NULL, 1, NULL, NULL, NULL, '2025-11-18 00:44:01', '2025-11-18 00:44:01'),
	(997, 'IP-2511022', 'Investor Payment', '2025-11-01', 13, 1010201, 'Investor Payment against Payment No - IP-2511022', 0.00, 850.00, NULL, 0, 0, NULL, 1, NULL, NULL, NULL, '2025-11-18 00:44:01', '2025-11-18 00:44:01'),
	(998, 'IP-2511023', 'Investor Payment', '2025-11-01', 212, 40263, 'Investor Payment against Payment No - IP-2511023', 1275.00, 0.00, NULL, 0, 0, NULL, 1, NULL, NULL, NULL, '2025-11-18 00:44:06', '2025-11-18 00:44:06'),
	(999, 'IP-2511023', 'Investor Payment', '2025-11-01', 13, 1010201, 'Investor Payment against Payment No - IP-2511023', 0.00, 1275.00, NULL, 0, 0, NULL, 1, NULL, NULL, NULL, '2025-11-18 00:44:06', '2025-11-18 00:44:06'),
	(1000, 'IP-2511024', 'Investor Payment', '2025-11-01', 104, 40209, 'Investor Payment against Payment No - IP-2511024', 1275.00, 0.00, NULL, 0, 0, NULL, 1, NULL, NULL, NULL, '2025-11-18 00:44:11', '2025-11-18 00:44:11'),
	(1001, 'IP-2511024', 'Investor Payment', '2025-11-01', 13, 1010201, 'Investor Payment against Payment No - IP-2511024', 0.00, 1275.00, NULL, 0, 0, NULL, 1, NULL, NULL, NULL, '2025-11-18 00:44:11', '2025-11-18 00:44:11'),
	(1002, 'IP-2511025', 'Investor Payment', '2025-11-01', 198, 40256, 'Investor Payment against Payment No - IP-2511025', 5098.00, 0.00, NULL, 0, 0, NULL, 1, NULL, NULL, NULL, '2025-11-18 00:44:19', '2025-11-18 00:44:19'),
	(1003, 'IP-2511025', 'Investor Payment', '2025-11-01', 13, 1010201, 'Investor Payment against Payment No - IP-2511025', 0.00, 5098.00, NULL, 0, 0, NULL, 1, NULL, NULL, NULL, '2025-11-18 00:44:19', '2025-11-18 00:44:19'),
	(1004, 'IP-2511026', 'Investor Payment', '2025-11-01', 202, 40258, 'Investor Payment against Payment No - IP-2511026', 425.00, 0.00, NULL, 0, 0, NULL, 1, NULL, NULL, NULL, '2025-11-18 00:44:24', '2025-11-18 00:44:24'),
	(1005, 'IP-2511026', 'Investor Payment', '2025-11-01', 13, 1010201, 'Investor Payment against Payment No - IP-2511026', 0.00, 425.00, NULL, 0, 0, NULL, 1, NULL, NULL, NULL, '2025-11-18 00:44:24', '2025-11-18 00:44:24'),
	(1006, 'IP-2511027', 'Investor Payment', '2025-11-01', 246, 40277, 'Investor Payment against Payment No - IP-2511027', 850.00, 0.00, NULL, 0, 0, NULL, 1, NULL, NULL, NULL, '2025-11-18 00:44:28', '2025-11-18 00:44:28'),
	(1007, 'IP-2511027', 'Investor Payment', '2025-11-01', 13, 1010201, 'Investor Payment against Payment No - IP-2511027', 0.00, 850.00, NULL, 0, 0, NULL, 1, NULL, NULL, NULL, '2025-11-18 00:44:28', '2025-11-18 00:44:28'),
	(1008, 'IP-2511028', 'Investor Payment', '2025-11-01', 124, 40219, 'Investor Payment against Payment No - IP-2511028', 2124.00, 0.00, NULL, 0, 0, NULL, 1, NULL, NULL, NULL, '2025-11-18 00:44:34', '2025-11-18 00:44:34'),
	(1009, 'IP-2511028', 'Investor Payment', '2025-11-01', 13, 1010201, 'Investor Payment against Payment No - IP-2511028', 0.00, 2124.00, NULL, 0, 0, NULL, 1, NULL, NULL, NULL, '2025-11-18 00:44:34', '2025-11-18 00:44:34'),
	(1010, 'IP-2511029', 'Investor Payment', '2025-11-01', 122, 40218, 'Investor Payment against Payment No - IP-2511029', 2124.00, 0.00, NULL, 0, 0, NULL, 1, NULL, NULL, NULL, '2025-11-18 00:44:39', '2025-11-18 00:44:39'),
	(1011, 'IP-2511029', 'Investor Payment', '2025-11-01', 13, 1010201, 'Investor Payment against Payment No - IP-2511029', 0.00, 2124.00, NULL, 0, 0, NULL, 1, NULL, NULL, NULL, '2025-11-18 00:44:39', '2025-11-18 00:44:39'),
	(1012, 'IP-2511030', 'Investor Payment', '2025-11-01', 250, 40279, 'Investor Payment against Payment No - IP-2511030', 3399.00, 0.00, NULL, 0, 0, NULL, 1, NULL, NULL, NULL, '2025-11-18 00:44:43', '2025-11-18 00:44:43'),
	(1013, 'IP-2511030', 'Investor Payment', '2025-11-01', 13, 1010201, 'Investor Payment against Payment No - IP-2511030', 0.00, 3399.00, NULL, 0, 0, NULL, 1, NULL, NULL, NULL, '2025-11-18 00:44:43', '2025-11-18 00:44:43'),
	(1014, 'IP-2511031', 'Investor Payment', '2025-11-01', 110, 40212, 'Investor Payment against Payment No - IP-2511031', 4249.00, 0.00, NULL, 0, 0, NULL, 1, NULL, NULL, NULL, '2025-11-18 00:44:48', '2025-11-18 00:44:48'),
	(1015, 'IP-2511031', 'Investor Payment', '2025-11-01', 13, 1010201, 'Investor Payment against Payment No - IP-2511031', 0.00, 4249.00, NULL, 0, 0, NULL, 1, NULL, NULL, NULL, '2025-11-18 00:44:48', '2025-11-18 00:44:48'),
	(1016, 'IP-2511032', 'Investor Payment', '2025-11-01', 150, 40232, 'Investor Payment against Payment No - IP-2511032', 6798.00, 0.00, NULL, 0, 0, NULL, 1, NULL, NULL, NULL, '2025-11-18 00:44:52', '2025-11-18 00:44:52'),
	(1017, 'IP-2511032', 'Investor Payment', '2025-11-01', 13, 1010201, 'Investor Payment against Payment No - IP-2511032', 0.00, 6798.00, NULL, 0, 0, NULL, 1, NULL, NULL, NULL, '2025-11-18 00:44:52', '2025-11-18 00:44:52'),
	(1018, 'IP-2511033', 'Investor Payment', '2025-11-01', 132, 40223, 'Investor Payment against Payment No - IP-2511033', 4249.00, 0.00, NULL, 0, 0, NULL, 1, NULL, NULL, NULL, '2025-11-18 00:44:57', '2025-11-18 00:44:57'),
	(1019, 'IP-2511033', 'Investor Payment', '2025-11-01', 13, 1010201, 'Investor Payment against Payment No - IP-2511033', 0.00, 4249.00, NULL, 0, 0, NULL, 1, NULL, NULL, NULL, '2025-11-18 00:44:57', '2025-11-18 00:44:57'),
	(1020, 'IP-2511034', 'Investor Payment', '2025-11-01', 118, 40216, 'Investor Payment against Payment No - IP-2511034', 4674.00, 0.00, NULL, 0, 0, NULL, 1, NULL, NULL, NULL, '2025-11-18 00:45:01', '2025-11-18 00:45:01'),
	(1021, 'IP-2511034', 'Investor Payment', '2025-11-01', 13, 1010201, 'Investor Payment against Payment No - IP-2511034', 0.00, 4674.00, NULL, 0, 0, NULL, 1, NULL, NULL, NULL, '2025-11-18 00:45:01', '2025-11-18 00:45:01'),
	(1022, 'IP-2511035', 'Investor Payment', '2025-11-01', 186, 40250, 'Investor Payment against Payment No - IP-2511035', 850.00, 0.00, NULL, 0, 0, NULL, 1, NULL, NULL, NULL, '2025-11-18 00:47:06', '2025-11-18 00:47:06'),
	(1023, 'IP-2511035', 'Investor Payment', '2025-11-01', 13, 1010201, 'Investor Payment against Payment No - IP-2511035', 0.00, 850.00, NULL, 0, 0, NULL, 1, NULL, NULL, NULL, '2025-11-18 00:47:06', '2025-11-18 00:47:06'),
	(1024, 'IP-2511036', 'Investor Payment', '2025-11-01', 224, 40269, 'Investor Payment against Payment No - IP-2511036', 6798.00, 0.00, NULL, 0, 0, NULL, 1, NULL, NULL, NULL, '2025-11-18 00:47:10', '2025-11-18 00:47:10'),
	(1025, 'IP-2511036', 'Investor Payment', '2025-11-01', 13, 1010201, 'Investor Payment against Payment No - IP-2511036', 0.00, 6798.00, NULL, 0, 0, NULL, 1, NULL, NULL, NULL, '2025-11-18 00:47:10', '2025-11-18 00:47:10'),
	(1026, 'IP-2511037', 'Investor Payment', '2025-11-01', 218, 40266, 'Investor Payment against Payment No - IP-2511037', 5098.00, 0.00, NULL, 0, 0, NULL, 1, NULL, NULL, NULL, '2025-11-18 00:47:14', '2025-11-18 00:47:14'),
	(1027, 'IP-2511037', 'Investor Payment', '2025-11-01', 13, 1010201, 'Investor Payment against Payment No - IP-2511037', 0.00, 5098.00, NULL, 0, 0, NULL, 1, NULL, NULL, NULL, '2025-11-18 00:47:14', '2025-11-18 00:47:14'),
	(1028, 'IP-2511038', 'Investor Payment', '2025-11-01', 170, 40242, 'Investor Payment against Payment No - IP-2511038', 5098.00, 0.00, NULL, 0, 0, NULL, 1, NULL, NULL, NULL, '2025-11-18 00:47:19', '2025-11-18 00:47:19'),
	(1029, 'IP-2511038', 'Investor Payment', '2025-11-01', 13, 1010201, 'Investor Payment against Payment No - IP-2511038', 0.00, 5098.00, NULL, 0, 0, NULL, 1, NULL, NULL, NULL, '2025-11-18 00:47:19', '2025-11-18 00:47:19'),
	(1030, 'IP-2511039', 'Investor Payment', '2025-11-01', 230, 40272, 'Investor Payment against Payment No - IP-2511039', 850.00, 0.00, NULL, 0, 0, NULL, 1, NULL, NULL, NULL, '2025-11-18 00:47:23', '2025-11-18 00:47:23'),
	(1031, 'IP-2511039', 'Investor Payment', '2025-11-01', 13, 1010201, 'Investor Payment against Payment No - IP-2511039', 0.00, 850.00, NULL, 0, 0, NULL, 1, NULL, NULL, NULL, '2025-11-18 00:47:23', '2025-11-18 00:47:23'),
	(1032, 'IP-2511040', 'Investor Payment', '2025-11-01', 178, 40246, 'Investor Payment against Payment No - IP-2511040', 425.00, 0.00, NULL, 0, 0, NULL, 1, NULL, NULL, NULL, '2025-11-18 00:47:27', '2025-11-18 00:47:27'),
	(1033, 'IP-2511040', 'Investor Payment', '2025-11-01', 13, 1010201, 'Investor Payment against Payment No - IP-2511040', 0.00, 425.00, NULL, 0, 0, NULL, 1, NULL, NULL, NULL, '2025-11-18 00:47:27', '2025-11-18 00:47:27'),
	(1034, 'IP-2511041', 'Investor Payment', '2025-11-01', 120, 40217, 'Investor Payment against Payment No - IP-2511041', 850.00, 0.00, NULL, 0, 0, NULL, 1, NULL, NULL, NULL, '2025-11-18 00:47:31', '2025-11-18 00:47:31'),
	(1035, 'IP-2511041', 'Investor Payment', '2025-11-01', 13, 1010201, 'Investor Payment against Payment No - IP-2511041', 0.00, 850.00, NULL, 0, 0, NULL, 1, NULL, NULL, NULL, '2025-11-18 00:47:31', '2025-11-18 00:47:31'),
	(1036, 'IP-2511042', 'Investor Payment', '2025-11-01', 234, 40274, 'Investor Payment against Payment No - IP-2511042', 7648.00, 0.00, NULL, 0, 0, NULL, 1, NULL, NULL, NULL, '2025-11-18 00:47:35', '2025-11-18 00:47:35'),
	(1037, 'IP-2511042', 'Investor Payment', '2025-11-01', 13, 1010201, 'Investor Payment against Payment No - IP-2511042', 0.00, 7648.00, NULL, 0, 0, NULL, 1, NULL, NULL, NULL, '2025-11-18 00:47:35', '2025-11-18 00:47:35'),
	(1038, 'IP-2511043', 'Investor Payment', '2025-11-01', 196, 40255, 'Investor Payment against Payment No - IP-2511043', 6798.00, 0.00, NULL, 0, 0, NULL, 1, NULL, NULL, NULL, '2025-11-18 00:47:40', '2025-11-18 00:47:40'),
	(1039, 'IP-2511043', 'Investor Payment', '2025-11-01', 13, 1010201, 'Investor Payment against Payment No - IP-2511043', 0.00, 6798.00, NULL, 0, 0, NULL, 1, NULL, NULL, NULL, '2025-11-18 00:47:40', '2025-11-18 00:47:40'),
	(1040, 'IP-2511044', 'Investor Payment', '2025-11-01', 108, 40211, 'Investor Payment against Payment No - IP-2511044', 8497.00, 0.00, NULL, 0, 0, NULL, 1, NULL, NULL, NULL, '2025-11-18 00:47:43', '2025-11-18 00:47:43'),
	(1041, 'IP-2511044', 'Investor Payment', '2025-11-01', 13, 1010201, 'Investor Payment against Payment No - IP-2511044', 0.00, 8497.00, NULL, 0, 0, NULL, 1, NULL, NULL, NULL, '2025-11-18 00:47:43', '2025-11-18 00:47:43'),
	(1042, 'IP-2511045', 'Investor Payment', '2025-11-01', 180, 40247, 'Investor Payment against Payment No - IP-2511045', 1699.00, 0.00, NULL, 0, 0, NULL, 1, NULL, NULL, NULL, '2025-11-18 00:47:47', '2025-11-18 00:47:47'),
	(1043, 'IP-2511045', 'Investor Payment', '2025-11-01', 13, 1010201, 'Investor Payment against Payment No - IP-2511045', 0.00, 1699.00, NULL, 0, 0, NULL, 1, NULL, NULL, NULL, '2025-11-18 00:47:47', '2025-11-18 00:47:47'),
	(1044, 'IP-2511046', 'Investor Payment', '2025-11-01', 220, 40267, 'Investor Payment against Payment No - IP-2511046', 1275.00, 0.00, NULL, 0, 0, NULL, 1, NULL, NULL, NULL, '2025-11-18 00:47:51', '2025-11-18 00:47:51'),
	(1045, 'IP-2511046', 'Investor Payment', '2025-11-01', 13, 1010201, 'Investor Payment against Payment No - IP-2511046', 0.00, 1275.00, NULL, 0, 0, NULL, 1, NULL, NULL, NULL, '2025-11-18 00:47:51', '2025-11-18 00:47:51'),
	(1046, 'IP-2511047', 'Investor Payment', '2025-11-01', 216, 40265, 'Investor Payment against Payment No - IP-2511047', 850.00, 0.00, NULL, 0, 0, NULL, 1, NULL, NULL, NULL, '2025-11-18 00:48:23', '2025-11-18 00:48:23'),
	(1047, 'IP-2511047', 'Investor Payment', '2025-11-01', 13, 1010201, 'Investor Payment against Payment No - IP-2511047', 0.00, 850.00, NULL, 0, 0, NULL, 1, NULL, NULL, NULL, '2025-11-18 00:48:23', '2025-11-18 00:48:23'),
	(1048, 'IP-2511048', 'Investor Payment', '2025-11-01', 214, 40264, 'Investor Payment against Payment No - IP-2511048', 1699.00, 0.00, NULL, 0, 0, NULL, 1, NULL, NULL, NULL, '2025-11-18 00:48:27', '2025-11-18 00:48:27'),
	(1049, 'IP-2511048', 'Investor Payment', '2025-11-01', 13, 1010201, 'Investor Payment against Payment No - IP-2511048', 0.00, 1699.00, NULL, 0, 0, NULL, 1, NULL, NULL, NULL, '2025-11-18 00:48:27', '2025-11-18 00:48:27'),
	(1050, 'IP-2511049', 'Investor Payment', '2025-11-01', 174, 40244, 'Investor Payment against Payment No - IP-2511049', 425.00, 0.00, NULL, 0, 0, NULL, 1, NULL, NULL, NULL, '2025-11-18 00:48:32', '2025-11-18 00:48:32'),
	(1051, 'IP-2511049', 'Investor Payment', '2025-11-01', 13, 1010201, 'Investor Payment against Payment No - IP-2511049', 0.00, 425.00, NULL, 0, 0, NULL, 1, NULL, NULL, NULL, '2025-11-18 00:48:32', '2025-11-18 00:48:32'),
	(1052, 'IP-2511050', 'Investor Payment', '2025-11-01', 184, 40249, 'Investor Payment against Payment No - IP-2511050', 850.00, 0.00, NULL, 0, 0, NULL, 1, NULL, NULL, NULL, '2025-11-18 00:48:37', '2025-11-18 00:48:37'),
	(1053, 'IP-2511050', 'Investor Payment', '2025-11-01', 13, 1010201, 'Investor Payment against Payment No - IP-2511050', 0.00, 850.00, NULL, 0, 0, NULL, 1, NULL, NULL, NULL, '2025-11-18 00:48:37', '2025-11-18 00:48:37'),
	(1054, 'IP-2511051', 'Investor Payment', '2025-11-01', 222, 40268, 'Investor Payment against Payment No - IP-2511051', 850.00, 0.00, NULL, 0, 0, NULL, 1, NULL, NULL, NULL, '2025-11-18 00:48:43', '2025-11-18 00:48:43'),
	(1055, 'IP-2511051', 'Investor Payment', '2025-11-01', 13, 1010201, 'Investor Payment against Payment No - IP-2511051', 0.00, 850.00, NULL, 0, 0, NULL, 1, NULL, NULL, NULL, '2025-11-18 00:48:43', '2025-11-18 00:48:43'),
	(1056, 'IP-2511052', 'Investor Payment', '2025-11-01', 200, 40257, 'Investor Payment against Payment No - IP-2511052', 3399.00, 0.00, NULL, 0, 0, NULL, 1, NULL, NULL, NULL, '2025-11-18 00:52:21', '2025-11-18 00:52:21'),
	(1057, 'IP-2511052', 'Investor Payment', '2025-11-01', 13, 1010201, 'Investor Payment against Payment No - IP-2511052', 0.00, 3399.00, NULL, 0, 0, NULL, 1, NULL, NULL, NULL, '2025-11-18 00:52:21', '2025-11-18 00:52:21'),
	(1060, 'EXP-2511025', 'Expense', '2025-11-12', 13, 1010201, NULL, 0.00, 500.00, NULL, 0, 0, NULL, 2, NULL, 1, '2025-11-19 03:37:47', '2025-11-18 12:50:33', '2025-11-19 03:37:47'),
	(1061, 'EXP-2511025', 'Expense', '2025-11-12', 258, 40305, NULL, 500.00, 0.00, NULL, 0, 0, NULL, 2, NULL, 1, '2025-11-19 03:37:47', '2025-11-18 12:50:33', '2025-11-19 03:37:47'),
	(1064, 'EXP-2511027', 'Expense', '2025-11-13', 13, 1010201, NULL, 0.00, 550.00, NULL, 0, 0, NULL, 2, NULL, 1, '2025-11-19 03:38:40', '2025-11-18 12:51:27', '2025-11-19 03:38:40'),
	(1065, 'EXP-2511027', 'Expense', '2025-11-13', 258, 40305, NULL, 550.00, 0.00, NULL, 0, 0, NULL, 2, NULL, 1, '2025-11-19 03:38:40', '2025-11-18 12:51:27', '2025-11-19 03:38:40'),
	(1068, 'EXP-2511029', 'Expense', '2025-11-15', 13, 1010201, NULL, 0.00, 500.00, NULL, 0, 0, NULL, 2, NULL, 1, '2025-11-19 03:39:26', '2025-11-18 12:52:44', '2025-11-19 03:39:26'),
	(1069, 'EXP-2511029', 'Expense', '2025-11-15', 258, 40305, NULL, 500.00, 0.00, NULL, 0, 0, NULL, 2, NULL, 1, '2025-11-19 03:39:26', '2025-11-18 12:52:44', '2025-11-19 03:39:26'),
	(1074, 'EXP-2511032', 'Expense', '2025-11-18', 13, 1010201, NULL, 0.00, 780.00, NULL, 0, 0, NULL, 2, NULL, 1, '2025-11-19 03:41:08', '2025-11-18 12:54:32', '2025-11-19 03:41:08'),
	(1075, 'EXP-2511032', 'Expense', '2025-11-18', 259, 40306, NULL, 780.00, 0.00, NULL, 0, 0, NULL, 2, NULL, 1, '2025-11-19 03:41:08', '2025-11-18 12:54:32', '2025-11-19 03:41:08'),
	(1088, 'INV-2511006', 'Invoice', '2025-11-02', 235, 30101, 'Sales income for invoice #INV-2511006', 0.00, 8000.00, NULL, 0, 0, NULL, 2, NULL, NULL, NULL, '2025-11-18 13:39:09', '2025-11-18 13:39:09'),
	(1089, 'INV-2511006', 'Invoice', '2025-11-02', 13, 1010201, 'Cash payment for invoice #INV-2511006', 8000.00, 0.00, NULL, 0, 0, NULL, 2, NULL, NULL, NULL, '2025-11-18 13:39:09', '2025-11-18 13:39:09'),
	(1090, 'INV-2511007', 'Invoice', '2025-11-02', 235, 30101, 'Sales income for invoice #INV-2511007', 0.00, 3500.00, NULL, 0, 0, NULL, 2, NULL, NULL, NULL, '2025-11-18 13:40:00', '2025-11-18 13:40:00'),
	(1091, 'INV-2511007', 'Invoice', '2025-11-02', 13, 1010201, 'Cash payment for invoice #INV-2511007', 3500.00, 0.00, NULL, 0, 0, NULL, 2, NULL, NULL, NULL, '2025-11-18 13:40:00', '2025-11-18 13:40:00'),
	(1092, 'INV-2511008', 'Invoice', '2025-11-02', 235, 30101, 'Sales income for invoice #INV-2511008', 0.00, 4000.00, NULL, 0, 0, NULL, 2, NULL, NULL, NULL, '2025-11-18 13:40:43', '2025-11-18 13:40:43'),
	(1093, 'INV-2511008', 'Invoice', '2025-11-02', 13, 1010201, 'Cash payment for invoice #INV-2511008', 4000.00, 0.00, NULL, 0, 0, NULL, 2, NULL, NULL, NULL, '2025-11-18 13:40:43', '2025-11-18 13:40:43'),
	(1094, 'INV-2511009', 'Invoice', '2025-11-02', 235, 30101, 'Sales income for invoice #INV-2511009', 0.00, 7200.00, NULL, 0, 0, NULL, 2, NULL, NULL, NULL, '2025-11-18 13:41:33', '2025-11-18 13:41:33'),
	(1095, 'INV-2511009', 'Invoice', '2025-11-02', 13, 1010201, 'Cash payment for invoice #INV-2511009', 7200.00, 0.00, NULL, 0, 0, NULL, 2, NULL, NULL, NULL, '2025-11-18 13:41:33', '2025-11-18 13:41:33'),
	(1096, 'INV-2511010', 'Invoice', '2025-11-02', 235, 30101, 'Sales income for invoice #INV-2511010', 0.00, 3200.00, NULL, 0, 0, NULL, 2, NULL, NULL, NULL, '2025-11-18 13:43:10', '2025-11-18 13:43:10'),
	(1097, 'INV-2511010', 'Invoice', '2025-11-02', 13, 1010201, 'Cash payment for invoice #INV-2511010', 3200.00, 0.00, NULL, 0, 0, NULL, 2, NULL, NULL, NULL, '2025-11-18 13:43:10', '2025-11-18 13:43:10'),
	(1098, 'INV-2511011', 'Invoice', '2025-11-02', 235, 30101, 'Sales income for invoice #INV-2511011', 0.00, 4200.00, NULL, 0, 0, NULL, 2, NULL, NULL, NULL, '2025-11-18 13:44:03', '2025-11-18 13:44:03'),
	(1099, 'INV-2511011', 'Invoice', '2025-11-02', 13, 1010201, 'Cash payment for invoice #INV-2511011', 4200.00, 0.00, NULL, 0, 0, NULL, 2, NULL, NULL, NULL, '2025-11-18 13:44:03', '2025-11-18 13:44:03'),
	(1100, 'INV-2511012', 'Invoice', '2025-11-03', 235, 30101, 'Sales income for invoice #INV-2511012', 0.00, 27000.00, NULL, 0, 0, NULL, 2, NULL, NULL, NULL, '2025-11-18 13:46:12', '2025-11-18 13:46:12'),
	(1101, 'INV-2511012', 'Invoice', '2025-11-03', 13, 1010201, 'Cash payment for invoice #INV-2511012', 27000.00, 0.00, NULL, 0, 0, NULL, 2, NULL, NULL, NULL, '2025-11-18 13:46:12', '2025-11-18 13:46:12'),
	(1102, 'INV-2511013', 'Invoice', '2025-11-03', 235, 30101, 'Sales income for invoice #INV-2511013', 0.00, 4500.00, NULL, 0, 0, NULL, 2, NULL, NULL, NULL, '2025-11-18 13:47:02', '2025-11-18 13:47:02'),
	(1103, 'INV-2511013', 'Invoice', '2025-11-03', 13, 1010201, 'Cash payment for invoice #INV-2511013', 4500.00, 0.00, NULL, 0, 0, NULL, 2, NULL, NULL, NULL, '2025-11-18 13:47:02', '2025-11-18 13:47:02'),
	(1104, 'INV-2511014', 'Invoice', '2025-11-03', 235, 30101, 'Sales income for invoice #INV-2511014', 0.00, 9000.00, NULL, 0, 0, NULL, 2, NULL, NULL, NULL, '2025-11-18 13:47:50', '2025-11-18 13:47:50'),
	(1105, 'INV-2511014', 'Invoice', '2025-11-03', 13, 1010201, 'Cash payment for invoice #INV-2511014', 9000.00, 0.00, NULL, 0, 0, NULL, 2, NULL, NULL, NULL, '2025-11-18 13:47:50', '2025-11-18 13:47:50'),
	(1106, 'INV-2511015', 'Invoice', '2025-11-03', 235, 30101, 'Sales income for invoice #INV-2511015', 0.00, 5000.00, NULL, 0, 0, NULL, 2, NULL, NULL, NULL, '2025-11-18 13:48:44', '2025-11-18 13:48:44'),
	(1107, 'INV-2511015', 'Invoice', '2025-11-03', 13, 1010201, 'Cash payment for invoice #INV-2511015', 5000.00, 0.00, NULL, 0, 0, NULL, 2, NULL, NULL, NULL, '2025-11-18 13:48:44', '2025-11-18 13:48:44'),
	(1108, 'INV-2511016', 'Invoice', '2025-11-04', 235, 30101, 'Sales income for invoice #INV-2511016', 0.00, 8000.00, NULL, 0, 0, NULL, 2, NULL, NULL, NULL, '2025-11-18 13:50:11', '2025-11-18 13:50:11'),
	(1109, 'INV-2511016', 'Invoice', '2025-11-04', 13, 1010201, 'Cash payment for invoice #INV-2511016', 8000.00, 0.00, NULL, 0, 0, NULL, 2, NULL, NULL, NULL, '2025-11-18 13:50:11', '2025-11-18 13:50:11'),
	(1110, 'INV-2511017', 'Invoice', '2025-11-04', 235, 30101, 'Sales income for invoice #INV-2511017', 0.00, 12000.00, NULL, 0, 0, NULL, 2, NULL, NULL, NULL, '2025-11-18 13:51:04', '2025-11-18 13:51:04'),
	(1111, 'INV-2511017', 'Invoice', '2025-11-04', 13, 1010201, 'Cash payment for invoice #INV-2511017', 12000.00, 0.00, NULL, 0, 0, NULL, 2, NULL, NULL, NULL, '2025-11-18 13:51:04', '2025-11-18 13:51:04'),
	(1112, 'INV-2511018', 'Invoice', '2025-11-04', 235, 30101, 'Sales income for invoice #INV-2511018', 0.00, 7200.00, NULL, 0, 0, NULL, 2, NULL, NULL, NULL, '2025-11-18 13:51:55', '2025-11-18 13:51:55'),
	(1113, 'INV-2511018', 'Invoice', '2025-11-04', 13, 1010201, 'Cash payment for invoice #INV-2511018', 7200.00, 0.00, NULL, 0, 0, NULL, 2, NULL, NULL, NULL, '2025-11-18 13:51:55', '2025-11-18 13:51:55'),
	(1114, 'INV-2511019', 'Invoice', '2025-11-04', 235, 30101, 'Sales income for invoice #INV-2511019', 0.00, 6500.00, NULL, 0, 0, NULL, 2, NULL, NULL, NULL, '2025-11-18 13:52:46', '2025-11-18 13:52:46'),
	(1115, 'INV-2511019', 'Invoice', '2025-11-04', 13, 1010201, 'Cash payment for invoice #INV-2511019', 6500.00, 0.00, NULL, 0, 0, NULL, 2, NULL, NULL, NULL, '2025-11-18 13:52:46', '2025-11-18 13:52:46'),
	(1116, 'INV-2511020', 'Invoice', '2025-11-04', 235, 30101, 'Sales income for invoice #INV-2511020', 0.00, 3000.00, NULL, 0, 0, NULL, 2, NULL, NULL, NULL, '2025-11-18 13:53:36', '2025-11-18 13:53:36'),
	(1117, 'INV-2511020', 'Invoice', '2025-11-04', 13, 1010201, 'Cash payment for invoice #INV-2511020', 3000.00, 0.00, NULL, 0, 0, NULL, 2, NULL, NULL, NULL, '2025-11-18 13:53:36', '2025-11-18 13:53:36'),
	(1118, 'INV-2511021', 'Invoice', '2025-11-04', 235, 30101, 'Sales income for invoice #INV-2511021', 0.00, 2000.00, NULL, 0, 0, NULL, 2, NULL, NULL, NULL, '2025-11-18 13:54:24', '2025-11-18 13:54:24'),
	(1119, 'INV-2511021', 'Invoice', '2025-11-04', 13, 1010201, 'Cash payment for invoice #INV-2511021', 2000.00, 0.00, NULL, 0, 0, NULL, 2, NULL, NULL, NULL, '2025-11-18 13:54:24', '2025-11-18 13:54:24'),
	(1122, 'INV-2511023', 'Invoice', '2025-11-05', 235, 30101, 'Sales income for invoice #INV-2511023', 0.00, 11300.00, NULL, 0, 0, NULL, 2, NULL, NULL, NULL, '2025-11-18 13:56:37', '2025-11-18 13:56:37'),
	(1123, 'INV-2511023', 'Invoice', '2025-11-05', 13, 1010201, 'Cash payment for invoice #INV-2511023', 11300.00, 0.00, NULL, 0, 0, NULL, 2, NULL, NULL, NULL, '2025-11-18 13:56:37', '2025-11-18 13:56:37'),
	(1124, 'INV-2511024', 'Invoice', '2025-11-05', 235, 30101, 'Sales income for invoice #INV-2511024', 0.00, 27000.00, NULL, 0, 0, NULL, 2, NULL, NULL, NULL, '2025-11-18 13:57:41', '2025-11-18 13:57:41'),
	(1125, 'INV-2511024', 'Invoice', '2025-11-05', 13, 1010201, 'Cash payment for invoice #INV-2511024', 27000.00, 0.00, NULL, 0, 0, NULL, 2, NULL, NULL, NULL, '2025-11-18 13:57:41', '2025-11-18 13:57:41'),
	(1126, 'INV-2511025', 'Invoice', '2025-11-05', 235, 30101, 'Sales income for invoice #INV-2511025', 0.00, 3500.00, NULL, 0, 0, NULL, 2, NULL, NULL, NULL, '2025-11-18 13:58:33', '2025-11-18 13:58:33'),
	(1127, 'INV-2511025', 'Invoice', '2025-11-05', 13, 1010201, 'Cash payment for invoice #INV-2511025', 3500.00, 0.00, NULL, 0, 0, NULL, 2, NULL, NULL, NULL, '2025-11-18 13:58:33', '2025-11-18 13:58:33'),
	(1128, 'INV-2511026', 'Invoice', '2025-11-05', 235, 30101, 'Sales income for invoice #INV-2511026', 0.00, 9000.00, NULL, 0, 0, NULL, 2, NULL, NULL, NULL, '2025-11-18 13:59:27', '2025-11-18 13:59:27'),
	(1129, 'INV-2511026', 'Invoice', '2025-11-05', 13, 1010201, 'Cash payment for invoice #INV-2511026', 9000.00, 0.00, NULL, 0, 0, NULL, 2, NULL, NULL, NULL, '2025-11-18 13:59:27', '2025-11-18 13:59:27'),
	(1130, 'INV-2511027', 'Invoice', '2025-11-05', 235, 30101, 'Sales income for invoice #INV-2511027', 0.00, 4800.00, NULL, 0, 0, NULL, 2, NULL, NULL, NULL, '2025-11-18 14:00:14', '2025-11-18 14:00:14'),
	(1131, 'INV-2511027', 'Invoice', '2025-11-05', 13, 1010201, 'Cash payment for invoice #INV-2511027', 4800.00, 0.00, NULL, 0, 0, NULL, 2, NULL, NULL, NULL, '2025-11-18 14:00:14', '2025-11-18 14:00:14'),
	(1132, 'INV-2511028', 'Invoice', '2025-11-05', 235, 30101, 'Sales income for invoice #INV-2511028', 0.00, 9000.00, NULL, 0, 0, NULL, 2, NULL, NULL, NULL, '2025-11-18 14:00:56', '2025-11-18 14:00:56'),
	(1133, 'INV-2511028', 'Invoice', '2025-11-05', 13, 1010201, 'Cash payment for invoice #INV-2511028', 9000.00, 0.00, NULL, 0, 0, NULL, 2, NULL, NULL, NULL, '2025-11-18 14:00:56', '2025-11-18 14:00:56'),
	(1136, 'INV-2511030', 'Invoice', '2025-11-06', 235, 30101, 'Sales income for invoice #INV-2511030', 0.00, 45500.00, NULL, 0, 0, NULL, 2, NULL, NULL, NULL, '2025-11-18 14:06:13', '2025-11-18 14:06:13'),
	(1137, 'INV-2511030', 'Invoice', '2025-11-06', 13, 1010201, 'Cash payment for invoice #INV-2511030', 45500.00, 0.00, NULL, 0, 0, NULL, 2, NULL, NULL, NULL, '2025-11-18 14:06:13', '2025-11-18 14:06:13'),
	(1138, 'INV-2511031', 'Invoice', '2025-11-06', 235, 30101, 'Sales income for invoice #INV-2511031', 0.00, 7200.00, NULL, 0, 0, NULL, 2, NULL, NULL, NULL, '2025-11-18 14:07:11', '2025-11-18 14:07:11'),
	(1139, 'INV-2511031', 'Invoice', '2025-11-06', 13, 1010201, 'Cash payment for invoice #INV-2511031', 7200.00, 0.00, NULL, 0, 0, NULL, 2, NULL, NULL, NULL, '2025-11-18 14:07:11', '2025-11-18 14:07:11'),
	(1140, 'INV-2511032', 'Invoice', '2025-11-06', 235, 30101, 'Sales income for invoice #INV-2511032', 0.00, 3600.00, NULL, 0, 0, NULL, 2, NULL, NULL, NULL, '2025-11-18 14:07:57', '2025-11-18 14:07:57'),
	(1141, 'INV-2511032', 'Invoice', '2025-11-06', 13, 1010201, 'Cash payment for invoice #INV-2511032', 3600.00, 0.00, NULL, 0, 0, NULL, 2, NULL, NULL, NULL, '2025-11-18 14:07:57', '2025-11-18 14:07:57'),
	(1142, 'INV-2511033', 'Invoice', '2025-11-06', 235, 30101, 'Sales income for invoice #INV-2511033', 0.00, 4500.00, NULL, 0, 0, NULL, 2, NULL, NULL, NULL, '2025-11-18 14:08:54', '2025-11-18 14:08:54'),
	(1143, 'INV-2511033', 'Invoice', '2025-11-06', 13, 1010201, 'Cash payment for invoice #INV-2511033', 4500.00, 0.00, NULL, 0, 0, NULL, 2, NULL, NULL, NULL, '2025-11-18 14:08:54', '2025-11-18 14:08:54'),
	(1144, 'INV-2511034', 'Invoice', '2025-11-06', 235, 30101, 'Sales income for invoice #INV-2511034', 0.00, 3200.00, NULL, 0, 0, NULL, 2, NULL, NULL, NULL, '2025-11-18 14:10:00', '2025-11-18 14:10:00'),
	(1145, 'INV-2511034', 'Invoice', '2025-11-06', 13, 1010201, 'Cash payment for invoice #INV-2511034', 3200.00, 0.00, NULL, 0, 0, NULL, 2, NULL, NULL, NULL, '2025-11-18 14:10:00', '2025-11-18 14:10:00'),
	(1146, 'INV-2511035', 'Invoice', '2025-11-08', 235, 30101, 'Sales income for invoice #INV-2511035', 0.00, 10000.00, NULL, 0, 0, NULL, 2, NULL, NULL, NULL, '2025-11-18 14:11:15', '2025-11-18 14:11:15'),
	(1147, 'INV-2511035', 'Invoice', '2025-11-08', 13, 1010201, 'Cash payment for invoice #INV-2511035', 10000.00, 0.00, NULL, 0, 0, NULL, 2, NULL, NULL, NULL, '2025-11-18 14:11:15', '2025-11-18 14:11:15'),
	(1148, 'INV-2511036', 'Invoice', '2025-11-08', 235, 30101, 'Sales income for invoice #INV-2511036', 0.00, 27000.00, NULL, 0, 0, NULL, 2, NULL, NULL, NULL, '2025-11-18 14:12:37', '2025-11-18 14:12:37'),
	(1149, 'INV-2511036', 'Invoice', '2025-11-08', 13, 1010201, 'Cash payment for invoice #INV-2511036', 27000.00, 0.00, NULL, 0, 0, NULL, 2, NULL, NULL, NULL, '2025-11-18 14:12:37', '2025-11-18 14:12:37'),
	(1150, 'INV-2511037', 'Invoice', '2025-11-08', 235, 30101, 'Sales income for invoice #INV-2511037', 0.00, 3000.00, NULL, 0, 0, NULL, 2, NULL, NULL, NULL, '2025-11-18 14:19:30', '2025-11-18 14:19:30'),
	(1151, 'INV-2511037', 'Invoice', '2025-11-08', 13, 1010201, 'Cash payment for invoice #INV-2511037', 3000.00, 0.00, NULL, 0, 0, NULL, 2, NULL, NULL, NULL, '2025-11-18 14:19:30', '2025-11-18 14:19:30'),
	(1152, 'INV-2511038', 'Invoice', '2025-11-08', 235, 30101, 'Sales income for invoice #INV-2511038', 0.00, 3800.00, NULL, 0, 0, NULL, 2, NULL, NULL, NULL, '2025-11-18 14:20:13', '2025-11-18 14:20:13'),
	(1153, 'INV-2511038', 'Invoice', '2025-11-08', 13, 1010201, 'Cash payment for invoice #INV-2511038', 3800.00, 0.00, NULL, 0, 0, NULL, 2, NULL, NULL, NULL, '2025-11-18 14:20:13', '2025-11-18 14:20:13'),
	(1154, 'INV-2511039', 'Invoice', '2025-11-08', 235, 30101, 'Sales income for invoice #INV-2511039', 0.00, 5400.00, NULL, 0, 0, NULL, 2, NULL, NULL, NULL, '2025-11-18 14:20:56', '2025-11-18 14:20:56'),
	(1155, 'INV-2511039', 'Invoice', '2025-11-08', 13, 1010201, 'Cash payment for invoice #INV-2511039', 5400.00, 0.00, NULL, 0, 0, NULL, 2, NULL, NULL, NULL, '2025-11-18 14:20:56', '2025-11-18 14:20:56'),
	(1156, 'INV-2511040', 'Invoice', '2025-11-08', 235, 30101, 'Sales income for invoice #INV-2511040', 0.00, 1400.00, NULL, 0, 0, NULL, 2, NULL, NULL, NULL, '2025-11-18 14:21:39', '2025-11-18 14:21:39'),
	(1157, 'INV-2511040', 'Invoice', '2025-11-08', 13, 1010201, 'Cash payment for invoice #INV-2511040', 1400.00, 0.00, NULL, 0, 0, NULL, 2, NULL, NULL, NULL, '2025-11-18 14:21:39', '2025-11-18 14:21:39'),
	(1158, 'INV-2511041', 'Invoice', '2025-11-09', 235, 30101, 'Sales income for invoice #INV-2511041', 0.00, 45500.00, NULL, 0, 0, NULL, 2, NULL, NULL, NULL, '2025-11-18 14:22:51', '2025-11-18 14:22:51'),
	(1159, 'INV-2511041', 'Invoice', '2025-11-09', 13, 1010201, 'Cash payment for invoice #INV-2511041', 45500.00, 0.00, NULL, 0, 0, NULL, 2, NULL, NULL, NULL, '2025-11-18 14:22:51', '2025-11-18 14:22:51'),
	(1160, 'INV-2511042', 'Invoice', '2025-11-09', 235, 30101, 'Sales income for invoice #INV-2511042', 0.00, 5000.00, NULL, 0, 0, NULL, 2, NULL, NULL, NULL, '2025-11-18 14:23:32', '2025-11-18 14:23:32'),
	(1161, 'INV-2511042', 'Invoice', '2025-11-09', 13, 1010201, 'Cash payment for invoice #INV-2511042', 5000.00, 0.00, NULL, 0, 0, NULL, 2, NULL, NULL, NULL, '2025-11-18 14:23:32', '2025-11-18 14:23:32'),
	(1162, 'INV-2511043', 'Invoice', '2025-11-09', 235, 30101, 'Sales income for invoice #INV-2511043', 0.00, 4500.00, NULL, 0, 0, NULL, 2, NULL, NULL, NULL, '2025-11-18 14:24:14', '2025-11-18 14:24:14'),
	(1163, 'INV-2511043', 'Invoice', '2025-11-09', 13, 1010201, 'Cash payment for invoice #INV-2511043', 4500.00, 0.00, NULL, 0, 0, NULL, 2, NULL, NULL, NULL, '2025-11-18 14:24:14', '2025-11-18 14:24:14'),
	(1164, 'INV-2511044', 'Invoice', '2025-11-09', 235, 30101, 'Sales income for invoice #INV-2511044', 0.00, 3200.00, NULL, 0, 0, NULL, 2, NULL, NULL, NULL, '2025-11-18 14:24:58', '2025-11-18 14:24:58'),
	(1165, 'INV-2511044', 'Invoice', '2025-11-09', 13, 1010201, 'Cash payment for invoice #INV-2511044', 3200.00, 0.00, NULL, 0, 0, NULL, 2, NULL, NULL, NULL, '2025-11-18 14:24:58', '2025-11-18 14:24:58'),
	(1166, 'INV-2511045', 'Invoice', '2025-11-09', 235, 30101, 'Sales income for invoice #INV-2511045', 0.00, 6500.00, NULL, 0, 0, NULL, 2, NULL, NULL, NULL, '2025-11-18 14:26:00', '2025-11-18 14:26:00'),
	(1167, 'INV-2511045', 'Invoice', '2025-11-09', 13, 1010201, 'Cash payment for invoice #INV-2511045', 6500.00, 0.00, NULL, 0, 0, NULL, 2, NULL, NULL, NULL, '2025-11-18 14:26:00', '2025-11-18 14:26:00'),
	(1168, 'INV-2511046', 'Invoice', '2025-11-09', 235, 30101, 'Sales income for invoice #INV-2511046', 0.00, 9000.00, NULL, 0, 0, NULL, 2, NULL, NULL, NULL, '2025-11-18 14:26:45', '2025-11-18 14:26:45'),
	(1169, 'INV-2511046', 'Invoice', '2025-11-09', 13, 1010201, 'Cash payment for invoice #INV-2511046', 9000.00, 0.00, NULL, 0, 0, NULL, 2, NULL, NULL, NULL, '2025-11-18 14:26:45', '2025-11-18 14:26:45'),
	(1170, 'INV-2511047', 'Invoice', '2025-11-10', 235, 30101, 'Sales income for invoice #INV-2511047', 0.00, 27000.00, NULL, 0, 0, NULL, 2, NULL, NULL, NULL, '2025-11-18 14:27:39', '2025-11-18 14:27:39'),
	(1171, 'INV-2511047', 'Invoice', '2025-11-10', 13, 1010201, 'Cash payment for invoice #INV-2511047', 27000.00, 0.00, NULL, 0, 0, NULL, 2, NULL, NULL, NULL, '2025-11-18 14:27:39', '2025-11-18 14:27:39'),
	(1172, 'INV-2511048', 'Invoice', '2025-11-10', 235, 30101, 'Sales income for invoice #INV-2511048', 0.00, 26000.00, NULL, 0, 0, NULL, 2, NULL, NULL, NULL, '2025-11-18 14:28:16', '2025-11-18 14:28:16'),
	(1173, 'INV-2511048', 'Invoice', '2025-11-10', 13, 1010201, 'Cash payment for invoice #INV-2511048', 26000.00, 0.00, NULL, 0, 0, NULL, 2, NULL, NULL, NULL, '2025-11-18 14:28:16', '2025-11-18 14:28:16'),
	(1174, 'INV-2511049', 'Invoice', '2025-11-10', 235, 30101, 'Sales income for invoice #INV-2511049', 0.00, 11300.00, NULL, 0, 0, NULL, 2, NULL, NULL, NULL, '2025-11-18 14:28:54', '2025-11-18 14:28:54'),
	(1175, 'INV-2511049', 'Invoice', '2025-11-10', 13, 1010201, 'Cash payment for invoice #INV-2511049', 11300.00, 0.00, NULL, 0, 0, NULL, 2, NULL, NULL, NULL, '2025-11-18 14:28:54', '2025-11-18 14:28:54'),
	(1176, 'INV-2511050', 'Invoice', '2025-11-10', 235, 30101, 'Sales income for invoice #INV-2511050', 0.00, 9000.00, NULL, 0, 0, NULL, 2, NULL, NULL, NULL, '2025-11-18 14:29:34', '2025-11-18 14:29:34'),
	(1177, 'INV-2511050', 'Invoice', '2025-11-10', 13, 1010201, 'Cash payment for invoice #INV-2511050', 9000.00, 0.00, NULL, 0, 0, NULL, 2, NULL, NULL, NULL, '2025-11-18 14:29:34', '2025-11-18 14:29:34'),
	(1178, 'INV-2511051', 'Invoice', '2025-11-10', 235, 30101, 'Sales income for invoice #INV-2511051', 0.00, 4500.00, NULL, 0, 0, NULL, 2, NULL, NULL, NULL, '2025-11-18 14:30:10', '2025-11-18 14:30:10'),
	(1179, 'INV-2511051', 'Invoice', '2025-11-10', 13, 1010201, 'Cash payment for invoice #INV-2511051', 4500.00, 0.00, NULL, 0, 0, NULL, 2, NULL, NULL, NULL, '2025-11-18 14:30:10', '2025-11-18 14:30:10'),
	(1180, 'INV-2511052', 'Invoice', '2025-11-11', 235, 30101, 'Sales income for invoice #INV-2511052', 0.00, 5000.00, NULL, 0, 0, NULL, 2, NULL, NULL, NULL, '2025-11-18 14:30:47', '2025-11-18 14:30:47'),
	(1181, 'INV-2511052', 'Invoice', '2025-11-11', 13, 1010201, 'Cash payment for invoice #INV-2511052', 5000.00, 0.00, NULL, 0, 0, NULL, 2, NULL, NULL, NULL, '2025-11-18 14:30:47', '2025-11-18 14:30:47'),
	(1182, 'INV-2511053', 'Invoice', '2025-11-11', 235, 30101, 'Sales income for invoice #INV-2511053', 0.00, 7200.00, NULL, 0, 0, NULL, 2, NULL, NULL, NULL, '2025-11-18 14:31:23', '2025-11-18 14:31:23'),
	(1183, 'INV-2511053', 'Invoice', '2025-11-11', 13, 1010201, 'Cash payment for invoice #INV-2511053', 7200.00, 0.00, NULL, 0, 0, NULL, 2, NULL, NULL, NULL, '2025-11-18 14:31:23', '2025-11-18 14:31:23'),
	(1184, 'INV-2511054', 'Invoice', '2025-11-11', 235, 30101, 'Sales income for invoice #INV-2511054', 0.00, 8000.00, NULL, 0, 0, NULL, 2, NULL, NULL, NULL, '2025-11-18 14:32:00', '2025-11-18 14:32:00'),
	(1185, 'INV-2511054', 'Invoice', '2025-11-11', 13, 1010201, 'Cash payment for invoice #INV-2511054', 8000.00, 0.00, NULL, 0, 0, NULL, 2, NULL, NULL, NULL, '2025-11-18 14:32:00', '2025-11-18 14:32:00'),
	(1186, 'INV-2511055', 'Invoice', '2025-11-11', 235, 30101, 'Sales income for invoice #INV-2511055', 0.00, 9000.00, NULL, 0, 0, NULL, 2, NULL, NULL, NULL, '2025-11-18 14:32:45', '2025-11-18 14:32:45'),
	(1187, 'INV-2511055', 'Invoice', '2025-11-11', 13, 1010201, 'Cash payment for invoice #INV-2511055', 9000.00, 0.00, NULL, 0, 0, NULL, 2, NULL, NULL, NULL, '2025-11-18 14:32:45', '2025-11-18 14:32:45'),
	(1188, 'INV-2511056', 'Invoice', '2025-11-11', 235, 30101, 'Sales income for invoice #INV-2511056', 0.00, 5400.00, NULL, 0, 0, NULL, 2, NULL, NULL, NULL, '2025-11-18 14:33:20', '2025-11-18 14:33:20'),
	(1189, 'INV-2511056', 'Invoice', '2025-11-11', 13, 1010201, 'Cash payment for invoice #INV-2511056', 5400.00, 0.00, NULL, 0, 0, NULL, 2, NULL, NULL, NULL, '2025-11-18 14:33:20', '2025-11-18 14:33:20'),
	(1190, 'INV-2511057', 'Invoice', '2025-11-12', 235, 30101, 'Sales income for invoice #INV-2511057', 0.00, 10000.00, NULL, 0, 0, NULL, 2, NULL, NULL, NULL, '2025-11-18 14:38:50', '2025-11-18 14:38:50'),
	(1191, 'INV-2511057', 'Invoice', '2025-11-12', 13, 1010201, 'Cash payment for invoice #INV-2511057', 10000.00, 0.00, NULL, 0, 0, NULL, 2, NULL, NULL, NULL, '2025-11-18 14:38:50', '2025-11-18 14:38:50'),
	(1192, 'INV-2511058', 'Invoice', '2025-11-12', 235, 30101, 'Sales income for invoice #INV-2511058', 0.00, 48000.00, NULL, 0, 0, NULL, 2, NULL, NULL, NULL, '2025-11-18 14:43:38', '2025-11-18 14:43:38'),
	(1193, 'INV-2511058', 'Invoice', '2025-11-12', 13, 1010201, 'Cash payment for invoice #INV-2511058', 48000.00, 0.00, NULL, 0, 0, NULL, 2, NULL, NULL, NULL, '2025-11-18 14:43:38', '2025-11-18 14:43:38'),
	(1194, 'INV-2511059', 'Invoice', '2025-11-12', 235, 30101, 'Sales income for invoice #INV-2511059', 0.00, 1400.00, NULL, 0, 0, NULL, 2, NULL, NULL, NULL, '2025-11-18 14:45:11', '2025-11-18 14:45:11'),
	(1195, 'INV-2511059', 'Invoice', '2025-11-12', 13, 1010201, 'Cash payment for invoice #INV-2511059', 1400.00, 0.00, NULL, 0, 0, NULL, 2, NULL, NULL, NULL, '2025-11-18 14:45:11', '2025-11-18 14:45:11'),
	(1196, 'INV-2511060', 'Invoice', '2025-11-12', 235, 30101, 'Sales income for invoice #INV-2511060', 0.00, 3000.00, NULL, 0, 0, NULL, 2, NULL, NULL, NULL, '2025-11-18 14:47:51', '2025-11-18 14:47:51'),
	(1197, 'INV-2511060', 'Invoice', '2025-11-12', 13, 1010201, 'Cash payment for invoice #INV-2511060', 3000.00, 0.00, NULL, 0, 0, NULL, 2, NULL, NULL, NULL, '2025-11-18 14:47:51', '2025-11-18 14:47:51'),
	(1198, 'INV-2511061', 'Invoice', '2025-11-12', 235, 30101, 'Sales income for invoice #INV-2511061', 0.00, 5000.00, NULL, 0, 0, NULL, 2, NULL, NULL, NULL, '2025-11-18 14:49:38', '2025-11-18 14:49:38'),
	(1199, 'INV-2511061', 'Invoice', '2025-11-12', 13, 1010201, 'Cash payment for invoice #INV-2511061', 5000.00, 0.00, NULL, 0, 0, NULL, 2, NULL, NULL, NULL, '2025-11-18 14:49:38', '2025-11-18 14:49:38'),
	(1200, 'INV-2511062', 'Invoice', '2025-11-13', 235, 30101, 'Sales income for invoice #INV-2511062', 0.00, 10000.00, NULL, 0, 0, NULL, 2, NULL, NULL, NULL, '2025-11-18 14:58:36', '2025-11-18 14:58:36'),
	(1201, 'INV-2511062', 'Invoice', '2025-11-13', 13, 1010201, 'Cash payment for invoice #INV-2511062', 10000.00, 0.00, NULL, 0, 0, NULL, 2, NULL, NULL, NULL, '2025-11-18 14:58:36', '2025-11-18 14:58:36'),
	(1202, 'INV-2511063', 'Invoice', '2025-11-13', 235, 30101, 'Sales income for invoice #INV-2511063', 0.00, 9000.00, NULL, 0, 0, NULL, 2, NULL, NULL, NULL, '2025-11-18 14:59:53', '2025-11-18 14:59:53'),
	(1203, 'INV-2511063', 'Invoice', '2025-11-13', 13, 1010201, 'Cash payment for invoice #INV-2511063', 9000.00, 0.00, NULL, 0, 0, NULL, 2, NULL, NULL, NULL, '2025-11-18 14:59:53', '2025-11-18 14:59:53'),
	(1204, 'INV-2511064', 'Invoice', '2025-11-13', 235, 30101, 'Sales income for invoice #INV-2511064', 0.00, 2000.00, NULL, 0, 0, NULL, 2, NULL, NULL, NULL, '2025-11-18 15:01:25', '2025-11-18 15:01:25'),
	(1205, 'INV-2511064', 'Invoice', '2025-11-13', 13, 1010201, 'Cash payment for invoice #INV-2511064', 2000.00, 0.00, NULL, 0, 0, NULL, 2, NULL, NULL, NULL, '2025-11-18 15:01:25', '2025-11-18 15:01:25'),
	(1206, 'INV-2511065', 'Invoice', '2025-11-13', 235, 30101, 'Sales income for invoice #INV-2511065', 0.00, 2000.00, NULL, 0, 0, NULL, 2, NULL, NULL, NULL, '2025-11-18 15:03:07', '2025-11-18 15:03:07'),
	(1207, 'INV-2511065', 'Invoice', '2025-11-13', 13, 1010201, 'Cash payment for invoice #INV-2511065', 2000.00, 0.00, NULL, 0, 0, NULL, 2, NULL, NULL, NULL, '2025-11-18 15:03:07', '2025-11-18 15:03:07'),
	(1208, 'INV-2511066', 'Invoice', '2025-11-13', 235, 30101, 'Sales income for invoice #INV-2511066', 0.00, 2000.00, NULL, 0, 0, NULL, 2, NULL, NULL, NULL, '2025-11-18 15:04:19', '2025-11-18 15:04:19'),
	(1209, 'INV-2511066', 'Invoice', '2025-11-13', 13, 1010201, 'Cash payment for invoice #INV-2511066', 2000.00, 0.00, NULL, 0, 0, NULL, 2, NULL, NULL, NULL, '2025-11-18 15:04:19', '2025-11-18 15:04:19'),
	(1210, 'INV-2511067', 'Invoice', '2025-11-13', 235, 30101, 'Sales income for invoice #INV-2511067', 0.00, 5600.00, NULL, 0, 0, NULL, 2, NULL, NULL, NULL, '2025-11-18 15:05:41', '2025-11-18 15:05:41'),
	(1211, 'INV-2511067', 'Invoice', '2025-11-13', 13, 1010201, 'Cash payment for invoice #INV-2511067', 5600.00, 0.00, NULL, 0, 0, NULL, 2, NULL, NULL, NULL, '2025-11-18 15:05:41', '2025-11-18 15:05:41'),
	(1212, 'EXP-2511002', 'Expense', '2025-11-01', 13, 1010201, NULL, 0.00, 436.00, NULL, 0, 0, NULL, NULL, 1, NULL, NULL, '2025-11-19 03:14:05', '2025-11-19 03:14:05'),
	(1213, 'EXP-2511002', 'Expense', '2025-11-01', 93, 40301, NULL, 436.00, 0.00, NULL, 0, 0, NULL, NULL, 1, NULL, NULL, '2025-11-19 03:14:05', '2025-11-19 03:14:05'),
	(1226, 'INV-2511068', 'Invoice', '2025-11-01', 235, 30101, 'Sales income for invoice #INV-2511068', 0.00, 2800.00, NULL, 0, 0, NULL, 1, NULL, NULL, NULL, '2025-11-19 03:17:10', '2025-11-19 03:17:10'),
	(1227, 'INV-2511068', 'Invoice', '2025-11-01', 236, 1010101, 'Due from customer for invoice #INV-2511068', 2800.00, 0.00, NULL, 0, 0, NULL, 1, NULL, NULL, NULL, '2025-11-19 03:17:10', '2025-11-19 03:17:10'),
	(1228, 'INV-2511069', 'Invoice', '2025-11-01', 235, 30101, 'Sales income for invoice #INV-2511069', 0.00, 1800.00, NULL, 0, 0, NULL, 1, NULL, NULL, NULL, '2025-11-19 03:17:15', '2025-11-19 03:17:15'),
	(1229, 'INV-2511069', 'Invoice', '2025-11-01', 236, 1010101, 'Due from customer for invoice #INV-2511069', 1800.00, 0.00, NULL, 0, 0, NULL, 1, NULL, NULL, NULL, '2025-11-19 03:17:15', '2025-11-19 03:17:15'),
	(1230, 'INV-2511070', 'Invoice', '2025-11-01', 235, 30101, 'Sales income for invoice #INV-2511070', 0.00, 3000.00, NULL, 0, 0, NULL, 1, NULL, NULL, NULL, '2025-11-19 03:17:19', '2025-11-19 03:17:19'),
	(1231, 'INV-2511070', 'Invoice', '2025-11-01', 236, 1010101, 'Due from customer for invoice #INV-2511070', 3000.00, 0.00, NULL, 0, 0, NULL, 1, NULL, NULL, NULL, '2025-11-19 03:17:19', '2025-11-19 03:17:19'),
	(1232, 'INV-2511071', 'Invoice', '2025-11-01', 235, 30101, 'Sales income for invoice #INV-2511071', 0.00, 5000.00, NULL, 0, 0, NULL, 1, NULL, NULL, NULL, '2025-11-19 03:17:22', '2025-11-19 03:17:22'),
	(1233, 'INV-2511071', 'Invoice', '2025-11-01', 236, 1010101, 'Due from customer for invoice #INV-2511071', 5000.00, 0.00, NULL, 0, 0, NULL, 1, NULL, NULL, NULL, '2025-11-19 03:17:22', '2025-11-19 03:17:22'),
	(1234, 'INV-2511072', 'Invoice', '2025-11-01', 235, 30101, 'Sales income for invoice #INV-2511072', 0.00, 9000.00, NULL, 0, 0, NULL, 1, NULL, NULL, NULL, '2025-11-19 03:17:28', '2025-11-19 03:17:28'),
	(1235, 'INV-2511072', 'Invoice', '2025-11-01', 236, 1010101, 'Due from customer for invoice #INV-2511072', 9000.00, 0.00, NULL, 0, 0, NULL, 1, NULL, NULL, NULL, '2025-11-19 03:17:28', '2025-11-19 03:17:28'),
	(1236, 'EXP-2511003', 'Expense', '2025-11-02', 13, 1010201, NULL, 0.00, 676.00, NULL, 0, 0, NULL, NULL, 1, NULL, NULL, '2025-11-19 03:20:25', '2025-11-19 03:20:25'),
	(1237, 'EXP-2511003', 'Expense', '2025-11-02', 259, 40306, NULL, 676.00, 0.00, NULL, 0, 0, NULL, NULL, 1, NULL, NULL, '2025-11-19 03:20:25', '2025-11-19 03:20:25'),
	(1238, 'EXP-2511006', 'Expense', '2025-11-03', 13, 1010201, NULL, 0.00, 688.00, NULL, 0, 0, NULL, NULL, 1, NULL, NULL, '2025-11-19 03:23:32', '2025-11-19 03:23:32'),
	(1239, 'EXP-2511006', 'Expense', '2025-11-03', 93, 40301, NULL, 688.00, 0.00, NULL, 0, 0, NULL, NULL, 1, NULL, NULL, '2025-11-19 03:23:32', '2025-11-19 03:23:32'),
	(1240, 'EXP-2511007', 'Expense', '2025-11-04', 13, 1010201, NULL, 0.00, 788.00, NULL, 0, 0, NULL, NULL, 1, NULL, NULL, '2025-11-19 03:24:27', '2025-11-19 03:24:27'),
	(1241, 'EXP-2511007', 'Expense', '2025-11-04', 93, 40301, NULL, 788.00, 0.00, NULL, 0, 0, NULL, NULL, 1, NULL, NULL, '2025-11-19 03:24:27', '2025-11-19 03:24:27'),
	(1242, 'EXP-2511009', 'Expense', '2025-11-05', 13, 1010201, NULL, 0.00, 1100.00, NULL, 0, 0, NULL, NULL, 1, NULL, NULL, '2025-11-19 03:30:05', '2025-11-19 03:30:05'),
	(1243, 'EXP-2511009', 'Expense', '2025-11-05', 93, 40301, NULL, 1100.00, 0.00, NULL, 0, 0, NULL, NULL, 1, NULL, NULL, '2025-11-19 03:30:05', '2025-11-19 03:30:05'),
	(1244, 'EXP-2511011', 'Expense', '2025-11-06', 13, 1010201, NULL, 0.00, 868.00, NULL, 0, 0, NULL, NULL, 1, NULL, NULL, '2025-11-19 03:31:29', '2025-11-19 03:31:29'),
	(1245, 'EXP-2511011', 'Expense', '2025-11-06', 93, 40301, NULL, 868.00, 0.00, NULL, 0, 0, NULL, NULL, 1, NULL, NULL, '2025-11-19 03:31:29', '2025-11-19 03:31:29'),
	(1246, 'EXP-2511014', 'Expense', '2025-11-08', 13, 1010201, NULL, 0.00, 958.00, NULL, 0, 0, NULL, NULL, 1, NULL, NULL, '2025-11-19 03:32:40', '2025-11-19 03:32:40'),
	(1247, 'EXP-2511014', 'Expense', '2025-11-08', 93, 40301, NULL, 958.00, 0.00, NULL, 0, 0, NULL, NULL, 1, NULL, NULL, '2025-11-19 03:32:40', '2025-11-19 03:32:40'),
	(1248, 'EXP-2511016', 'Expense', '2025-11-09', 13, 1010201, NULL, 0.00, 1002.00, NULL, 0, 0, NULL, NULL, 1, NULL, NULL, '2025-11-19 03:35:41', '2025-11-19 03:35:41'),
	(1249, 'EXP-2511016', 'Expense', '2025-11-09', 93, 40301, NULL, 1002.00, 0.00, NULL, 0, 0, NULL, NULL, 1, NULL, NULL, '2025-11-19 03:35:41', '2025-11-19 03:35:41'),
	(1250, 'EXP-2511020', 'Expense', '2025-11-10', 13, 1010201, NULL, 0.00, 1080.00, NULL, 0, 0, NULL, NULL, 1, NULL, NULL, '2025-11-19 03:36:40', '2025-11-19 03:36:40'),
	(1251, 'EXP-2511020', 'Expense', '2025-11-10', 93, 40301, NULL, 1080.00, 0.00, NULL, 0, 0, NULL, NULL, 1, NULL, NULL, '2025-11-19 03:36:40', '2025-11-19 03:36:40'),
	(1252, 'EXP-2511023', 'Expense', '2025-11-11', 13, 1010201, NULL, 0.00, 774.00, NULL, 0, 0, NULL, NULL, 1, NULL, NULL, '2025-11-19 03:37:39', '2025-11-19 03:37:39'),
	(1253, 'EXP-2511023', 'Expense', '2025-11-11', 93, 40301, NULL, 774.00, 0.00, NULL, 0, 0, NULL, NULL, 1, NULL, NULL, '2025-11-19 03:37:39', '2025-11-19 03:37:39'),
	(1254, 'EXP-2511024', 'Expense', '2025-11-12', 13, 1010201, NULL, 0.00, 1000.00, NULL, 0, 0, NULL, NULL, 1, NULL, NULL, '2025-11-19 03:38:17', '2025-11-19 03:38:17'),
	(1255, 'EXP-2511024', 'Expense', '2025-11-12', 93, 40301, NULL, 1000.00, 0.00, NULL, 0, 0, NULL, NULL, 1, NULL, NULL, '2025-11-19 03:38:17', '2025-11-19 03:38:17'),
	(1256, 'EXP-2511026', 'Expense', '2025-11-13', 13, 1010201, NULL, 0.00, 808.00, NULL, 0, 0, NULL, NULL, 1, NULL, NULL, '2025-11-19 03:39:15', '2025-11-19 03:39:15'),
	(1257, 'EXP-2511026', 'Expense', '2025-11-13', 93, 40301, NULL, 808.00, 0.00, NULL, 0, 0, NULL, NULL, 1, NULL, NULL, '2025-11-19 03:39:15', '2025-11-19 03:39:15'),
	(1258, 'EXP-2511028', 'Expense', '2025-11-15', 13, 1010201, NULL, 0.00, 832.00, NULL, 0, 0, NULL, NULL, 1, NULL, NULL, '2025-11-19 03:40:01', '2025-11-19 03:40:01'),
	(1259, 'EXP-2511028', 'Expense', '2025-11-15', 93, 40301, NULL, 832.00, 0.00, NULL, 0, 0, NULL, NULL, 1, NULL, NULL, '2025-11-19 03:40:01', '2025-11-19 03:40:01'),
	(1260, 'EXP-2511030', 'Expense', '2025-11-16', 13, 1010201, NULL, 0.00, 984.00, NULL, 0, 0, NULL, NULL, 1, NULL, NULL, '2025-11-19 03:40:34', '2025-11-19 03:40:34'),
	(1261, 'EXP-2511030', 'Expense', '2025-11-16', 258, 40305, NULL, 984.00, 0.00, NULL, 0, 0, NULL, NULL, 1, NULL, NULL, '2025-11-19 03:40:34', '2025-11-19 03:40:34'),
	(1262, 'EXP-2511031', 'Expense', '2025-11-17', 13, 1010201, NULL, 0.00, 910.00, NULL, 0, 0, NULL, NULL, 1, NULL, NULL, '2025-11-19 03:41:03', '2025-11-19 03:41:03'),
	(1263, 'EXP-2511031', 'Expense', '2025-11-17', 93, 40301, NULL, 910.00, 0.00, NULL, 0, 0, NULL, NULL, 1, NULL, NULL, '2025-11-19 03:41:03', '2025-11-19 03:41:03'),
	(1264, 'EXP-2511033', 'Expense', '2025-11-19', 13, 1010201, NULL, 0.00, 520.00, NULL, 0, 0, NULL, 2, NULL, NULL, NULL, '2025-11-19 07:03:12', '2025-11-19 07:03:12'),
	(1265, 'EXP-2511033', 'Expense', '2025-11-19', 259, 40306, NULL, 520.00, 0.00, NULL, 0, 0, NULL, 2, NULL, NULL, NULL, '2025-11-19 07:03:12', '2025-11-19 07:03:12'),
	(1266, 'EXP-2511034', 'Expense', '2025-11-19', 13, 1010201, NULL, 0.00, 500.00, NULL, 0, 0, NULL, 2, NULL, NULL, NULL, '2025-11-19 07:03:33', '2025-11-19 07:03:33'),
	(1267, 'EXP-2511034', 'Expense', '2025-11-19', 258, 40305, NULL, 500.00, 0.00, NULL, 0, 0, NULL, 2, NULL, NULL, NULL, '2025-11-19 07:03:33', '2025-11-19 07:03:33'),
	(1268, 'INV-2511073', 'Invoice', '2025-11-15', 235, 30101, 'Sales income for invoice #INV-2511073', 0.00, 45500.00, NULL, 0, 0, NULL, 2, NULL, NULL, NULL, '2025-11-19 08:05:04', '2025-11-19 08:05:04'),
	(1269, 'INV-2511073', 'Invoice', '2025-11-15', 13, 1010201, 'Cash payment for invoice #INV-2511073', 45500.00, 0.00, NULL, 0, 0, NULL, 2, NULL, NULL, NULL, '2025-11-19 08:05:04', '2025-11-19 08:05:04'),
	(1270, 'INV-2511074', 'Invoice', '2025-11-15', 235, 30101, 'Sales income for invoice #INV-2511074', 0.00, 9000.00, NULL, 0, 0, NULL, 2, NULL, NULL, NULL, '2025-11-19 08:06:25', '2025-11-19 08:06:25'),
	(1271, 'INV-2511074', 'Invoice', '2025-11-15', 13, 1010201, 'Cash payment for invoice #INV-2511074', 9000.00, 0.00, NULL, 0, 0, NULL, 2, NULL, NULL, NULL, '2025-11-19 08:06:25', '2025-11-19 08:06:25'),
	(1272, 'INV-2511075', 'Invoice', '2025-11-15', 235, 30101, 'Sales income for invoice #INV-2511075', 0.00, 3000.00, NULL, 0, 0, NULL, 2, NULL, NULL, NULL, '2025-11-19 08:07:48', '2025-11-19 08:07:48'),
	(1273, 'INV-2511075', 'Invoice', '2025-11-15', 13, 1010201, 'Cash payment for invoice #INV-2511075', 3000.00, 0.00, NULL, 0, 0, NULL, 2, NULL, NULL, NULL, '2025-11-19 08:07:48', '2025-11-19 08:07:48'),
	(1274, 'INV-2511076', 'Invoice', '2025-11-15', 235, 30101, 'Sales income for invoice #INV-2511076', 0.00, 5600.00, NULL, 0, 0, NULL, 2, NULL, NULL, NULL, '2025-11-19 08:09:24', '2025-11-19 08:09:24'),
	(1275, 'INV-2511076', 'Invoice', '2025-11-15', 13, 1010201, 'Cash payment for invoice #INV-2511076', 5600.00, 0.00, NULL, 0, 0, NULL, 2, NULL, NULL, NULL, '2025-11-19 08:09:24', '2025-11-19 08:09:24'),
	(1276, 'INV-2511077', 'Invoice', '2025-11-15', 235, 30101, 'Sales income for invoice #INV-2511077', 0.00, 4000.00, NULL, 0, 0, NULL, 2, NULL, NULL, NULL, '2025-11-19 08:10:59', '2025-11-19 08:10:59'),
	(1277, 'INV-2511077', 'Invoice', '2025-11-15', 13, 1010201, 'Cash payment for invoice #INV-2511077', 4000.00, 0.00, NULL, 0, 0, NULL, 2, NULL, NULL, NULL, '2025-11-19 08:10:59', '2025-11-19 08:10:59'),
	(1278, 'INV-2511078', 'Invoice', '2025-11-16', 235, 30101, 'Sales income for invoice #INV-2511078', 0.00, 48000.00, NULL, 0, 0, NULL, 2, NULL, NULL, NULL, '2025-11-19 08:14:22', '2025-11-19 08:14:22'),
	(1279, 'INV-2511078', 'Invoice', '2025-11-16', 13, 1010201, 'Cash payment for invoice #INV-2511078', 48000.00, 0.00, NULL, 0, 0, NULL, 2, NULL, NULL, NULL, '2025-11-19 08:14:22', '2025-11-19 08:14:22'),
	(1280, 'INV-2511079', 'Invoice', '2025-11-16', 235, 30101, 'Sales income for invoice #INV-2511079', 0.00, 6500.00, NULL, 0, 0, NULL, 2, NULL, NULL, NULL, '2025-11-19 08:16:14', '2025-11-19 08:16:14'),
	(1281, 'INV-2511079', 'Invoice', '2025-11-16', 13, 1010201, 'Cash payment for invoice #INV-2511079', 6500.00, 0.00, NULL, 0, 0, NULL, 2, NULL, NULL, NULL, '2025-11-19 08:16:14', '2025-11-19 08:16:14'),
	(1282, 'INV-2511080', 'Invoice', '2025-11-16', 235, 30101, 'Sales income for invoice #INV-2511080', 0.00, 4800.00, NULL, 0, 0, NULL, 2, NULL, NULL, NULL, '2025-11-19 08:17:37', '2025-11-19 08:17:37'),
	(1283, 'INV-2511080', 'Invoice', '2025-11-16', 13, 1010201, 'Cash payment for invoice #INV-2511080', 4800.00, 0.00, NULL, 0, 0, NULL, 2, NULL, NULL, NULL, '2025-11-19 08:17:37', '2025-11-19 08:17:37'),
	(1284, 'INV-2511081', 'Invoice', '2025-11-16', 235, 30101, 'Sales income for invoice #INV-2511081', 0.00, 5000.00, NULL, 0, 0, NULL, 2, NULL, NULL, NULL, '2025-11-19 08:18:51', '2025-11-19 08:18:51'),
	(1285, 'INV-2511081', 'Invoice', '2025-11-16', 13, 1010201, 'Cash payment for invoice #INV-2511081', 5000.00, 0.00, NULL, 0, 0, NULL, 2, NULL, NULL, NULL, '2025-11-19 08:18:51', '2025-11-19 08:18:51'),
	(1286, 'INV-2511082', 'Invoice', '2025-11-16', 235, 30101, 'Sales income for invoice #INV-2511082', 0.00, 3200.00, NULL, 0, 0, NULL, 2, NULL, NULL, NULL, '2025-11-19 08:20:11', '2025-11-19 08:20:11'),
	(1287, 'INV-2511082', 'Invoice', '2025-11-16', 13, 1010201, 'Cash payment for invoice #INV-2511082', 3200.00, 0.00, NULL, 0, 0, NULL, 2, NULL, NULL, NULL, '2025-11-19 08:20:11', '2025-11-19 08:20:11'),
	(1288, 'INV-2511083', 'Invoice', '2025-11-16', 235, 30101, 'Sales income for invoice #INV-2511083', 0.00, 9000.00, NULL, 0, 0, NULL, 2, NULL, NULL, NULL, '2025-11-19 08:21:50', '2025-11-19 08:21:50'),
	(1289, 'INV-2511083', 'Invoice', '2025-11-16', 13, 1010201, 'Cash payment for invoice #INV-2511083', 9000.00, 0.00, NULL, 0, 0, NULL, 2, NULL, NULL, NULL, '2025-11-19 08:21:50', '2025-11-19 08:21:50'),
	(1290, 'INV-2511084', 'Invoice', '2025-11-17', 235, 30101, 'Sales income for invoice #INV-2511084', 0.00, 7200.00, NULL, 0, 0, NULL, 2, NULL, NULL, NULL, '2025-11-19 08:24:16', '2025-11-19 08:24:16'),
	(1291, 'INV-2511084', 'Invoice', '2025-11-17', 13, 1010201, 'Cash payment for invoice #INV-2511084', 7200.00, 0.00, NULL, 0, 0, NULL, 2, NULL, NULL, NULL, '2025-11-19 08:24:16', '2025-11-19 08:24:16'),
	(1292, 'INV-2511085', 'Invoice', '2025-11-17', 235, 30101, 'Sales income for invoice #INV-2511085', 0.00, 5000.00, NULL, 0, 0, NULL, 2, NULL, NULL, NULL, '2025-11-19 08:28:43', '2025-11-19 08:28:43'),
	(1293, 'INV-2511085', 'Invoice', '2025-11-17', 13, 1010201, 'Cash payment for invoice #INV-2511085', 5000.00, 0.00, NULL, 0, 0, NULL, 2, NULL, NULL, NULL, '2025-11-19 08:28:43', '2025-11-19 08:28:43'),
	(1294, 'INV-2511086', 'Invoice', '2025-11-17', 235, 30101, 'Sales income for invoice #INV-2511086', 0.00, 2000.00, NULL, 0, 0, NULL, 2, NULL, NULL, NULL, '2025-11-19 08:31:51', '2025-11-19 08:31:51'),
	(1295, 'INV-2511086', 'Invoice', '2025-11-17', 13, 1010201, 'Cash payment for invoice #INV-2511086', 2000.00, 0.00, NULL, 0, 0, NULL, 2, NULL, NULL, NULL, '2025-11-19 08:31:51', '2025-11-19 08:31:51'),
	(1296, 'INV-2511087', 'Invoice', '2025-11-17', 235, 30101, 'Sales income for invoice #INV-2511087', 0.00, 45500.00, NULL, 0, 0, NULL, 2, NULL, NULL, NULL, '2025-11-19 08:34:35', '2025-11-19 08:34:35'),
	(1297, 'INV-2511087', 'Invoice', '2025-11-17', 13, 1010201, 'Cash payment for invoice #INV-2511087', 45500.00, 0.00, NULL, 0, 0, NULL, 2, NULL, NULL, NULL, '2025-11-19 08:34:35', '2025-11-19 08:34:35'),
	(1298, 'INV-2511088', 'Invoice', '2025-11-17', 235, 30101, 'Sales income for invoice #INV-2511088', 0.00, 11300.00, NULL, 0, 0, NULL, 2, NULL, NULL, NULL, '2025-11-19 08:37:04', '2025-11-19 08:37:04'),
	(1299, 'INV-2511088', 'Invoice', '2025-11-17', 13, 1010201, 'Cash payment for invoice #INV-2511088', 11300.00, 0.00, NULL, 0, 0, NULL, 2, NULL, NULL, NULL, '2025-11-19 08:37:04', '2025-11-19 08:37:04'),
	(1300, 'INV-2511089', 'Invoice', '2025-11-17', 235, 30101, 'Sales income for invoice #INV-2511089', 0.00, 1800.00, NULL, 0, 0, NULL, 2, NULL, NULL, NULL, '2025-11-19 08:39:18', '2025-11-19 08:39:18'),
	(1301, 'INV-2511089', 'Invoice', '2025-11-17', 13, 1010201, 'Cash payment for invoice #INV-2511089', 1800.00, 0.00, NULL, 0, 0, NULL, 2, NULL, NULL, NULL, '2025-11-19 08:39:18', '2025-11-19 08:39:18'),
	(1302, 'INV-2511090', 'Invoice', '2025-11-18', 235, 30101, 'Sales income for invoice #INV-2511090', 0.00, 9000.00, NULL, 0, 0, NULL, 2, NULL, NULL, NULL, '2025-11-19 08:41:08', '2025-11-19 08:41:08'),
	(1303, 'INV-2511090', 'Invoice', '2025-11-18', 13, 1010201, 'Cash payment for invoice #INV-2511090', 9000.00, 0.00, NULL, 0, 0, NULL, 2, NULL, NULL, NULL, '2025-11-19 08:41:08', '2025-11-19 08:41:08'),
	(1304, 'INV-2511091', 'Invoice', '2025-11-18', 235, 30101, 'Sales income for invoice #INV-2511091', 0.00, 53000.00, NULL, 0, 0, NULL, 2, NULL, NULL, NULL, '2025-11-19 08:44:13', '2025-11-19 08:44:13'),
	(1305, 'INV-2511091', 'Invoice', '2025-11-18', 13, 1010201, 'Cash payment for invoice #INV-2511091', 53000.00, 0.00, NULL, 0, 0, NULL, 2, NULL, NULL, NULL, '2025-11-19 08:44:13', '2025-11-19 08:44:13'),
	(1306, 'INV-2511092', 'Invoice', '2025-11-18', 235, 30101, 'Sales income for invoice #INV-2511092', 0.00, 39000.00, NULL, 0, 0, NULL, 2, NULL, NULL, NULL, '2025-11-19 08:45:17', '2025-11-19 08:45:17'),
	(1307, 'INV-2511092', 'Invoice', '2025-11-18', 13, 1010201, 'Cash payment for invoice #INV-2511092', 39000.00, 0.00, NULL, 0, 0, NULL, 2, NULL, NULL, NULL, '2025-11-19 08:45:17', '2025-11-19 08:45:17'),
	(1308, 'INV-2511093', 'Invoice', '2025-11-18', 235, 30101, 'Sales income for invoice #INV-2511093', 0.00, 2000.00, NULL, 0, 0, NULL, 2, NULL, NULL, NULL, '2025-11-19 08:46:27', '2025-11-19 08:46:27'),
	(1309, 'INV-2511093', 'Invoice', '2025-11-18', 13, 1010201, 'Cash payment for invoice #INV-2511093', 2000.00, 0.00, NULL, 0, 0, NULL, 2, NULL, NULL, NULL, '2025-11-19 08:46:27', '2025-11-19 08:46:27'),
	(1310, 'INV-2511094', 'Invoice', '2025-11-18', 235, 30101, 'Sales income for invoice #INV-2511094', 0.00, 5000.00, NULL, 0, 0, NULL, 2, NULL, NULL, NULL, '2025-11-19 08:47:47', '2025-11-19 08:47:47'),
	(1311, 'INV-2511094', 'Invoice', '2025-11-18', 13, 1010201, 'Cash payment for invoice #INV-2511094', 5000.00, 0.00, NULL, 0, 0, NULL, 2, NULL, NULL, NULL, '2025-11-19 08:47:47', '2025-11-19 08:47:47'),
	(1312, 'EXP-2511035', 'Expense', '2025-11-19', 13, 1010201, NULL, 0.00, 20000.00, NULL, 0, 0, NULL, 2, NULL, NULL, NULL, '2025-11-19 09:05:29', '2025-11-19 09:05:29'),
	(1313, 'EXP-2511035', 'Expense', '2025-11-19', 95, 40303, NULL, 20000.00, 0.00, NULL, 0, 0, NULL, 2, NULL, NULL, NULL, '2025-11-19 09:05:29', '2025-11-19 09:05:29'),
	(1314, 'EXP-2511036', 'Expense', '2025-11-19', 13, 1010201, NULL, 0.00, 10000.00, NULL, 0, 0, NULL, 2, NULL, NULL, NULL, '2025-11-19 09:05:57', '2025-11-19 09:05:57'),
	(1315, 'EXP-2511036', 'Expense', '2025-11-19', 94, 40302, NULL, 10000.00, 0.00, NULL, 0, 0, NULL, 2, NULL, NULL, NULL, '2025-11-19 09:05:57', '2025-11-19 09:05:57'),
	(1316, 'INV-2511095', 'Invoice', '2025-11-19', 235, 30101, 'Sales income for invoice #INV-2511095', 0.00, 21000.00, NULL, 0, 0, NULL, 2, NULL, NULL, NULL, '2025-11-19 09:06:08', '2025-11-19 09:06:08'),
	(1317, 'INV-2511095', 'Invoice', '2025-11-19', 13, 1010201, 'Cash payment for invoice #INV-2511095', 21000.00, 0.00, NULL, 0, 0, NULL, 2, NULL, NULL, NULL, '2025-11-19 09:06:08', '2025-11-19 09:06:08'),
	(1318, 'EXP-2511037', 'Expense', '2025-11-19', 13, 1010201, 'card', 0.00, 3500.00, NULL, 0, 0, NULL, 2, NULL, NULL, NULL, '2025-11-19 09:06:33', '2025-11-19 09:06:33'),
	(1319, 'EXP-2511037', 'Expense', '2025-11-19', 257, 40304, 'card', 3500.00, 0.00, NULL, 0, 0, NULL, 2, NULL, NULL, NULL, '2025-11-19 09:06:33', '2025-11-19 09:06:33'),
	(1320, 'EXP-2511038', 'Expense', '2025-11-19', 13, 1010201, 'pwd', 0.00, 10000.00, NULL, 0, 0, NULL, 2, NULL, NULL, NULL, '2025-11-19 09:07:16', '2025-11-19 09:07:16'),
	(1321, 'EXP-2511038', 'Expense', '2025-11-19', 258, 40305, 'pwd', 10000.00, 0.00, NULL, 0, 0, NULL, 2, NULL, NULL, NULL, '2025-11-19 09:07:16', '2025-11-19 09:07:16'),
	(1322, 'INV-2511096', 'Invoice', '2025-11-19', 235, 30101, 'Sales income for invoice #INV-2511096', 0.00, 5000.00, NULL, 0, 0, NULL, 2, NULL, NULL, NULL, '2025-11-19 09:07:29', '2025-11-19 09:07:29'),
	(1323, 'INV-2511096', 'Invoice', '2025-11-19', 13, 1010201, 'Cash payment for invoice #INV-2511096', 5000.00, 0.00, NULL, 0, 0, NULL, 2, NULL, NULL, NULL, '2025-11-19 09:07:29', '2025-11-19 09:07:29'),
	(1324, 'INV-2511097', 'Invoice', '2025-11-19', 235, 30101, 'Sales income for invoice #INV-2511097', 0.00, 27000.00, NULL, 0, 0, NULL, 2, NULL, NULL, NULL, '2025-11-19 09:08:33', '2025-11-19 09:08:33'),
	(1325, 'INV-2511097', 'Invoice', '2025-11-19', 13, 1010201, 'Cash payment for invoice #INV-2511097', 27000.00, 0.00, NULL, 0, 0, NULL, 2, NULL, NULL, NULL, '2025-11-19 09:08:33', '2025-11-19 09:08:33'),
	(1326, 'EXP-2511039', 'Expense', '2025-11-19', 13, 1010201, 'in house food 2 pepoole', 0.00, 10800.00, NULL, 0, 0, NULL, 2, NULL, NULL, NULL, '2025-11-19 09:08:50', '2025-11-19 09:08:50'),
	(1327, 'EXP-2511039', 'Expense', '2025-11-19', 259, 40306, 'in house food 2 pepoole', 10800.00, 0.00, NULL, 0, 0, NULL, 2, NULL, NULL, NULL, '2025-11-19 09:08:50', '2025-11-19 09:08:50'),
	(1328, 'INV-2511098', 'Invoice', '2025-11-19', 235, 30101, 'Sales income for invoice #INV-2511098', 0.00, 3000.00, NULL, 0, 0, NULL, 2, NULL, NULL, NULL, '2025-11-19 09:09:37', '2025-11-19 09:09:37'),
	(1329, 'INV-2511098', 'Invoice', '2025-11-19', 13, 1010201, 'Cash payment for invoice #INV-2511098', 3000.00, 0.00, NULL, 0, 0, NULL, 2, NULL, NULL, NULL, '2025-11-19 09:09:37', '2025-11-19 09:09:37'),
	(1330, 'EXP-2511040', 'Expense', '2025-11-19', 13, 1010201, 'bosting', 0.00, 4000.00, NULL, 0, 0, NULL, 2, NULL, NULL, NULL, '2025-11-19 09:10:02', '2025-11-19 09:10:02'),
	(1331, 'EXP-2511040', 'Expense', '2025-11-19', 257, 40304, 'bosting', 4000.00, 0.00, NULL, 0, 0, NULL, 2, NULL, NULL, NULL, '2025-11-19 09:10:02', '2025-11-19 09:10:02'),
	(1332, 'INV-2511099', 'Invoice', '2025-11-19', 235, 30101, 'Sales income for invoice #INV-2511099', 0.00, 4500.00, NULL, 0, 0, NULL, 2, NULL, NULL, NULL, '2025-11-19 09:10:34', '2025-11-19 09:10:34'),
	(1333, 'INV-2511099', 'Invoice', '2025-11-19', 13, 1010201, 'Cash payment for invoice #INV-2511099', 4500.00, 0.00, NULL, 0, 0, NULL, 2, NULL, NULL, NULL, '2025-11-19 09:10:34', '2025-11-19 09:10:34'),
	(1334, 'EXP-2511041', 'Expense', '2025-11-18', 13, 1010201, NULL, 0.00, 750.00, NULL, 0, 0, NULL, 2, NULL, NULL, NULL, '2025-11-19 09:13:18', '2025-11-19 09:13:18'),
	(1335, 'EXP-2511041', 'Expense', '2025-11-18', 257, 40304, NULL, 750.00, 0.00, NULL, 0, 0, NULL, 2, NULL, NULL, NULL, '2025-11-19 09:13:18', '2025-11-19 09:13:18'),
	(1336, 'EXP-2511042', 'Expense', '2025-11-20', 13, 1010201, NULL, 0.00, 850.00, NULL, 0, 0, NULL, 2, NULL, NULL, NULL, '2025-11-20 09:57:48', '2025-11-20 09:57:48'),
	(1337, 'EXP-2511042', 'Expense', '2025-11-20', 259, 40306, NULL, 850.00, 0.00, NULL, 0, 0, NULL, 2, NULL, NULL, NULL, '2025-11-20 09:57:48', '2025-11-20 09:57:48'),
	(1338, 'INV-2511100', 'Invoice', '2025-11-20', 235, 30101, 'Sales income for invoice #INV-2511100', 0.00, 9000.00, NULL, 0, 0, NULL, 2, NULL, NULL, NULL, '2025-11-20 10:28:31', '2025-11-20 10:28:31'),
	(1339, 'INV-2511100', 'Invoice', '2025-11-20', 13, 1010201, 'Cash payment for invoice #INV-2511100', 9000.00, 0.00, NULL, 0, 0, NULL, 2, NULL, NULL, NULL, '2025-11-20 10:28:31', '2025-11-20 10:28:31'),
	(1340, 'INV-2511101', 'Invoice', '2025-11-20', 235, 30101, 'Sales income for invoice #INV-2511101', 0.00, 20000.00, NULL, 0, 0, NULL, 2, NULL, NULL, NULL, '2025-11-20 10:29:20', '2025-11-20 10:29:20'),
	(1341, 'INV-2511101', 'Invoice', '2025-11-20', 13, 1010201, 'Cash payment for invoice #INV-2511101', 20000.00, 0.00, NULL, 0, 0, NULL, 2, NULL, NULL, NULL, '2025-11-20 10:29:20', '2025-11-20 10:29:20'),
	(1342, 'INV-2511102', 'Invoice', '2025-11-20', 235, 30101, 'Sales income for invoice #INV-2511102', 0.00, 11300.00, NULL, 0, 0, NULL, 2, NULL, NULL, NULL, '2025-11-20 10:30:26', '2025-11-20 10:30:26'),
	(1343, 'INV-2511102', 'Invoice', '2025-11-20', 13, 1010201, 'Cash payment for invoice #INV-2511102', 11300.00, 0.00, NULL, 0, 0, NULL, 2, NULL, NULL, NULL, '2025-11-20 10:30:26', '2025-11-20 10:30:26'),
	(1344, 'INV-2511103', 'Invoice', '2025-11-20', 235, 30101, 'Sales income for invoice #INV-2511103', 0.00, 9000.00, NULL, 0, 0, NULL, 2, NULL, NULL, NULL, '2025-11-20 10:32:08', '2025-11-20 10:32:08'),
	(1345, 'INV-2511103', 'Invoice', '2025-11-20', 13, 1010201, 'Cash payment for invoice #INV-2511103', 9000.00, 0.00, NULL, 0, 0, NULL, 2, NULL, NULL, NULL, '2025-11-20 10:32:08', '2025-11-20 10:32:08'),
	(1346, 'EXP-2511043', 'Expense', '2025-11-22', 13, 1010201, NULL, 0.00, 920.00, NULL, 0, 0, NULL, 2, NULL, NULL, NULL, '2025-11-22 10:39:14', '2025-11-22 10:39:14'),
	(1347, 'EXP-2511043', 'Expense', '2025-11-22', 259, 40306, NULL, 920.00, 0.00, NULL, 0, 0, NULL, 2, NULL, NULL, NULL, '2025-11-22 10:39:14', '2025-11-22 10:39:14'),
	(1348, 'INV-2511104', 'Invoice', '2025-11-22', 235, 30101, 'Sales income for invoice #INV-2511104', 0.00, 5000.00, NULL, 0, 0, NULL, 2, NULL, NULL, NULL, '2025-11-22 10:55:48', '2025-11-22 10:55:48'),
	(1349, 'INV-2511104', 'Invoice', '2025-11-22', 13, 1010201, 'Cash payment for invoice #INV-2511104', 5000.00, 0.00, NULL, 0, 0, NULL, 2, NULL, NULL, NULL, '2025-11-22 10:55:48', '2025-11-22 10:55:48'),
	(1350, 'INV-2511105', 'Invoice', '2025-11-22', 235, 30101, 'Sales income for invoice #INV-2511105', 0.00, 27000.00, NULL, 0, 0, NULL, 2, NULL, NULL, NULL, '2025-11-22 10:57:14', '2025-11-22 10:57:14'),
	(1351, 'INV-2511105', 'Invoice', '2025-11-22', 13, 1010201, 'Cash payment for invoice #INV-2511105', 27000.00, 0.00, NULL, 0, 0, NULL, 2, NULL, NULL, NULL, '2025-11-22 10:57:14', '2025-11-22 10:57:14'),
	(1352, 'INV-2511106', 'Invoice', '2025-11-22', 235, 30101, 'Sales income for invoice #INV-2511106', 0.00, 9000.00, NULL, 0, 0, NULL, 2, NULL, NULL, NULL, '2025-11-22 10:58:31', '2025-11-22 10:58:31'),
	(1353, 'INV-2511106', 'Invoice', '2025-11-22', 13, 1010201, 'Cash payment for invoice #INV-2511106', 9000.00, 0.00, NULL, 0, 0, NULL, 2, NULL, NULL, NULL, '2025-11-22 10:58:31', '2025-11-22 10:58:31'),
	(1354, 'INV-2511107', 'Invoice', '2025-11-22', 235, 30101, 'Sales income for invoice #INV-2511107', 0.00, 1800.00, NULL, 0, 0, NULL, 2, NULL, NULL, NULL, '2025-11-22 11:00:34', '2025-11-22 11:00:34'),
	(1355, 'INV-2511107', 'Invoice', '2025-11-22', 13, 1010201, 'Cash payment for invoice #INV-2511107', 1800.00, 0.00, NULL, 0, 0, NULL, 2, NULL, NULL, NULL, '2025-11-22 11:00:34', '2025-11-22 11:00:34'),
	(1356, 'INV-2511108', 'Invoice', '2025-11-22', 235, 30101, 'Sales income for invoice #INV-2511108', 0.00, 3900.00, NULL, 0, 0, NULL, 2, NULL, NULL, NULL, '2025-11-22 11:02:02', '2025-11-22 11:02:02'),
	(1357, 'INV-2511108', 'Invoice', '2025-11-22', 13, 1010201, 'Cash payment for invoice #INV-2511108', 3900.00, 0.00, NULL, 0, 0, NULL, 2, NULL, NULL, NULL, '2025-11-22 11:02:02', '2025-11-22 11:02:02'),
	(1358, 'EXP-2511044', 'Expense', '2025-11-23', 13, 1010201, NULL, 0.00, 1080.00, NULL, 0, 0, NULL, 2, NULL, NULL, NULL, '2025-11-23 05:21:30', '2025-11-23 05:21:30'),
	(1359, 'EXP-2511044', 'Expense', '2025-11-23', 259, 40306, NULL, 1080.00, 0.00, NULL, 0, 0, NULL, 2, NULL, NULL, NULL, '2025-11-23 05:21:30', '2025-11-23 05:21:30'),
	(1360, 'INV-2511109', 'Invoice', '2025-11-23', 235, 30101, 'Sales income for invoice #INV-2511109', 0.00, 13500.00, NULL, 0, 0, NULL, 2, NULL, NULL, NULL, '2025-11-23 12:13:58', '2025-11-23 12:13:58'),
	(1361, 'INV-2511109', 'Invoice', '2025-11-23', 13, 1010201, 'Cash payment for invoice #INV-2511109', 13500.00, 0.00, NULL, 0, 0, NULL, 2, NULL, NULL, NULL, '2025-11-23 12:13:58', '2025-11-23 12:13:58'),
	(1362, 'INV-2511110', 'Invoice', '2025-11-23', 235, 30101, 'Sales income for invoice #INV-2511110', 0.00, 12500.00, NULL, 0, 0, NULL, 2, NULL, NULL, NULL, '2025-11-23 12:15:38', '2025-11-23 12:15:38'),
	(1363, 'INV-2511110', 'Invoice', '2025-11-23', 13, 1010201, 'Cash payment for invoice #INV-2511110', 12500.00, 0.00, NULL, 0, 0, NULL, 2, NULL, NULL, NULL, '2025-11-23 12:15:38', '2025-11-23 12:15:38'),
	(1364, 'INV-2511111', 'Invoice', '2025-11-23', 235, 30101, 'Sales income for invoice #INV-2511111', 0.00, 3200.00, NULL, 0, 0, NULL, 2, NULL, NULL, NULL, '2025-11-23 12:16:23', '2025-11-23 12:16:23'),
	(1365, 'INV-2511111', 'Invoice', '2025-11-23', 13, 1010201, 'Cash payment for invoice #INV-2511111', 3200.00, 0.00, NULL, 0, 0, NULL, 2, NULL, NULL, NULL, '2025-11-23 12:16:23', '2025-11-23 12:16:23'),
	(1366, 'INV-2511112', 'Invoice', '2025-11-23', 235, 30101, 'Sales income for invoice #INV-2511112', 0.00, 15000.00, NULL, 0, 0, NULL, 2, NULL, NULL, NULL, '2025-11-23 12:17:01', '2025-11-23 12:17:01'),
	(1367, 'INV-2511112', 'Invoice', '2025-11-23', 13, 1010201, 'Cash payment for invoice #INV-2511112', 15000.00, 0.00, NULL, 0, 0, NULL, 2, NULL, NULL, NULL, '2025-11-23 12:17:01', '2025-11-23 12:17:01'),
	(1370, 'EXP-2511045', 'Expense', '2025-11-24', 13, 1010201, NULL, 0.00, 960.00, NULL, 0, 0, NULL, NULL, 2, NULL, NULL, '2025-11-24 05:19:28', '2025-11-24 05:19:28'),
	(1371, 'EXP-2511045', 'Expense', '2025-11-24', 259, 40306, NULL, 960.00, 0.00, NULL, 0, 0, NULL, NULL, 2, NULL, NULL, '2025-11-24 05:19:28', '2025-11-24 05:19:28'),
	(1372, 'INV-2511113', 'Invoice', '2025-11-24', 235, 30101, 'Sales income for invoice #INV-2511113', 0.00, 9000.00, NULL, 0, 0, NULL, 2, NULL, NULL, NULL, '2025-11-24 12:43:53', '2025-11-24 12:43:53'),
	(1373, 'INV-2511113', 'Invoice', '2025-11-24', 13, 1010201, 'Cash payment for invoice #INV-2511113', 9000.00, 0.00, NULL, 0, 0, NULL, 2, NULL, NULL, NULL, '2025-11-24 12:43:53', '2025-11-24 12:43:53'),
	(1374, 'INV-2511114', 'Invoice', '2025-11-24', 235, 30101, 'Sales income for invoice #INV-2511114', 0.00, 9000.00, NULL, 0, 0, NULL, 2, NULL, NULL, NULL, '2025-11-24 12:44:10', '2025-11-24 12:44:10'),
	(1375, 'INV-2511114', 'Invoice', '2025-11-24', 13, 1010201, 'Cash payment for invoice #INV-2511114', 9000.00, 0.00, NULL, 0, 0, NULL, 2, NULL, NULL, NULL, '2025-11-24 12:44:10', '2025-11-24 12:44:10'),
	(1376, 'INV-2511115', 'Invoice', '2025-11-24', 235, 30101, 'Sales income for invoice #INV-2511115', 0.00, 19500.00, NULL, 0, 0, NULL, 2, NULL, NULL, NULL, '2025-11-24 12:44:29', '2025-11-24 12:44:29'),
	(1377, 'INV-2511115', 'Invoice', '2025-11-24', 13, 1010201, 'Cash payment for invoice #INV-2511115', 19500.00, 0.00, NULL, 0, 0, NULL, 2, NULL, NULL, NULL, '2025-11-24 12:44:29', '2025-11-24 12:44:29'),
	(1378, 'INV-2511116', 'Invoice', '2025-11-24', 235, 30101, 'Sales income for invoice #INV-2511116', 0.00, 2000.00, NULL, 0, 0, NULL, 2, NULL, NULL, NULL, '2025-11-24 12:44:49', '2025-11-24 12:44:49'),
	(1379, 'INV-2511116', 'Invoice', '2025-11-24', 13, 1010201, 'Cash payment for invoice #INV-2511116', 2000.00, 0.00, NULL, 0, 0, NULL, 2, NULL, NULL, NULL, '2025-11-24 12:44:49', '2025-11-24 12:44:49'),
	(1380, 'INV-2511117', 'Invoice', '2025-11-24', 235, 30101, 'Sales income for invoice #INV-2511117', 0.00, 3500.00, NULL, 0, 0, NULL, 2, NULL, NULL, NULL, '2025-11-24 12:45:04', '2025-11-24 12:45:04'),
	(1381, 'INV-2511117', 'Invoice', '2025-11-24', 13, 1010201, 'Cash payment for invoice #INV-2511117', 3500.00, 0.00, NULL, 0, 0, NULL, 2, NULL, NULL, NULL, '2025-11-24 12:45:04', '2025-11-24 12:45:04'),
	(1382, 'EXP-2511046', 'Expense', '2025-11-25', 13, 1010201, NULL, 0.00, 890.00, NULL, 0, 0, NULL, 2, NULL, NULL, NULL, '2025-11-25 01:42:41', '2025-11-25 01:42:41'),
	(1383, 'EXP-2511046', 'Expense', '2025-11-25', 259, 40306, NULL, 890.00, 0.00, NULL, 0, 0, NULL, 2, NULL, NULL, NULL, '2025-11-25 01:42:41', '2025-11-25 01:42:41'),
	(1386, 'EXP-2511047', 'Expense', '2025-11-25', 13, 1010201, 'office rent', 0.00, 20000.00, NULL, 0, 0, NULL, NULL, 2, NULL, NULL, '2025-11-25 09:11:48', '2025-11-25 09:11:48'),
	(1387, 'EXP-2511047', 'Expense', '2025-11-25', 95, 40303, 'office rent', 20000.00, 0.00, NULL, 0, 0, NULL, NULL, 2, NULL, NULL, '2025-11-25 09:11:48', '2025-11-25 09:11:48'),
	(1388, 'INV-2511118', 'Invoice', '2025-11-25', 235, 30101, 'Sales income for invoice #INV-2511118', 0.00, 32000.00, NULL, 0, 0, NULL, 2, NULL, NULL, NULL, '2025-11-25 12:21:19', '2025-11-25 12:21:19'),
	(1389, 'INV-2511118', 'Invoice', '2025-11-25', 13, 1010201, 'Cash payment for invoice #INV-2511118', 32000.00, 0.00, NULL, 0, 0, NULL, 2, NULL, NULL, NULL, '2025-11-25 12:21:19', '2025-11-25 12:21:19'),
	(1390, 'INV-2511119', 'Invoice', '2025-11-25', 235, 30101, 'Sales income for invoice #INV-2511119', 0.00, 5000.00, NULL, 0, 0, NULL, 2, NULL, NULL, NULL, '2025-11-25 12:21:49', '2025-11-25 12:21:49'),
	(1391, 'INV-2511119', 'Invoice', '2025-11-25', 13, 1010201, 'Cash payment for invoice #INV-2511119', 5000.00, 0.00, NULL, 0, 0, NULL, 2, NULL, NULL, NULL, '2025-11-25 12:21:49', '2025-11-25 12:21:49'),
	(1392, 'INV-2511120', 'Invoice', '2025-11-25', 235, 30101, 'Sales income for invoice #INV-2511120', 0.00, 3000.00, NULL, 0, 0, NULL, 2, NULL, NULL, NULL, '2025-11-25 12:22:19', '2025-11-25 12:22:19'),
	(1393, 'INV-2511120', 'Invoice', '2025-11-25', 13, 1010201, 'Cash payment for invoice #INV-2511120', 3000.00, 0.00, NULL, 0, 0, NULL, 2, NULL, NULL, NULL, '2025-11-25 12:22:19', '2025-11-25 12:22:19'),
	(1394, 'INV-2511121', 'Invoice', '2025-11-25', 235, 30101, 'Sales income for invoice #INV-2511121', 0.00, 5000.00, NULL, 0, 0, NULL, 2, NULL, NULL, NULL, '2025-11-25 12:22:45', '2025-11-25 12:22:45'),
	(1395, 'INV-2511121', 'Invoice', '2025-11-25', 13, 1010201, 'Cash payment for invoice #INV-2511121', 5000.00, 0.00, NULL, 0, 0, NULL, 2, NULL, NULL, NULL, '2025-11-25 12:22:45', '2025-11-25 12:22:45'),
	(1396, 'EXP-2511048', 'Expense', '2025-11-26', 13, 1010201, NULL, 0.00, 920.00, NULL, 0, 0, NULL, 2, NULL, NULL, NULL, '2025-11-26 03:16:47', '2025-11-26 03:16:47'),
	(1397, 'EXP-2511048', 'Expense', '2025-11-26', 259, 40306, NULL, 920.00, 0.00, NULL, 0, 0, NULL, 2, NULL, NULL, NULL, '2025-11-26 03:16:47', '2025-11-26 03:16:47'),
	(1398, 'INV-2511122', 'Invoice', '2025-11-26', 235, 30101, 'Sales income for invoice #INV-2511122', 0.00, 20000.00, NULL, 0, 0, NULL, 2, NULL, NULL, NULL, '2025-11-26 13:47:36', '2025-11-26 13:47:36'),
	(1399, 'INV-2511122', 'Invoice', '2025-11-26', 13, 1010201, 'Cash payment for invoice #INV-2511122', 20000.00, 0.00, NULL, 0, 0, NULL, 2, NULL, NULL, NULL, '2025-11-26 13:47:36', '2025-11-26 13:47:36'),
	(1400, 'INV-2511123', 'Invoice', '2025-11-26', 235, 30101, 'Sales income for invoice #INV-2511123', 0.00, 9000.00, NULL, 0, 0, NULL, 2, NULL, NULL, NULL, '2025-11-26 13:48:07', '2025-11-26 13:48:07'),
	(1401, 'INV-2511123', 'Invoice', '2025-11-26', 13, 1010201, 'Cash payment for invoice #INV-2511123', 9000.00, 0.00, NULL, 0, 0, NULL, 2, NULL, NULL, NULL, '2025-11-26 13:48:07', '2025-11-26 13:48:07'),
	(1402, 'INV-2511124', 'Invoice', '2025-11-26', 235, 30101, 'Sales income for invoice #INV-2511124', 0.00, 8000.00, NULL, 0, 0, NULL, 2, NULL, NULL, NULL, '2025-11-26 13:48:32', '2025-11-26 13:48:32'),
	(1403, 'INV-2511124', 'Invoice', '2025-11-26', 13, 1010201, 'Cash payment for invoice #INV-2511124', 8000.00, 0.00, NULL, 0, 0, NULL, 2, NULL, NULL, NULL, '2025-11-26 13:48:32', '2025-11-26 13:48:32'),
	(1404, 'INV-2511125', 'Invoice', '2025-11-26', 235, 30101, 'Sales income for invoice #INV-2511125', 0.00, 5500.00, NULL, 0, 0, NULL, 2, NULL, NULL, NULL, '2025-11-26 13:48:57', '2025-11-26 13:48:57'),
	(1405, 'INV-2511125', 'Invoice', '2025-11-26', 13, 1010201, 'Cash payment for invoice #INV-2511125', 5500.00, 0.00, NULL, 0, 0, NULL, 2, NULL, NULL, NULL, '2025-11-26 13:48:57', '2025-11-26 13:48:57'),
	(1406, 'EXP-2511049', 'Expense', '2025-11-27', 13, 1010201, NULL, 0.00, 870.00, NULL, 0, 0, NULL, 2, NULL, NULL, NULL, '2025-11-27 04:33:30', '2025-11-27 04:33:30'),
	(1407, 'EXP-2511049', 'Expense', '2025-11-27', 259, 40306, NULL, 870.00, 0.00, NULL, 0, 0, NULL, 2, NULL, NULL, NULL, '2025-11-27 04:33:30', '2025-11-27 04:33:30'),
	(1408, 'INV-2511126', 'Invoice', '2025-11-27', 235, 30101, 'Sales income for invoice #INV-2511126', 0.00, 27000.00, NULL, 0, 0, NULL, 2, NULL, NULL, NULL, '2025-11-27 15:00:25', '2025-11-27 15:00:25'),
	(1409, 'INV-2511126', 'Invoice', '2025-11-27', 13, 1010201, 'Cash payment for invoice #INV-2511126', 27000.00, 0.00, NULL, 0, 0, NULL, 2, NULL, NULL, NULL, '2025-11-27 15:00:25', '2025-11-27 15:00:25'),
	(1410, 'INV-2511127', 'Invoice', '2025-11-27', 235, 30101, 'Sales income for invoice #INV-2511127', 0.00, 9500.00, NULL, 0, 0, NULL, 2, NULL, NULL, NULL, '2025-11-27 15:00:54', '2025-11-27 15:00:54'),
	(1411, 'INV-2511127', 'Invoice', '2025-11-27', 13, 1010201, 'Cash payment for invoice #INV-2511127', 9500.00, 0.00, NULL, 0, 0, NULL, 2, NULL, NULL, NULL, '2025-11-27 15:00:54', '2025-11-27 15:00:54'),
	(1412, 'INV-2511128', 'Invoice', '2025-11-27', 235, 30101, 'Sales income for invoice #INV-2511128', 0.00, 3000.00, NULL, 0, 0, NULL, 2, NULL, NULL, NULL, '2025-11-27 15:01:20', '2025-11-27 15:01:20'),
	(1413, 'INV-2511128', 'Invoice', '2025-11-27', 13, 1010201, 'Cash payment for invoice #INV-2511128', 3000.00, 0.00, NULL, 0, 0, NULL, 2, NULL, NULL, NULL, '2025-11-27 15:01:20', '2025-11-27 15:01:20'),
	(1414, 'INV-2511129', 'Invoice', '2025-11-27', 235, 30101, 'Sales income for invoice #INV-2511129', 0.00, 9500.00, NULL, 0, 0, NULL, 2, NULL, NULL, NULL, '2025-11-27 15:01:46', '2025-11-27 15:01:46'),
	(1415, 'INV-2511129', 'Invoice', '2025-11-27', 13, 1010201, 'Cash payment for invoice #INV-2511129', 9500.00, 0.00, NULL, 0, 0, NULL, 2, NULL, NULL, NULL, '2025-11-27 15:01:46', '2025-11-27 15:01:46'),
	(1416, 'EXP-2511050', 'Expense', '2025-11-29', 13, 1010201, NULL, 0.00, 950.00, NULL, 0, 0, NULL, 2, NULL, NULL, NULL, '2025-11-29 04:57:25', '2025-11-29 04:57:25'),
	(1417, 'EXP-2511050', 'Expense', '2025-11-29', 259, 40306, NULL, 950.00, 0.00, NULL, 0, 0, NULL, 2, NULL, NULL, NULL, '2025-11-29 04:57:25', '2025-11-29 04:57:25'),
	(1418, 'INV-2511130', 'Invoice', '2025-11-29', 235, 30101, 'Sales income for invoice #INV-2511130', 0.00, 19500.00, NULL, 0, 0, NULL, 2, NULL, NULL, NULL, '2025-11-29 11:56:39', '2025-11-29 11:56:39'),
	(1419, 'INV-2511130', 'Invoice', '2025-11-29', 13, 1010201, 'Cash payment for invoice #INV-2511130', 19500.00, 0.00, NULL, 0, 0, NULL, 2, NULL, NULL, NULL, '2025-11-29 11:56:39', '2025-11-29 11:56:39'),
	(1420, 'INV-2511131', 'Invoice', '2025-11-29', 235, 30101, 'Sales income for invoice #INV-2511131', 0.00, 9000.00, NULL, 0, 0, NULL, 2, NULL, NULL, NULL, '2025-11-29 11:56:58', '2025-11-29 11:56:58'),
	(1421, 'INV-2511131', 'Invoice', '2025-11-29', 13, 1010201, 'Cash payment for invoice #INV-2511131', 9000.00, 0.00, NULL, 0, 0, NULL, 2, NULL, NULL, NULL, '2025-11-29 11:56:58', '2025-11-29 11:56:58'),
	(1422, 'INV-2511132', 'Invoice', '2025-11-29', 235, 30101, 'Sales income for invoice #INV-2511132', 0.00, 7000.00, NULL, 0, 0, NULL, 2, NULL, NULL, NULL, '2025-11-29 11:57:14', '2025-11-29 11:57:14'),
	(1423, 'INV-2511132', 'Invoice', '2025-11-29', 13, 1010201, 'Cash payment for invoice #INV-2511132', 7000.00, 0.00, NULL, 0, 0, NULL, 2, NULL, NULL, NULL, '2025-11-29 11:57:14', '2025-11-29 11:57:14'),
	(1424, 'INV-2511133', 'Invoice', '2025-11-29', 235, 30101, 'Sales income for invoice #INV-2511133', 0.00, 3200.00, NULL, 0, 0, NULL, 2, NULL, NULL, NULL, '2025-11-29 11:57:28', '2025-11-29 11:57:28'),
	(1425, 'INV-2511133', 'Invoice', '2025-11-29', 13, 1010201, 'Cash payment for invoice #INV-2511133', 3200.00, 0.00, NULL, 0, 0, NULL, 2, NULL, NULL, NULL, '2025-11-29 11:57:28', '2025-11-29 11:57:28'),
	(1426, 'INV-2511134', 'Invoice', '2025-11-29', 235, 30101, 'Sales income for invoice #INV-2511134', 0.00, 1800.00, NULL, 0, 0, NULL, 2, NULL, NULL, NULL, '2025-11-29 11:57:45', '2025-11-29 11:57:45'),
	(1427, 'INV-2511134', 'Invoice', '2025-11-29', 13, 1010201, 'Cash payment for invoice #INV-2511134', 1800.00, 0.00, NULL, 0, 0, NULL, 2, NULL, NULL, NULL, '2025-11-29 11:57:45', '2025-11-29 11:57:45'),
	(1428, 'EXP-2511051', 'Expense', '2025-11-30', 13, 1010201, NULL, 0.00, 970.00, NULL, 0, 0, NULL, 2, NULL, NULL, NULL, '2025-11-30 05:29:32', '2025-11-30 05:29:32'),
	(1429, 'EXP-2511051', 'Expense', '2025-11-30', 259, 40306, NULL, 970.00, 0.00, NULL, 0, 0, NULL, 2, NULL, NULL, NULL, '2025-11-30 05:29:33', '2025-11-30 05:29:33'),
	(1430, 'INV-2511135', 'Invoice', '2025-11-30', 235, 30101, 'Sales income for invoice #INV-2511135', 0.00, 5500.00, NULL, 0, 0, NULL, 2, NULL, NULL, NULL, '2025-11-30 11:44:19', '2025-11-30 11:44:19'),
	(1431, 'INV-2511135', 'Invoice', '2025-11-30', 13, 1010201, 'Cash payment for invoice #INV-2511135', 5500.00, 0.00, NULL, 0, 0, NULL, 2, NULL, NULL, NULL, '2025-11-30 11:44:19', '2025-11-30 11:44:19'),
	(1432, 'INV-2511136', 'Invoice', '2025-11-30', 235, 30101, 'Sales income for invoice #INV-2511136', 0.00, 13500.00, NULL, 0, 0, NULL, 2, NULL, NULL, NULL, '2025-11-30 11:44:56', '2025-11-30 11:44:56'),
	(1433, 'INV-2511136', 'Invoice', '2025-11-30', 13, 1010201, 'Cash payment for invoice #INV-2511136', 13500.00, 0.00, NULL, 0, 0, NULL, 2, NULL, NULL, NULL, '2025-11-30 11:44:56', '2025-11-30 11:44:56'),
	(1434, 'INV-2511137', 'Invoice', '2025-11-30', 235, 30101, 'Sales income for invoice #INV-2511137', 0.00, 9500.00, NULL, 0, 0, NULL, 2, NULL, NULL, NULL, '2025-11-30 11:45:23', '2025-11-30 11:45:23'),
	(1435, 'INV-2511137', 'Invoice', '2025-11-30', 13, 1010201, 'Cash payment for invoice #INV-2511137', 9500.00, 0.00, NULL, 0, 0, NULL, 2, NULL, NULL, NULL, '2025-11-30 11:45:23', '2025-11-30 11:45:23'),
	(1436, 'INV-2511138', 'Invoice', '2025-11-30', 235, 30101, 'Sales income for invoice #INV-2511138', 0.00, 20000.00, NULL, 0, 0, NULL, 2, NULL, NULL, NULL, '2025-11-30 11:45:56', '2025-11-30 11:45:56'),
	(1437, 'INV-2511138', 'Invoice', '2025-11-30', 13, 1010201, 'Cash payment for invoice #INV-2511138', 20000.00, 0.00, NULL, 0, 0, NULL, 2, NULL, NULL, NULL, '2025-11-30 11:45:56', '2025-11-30 11:45:56'),
	(1438, 'EXP-2512001', 'Expense', '2025-12-01', 13, 1010201, NULL, 0.00, 880.00, NULL, 0, 0, NULL, 2, NULL, NULL, NULL, '2025-12-01 11:50:25', '2025-12-01 11:50:25'),
	(1439, 'EXP-2512001', 'Expense', '2025-12-01', 259, 40306, NULL, 880.00, 0.00, NULL, 0, 0, NULL, 2, NULL, NULL, NULL, '2025-12-01 11:50:25', '2025-12-01 11:50:25'),
	(1440, 'INV-2512001', 'Invoice', '2025-12-01', 235, 30101, 'Sales income for invoice #INV-2512001', 0.00, 16300.00, NULL, 0, 0, NULL, 2, NULL, NULL, NULL, '2025-12-01 12:26:54', '2025-12-01 12:26:54'),
	(1441, 'INV-2512001', 'Invoice', '2025-12-01', 13, 1010201, 'Cash payment for invoice #INV-2512001', 16300.00, 0.00, NULL, 0, 0, NULL, 2, NULL, NULL, NULL, '2025-12-01 12:26:54', '2025-12-01 12:26:54'),
	(1442, 'INV-2512002', 'Invoice', '2025-12-01', 235, 30101, 'Sales income for invoice #INV-2512002', 0.00, 3000.00, NULL, 0, 0, NULL, 2, NULL, NULL, NULL, '2025-12-01 12:27:56', '2025-12-01 12:27:56'),
	(1443, 'INV-2512002', 'Invoice', '2025-12-01', 13, 1010201, 'Cash payment for invoice #INV-2512002', 3000.00, 0.00, NULL, 0, 0, NULL, 2, NULL, NULL, NULL, '2025-12-01 12:27:56', '2025-12-01 12:27:56'),
	(1444, 'INV-2512003', 'Invoice', '2025-12-01', 235, 30101, 'Sales income for invoice #INV-2512003', 0.00, 35000.00, NULL, 0, 0, NULL, 2, NULL, NULL, NULL, '2025-12-01 12:31:11', '2025-12-01 12:31:11'),
	(1445, 'INV-2512003', 'Invoice', '2025-12-01', 13, 1010201, 'Cash payment for invoice #INV-2512003', 35000.00, 0.00, NULL, 0, 0, NULL, 2, NULL, NULL, NULL, '2025-12-01 12:31:11', '2025-12-01 12:31:11'),
	(1446, 'EXP-2512002', 'Expense', '2025-12-02', 13, 1010201, NULL, 0.00, 1050.00, NULL, 0, 0, NULL, 2, NULL, NULL, NULL, '2025-12-02 12:03:07', '2025-12-02 12:03:07'),
	(1447, 'EXP-2512002', 'Expense', '2025-12-02', 259, 40306, NULL, 1050.00, 0.00, NULL, 0, 0, NULL, 2, NULL, NULL, NULL, '2025-12-02 12:03:07', '2025-12-02 12:03:07'),
	(1448, 'INV-2512004', 'Invoice', '2025-12-02', 235, 30101, 'Sales income for invoice #INV-2512004', 0.00, 21000.00, NULL, 0, 0, NULL, 2, NULL, NULL, NULL, '2025-12-02 12:17:35', '2025-12-02 12:17:35'),
	(1449, 'INV-2512004', 'Invoice', '2025-12-02', 13, 1010201, 'Cash payment for invoice #INV-2512004', 21000.00, 0.00, NULL, 0, 0, NULL, 2, NULL, NULL, NULL, '2025-12-02 12:17:35', '2025-12-02 12:17:35'),
	(1450, 'INV-2512005', 'Invoice', '2025-12-02', 235, 30101, 'Sales income for invoice #INV-2512005', 0.00, 11200.00, NULL, 0, 0, NULL, 2, NULL, NULL, NULL, '2025-12-02 12:19:46', '2025-12-02 12:19:46'),
	(1451, 'INV-2512005', 'Invoice', '2025-12-02', 13, 1010201, 'Cash payment for invoice #INV-2512005', 11200.00, 0.00, NULL, 0, 0, NULL, 2, NULL, NULL, NULL, '2025-12-02 12:19:46', '2025-12-02 12:19:46'),
	(1452, 'INV-2512006', 'Invoice', '2025-12-02', 235, 30101, 'Sales income for invoice #INV-2512006', 0.00, 4200.00, NULL, 0, 0, NULL, 2, NULL, NULL, NULL, '2025-12-02 12:20:47', '2025-12-02 12:20:47'),
	(1453, 'INV-2512006', 'Invoice', '2025-12-02', 13, 1010201, 'Cash payment for invoice #INV-2512006', 4200.00, 0.00, NULL, 0, 0, NULL, 2, NULL, NULL, NULL, '2025-12-02 12:20:47', '2025-12-02 12:20:47'),
	(1454, 'INV-2512007', 'Invoice', '2025-12-02', 235, 30101, 'Sales income for invoice #INV-2512007', 0.00, 3200.00, NULL, 0, 0, NULL, 2, NULL, NULL, NULL, '2025-12-02 12:22:02', '2025-12-02 12:22:02'),
	(1455, 'INV-2512007', 'Invoice', '2025-12-02', 13, 1010201, 'Cash payment for invoice #INV-2512007', 3200.00, 0.00, NULL, 0, 0, NULL, 2, NULL, NULL, NULL, '2025-12-02 12:22:02', '2025-12-02 12:22:02'),
	(1456, 'INV-2512008', 'Invoice', '2025-12-02', 235, 30101, 'Sales income for invoice #INV-2512008', 0.00, 3000.00, NULL, 0, 0, NULL, 2, NULL, NULL, NULL, '2025-12-02 12:23:13', '2025-12-02 12:23:13'),
	(1457, 'INV-2512008', 'Invoice', '2025-12-02', 13, 1010201, 'Cash payment for invoice #INV-2512008', 3000.00, 0.00, NULL, 0, 0, NULL, 2, NULL, NULL, NULL, '2025-12-02 12:23:13', '2025-12-02 12:23:13'),
	(1458, 'EXP-2512003', 'Expense', '2025-12-03', 13, 1010201, NULL, 0.00, 980.00, NULL, 0, 0, NULL, 2, NULL, NULL, NULL, '2025-12-03 14:09:56', '2025-12-03 14:09:56'),
	(1459, 'EXP-2512003', 'Expense', '2025-12-03', 259, 40306, NULL, 980.00, 0.00, NULL, 0, 0, NULL, 2, NULL, NULL, NULL, '2025-12-03 14:09:56', '2025-12-03 14:09:56'),
	(1460, 'INV-2512009', 'Invoice', '2025-12-03', 235, 30101, 'Sales income for invoice #INV-2512009', 0.00, 27000.00, NULL, 0, 0, NULL, 2, NULL, NULL, NULL, '2025-12-03 14:20:17', '2025-12-03 14:20:17'),
	(1461, 'INV-2512009', 'Invoice', '2025-12-03', 13, 1010201, 'Cash payment for invoice #INV-2512009', 27000.00, 0.00, NULL, 0, 0, NULL, 2, NULL, NULL, NULL, '2025-12-03 14:20:17', '2025-12-03 14:20:17'),
	(1462, 'INV-2512010', 'Invoice', '2025-12-03', 235, 30101, 'Sales income for invoice #INV-2512010', 0.00, 6500.00, NULL, 0, 0, NULL, 2, NULL, NULL, NULL, '2025-12-03 14:21:44', '2025-12-03 14:21:44'),
	(1463, 'INV-2512010', 'Invoice', '2025-12-03', 13, 1010201, 'Cash payment for invoice #INV-2512010', 6500.00, 0.00, NULL, 0, 0, NULL, 2, NULL, NULL, NULL, '2025-12-03 14:21:44', '2025-12-03 14:21:44'),
	(1464, 'INV-2512011', 'Invoice', '2025-12-03', 235, 30101, 'Sales income for invoice #INV-2512011', 0.00, 9000.00, NULL, 0, 0, NULL, 2, NULL, NULL, NULL, '2025-12-03 14:22:53', '2025-12-03 14:22:53'),
	(1465, 'INV-2512011', 'Invoice', '2025-12-03', 13, 1010201, 'Cash payment for invoice #INV-2512011', 9000.00, 0.00, NULL, 0, 0, NULL, 2, NULL, NULL, NULL, '2025-12-03 14:22:53', '2025-12-03 14:22:53'),
	(1466, 'INV-2512012', 'Invoice', '2025-12-03', 235, 30101, 'Sales income for invoice #INV-2512012', 0.00, 5000.00, NULL, 0, 0, NULL, 2, NULL, NULL, NULL, '2025-12-03 14:23:56', '2025-12-03 14:23:56'),
	(1467, 'INV-2512012', 'Invoice', '2025-12-03', 13, 1010201, 'Cash payment for invoice #INV-2512012', 5000.00, 0.00, NULL, 0, 0, NULL, 2, NULL, NULL, NULL, '2025-12-03 14:23:56', '2025-12-03 14:23:56'),
	(1468, 'EXP-2512004', 'Expense', '2025-12-04', 13, 1010201, 'electricity bill', 0.00, 4000.00, NULL, 0, 0, NULL, 2, NULL, NULL, NULL, '2025-12-04 00:42:38', '2025-12-04 00:42:38'),
	(1469, 'EXP-2512004', 'Expense', '2025-12-04', 94, 40302, 'electricity bill', 4000.00, 0.00, NULL, 0, 0, NULL, 2, NULL, NULL, NULL, '2025-12-04 00:42:38', '2025-12-04 00:42:38'),
	(1470, 'EXP-2512005', 'Expense', '2025-12-04', 13, 1010201, 'Rent', 0.00, 20000.00, NULL, 0, 0, NULL, 2, NULL, NULL, NULL, '2025-12-04 00:43:45', '2025-12-04 00:43:45'),
	(1471, 'EXP-2512005', 'Expense', '2025-12-04', 95, 40303, 'Rent', 20000.00, 0.00, NULL, 0, 0, NULL, 2, NULL, NULL, NULL, '2025-12-04 00:43:45', '2025-12-04 00:43:45'),
	(1472, 'EXP-2512006', 'Expense', '2025-12-04', 13, 1010201, NULL, 0.00, 1070.00, NULL, 0, 0, NULL, 2, NULL, NULL, NULL, '2025-12-04 05:53:17', '2025-12-04 05:53:17'),
	(1473, 'EXP-2512006', 'Expense', '2025-12-04', 259, 40306, NULL, 1070.00, 0.00, NULL, 0, 0, NULL, 2, NULL, NULL, NULL, '2025-12-04 05:53:17', '2025-12-04 05:53:17'),
	(1474, 'INV-2512013', 'Invoice', '2025-12-04', 235, 30101, 'Sales income for invoice #INV-2512013', 0.00, 3000.00, NULL, 0, 0, NULL, 2, NULL, NULL, NULL, '2025-12-04 06:14:22', '2025-12-04 06:14:22'),
	(1475, 'INV-2512013', 'Invoice', '2025-12-04', 13, 1010201, 'Cash payment for invoice #INV-2512013', 3000.00, 0.00, NULL, 0, 0, NULL, 2, NULL, NULL, NULL, '2025-12-04 06:14:22', '2025-12-04 06:14:22'),
	(1476, 'INV-2512014', 'Invoice', '2025-12-04', 235, 30101, 'Sales income for invoice #INV-2512014', 0.00, 6500.00, NULL, 0, 0, NULL, 2, NULL, NULL, NULL, '2025-12-04 06:15:46', '2025-12-04 06:15:46'),
	(1477, 'INV-2512014', 'Invoice', '2025-12-04', 13, 1010201, 'Cash payment for invoice #INV-2512014', 6500.00, 0.00, NULL, 0, 0, NULL, 2, NULL, NULL, NULL, '2025-12-04 06:15:46', '2025-12-04 06:15:46'),
	(1478, 'INV-2512015', 'Invoice', '2025-12-04', 235, 30101, 'Sales income for invoice #INV-2512015', 0.00, 2000.00, NULL, 0, 0, NULL, 2, NULL, NULL, NULL, '2025-12-04 06:17:45', '2025-12-04 06:17:45'),
	(1479, 'INV-2512015', 'Invoice', '2025-12-04', 13, 1010201, 'Cash payment for invoice #INV-2512015', 2000.00, 0.00, NULL, 0, 0, NULL, 2, NULL, NULL, NULL, '2025-12-04 06:17:45', '2025-12-04 06:17:45'),
	(1480, 'INV-2512016', 'Invoice', '2025-12-04', 235, 30101, 'Sales income for invoice #INV-2512016', 0.00, 3600.00, NULL, 0, 0, NULL, 2, NULL, NULL, NULL, '2025-12-04 12:33:08', '2025-12-04 12:33:08'),
	(1481, 'INV-2512016', 'Invoice', '2025-12-04', 13, 1010201, 'Cash payment for invoice #INV-2512016', 3600.00, 0.00, NULL, 0, 0, NULL, 2, NULL, NULL, NULL, '2025-12-04 12:33:08', '2025-12-04 12:33:08'),
	(1482, 'INV-2512017', 'Invoice', '2025-12-04', 235, 30101, 'Sales income for invoice #INV-2512017', 0.00, 28500.00, NULL, 0, 0, NULL, 2, NULL, NULL, NULL, '2025-12-04 12:33:44', '2025-12-04 12:33:44'),
	(1483, 'INV-2512017', 'Invoice', '2025-12-04', 13, 1010201, 'Cash payment for invoice #INV-2512017', 28500.00, 0.00, NULL, 0, 0, NULL, 2, NULL, NULL, NULL, '2025-12-04 12:33:44', '2025-12-04 12:33:44'),
	(1484, 'INV-2512018', 'Invoice', '2025-12-06', 235, 30101, 'Sales income for invoice #INV-2512018', 0.00, 27000.00, NULL, 0, 0, NULL, 2, NULL, NULL, NULL, '2025-12-14 23:57:12', '2025-12-14 23:57:12'),
	(1485, 'INV-2512018', 'Invoice', '2025-12-06', 13, 1010201, 'Cash payment for invoice #INV-2512018', 27000.00, 0.00, NULL, 0, 0, NULL, 2, NULL, NULL, NULL, '2025-12-14 23:57:12', '2025-12-14 23:57:12'),
	(1486, 'INV-2512019', 'Invoice', '2025-12-06', 235, 30101, 'Sales income for invoice #INV-2512019', 0.00, 11300.00, NULL, 0, 0, NULL, 2, NULL, NULL, NULL, '2025-12-14 23:58:33', '2025-12-14 23:58:33'),
	(1487, 'INV-2512019', 'Invoice', '2025-12-06', 13, 1010201, 'Cash payment for invoice #INV-2512019', 11300.00, 0.00, NULL, 0, 0, NULL, 2, NULL, NULL, NULL, '2025-12-14 23:58:33', '2025-12-14 23:58:33'),
	(1488, 'INV-2512020', 'Invoice', '2025-12-06', 235, 30101, 'Sales income for invoice #INV-2512020', 0.00, 3500.00, NULL, 0, 0, NULL, 2, NULL, NULL, NULL, '2025-12-15 00:00:40', '2025-12-15 00:00:40'),
	(1489, 'INV-2512020', 'Invoice', '2025-12-06', 13, 1010201, 'Cash payment for invoice #INV-2512020', 3500.00, 0.00, NULL, 0, 0, NULL, 2, NULL, NULL, NULL, '2025-12-15 00:00:40', '2025-12-15 00:00:40'),
	(1490, 'INV-2512021', 'Invoice', '2025-12-06', 235, 30101, 'Sales income for invoice #INV-2512021', 0.00, 9000.00, NULL, 0, 0, NULL, 2, NULL, NULL, NULL, '2025-12-15 00:02:03', '2025-12-15 00:02:03'),
	(1491, 'INV-2512021', 'Invoice', '2025-12-06', 13, 1010201, 'Cash payment for invoice #INV-2512021', 9000.00, 0.00, NULL, 0, 0, NULL, 2, NULL, NULL, NULL, '2025-12-15 00:02:03', '2025-12-15 00:02:03'),
	(1492, 'INV-2512022', 'Invoice', '2025-12-06', 235, 30101, 'Sales income for invoice #INV-2512022', 0.00, 4800.00, NULL, 0, 0, NULL, 2, NULL, NULL, NULL, '2025-12-15 00:03:42', '2025-12-15 00:03:42'),
	(1493, 'INV-2512022', 'Invoice', '2025-12-06', 236, 1010101, 'Due from customer for invoice #INV-2512022', 4800.00, 0.00, NULL, 0, 0, NULL, 2, NULL, NULL, NULL, '2025-12-15 00:03:42', '2025-12-15 00:03:42'),
	(1494, 'INV-2512022', 'Invoice', '2025-12-06', 13, 1010201, 'Payment received via Cash for invoice #INV-2512022', 4800.00, 0.00, NULL, 0, 0, NULL, 2, NULL, NULL, NULL, '2025-12-15 00:04:51', '2025-12-15 00:04:51'),
	(1495, 'INV-2512022', 'Invoice', '2025-12-06', 236, 1010101, 'Reduce Accounts Receivable for invoice #INV-2512022', 0.00, 4800.00, NULL, 0, 0, NULL, 2, NULL, NULL, NULL, '2025-12-15 00:04:51', '2025-12-15 00:04:51'),
	(1496, 'INV-2512023', 'Invoice', '2025-12-06', 235, 30101, 'Sales income for invoice #INV-2512023', 0.00, 9000.00, NULL, 0, 0, NULL, 2, NULL, NULL, NULL, '2025-12-15 00:06:32', '2025-12-15 00:06:32'),
	(1497, 'INV-2512023', 'Invoice', '2025-12-06', 13, 1010201, 'Cash payment for invoice #INV-2512023', 9000.00, 0.00, NULL, 0, 0, NULL, 2, NULL, NULL, NULL, '2025-12-15 00:06:32', '2025-12-15 00:06:32'),
	(1498, 'INV-2512024', 'Invoice', '2025-12-07', 235, 30101, 'Sales income for invoice #INV-2512024', 0.00, 45500.00, NULL, 0, 0, NULL, 2, NULL, NULL, NULL, '2025-12-15 00:09:01', '2025-12-15 00:09:01'),
	(1499, 'INV-2512024', 'Invoice', '2025-12-07', 13, 1010201, 'Cash payment for invoice #INV-2512024', 45500.00, 0.00, NULL, 0, 0, NULL, 2, NULL, NULL, NULL, '2025-12-15 00:09:01', '2025-12-15 00:09:01'),
	(1500, 'INV-2512025', 'Invoice', '2025-12-07', 235, 30101, 'Sales income for invoice #INV-2512025', 0.00, 7200.00, NULL, 0, 0, NULL, 2, NULL, NULL, NULL, '2025-12-15 00:10:12', '2025-12-15 00:10:12'),
	(1501, 'INV-2512025', 'Invoice', '2025-12-07', 13, 1010201, 'Cash payment for invoice #INV-2512025', 7200.00, 0.00, NULL, 0, 0, NULL, 2, NULL, NULL, NULL, '2025-12-15 00:10:12', '2025-12-15 00:10:12'),
	(1502, 'INV-2512026', 'Invoice', '2025-12-07', 235, 30101, 'Sales income for invoice #INV-2512026', 0.00, 3600.00, NULL, 0, 0, NULL, 2, NULL, NULL, NULL, '2025-12-15 00:11:28', '2025-12-15 00:11:28'),
	(1503, 'INV-2512026', 'Invoice', '2025-12-07', 13, 1010201, 'Cash payment for invoice #INV-2512026', 3600.00, 0.00, NULL, 0, 0, NULL, 2, NULL, NULL, NULL, '2025-12-15 00:11:28', '2025-12-15 00:11:28'),
	(1504, 'INV-2512027', 'Invoice', '2025-12-07', 235, 30101, 'Sales income for invoice #INV-2512027', 0.00, 5000.00, NULL, 0, 0, NULL, 2, NULL, NULL, NULL, '2025-12-15 00:15:53', '2025-12-15 00:15:53'),
	(1505, 'INV-2512027', 'Invoice', '2025-12-07', 13, 1010201, 'Cash payment for invoice #INV-2512027', 5000.00, 0.00, NULL, 0, 0, NULL, 2, NULL, NULL, NULL, '2025-12-15 00:15:53', '2025-12-15 00:15:53'),
	(1506, 'INV-2512028', 'Invoice', '2025-12-07', 235, 30101, 'Sales income for invoice #INV-2512028', 0.00, 3200.00, NULL, 0, 0, NULL, 2, NULL, NULL, NULL, '2025-12-15 00:17:45', '2025-12-15 00:17:45'),
	(1507, 'INV-2512028', 'Invoice', '2025-12-07', 13, 1010201, 'Cash payment for invoice #INV-2512028', 3200.00, 0.00, NULL, 0, 0, NULL, 2, NULL, NULL, NULL, '2025-12-15 00:17:45', '2025-12-15 00:17:45'),
	(1508, 'INV-2512029', 'Invoice', '2025-12-08', 235, 30101, 'Sales income for invoice #INV-2512029', 0.00, 45500.00, NULL, 0, 0, NULL, 2, NULL, NULL, NULL, '2025-12-15 00:19:34', '2025-12-15 00:19:34'),
	(1509, 'INV-2512029', 'Invoice', '2025-12-08', 13, 1010201, 'Cash payment for invoice #INV-2512029', 45500.00, 0.00, NULL, 0, 0, NULL, 2, NULL, NULL, NULL, '2025-12-15 00:19:34', '2025-12-15 00:19:34'),
	(1510, 'INV-2512030', 'Invoice', '2025-12-08', 235, 30101, 'Sales income for invoice #INV-2512030', 0.00, 5000.00, NULL, 0, 0, NULL, 2, NULL, NULL, NULL, '2025-12-15 00:20:42', '2025-12-15 00:20:42'),
	(1511, 'INV-2512030', 'Invoice', '2025-12-08', 13, 1010201, 'Cash payment for invoice #INV-2512030', 5000.00, 0.00, NULL, 0, 0, NULL, 2, NULL, NULL, NULL, '2025-12-15 00:20:42', '2025-12-15 00:20:42'),
	(1512, 'INV-2512031', 'Invoice', '2025-12-08', 235, 30101, 'Sales income for invoice #INV-2512031', 0.00, 5000.00, NULL, 0, 0, NULL, 2, NULL, NULL, NULL, '2025-12-15 00:23:09', '2025-12-15 00:23:09'),
	(1513, 'INV-2512031', 'Invoice', '2025-12-08', 13, 1010201, 'Cash payment for invoice #INV-2512031', 5000.00, 0.00, NULL, 0, 0, NULL, 2, NULL, NULL, NULL, '2025-12-15 00:23:09', '2025-12-15 00:23:09'),
	(1514, 'INV-2512032', 'Invoice', '2025-12-08', 235, 30101, 'Sales income for invoice #INV-2512032', 0.00, 3200.00, NULL, 0, 0, NULL, 2, NULL, NULL, NULL, '2025-12-15 00:24:26', '2025-12-15 00:24:26'),
	(1515, 'INV-2512032', 'Invoice', '2025-12-08', 13, 1010201, 'Cash payment for invoice #INV-2512032', 3200.00, 0.00, NULL, 0, 0, NULL, 2, NULL, NULL, NULL, '2025-12-15 00:24:26', '2025-12-15 00:24:26'),
	(1516, 'INV-2512033', 'Invoice', '2025-12-08', 235, 30101, 'Sales income for invoice #INV-2512033', 0.00, 6500.00, NULL, 0, 0, NULL, 2, NULL, NULL, NULL, '2025-12-15 00:26:06', '2025-12-15 00:26:06'),
	(1517, 'INV-2512033', 'Invoice', '2025-12-08', 13, 1010201, 'Cash payment for invoice #INV-2512033', 6500.00, 0.00, NULL, 0, 0, NULL, 2, NULL, NULL, NULL, '2025-12-15 00:26:06', '2025-12-15 00:26:06'),
	(1518, 'INV-2512034', 'Invoice', '2025-12-08', 235, 30101, 'Sales income for invoice #INV-2512034', 0.00, 9000.00, NULL, 0, 0, NULL, 2, NULL, NULL, NULL, '2025-12-15 00:27:52', '2025-12-15 00:27:52'),
	(1519, 'INV-2512034', 'Invoice', '2025-12-08', 13, 1010201, 'Cash payment for invoice #INV-2512034', 9000.00, 0.00, NULL, 0, 0, NULL, 2, NULL, NULL, NULL, '2025-12-15 00:27:52', '2025-12-15 00:27:52'),
	(1520, 'INV-2512035', 'Invoice', '2025-12-09', 235, 30101, 'Sales income for invoice #INV-2512035', 0.00, 27000.00, NULL, 0, 0, NULL, 2, NULL, NULL, NULL, '2025-12-15 00:29:30', '2025-12-15 00:29:30'),
	(1521, 'INV-2512035', 'Invoice', '2025-12-09', 13, 1010201, 'Cash payment for invoice #INV-2512035', 27000.00, 0.00, NULL, 0, 0, NULL, 2, NULL, NULL, NULL, '2025-12-15 00:29:30', '2025-12-15 00:29:30'),
	(1522, 'INV-2512036', 'Invoice', '2025-12-09', 235, 30101, 'Sales income for invoice #INV-2512036', 0.00, 26000.00, NULL, 0, 0, NULL, 2, NULL, NULL, NULL, '2025-12-15 00:30:54', '2025-12-15 00:30:54'),
	(1523, 'INV-2512036', 'Invoice', '2025-12-09', 13, 1010201, 'Cash payment for invoice #INV-2512036', 26000.00, 0.00, NULL, 0, 0, NULL, 2, NULL, NULL, NULL, '2025-12-15 00:30:54', '2025-12-15 00:30:54'),
	(1524, 'INV-2512037', 'Invoice', '2025-12-09', 235, 30101, 'Sales income for invoice #INV-2512037', 0.00, 11300.00, NULL, 0, 0, NULL, 2, NULL, NULL, NULL, '2025-12-15 00:32:02', '2025-12-15 00:32:02'),
	(1525, 'INV-2512037', 'Invoice', '2025-12-09', 13, 1010201, 'Cash payment for invoice #INV-2512037', 11300.00, 0.00, NULL, 0, 0, NULL, 2, NULL, NULL, NULL, '2025-12-15 00:32:02', '2025-12-15 00:32:02'),
	(1526, 'INV-2512038', 'Invoice', '2025-12-09', 235, 30101, 'Sales income for invoice #INV-2512038', 0.00, 9000.00, NULL, 0, 0, NULL, 2, NULL, NULL, NULL, '2025-12-15 00:33:20', '2025-12-15 00:33:20'),
	(1527, 'INV-2512038', 'Invoice', '2025-12-09', 13, 1010201, 'Cash payment for invoice #INV-2512038', 9000.00, 0.00, NULL, 0, 0, NULL, 2, NULL, NULL, NULL, '2025-12-15 00:33:20', '2025-12-15 00:33:20'),
	(1528, 'INV-2512039', 'Invoice', '2025-12-09', 235, 30101, 'Sales income for invoice #INV-2512039', 0.00, 5000.00, NULL, 0, 0, NULL, 2, NULL, NULL, NULL, '2025-12-15 00:36:09', '2025-12-15 00:36:09'),
	(1529, 'INV-2512039', 'Invoice', '2025-12-09', 13, 1010201, 'Cash payment for invoice #INV-2512039', 5000.00, 0.00, NULL, 0, 0, NULL, 2, NULL, NULL, NULL, '2025-12-15 00:36:09', '2025-12-15 00:36:09'),
	(1530, 'INV-2512040', 'Invoice', '2025-12-10', 235, 30101, 'Sales income for invoice #INV-2512040', 0.00, 10000.00, NULL, 0, 0, NULL, 2, NULL, NULL, NULL, '2025-12-15 00:47:43', '2025-12-15 00:47:43'),
	(1531, 'INV-2512040', 'Invoice', '2025-12-10', 13, 1010201, 'Cash payment for invoice #INV-2512040', 10000.00, 0.00, NULL, 0, 0, NULL, 2, NULL, NULL, NULL, '2025-12-15 00:47:43', '2025-12-15 00:47:43'),
	(1532, 'INV-2512041', 'Invoice', '2025-12-10', 235, 30101, 'Sales income for invoice #INV-2512041', 0.00, 27000.00, NULL, 0, 0, NULL, 2, NULL, NULL, NULL, '2025-12-15 00:49:24', '2025-12-15 00:49:24'),
	(1533, 'INV-2512041', 'Invoice', '2025-12-10', 13, 1010201, 'Cash payment for invoice #INV-2512041', 27000.00, 0.00, NULL, 0, 0, NULL, 2, NULL, NULL, NULL, '2025-12-15 00:49:24', '2025-12-15 00:49:24'),
	(1534, 'INV-2512042', 'Invoice', '2025-12-10', 235, 30101, 'Sales income for invoice #INV-2512042', 0.00, 3000.00, NULL, 0, 0, NULL, 2, NULL, NULL, NULL, '2025-12-15 00:52:39', '2025-12-15 00:52:39'),
	(1535, 'INV-2512042', 'Invoice', '2025-12-10', 13, 1010201, 'Cash payment for invoice #INV-2512042', 3000.00, 0.00, NULL, 0, 0, NULL, 2, NULL, NULL, NULL, '2025-12-15 00:52:39', '2025-12-15 00:52:39'),
	(1536, 'INV-2512043', 'Invoice', '2025-12-10', 235, 30101, 'Sales income for invoice #INV-2512043', 0.00, 3800.00, NULL, 0, 0, NULL, 2, NULL, NULL, NULL, '2025-12-15 00:54:03', '2025-12-15 00:54:03'),
	(1537, 'INV-2512043', 'Invoice', '2025-12-10', 13, 1010201, 'Cash payment for invoice #INV-2512043', 3800.00, 0.00, NULL, 0, 0, NULL, 2, NULL, NULL, NULL, '2025-12-15 00:54:03', '2025-12-15 00:54:03'),
	(1538, 'INV-2512044', 'Invoice', '2025-12-10', 235, 30101, 'Sales income for invoice #INV-2512044', 0.00, 5400.00, NULL, 0, 0, NULL, 2, NULL, NULL, NULL, '2025-12-15 00:55:29', '2025-12-15 00:55:29'),
	(1539, 'INV-2512044', 'Invoice', '2025-12-10', 13, 1010201, 'Cash payment for invoice #INV-2512044', 5400.00, 0.00, NULL, 0, 0, NULL, 2, NULL, NULL, NULL, '2025-12-15 00:55:29', '2025-12-15 00:55:29'),
	(1540, 'INV-2512045', 'Invoice', '2025-12-10', 235, 30101, 'Sales income for invoice #INV-2512045', 0.00, 1400.00, NULL, 0, 0, NULL, 2, NULL, NULL, NULL, '2025-12-15 00:56:50', '2025-12-15 00:56:50'),
	(1541, 'INV-2512045', 'Invoice', '2025-12-10', 13, 1010201, 'Cash payment for invoice #INV-2512045', 1400.00, 0.00, NULL, 0, 0, NULL, 2, NULL, NULL, NULL, '2025-12-15 00:56:50', '2025-12-15 00:56:50'),
	(1542, 'INV-2512046', 'Invoice', '2025-12-11', 235, 30101, 'Sales income for invoice #INV-2512046', 0.00, 5000.00, NULL, 0, 0, NULL, 2, NULL, NULL, NULL, '2025-12-15 00:58:54', '2025-12-15 00:58:54'),
	(1543, 'INV-2512046', 'Invoice', '2025-12-11', 13, 1010201, 'Cash payment for invoice #INV-2512046', 5000.00, 0.00, NULL, 0, 0, NULL, 2, NULL, NULL, NULL, '2025-12-15 00:58:54', '2025-12-15 00:58:54'),
	(1544, 'INV-2512047', 'Invoice', '2025-12-11', 235, 30101, 'Sales income for invoice #INV-2512047', 0.00, 7200.00, NULL, 0, 0, NULL, 2, NULL, NULL, NULL, '2025-12-15 01:00:34', '2025-12-15 01:00:34'),
	(1545, 'INV-2512047', 'Invoice', '2025-12-11', 13, 1010201, 'Cash payment for invoice #INV-2512047', 7200.00, 0.00, NULL, 0, 0, NULL, 2, NULL, NULL, NULL, '2025-12-15 01:00:34', '2025-12-15 01:00:34'),
	(1546, 'INV-2512048', 'Invoice', '2025-12-11', 235, 30101, 'Sales income for invoice #INV-2512048', 0.00, 8000.00, NULL, 0, 0, NULL, 2, NULL, NULL, NULL, '2025-12-15 01:01:37', '2025-12-15 01:01:37'),
	(1547, 'INV-2512048', 'Invoice', '2025-12-11', 13, 1010201, 'Cash payment for invoice #INV-2512048', 8000.00, 0.00, NULL, 0, 0, NULL, 2, NULL, NULL, NULL, '2025-12-15 01:01:37', '2025-12-15 01:01:37'),
	(1548, 'INV-2512049', 'Invoice', '2025-12-11', 235, 30101, 'Sales income for invoice #INV-2512049', 0.00, 9000.00, NULL, 0, 0, NULL, 2, NULL, NULL, NULL, '2025-12-15 01:03:15', '2025-12-15 01:03:15'),
	(1549, 'INV-2512049', 'Invoice', '2025-12-11', 13, 1010201, 'Cash payment for invoice #INV-2512049', 9000.00, 0.00, NULL, 0, 0, NULL, 2, NULL, NULL, NULL, '2025-12-15 01:03:15', '2025-12-15 01:03:15'),
	(1550, 'INV-2512050', 'Invoice', '2025-12-11', 235, 30101, 'Sales income for invoice #INV-2512050', 0.00, 5400.00, NULL, 0, 0, NULL, 2, NULL, NULL, NULL, '2025-12-15 01:04:40', '2025-12-15 01:04:40'),
	(1551, 'INV-2512050', 'Invoice', '2025-12-11', 13, 1010201, 'Cash payment for invoice #INV-2512050', 5400.00, 0.00, NULL, 0, 0, NULL, 2, NULL, NULL, NULL, '2025-12-15 01:04:40', '2025-12-15 01:04:40'),
	(1552, 'INV-2512051', 'Invoice', '2025-12-13', 235, 30101, 'Sales income for invoice #INV-2512051', 0.00, 45500.00, NULL, 0, 0, NULL, 2, NULL, NULL, NULL, '2025-12-15 01:41:21', '2025-12-15 01:41:21'),
	(1553, 'INV-2512051', 'Invoice', '2025-12-13', 13, 1010201, 'Cash payment for invoice #INV-2512051', 45500.00, 0.00, NULL, 0, 0, NULL, 2, NULL, NULL, NULL, '2025-12-15 01:41:21', '2025-12-15 01:41:21'),
	(1554, 'INV-2512052', 'Invoice', '2025-12-13', 235, 30101, 'Sales income for invoice #INV-2512052', 0.00, 5000.00, NULL, 0, 0, NULL, 2, NULL, NULL, NULL, '2025-12-15 01:42:23', '2025-12-15 01:42:23'),
	(1555, 'INV-2512052', 'Invoice', '2025-12-13', 13, 1010201, 'Cash payment for invoice #INV-2512052', 5000.00, 0.00, NULL, 0, 0, NULL, 2, NULL, NULL, NULL, '2025-12-15 01:42:23', '2025-12-15 01:42:23'),
	(1556, 'INV-2512053', 'Invoice', '2025-12-13', 235, 30101, 'Sales income for invoice #INV-2512053', 0.00, 5000.00, NULL, 0, 0, NULL, 2, NULL, NULL, NULL, '2025-12-15 01:45:37', '2025-12-15 01:45:37'),
	(1557, 'INV-2512053', 'Invoice', '2025-12-13', 13, 1010201, 'Cash payment for invoice #INV-2512053', 5000.00, 0.00, NULL, 0, 0, NULL, 2, NULL, NULL, NULL, '2025-12-15 01:45:37', '2025-12-15 01:45:37'),
	(1558, 'INV-2512054', 'Invoice', '2025-12-13', 235, 30101, 'Sales income for invoice #INV-2512054', 0.00, 3200.00, NULL, 0, 0, NULL, 2, NULL, NULL, NULL, '2025-12-15 01:46:53', '2025-12-15 01:46:53'),
	(1559, 'INV-2512054', 'Invoice', '2025-12-13', 13, 1010201, 'Cash payment for invoice #INV-2512054', 3200.00, 0.00, NULL, 0, 0, NULL, 2, NULL, NULL, NULL, '2025-12-15 01:46:53', '2025-12-15 01:46:53'),
	(1560, 'INV-2512055', 'Invoice', '2025-12-13', 235, 30101, 'Sales income for invoice #INV-2512055', 0.00, 6500.00, NULL, 0, 0, NULL, 2, NULL, NULL, NULL, '2025-12-15 01:48:45', '2025-12-15 01:48:45'),
	(1561, 'INV-2512055', 'Invoice', '2025-12-13', 13, 1010201, 'Cash payment for invoice #INV-2512055', 6500.00, 0.00, NULL, 0, 0, NULL, 2, NULL, NULL, NULL, '2025-12-15 01:48:45', '2025-12-15 01:48:45'),
	(1562, 'INV-2512056', 'Invoice', '2025-12-13', 235, 30101, 'Sales income for invoice #INV-2512056', 0.00, 9000.00, NULL, 0, 0, NULL, 2, NULL, NULL, NULL, '2025-12-15 01:49:52', '2025-12-15 01:49:52'),
	(1563, 'INV-2512056', 'Invoice', '2025-12-13', 13, 1010201, 'Cash payment for invoice #INV-2512056', 9000.00, 0.00, NULL, 0, 0, NULL, 2, NULL, NULL, NULL, '2025-12-15 01:49:52', '2025-12-15 01:49:52'),
	(1564, 'INV-2512057', 'Invoice', '2025-12-14', 235, 30101, 'Sales income for invoice #INV-2512057', 0.00, 10000.00, NULL, 0, 0, NULL, 2, NULL, NULL, NULL, '2025-12-15 01:51:12', '2025-12-15 01:51:12'),
	(1565, 'INV-2512057', 'Invoice', '2025-12-14', 13, 1010201, 'Cash payment for invoice #INV-2512057', 10000.00, 0.00, NULL, 0, 0, NULL, 2, NULL, NULL, NULL, '2025-12-15 01:51:12', '2025-12-15 01:51:12'),
	(1566, 'INV-2512058', 'Invoice', '2025-12-14', 235, 30101, 'Sales income for invoice #INV-2512058', 0.00, 48000.00, NULL, 0, 0, NULL, 2, NULL, NULL, NULL, '2025-12-15 01:52:14', '2025-12-15 01:52:14'),
	(1567, 'INV-2512058', 'Invoice', '2025-12-14', 13, 1010201, 'Cash payment for invoice #INV-2512058', 48000.00, 0.00, NULL, 0, 0, NULL, 2, NULL, NULL, NULL, '2025-12-15 01:52:14', '2025-12-15 01:52:14'),
	(1568, 'INV-2512059', 'Invoice', '2025-12-14', 235, 30101, 'Sales income for invoice #INV-2512059', 0.00, 1400.00, NULL, 0, 0, NULL, 2, NULL, NULL, NULL, '2025-12-15 01:53:11', '2025-12-15 01:53:11'),
	(1569, 'INV-2512059', 'Invoice', '2025-12-14', 13, 1010201, 'Cash payment for invoice #INV-2512059', 1400.00, 0.00, NULL, 0, 0, NULL, 2, NULL, NULL, NULL, '2025-12-15 01:53:11', '2025-12-15 01:53:11'),
	(1570, 'INV-2512060', 'Invoice', '2025-12-14', 235, 30101, 'Sales income for invoice #INV-2512060', 0.00, 3000.00, NULL, 0, 0, NULL, 2, NULL, NULL, NULL, '2025-12-15 01:54:22', '2025-12-15 01:54:22'),
	(1571, 'INV-2512060', 'Invoice', '2025-12-14', 13, 1010201, 'Cash payment for invoice #INV-2512060', 3000.00, 0.00, NULL, 0, 0, NULL, 2, NULL, NULL, NULL, '2025-12-15 01:54:22', '2025-12-15 01:54:22'),
	(1572, 'INV-2512061', 'Invoice', '2025-12-14', 235, 30101, 'Sales income for invoice #INV-2512061', 0.00, 5000.00, NULL, 0, 0, NULL, 2, NULL, NULL, NULL, '2025-12-15 01:55:28', '2025-12-15 01:55:28'),
	(1573, 'INV-2512061', 'Invoice', '2025-12-14', 13, 1010201, 'Cash payment for invoice #INV-2512061', 5000.00, 0.00, NULL, 0, 0, NULL, 2, NULL, NULL, NULL, '2025-12-15 01:55:28', '2025-12-15 01:55:28'),
	(1574, 'INV-2512062', 'Invoice', '2025-12-15', 235, 30101, 'Sales income for invoice #INV-2512062', 0.00, 4000.00, NULL, 0, 0, NULL, 2, NULL, NULL, NULL, '2025-12-15 13:24:21', '2025-12-15 13:24:21'),
	(1575, 'INV-2512062', 'Invoice', '2025-12-15', 13, 1010201, 'Cash payment for invoice #INV-2512062', 4000.00, 0.00, NULL, 0, 0, NULL, 2, NULL, NULL, NULL, '2025-12-15 13:24:21', '2025-12-15 13:24:21'),
	(1576, 'INV-2512063', 'Invoice', '2025-12-15', 235, 30101, 'Sales income for invoice #INV-2512063', 0.00, 5600.00, NULL, 0, 0, NULL, 2, NULL, NULL, NULL, '2025-12-15 13:24:50', '2025-12-15 13:24:50'),
	(1577, 'INV-2512063', 'Invoice', '2025-12-15', 13, 1010201, 'Cash payment for invoice #INV-2512063', 5600.00, 0.00, NULL, 0, 0, NULL, 2, NULL, NULL, NULL, '2025-12-15 13:24:50', '2025-12-15 13:24:50'),
	(1578, 'INV-2512064', 'Invoice', '2025-12-15', 235, 30101, 'Sales income for invoice #INV-2512064', 0.00, 3000.00, NULL, 0, 0, NULL, 2, NULL, NULL, NULL, '2025-12-15 13:25:25', '2025-12-15 13:25:25'),
	(1579, 'INV-2512064', 'Invoice', '2025-12-15', 13, 1010201, 'Cash payment for invoice #INV-2512064', 3000.00, 0.00, NULL, 0, 0, NULL, 2, NULL, NULL, NULL, '2025-12-15 13:25:25', '2025-12-15 13:25:25'),
	(1580, 'INV-2512065', 'Invoice', '2025-12-15', 235, 30101, 'Sales income for invoice #INV-2512065', 0.00, 9000.00, NULL, 0, 0, NULL, 2, NULL, NULL, NULL, '2025-12-15 13:25:50', '2025-12-15 13:25:50'),
	(1581, 'INV-2512065', 'Invoice', '2025-12-15', 13, 1010201, 'Cash payment for invoice #INV-2512065', 9000.00, 0.00, NULL, 0, 0, NULL, 2, NULL, NULL, NULL, '2025-12-15 13:25:50', '2025-12-15 13:25:50'),
	(1582, 'INV-2512066', 'Invoice', '2025-12-15', 235, 30101, 'Sales income for invoice #INV-2512066', 0.00, 45500.00, NULL, 0, 0, NULL, 2, NULL, NULL, NULL, '2025-12-15 13:26:18', '2025-12-15 13:26:18'),
	(1583, 'INV-2512066', 'Invoice', '2025-12-15', 13, 1010201, 'Cash payment for invoice #INV-2512066', 45500.00, 0.00, NULL, 0, 0, NULL, 2, NULL, NULL, NULL, '2025-12-15 13:26:18', '2025-12-15 13:26:18'),
	(1584, 'EXP-2512007', 'Expense', '2025-12-06', 13, 1010201, 'salary', 0.00, 13000.00, NULL, 0, 0, NULL, 2, NULL, NULL, NULL, '2025-12-17 00:33:14', '2025-12-17 00:33:14'),
	(1585, 'EXP-2512007', 'Expense', '2025-12-06', 260, 40307, 'salary', 13000.00, 0.00, NULL, 0, 0, NULL, 2, NULL, NULL, NULL, '2025-12-17 00:33:14', '2025-12-17 00:33:14'),
	(1586, 'INV-2512067', 'Invoice', '2025-12-17', 235, 30101, 'Sales income for invoice #INV-2512067', 0.00, 5600.00, NULL, 0, 0, NULL, 2, NULL, NULL, NULL, '2025-12-17 11:58:55', '2025-12-17 11:58:55'),
	(1587, 'INV-2512067', 'Invoice', '2025-12-17', 13, 1010201, 'Cash payment for invoice #INV-2512067', 5600.00, 0.00, NULL, 0, 0, NULL, 2, NULL, NULL, NULL, '2025-12-17 11:58:55', '2025-12-17 11:58:55'),
	(1588, 'INV-2512068', 'Invoice', '2025-12-17', 235, 30101, 'Sales income for invoice #INV-2512068', 0.00, 2000.00, NULL, 0, 0, NULL, 2, NULL, NULL, NULL, '2025-12-17 11:59:22', '2025-12-17 11:59:22'),
	(1589, 'INV-2512068', 'Invoice', '2025-12-17', 13, 1010201, 'Cash payment for invoice #INV-2512068', 2000.00, 0.00, NULL, 0, 0, NULL, 2, NULL, NULL, NULL, '2025-12-17 11:59:22', '2025-12-17 11:59:22'),
	(1590, 'INV-2512069', 'Invoice', '2025-12-17', 235, 30101, 'Sales income for invoice #INV-2512069', 0.00, 2000.00, NULL, 0, 0, NULL, 2, NULL, NULL, NULL, '2025-12-17 11:59:48', '2025-12-17 11:59:48'),
	(1591, 'INV-2512069', 'Invoice', '2025-12-17', 13, 1010201, 'Cash payment for invoice #INV-2512069', 2000.00, 0.00, NULL, 0, 0, NULL, 2, NULL, NULL, NULL, '2025-12-17 11:59:48', '2025-12-17 11:59:48'),
	(1592, 'INV-2512070', 'Invoice', '2025-12-17', 235, 30101, 'Sales income for invoice #INV-2512070', 0.00, 2000.00, NULL, 0, 0, NULL, 2, NULL, NULL, NULL, '2025-12-17 12:00:15', '2025-12-17 12:00:15'),
	(1593, 'INV-2512070', 'Invoice', '2025-12-17', 13, 1010201, 'Cash payment for invoice #INV-2512070', 2000.00, 0.00, NULL, 0, 0, NULL, 2, NULL, NULL, NULL, '2025-12-17 12:00:15', '2025-12-17 12:00:15'),
	(1594, 'INV-2512071', 'Invoice', '2025-12-17', 235, 30101, 'Sales income for invoice #INV-2512071', 0.00, 9000.00, NULL, 0, 0, NULL, 2, NULL, NULL, NULL, '2025-12-17 12:00:40', '2025-12-17 12:00:40'),
	(1595, 'INV-2512071', 'Invoice', '2025-12-17', 13, 1010201, 'Cash payment for invoice #INV-2512071', 9000.00, 0.00, NULL, 0, 0, NULL, 2, NULL, NULL, NULL, '2025-12-17 12:00:40', '2025-12-17 12:00:40'),
	(1596, 'INV-2512072', 'Invoice', '2025-12-17', 235, 30101, 'Sales income for invoice #INV-2512072', 0.00, 10000.00, NULL, 0, 0, NULL, 2, NULL, NULL, NULL, '2025-12-17 12:01:10', '2025-12-17 12:01:10'),
	(1597, 'INV-2512072', 'Invoice', '2025-12-17', 13, 1010201, 'Cash payment for invoice #INV-2512072', 10000.00, 0.00, NULL, 0, 0, NULL, 2, NULL, NULL, NULL, '2025-12-17 12:01:10', '2025-12-17 12:01:10'),
	(1598, 'INV-2512073', 'Invoice', '2025-12-18', 235, 30101, 'Sales income for invoice #INV-2512073', 0.00, 45500.00, NULL, 0, 0, NULL, 2, NULL, NULL, NULL, '2025-12-18 14:24:56', '2025-12-18 14:24:56'),
	(1599, 'INV-2512073', 'Invoice', '2025-12-18', 13, 1010201, 'Cash payment for invoice #INV-2512073', 45500.00, 0.00, NULL, 0, 0, NULL, 2, NULL, NULL, NULL, '2025-12-18 14:24:56', '2025-12-18 14:24:56'),
	(1600, 'INV-2512074', 'Invoice', '2025-12-18', 235, 30101, 'Sales income for invoice #INV-2512074', 0.00, 9000.00, NULL, 0, 0, NULL, 2, NULL, NULL, NULL, '2025-12-18 14:25:23', '2025-12-18 14:25:23'),
	(1601, 'INV-2512074', 'Invoice', '2025-12-18', 13, 1010201, 'Cash payment for invoice #INV-2512074', 9000.00, 0.00, NULL, 0, 0, NULL, 2, NULL, NULL, NULL, '2025-12-18 14:25:23', '2025-12-18 14:25:23'),
	(1602, 'INV-2512075', 'Invoice', '2025-12-18', 235, 30101, 'Sales income for invoice #INV-2512075', 0.00, 3000.00, NULL, 0, 0, NULL, 2, NULL, NULL, NULL, '2025-12-18 14:25:46', '2025-12-18 14:25:46'),
	(1603, 'INV-2512075', 'Invoice', '2025-12-18', 13, 1010201, 'Cash payment for invoice #INV-2512075', 3000.00, 0.00, NULL, 0, 0, NULL, 2, NULL, NULL, NULL, '2025-12-18 14:25:46', '2025-12-18 14:25:46'),
	(1604, 'INV-2512076', 'Invoice', '2025-12-18', 235, 30101, 'Sales income for invoice #INV-2512076', 0.00, 5600.00, NULL, 0, 0, NULL, 2, NULL, NULL, NULL, '2025-12-18 14:26:10', '2025-12-18 14:26:10'),
	(1605, 'INV-2512076', 'Invoice', '2025-12-18', 13, 1010201, 'Cash payment for invoice #INV-2512076', 5600.00, 0.00, NULL, 0, 0, NULL, 2, NULL, NULL, NULL, '2025-12-18 14:26:10', '2025-12-18 14:26:10'),
	(1606, 'INV-2512077', 'Invoice', '2025-12-18', 235, 30101, 'Sales income for invoice #INV-2512077', 0.00, 4800.00, NULL, 0, 0, NULL, 2, NULL, NULL, NULL, '2025-12-18 14:26:37', '2025-12-18 14:26:37'),
	(1607, 'INV-2512077', 'Invoice', '2025-12-18', 13, 1010201, 'Cash payment for invoice #INV-2512077', 4800.00, 0.00, NULL, 0, 0, NULL, 2, NULL, NULL, NULL, '2025-12-18 14:26:37', '2025-12-18 14:26:37'),
	(1608, 'EXP-2512008', 'Expense', '2025-12-07', 13, 1010201, 'Salary', 0.00, 14000.00, NULL, 0, 0, NULL, 2, NULL, NULL, NULL, '2025-12-18 23:39:34', '2025-12-18 23:39:34'),
	(1609, 'EXP-2512008', 'Expense', '2025-12-07', 260, 40307, 'Salary', 14000.00, 0.00, NULL, 0, 0, NULL, 2, NULL, NULL, NULL, '2025-12-18 23:39:34', '2025-12-18 23:39:34'),
	(1610, 'EXP-2512009', 'Expense', '2025-12-08', 13, 1010201, 'salary', 0.00, 5000.00, NULL, 0, 0, NULL, 2, NULL, NULL, NULL, '2025-12-20 09:16:13', '2025-12-20 09:16:13'),
	(1611, 'EXP-2512009', 'Expense', '2025-12-08', 260, 40307, 'salary', 5000.00, 0.00, NULL, 0, 0, NULL, 2, NULL, NULL, NULL, '2025-12-20 09:16:13', '2025-12-20 09:16:13'),
	(1612, 'EXP-2512010', 'Expense', '2025-12-08', 13, 1010201, 'Marketing', 0.00, 10000.00, NULL, 0, 0, NULL, 2, NULL, NULL, NULL, '2025-12-20 09:17:34', '2025-12-20 09:17:34'),
	(1613, 'EXP-2512010', 'Expense', '2025-12-08', 259, 40306, 'Marketing', 10000.00, 0.00, NULL, 0, 0, NULL, 2, NULL, NULL, NULL, '2025-12-20 09:17:34', '2025-12-20 09:17:34'),
	(1614, 'EXP-2512011', 'Expense', '2025-12-09', 13, 1010201, 'office ta/da', 0.00, 3300.00, NULL, 0, 0, NULL, 2, NULL, NULL, NULL, '2025-12-20 09:19:11', '2025-12-20 09:19:11'),
	(1615, 'EXP-2512011', 'Expense', '2025-12-09', 259, 40306, 'office ta/da', 3300.00, 0.00, NULL, 0, 0, NULL, 2, NULL, NULL, NULL, '2025-12-20 09:19:11', '2025-12-20 09:19:11'),
	(1616, 'INV-2512078', 'Invoice', '2025-12-20', 235, 30101, 'Sales income for invoice #INV-2512078', 0.00, 48000.00, NULL, 0, 0, NULL, 2, NULL, NULL, NULL, '2025-12-22 06:48:17', '2025-12-22 06:48:17'),
	(1617, 'INV-2512078', 'Invoice', '2025-12-20', 13, 1010201, 'Cash payment for invoice #INV-2512078', 48000.00, 0.00, NULL, 0, 0, NULL, 2, NULL, NULL, NULL, '2025-12-22 06:48:17', '2025-12-22 06:48:17'),
	(1618, 'INV-2512079', 'Invoice', '2025-12-20', 235, 30101, 'Sales income for invoice #INV-2512079', 0.00, 6500.00, NULL, 0, 0, NULL, 2, NULL, NULL, NULL, '2025-12-22 06:54:08', '2025-12-22 06:54:08'),
	(1619, 'INV-2512079', 'Invoice', '2025-12-20', 13, 1010201, 'Cash payment for invoice #INV-2512079', 6500.00, 0.00, NULL, 0, 0, NULL, 2, NULL, NULL, NULL, '2025-12-22 06:54:08', '2025-12-22 06:54:08'),
	(1620, 'INV-2512080', 'Invoice', '2025-12-20', 235, 30101, 'Sales income for invoice #INV-2512080', 0.00, 4800.00, NULL, 0, 0, NULL, 2, NULL, NULL, NULL, '2025-12-22 06:54:36', '2025-12-22 06:54:36'),
	(1621, 'INV-2512080', 'Invoice', '2025-12-20', 13, 1010201, 'Cash payment for invoice #INV-2512080', 4800.00, 0.00, NULL, 0, 0, NULL, 2, NULL, NULL, NULL, '2025-12-22 06:54:36', '2025-12-22 06:54:36'),
	(1622, 'INV-2512081', 'Invoice', '2025-12-20', 235, 30101, 'Sales income for invoice #INV-2512081', 0.00, 5000.00, NULL, 0, 0, NULL, 2, NULL, NULL, NULL, '2025-12-22 06:54:56', '2025-12-22 06:54:56'),
	(1623, 'INV-2512081', 'Invoice', '2025-12-20', 13, 1010201, 'Cash payment for invoice #INV-2512081', 5000.00, 0.00, NULL, 0, 0, NULL, 2, NULL, NULL, NULL, '2025-12-22 06:54:56', '2025-12-22 06:54:56'),
	(1624, 'INV-2512082', 'Invoice', '2025-12-20', 235, 30101, 'Sales income for invoice #INV-2512082', 0.00, 3200.00, NULL, 0, 0, NULL, 2, NULL, NULL, NULL, '2025-12-22 06:55:16', '2025-12-22 06:55:16'),
	(1625, 'INV-2512082', 'Invoice', '2025-12-20', 13, 1010201, 'Cash payment for invoice #INV-2512082', 3200.00, 0.00, NULL, 0, 0, NULL, 2, NULL, NULL, NULL, '2025-12-22 06:55:16', '2025-12-22 06:55:16'),
	(1626, 'INV-2512083', 'Invoice', '2025-12-20', 235, 30101, 'Sales income for invoice #INV-2512083', 0.00, 9000.00, NULL, 0, 0, NULL, 2, NULL, NULL, NULL, '2025-12-22 06:55:36', '2025-12-22 06:55:36'),
	(1627, 'INV-2512083', 'Invoice', '2025-12-20', 13, 1010201, 'Cash payment for invoice #INV-2512083', 9000.00, 0.00, NULL, 0, 0, NULL, 2, NULL, NULL, NULL, '2025-12-22 06:55:36', '2025-12-22 06:55:36'),
	(1628, 'INV-2512084', 'Invoice', '2025-12-21', 235, 30101, 'Sales income for invoice #INV-2512084', 0.00, 9000.00, NULL, 0, 0, NULL, 2, NULL, NULL, NULL, '2025-12-22 07:02:39', '2025-12-22 07:02:39'),
	(1629, 'INV-2512084', 'Invoice', '2025-12-21', 13, 1010201, 'Cash payment for invoice #INV-2512084', 9000.00, 0.00, NULL, 0, 0, NULL, 2, NULL, NULL, NULL, '2025-12-22 07:02:39', '2025-12-22 07:02:39'),
	(1630, 'INV-2512085', 'Invoice', '2025-12-21', 235, 30101, 'Sales income for invoice #INV-2512085', 0.00, 20000.00, NULL, 0, 0, NULL, 2, NULL, NULL, NULL, '2025-12-22 07:03:04', '2025-12-22 07:03:04'),
	(1631, 'INV-2512085', 'Invoice', '2025-12-21', 13, 1010201, 'Cash payment for invoice #INV-2512085', 20000.00, 0.00, NULL, 0, 0, NULL, 2, NULL, NULL, NULL, '2025-12-22 07:03:04', '2025-12-22 07:03:04'),
	(1632, 'INV-2512086', 'Invoice', '2025-12-21', 235, 30101, 'Sales income for invoice #INV-2512086', 0.00, 11300.00, NULL, 0, 0, NULL, 2, NULL, NULL, NULL, '2025-12-22 07:03:28', '2025-12-22 07:03:28'),
	(1633, 'INV-2512086', 'Invoice', '2025-12-21', 13, 1010201, 'Cash payment for invoice #INV-2512086', 11300.00, 0.00, NULL, 0, 0, NULL, 2, NULL, NULL, NULL, '2025-12-22 07:03:28', '2025-12-22 07:03:28'),
	(1634, 'INV-2512087', 'Invoice', '2025-12-21', 235, 30101, 'Sales income for invoice #INV-2512087', 0.00, 5000.00, NULL, 0, 0, NULL, 2, NULL, NULL, NULL, '2025-12-22 07:03:45', '2025-12-22 07:03:45'),
	(1635, 'INV-2512087', 'Invoice', '2025-12-21', 13, 1010201, 'Cash payment for invoice #INV-2512087', 5000.00, 0.00, NULL, 0, 0, NULL, 2, NULL, NULL, NULL, '2025-12-22 07:03:45', '2025-12-22 07:03:45'),
	(1636, 'INV-2512088', 'Invoice', '2025-12-21', 235, 30101, 'Sales income for invoice #INV-2512088', 0.00, 4000.00, NULL, 0, 0, NULL, 2, NULL, NULL, NULL, '2025-12-22 07:04:03', '2025-12-22 07:04:03'),
	(1637, 'INV-2512088', 'Invoice', '2025-12-21', 13, 1010201, 'Cash payment for invoice #INV-2512088', 4000.00, 0.00, NULL, 0, 0, NULL, 2, NULL, NULL, NULL, '2025-12-22 07:04:03', '2025-12-22 07:04:03'),
	(1638, 'INV-2512089', 'Invoice', '2025-12-22', 235, 30101, 'Sales income for invoice #INV-2512089', 0.00, 48000.00, NULL, 0, 0, NULL, 2, NULL, NULL, NULL, '2025-12-22 07:04:39', '2025-12-22 07:04:39'),
	(1639, 'INV-2512089', 'Invoice', '2025-12-22', 13, 1010201, 'Cash payment for invoice #INV-2512089', 48000.00, 0.00, NULL, 0, 0, NULL, 2, NULL, NULL, NULL, '2025-12-22 07:04:39', '2025-12-22 07:04:39'),
	(1640, 'INV-2512090', 'Invoice', '2025-12-22', 235, 30101, 'Sales income for invoice #INV-2512090', 0.00, 6500.00, NULL, 0, 0, NULL, 2, NULL, NULL, NULL, '2025-12-22 07:06:08', '2025-12-22 07:06:08'),
	(1641, 'INV-2512090', 'Invoice', '2025-12-22', 13, 1010201, 'Cash payment for invoice #INV-2512090', 6500.00, 0.00, NULL, 0, 0, NULL, 2, NULL, NULL, NULL, '2025-12-22 07:06:08', '2025-12-22 07:06:08'),
	(1642, 'INV-2512091', 'Invoice', '2025-12-22', 235, 30101, 'Sales income for invoice #INV-2512091', 0.00, 4800.00, NULL, 0, 0, NULL, 2, NULL, NULL, NULL, '2025-12-22 07:07:03', '2025-12-22 07:07:03'),
	(1643, 'INV-2512091', 'Invoice', '2025-12-22', 13, 1010201, 'Cash payment for invoice #INV-2512091', 4800.00, 0.00, NULL, 0, 0, NULL, 2, NULL, NULL, NULL, '2025-12-22 07:07:03', '2025-12-22 07:07:03'),
	(1644, 'INV-2512092', 'Invoice', '2025-12-22', 235, 30101, 'Sales income for invoice #INV-2512092', 0.00, 3200.00, NULL, 0, 0, NULL, 2, NULL, NULL, NULL, '2025-12-22 07:08:18', '2025-12-22 07:08:18'),
	(1645, 'INV-2512092', 'Invoice', '2025-12-22', 13, 1010201, 'Cash payment for invoice #INV-2512092', 3200.00, 0.00, NULL, 0, 0, NULL, 2, NULL, NULL, NULL, '2025-12-22 07:08:18', '2025-12-22 07:08:18'),
	(1646, 'INV-2512093', 'Invoice', '2025-12-22', 235, 30101, 'Sales income for invoice #INV-2512093', 0.00, 9000.00, NULL, 0, 0, NULL, 2, NULL, NULL, NULL, '2025-12-22 07:09:33', '2025-12-22 07:09:33'),
	(1647, 'INV-2512093', 'Invoice', '2025-12-22', 13, 1010201, 'Cash payment for invoice #INV-2512093', 9000.00, 0.00, NULL, 0, 0, NULL, 2, NULL, NULL, NULL, '2025-12-22 07:09:33', '2025-12-22 07:09:33'),
	(1648, 'EXP-2512012', 'Expense', '2025-12-10', 13, 1010201, 'Salary', 0.00, 13000.00, NULL, 0, 0, NULL, 2, NULL, NULL, NULL, '2025-12-24 13:23:49', '2025-12-24 13:23:49'),
	(1649, 'EXP-2512012', 'Expense', '2025-12-10', 260, 40307, 'Salary', 13000.00, 0.00, NULL, 0, 0, NULL, 2, NULL, NULL, NULL, '2025-12-24 13:23:49', '2025-12-24 13:23:49'),
	(1650, 'EXP-2512013', 'Expense', '2025-12-14', 13, 1010201, 'salary', 0.00, 15000.00, NULL, 0, 0, NULL, 2, NULL, NULL, NULL, '2025-12-24 13:24:58', '2025-12-24 13:24:58'),
	(1651, 'EXP-2512013', 'Expense', '2025-12-14', 260, 40307, 'salary', 15000.00, 0.00, NULL, 0, 0, NULL, 2, NULL, NULL, NULL, '2025-12-24 13:24:58', '2025-12-24 13:24:58'),
	(1652, 'INV-2512094', 'Invoice', '2025-12-23', 235, 30101, 'Sales income for invoice #INV-2512094', 0.00, 7200.00, NULL, 0, 0, NULL, 2, NULL, NULL, NULL, '2025-12-24 15:08:21', '2025-12-24 15:08:21'),
	(1653, 'INV-2512094', 'Invoice', '2025-12-23', 13, 1010201, 'Cash payment for invoice #INV-2512094', 7200.00, 0.00, NULL, 0, 0, NULL, 2, NULL, NULL, NULL, '2025-12-24 15:08:21', '2025-12-24 15:08:21'),
	(1654, 'INV-2512095', 'Invoice', '2025-12-23', 235, 30101, 'Sales income for invoice #INV-2512095', 0.00, 55000.00, NULL, 0, 0, NULL, 2, NULL, NULL, NULL, '2025-12-24 15:10:09', '2025-12-24 15:10:09'),
	(1655, 'INV-2512095', 'Invoice', '2025-12-23', 13, 1010201, 'Cash payment for invoice #INV-2512095', 55000.00, 0.00, NULL, 0, 0, NULL, 2, NULL, NULL, NULL, '2025-12-24 15:10:09', '2025-12-24 15:10:09'),
	(1656, 'INV-2512096', 'Invoice', '2025-12-23', 235, 30101, 'Sales income for invoice #INV-2512096', 0.00, 2000.00, NULL, 0, 0, NULL, 2, NULL, NULL, NULL, '2025-12-24 15:11:26', '2025-12-24 15:11:26'),
	(1657, 'INV-2512096', 'Invoice', '2025-12-23', 13, 1010201, 'Cash payment for invoice #INV-2512096', 2000.00, 0.00, NULL, 0, 0, NULL, 2, NULL, NULL, NULL, '2025-12-24 15:11:26', '2025-12-24 15:11:26'),
	(1658, 'INV-2512097', 'Invoice', '2025-12-23', 235, 30101, 'Sales income for invoice #INV-2512097', 0.00, 45500.00, NULL, 0, 0, NULL, 2, NULL, NULL, NULL, '2025-12-24 15:13:18', '2025-12-24 15:13:18'),
	(1659, 'INV-2512097', 'Invoice', '2025-12-23', 13, 1010201, 'Cash payment for invoice #INV-2512097', 45500.00, 0.00, NULL, 0, 0, NULL, 2, NULL, NULL, NULL, '2025-12-24 15:13:18', '2025-12-24 15:13:18'),
	(1660, 'INV-2512098', 'Invoice', '2025-12-23', 235, 30101, 'Sales income for invoice #INV-2512098', 0.00, 11300.00, NULL, 0, 0, NULL, 2, NULL, NULL, NULL, '2025-12-24 15:14:42', '2025-12-24 15:14:42'),
	(1661, 'INV-2512098', 'Invoice', '2025-12-23', 13, 1010201, 'Cash payment for invoice #INV-2512098', 11300.00, 0.00, NULL, 0, 0, NULL, 2, NULL, NULL, NULL, '2025-12-24 15:14:42', '2025-12-24 15:14:42'),
	(1662, 'INV-2512099', 'Invoice', '2025-12-23', 235, 30101, 'Sales income for invoice #INV-2512099', 0.00, 1800.00, NULL, 0, 0, NULL, 2, NULL, NULL, NULL, '2025-12-24 15:16:30', '2025-12-24 15:16:30'),
	(1663, 'INV-2512099', 'Invoice', '2025-12-23', 13, 1010201, 'Cash payment for invoice #INV-2512099', 1800.00, 0.00, NULL, 0, 0, NULL, 2, NULL, NULL, NULL, '2025-12-24 15:16:30', '2025-12-24 15:16:30'),
	(1664, 'INV-2512100', 'Invoice', '2025-12-24', 235, 30101, 'Sales income for invoice #INV-2512100', 0.00, 9000.00, NULL, 0, 0, NULL, 2, NULL, NULL, NULL, '2025-12-24 15:32:09', '2025-12-24 15:32:09'),
	(1665, 'INV-2512100', 'Invoice', '2025-12-24', 13, 1010201, 'Cash payment for invoice #INV-2512100', 9000.00, 0.00, NULL, 0, 0, NULL, 2, NULL, NULL, NULL, '2025-12-24 15:32:09', '2025-12-24 15:32:09'),
	(1666, 'INV-2512101', 'Invoice', '2025-12-24', 235, 30101, 'Sales income for invoice #INV-2512101', 0.00, 34000.00, NULL, 0, 0, NULL, 2, NULL, NULL, NULL, '2025-12-24 15:35:02', '2025-12-24 15:35:02'),
	(1667, 'INV-2512101', 'Invoice', '2025-12-24', 13, 1010201, 'Cash payment for invoice #INV-2512101', 34000.00, 0.00, NULL, 0, 0, NULL, 2, NULL, NULL, NULL, '2025-12-24 15:35:02', '2025-12-24 15:35:02'),
	(1668, 'INV-2512102', 'Invoice', '2025-12-24', 235, 30101, 'Sales income for invoice #INV-2512102', 0.00, 115000.00, NULL, 0, 0, NULL, 2, NULL, NULL, NULL, '2025-12-24 15:37:13', '2025-12-24 15:37:13'),
	(1669, 'INV-2512102', 'Invoice', '2025-12-24', 13, 1010201, 'Cash payment for invoice #INV-2512102', 115000.00, 0.00, NULL, 0, 0, NULL, 2, NULL, NULL, NULL, '2025-12-24 15:37:13', '2025-12-24 15:37:13'),
	(1670, 'INV-2512103', 'Invoice', '2025-12-24', 235, 30101, 'Sales income for invoice #INV-2512103', 0.00, 2000.00, NULL, 0, 0, NULL, 2, NULL, NULL, NULL, '2025-12-24 15:38:18', '2025-12-24 15:38:18'),
	(1671, 'INV-2512103', 'Invoice', '2025-12-24', 13, 1010201, 'Cash payment for invoice #INV-2512103', 2000.00, 0.00, NULL, 0, 0, NULL, 2, NULL, NULL, NULL, '2025-12-24 15:38:18', '2025-12-24 15:38:18'),
	(1672, 'INV-2512104', 'Invoice', '2025-12-24', 235, 30101, 'Sales income for invoice #INV-2512104', 0.00, 35000.00, NULL, 0, 0, NULL, 2, NULL, NULL, NULL, '2025-12-24 15:40:32', '2025-12-24 15:40:32'),
	(1673, 'INV-2512104', 'Invoice', '2025-12-24', 13, 1010201, 'Cash payment for invoice #INV-2512104', 35000.00, 0.00, NULL, 0, 0, NULL, 2, NULL, NULL, NULL, '2025-12-24 15:40:32', '2025-12-24 15:40:32'),
	(1674, 'INV-2512105', 'Invoice', '2025-12-25', 235, 30101, 'Sales income for invoice #INV-2512105', 0.00, 26000.00, NULL, 0, 0, NULL, 2, NULL, NULL, NULL, '2025-12-27 06:33:18', '2025-12-27 06:33:18'),
	(1675, 'INV-2512105', 'Invoice', '2025-12-25', 13, 1010201, 'Cash payment for invoice #INV-2512105', 26000.00, 0.00, NULL, 0, 0, NULL, 2, NULL, NULL, NULL, '2025-12-27 06:33:18', '2025-12-27 06:33:18'),
	(1676, 'INV-2512106', 'Invoice', '2025-12-25', 235, 30101, 'Sales income for invoice #INV-2512106', 0.00, 27000.00, NULL, 0, 0, NULL, 2, NULL, NULL, NULL, '2025-12-27 06:34:34', '2025-12-27 06:34:34'),
	(1677, 'INV-2512106', 'Invoice', '2025-12-25', 13, 1010201, 'Cash payment for invoice #INV-2512106', 27000.00, 0.00, NULL, 0, 0, NULL, 2, NULL, NULL, NULL, '2025-12-27 06:34:34', '2025-12-27 06:34:34'),
	(1678, 'INV-2512107', 'Invoice', '2025-12-25', 235, 30101, 'Sales income for invoice #INV-2512107', 0.00, 3000.00, NULL, 0, 0, NULL, 2, NULL, NULL, NULL, '2025-12-27 06:35:38', '2025-12-27 06:35:38'),
	(1679, 'INV-2512107', 'Invoice', '2025-12-25', 13, 1010201, 'Cash payment for invoice #INV-2512107', 3000.00, 0.00, NULL, 0, 0, NULL, 2, NULL, NULL, NULL, '2025-12-27 06:35:38', '2025-12-27 06:35:38'),
	(1680, 'INV-2512108', 'Invoice', '2025-12-25', 235, 30101, 'Sales income for invoice #INV-2512108', 0.00, 5500.00, NULL, 0, 0, NULL, 2, NULL, NULL, NULL, '2025-12-27 06:38:05', '2025-12-27 06:38:05'),
	(1681, 'INV-2512108', 'Invoice', '2025-12-25', 13, 1010201, 'Cash payment for invoice #INV-2512108', 5500.00, 0.00, NULL, 0, 0, NULL, 2, NULL, NULL, NULL, '2025-12-27 06:38:05', '2025-12-27 06:38:05'),
	(1682, 'INV-2512109', 'Invoice', '2025-12-26', 235, 30101, 'Sales income for invoice #INV-2512109', 0.00, 9000.00, NULL, 0, 0, NULL, 2, NULL, NULL, NULL, '2025-12-27 06:39:55', '2025-12-27 06:39:55'),
	(1683, 'INV-2512109', 'Invoice', '2025-12-26', 13, 1010201, 'Cash payment for invoice #INV-2512109', 9000.00, 0.00, NULL, 0, 0, NULL, 2, NULL, NULL, NULL, '2025-12-27 06:39:55', '2025-12-27 06:39:55'),
	(1684, 'INV-2512110', 'Invoice', '2025-12-26', 235, 30101, 'Sales income for invoice #INV-2512110', 0.00, 20000.00, NULL, 0, 0, NULL, 2, NULL, NULL, NULL, '2025-12-27 06:40:52', '2025-12-27 06:40:52'),
	(1685, 'INV-2512110', 'Invoice', '2025-12-26', 13, 1010201, 'Cash payment for invoice #INV-2512110', 20000.00, 0.00, NULL, 0, 0, NULL, 2, NULL, NULL, NULL, '2025-12-27 06:40:52', '2025-12-27 06:40:52'),
	(1686, 'INV-2512111', 'Invoice', '2025-12-26', 235, 30101, 'Sales income for invoice #INV-2512111', 0.00, 11300.00, NULL, 0, 0, NULL, 2, NULL, NULL, NULL, '2025-12-27 06:41:58', '2025-12-27 06:41:58'),
	(1687, 'INV-2512111', 'Invoice', '2025-12-26', 13, 1010201, 'Cash payment for invoice #INV-2512111', 11300.00, 0.00, NULL, 0, 0, NULL, 2, NULL, NULL, NULL, '2025-12-27 06:41:58', '2025-12-27 06:41:58'),
	(1688, 'INV-2512112', 'Invoice', '2025-12-26', 235, 30101, 'Sales income for invoice #INV-2512112', 0.00, 28500.00, NULL, 0, 0, NULL, 2, NULL, NULL, NULL, '2025-12-27 06:43:59', '2025-12-27 06:43:59'),
	(1689, 'INV-2512112', 'Invoice', '2025-12-26', 13, 1010201, 'Cash payment for invoice #INV-2512112', 28500.00, 0.00, NULL, 0, 0, NULL, 2, NULL, NULL, NULL, '2025-12-27 06:43:59', '2025-12-27 06:43:59'),
	(1690, 'INV-2512113', 'Invoice', '2025-12-27', 235, 30101, 'Sales income for invoice #INV-2512113', 0.00, 5000.00, NULL, 0, 0, NULL, 2, NULL, NULL, NULL, '2025-12-27 06:45:34', '2025-12-27 06:45:34'),
	(1691, 'INV-2512113', 'Invoice', '2025-12-27', 13, 1010201, 'Cash payment for invoice #INV-2512113', 5000.00, 0.00, NULL, 0, 0, NULL, 2, NULL, NULL, NULL, '2025-12-27 06:45:34', '2025-12-27 06:45:34'),
	(1692, 'INV-2512114', 'Invoice', '2025-12-27', 235, 30101, 'Sales income for invoice #INV-2512114', 0.00, 6500.00, NULL, 0, 0, NULL, 2, NULL, NULL, NULL, '2025-12-27 06:49:42', '2025-12-27 06:49:42'),
	(1693, 'INV-2512114', 'Invoice', '2025-12-27', 13, 1010201, 'Cash payment for invoice #INV-2512114', 6500.00, 0.00, NULL, 0, 0, NULL, 2, NULL, NULL, NULL, '2025-12-27 06:49:42', '2025-12-27 06:49:42'),
	(1694, 'INV-2512115', 'Invoice', '2025-12-27', 235, 30101, 'Sales income for invoice #INV-2512115', 0.00, 3900.00, NULL, 0, 0, NULL, 2, NULL, NULL, NULL, '2025-12-27 06:51:23', '2025-12-27 06:51:23'),
	(1695, 'INV-2512115', 'Invoice', '2025-12-27', 13, 1010201, 'Cash payment for invoice #INV-2512115', 3900.00, 0.00, NULL, 0, 0, NULL, 2, NULL, NULL, NULL, '2025-12-27 06:51:23', '2025-12-27 06:51:23'),
	(1696, 'INV-2512116', 'Invoice', '2025-12-27', 235, 30101, 'Sales income for invoice #INV-2512116', 0.00, 55000.00, NULL, 0, 0, NULL, 2, NULL, NULL, NULL, '2025-12-27 07:35:49', '2025-12-27 07:35:49'),
	(1697, 'INV-2512116', 'Invoice', '2025-12-27', 13, 1010201, 'Cash payment for invoice #INV-2512116', 55000.00, 0.00, NULL, 0, 0, NULL, 2, NULL, NULL, NULL, '2025-12-27 07:35:49', '2025-12-27 07:35:49'),
	(1698, 'INV-2512117', 'Invoice', '2025-12-27', 235, 30101, 'Sales income for invoice #INV-2512117', 0.00, 9000.00, NULL, 0, 0, NULL, 2, NULL, NULL, NULL, '2025-12-27 07:36:17', '2025-12-27 07:36:17'),
	(1699, 'INV-2512117', 'Invoice', '2025-12-27', 13, 1010201, 'Cash payment for invoice #INV-2512117', 9000.00, 0.00, NULL, 0, 0, NULL, 2, NULL, NULL, NULL, '2025-12-27 07:36:17', '2025-12-27 07:36:17'),
	(1700, 'INV-2512118', 'Invoice', '2025-12-28', 235, 30101, 'Sales income for invoice #INV-2512118', 0.00, 39000.00, NULL, 0, 0, NULL, 2, NULL, NULL, NULL, '2025-12-28 13:57:14', '2025-12-28 13:57:14'),
	(1701, 'INV-2512118', 'Invoice', '2025-12-28', 13, 1010201, 'Cash payment for invoice #INV-2512118', 39000.00, 0.00, NULL, 0, 0, NULL, 2, NULL, NULL, NULL, '2025-12-28 13:57:14', '2025-12-28 13:57:14'),
	(1702, 'INV-2512119', 'Invoice', '2025-12-28', 235, 30101, 'Sales income for invoice #INV-2512119', 0.00, 9000.00, NULL, 0, 0, NULL, 2, NULL, NULL, NULL, '2025-12-28 13:58:18', '2025-12-28 13:58:18'),
	(1703, 'INV-2512119', 'Invoice', '2025-12-28', 13, 1010201, 'Cash payment for invoice #INV-2512119', 9000.00, 0.00, NULL, 0, 0, NULL, 2, NULL, NULL, NULL, '2025-12-28 13:58:18', '2025-12-28 13:58:18'),
	(1704, 'INV-2512120', 'Invoice', '2025-12-28', 235, 30101, 'Sales income for invoice #INV-2512120', 0.00, 6500.00, NULL, 0, 0, NULL, 2, NULL, NULL, NULL, '2025-12-28 13:59:17', '2025-12-28 13:59:17'),
	(1705, 'INV-2512120', 'Invoice', '2025-12-28', 13, 1010201, 'Cash payment for invoice #INV-2512120', 6500.00, 0.00, NULL, 0, 0, NULL, 2, NULL, NULL, NULL, '2025-12-28 13:59:17', '2025-12-28 13:59:17'),
	(1706, 'INV-2512121', 'Invoice', '2025-12-28', 235, 30101, 'Sales income for invoice #INV-2512121', 0.00, 3500.00, NULL, 0, 0, NULL, 2, NULL, NULL, NULL, '2025-12-28 14:00:56', '2025-12-28 14:00:56'),
	(1707, 'INV-2512121', 'Invoice', '2025-12-28', 13, 1010201, 'Cash payment for invoice #INV-2512121', 3500.00, 0.00, NULL, 0, 0, NULL, 2, NULL, NULL, NULL, '2025-12-28 14:00:56', '2025-12-28 14:00:56'),
	(1708, 'INV-2512122', 'Invoice', '2025-12-28', 235, 30101, 'Sales income for invoice #INV-2512122', 0.00, 4800.00, NULL, 0, 0, NULL, 2, NULL, NULL, NULL, '2025-12-28 14:01:49', '2025-12-28 14:01:49'),
	(1709, 'INV-2512122', 'Invoice', '2025-12-28', 13, 1010201, 'Cash payment for invoice #INV-2512122', 4800.00, 0.00, NULL, 0, 0, NULL, 2, NULL, NULL, NULL, '2025-12-28 14:01:49', '2025-12-28 14:01:49'),
	(1710, 'INV-2512123', 'Invoice', '2025-12-28', 235, 30101, 'Sales income for invoice #INV-2512123', 0.00, 16500.00, NULL, 0, 0, NULL, 2, NULL, NULL, NULL, '2025-12-28 14:02:43', '2025-12-28 14:02:43'),
	(1711, 'INV-2512123', 'Invoice', '2025-12-28', 13, 1010201, 'Cash payment for invoice #INV-2512123', 16500.00, 0.00, NULL, 0, 0, NULL, 2, NULL, NULL, NULL, '2025-12-28 14:02:43', '2025-12-28 14:02:43'),
	(1712, 'INV-2512124', 'Invoice', '2025-12-13', 235, 30101, 'Sales income for invoice #INV-2512124', 0.00, 131200.00, NULL, 0, 0, NULL, 2, NULL, NULL, NULL, '2025-12-29 09:48:43', '2025-12-29 09:48:43'),
	(1713, 'INV-2512124', 'Invoice', '2025-12-13', 13, 1010201, 'Cash payment for invoice #INV-2512124', 131200.00, 0.00, NULL, 0, 0, NULL, 2, NULL, NULL, NULL, '2025-12-29 09:48:43', '2025-12-29 09:48:43'),
	(1714, 'EXP-2512014', 'Expense', '2025-12-29', 13, 1010201, 'BBox pic', 0.00, 10000.00, NULL, 0, 0, NULL, 2, NULL, NULL, NULL, '2025-12-29 09:49:48', '2025-12-29 09:49:48'),
	(1715, 'EXP-2512014', 'Expense', '2025-12-29', 259, 40306, 'BBox pic', 10000.00, 0.00, NULL, 0, 0, NULL, 2, NULL, NULL, NULL, '2025-12-29 09:49:48', '2025-12-29 09:49:48'),
	(1716, 'EXP-2512015', 'Expense', '2025-12-13', 13, 1010201, 'salary', 0.00, 14000.00, NULL, 0, 0, NULL, 2, NULL, NULL, NULL, '2025-12-29 09:51:18', '2025-12-29 09:51:18'),
	(1717, 'EXP-2512015', 'Expense', '2025-12-13', 260, 40307, 'salary', 14000.00, 0.00, NULL, 0, 0, NULL, 2, NULL, NULL, NULL, '2025-12-29 09:51:18', '2025-12-29 09:51:18'),
	(1718, 'INV-2512125', 'Invoice', '2025-12-29', 235, 30101, 'Sales income for invoice #INV-2512125', 0.00, 11300.00, NULL, 0, 0, NULL, 2, NULL, NULL, NULL, '2025-12-29 13:34:52', '2025-12-29 13:34:52'),
	(1719, 'INV-2512125', 'Invoice', '2025-12-29', 13, 1010201, 'Cash payment for invoice #INV-2512125', 11300.00, 0.00, NULL, 0, 0, NULL, 2, NULL, NULL, NULL, '2025-12-29 13:34:52', '2025-12-29 13:34:52'),
	(1720, 'INV-2512126', 'Invoice', '2025-12-29', 235, 30101, 'Sales income for invoice #INV-2512126', 0.00, 5000.00, NULL, 0, 0, NULL, 2, NULL, NULL, NULL, '2025-12-29 13:35:50', '2025-12-29 13:35:50'),
	(1721, 'INV-2512126', 'Invoice', '2025-12-29', 13, 1010201, 'Cash payment for invoice #INV-2512126', 5000.00, 0.00, NULL, 0, 0, NULL, 2, NULL, NULL, NULL, '2025-12-29 13:35:50', '2025-12-29 13:35:50'),
	(1722, 'INV-2512127', 'Invoice', '2025-12-29', 235, 30101, 'Sales income for invoice #INV-2512127', 0.00, 3000.00, NULL, 0, 0, NULL, 2, NULL, NULL, NULL, '2025-12-29 13:37:15', '2025-12-29 13:37:15'),
	(1723, 'INV-2512127', 'Invoice', '2025-12-29', 13, 1010201, 'Cash payment for invoice #INV-2512127', 3000.00, 0.00, NULL, 0, 0, NULL, 2, NULL, NULL, NULL, '2025-12-29 13:37:15', '2025-12-29 13:37:15'),
	(1724, 'INV-2512128', 'Invoice', '2025-12-29', 235, 30101, 'Sales income for invoice #INV-2512128', 0.00, 35000.00, NULL, 0, 0, NULL, 2, NULL, NULL, NULL, '2025-12-29 13:38:59', '2025-12-29 13:38:59'),
	(1725, 'INV-2512128', 'Invoice', '2025-12-29', 13, 1010201, 'Cash payment for invoice #INV-2512128', 35000.00, 0.00, NULL, 0, 0, NULL, 2, NULL, NULL, NULL, '2025-12-29 13:38:59', '2025-12-29 13:38:59'),
	(1726, 'INV-2512129', 'Invoice', '2025-12-30', 235, 30101, 'Sales income for invoice #INV-2512129', 0.00, 38300.00, NULL, 0, 0, NULL, 2, NULL, NULL, NULL, '2025-12-30 12:07:08', '2025-12-30 12:07:08'),
	(1727, 'INV-2512129', 'Invoice', '2025-12-30', 13, 1010201, 'Cash payment for invoice #INV-2512129', 38300.00, 0.00, NULL, 0, 0, NULL, 2, NULL, NULL, NULL, '2025-12-30 12:07:08', '2025-12-30 12:07:08'),
	(1728, 'INV-2512130', 'Invoice', '2025-12-30', 235, 30101, 'Sales income for invoice #INV-2512130', 0.00, 3500.00, NULL, 0, 0, NULL, 2, NULL, NULL, NULL, '2025-12-30 12:08:37', '2025-12-30 12:08:37'),
	(1729, 'INV-2512130', 'Invoice', '2025-12-30', 13, 1010201, 'Cash payment for invoice #INV-2512130', 3500.00, 0.00, NULL, 0, 0, NULL, 2, NULL, NULL, NULL, '2025-12-30 12:08:37', '2025-12-30 12:08:37'),
	(1730, 'INV-2512131', 'Invoice', '2025-12-30', 235, 30101, 'Sales income for invoice #INV-2512131', 0.00, 9000.00, NULL, 0, 0, NULL, 2, NULL, NULL, NULL, '2025-12-30 12:09:41', '2025-12-30 12:09:41'),
	(1731, 'INV-2512131', 'Invoice', '2025-12-30', 13, 1010201, 'Cash payment for invoice #INV-2512131', 9000.00, 0.00, NULL, 0, 0, NULL, 2, NULL, NULL, NULL, '2025-12-30 12:09:41', '2025-12-30 12:09:41'),
	(1732, 'INV-2512132', 'Invoice', '2025-12-30', 235, 30101, 'Sales income for invoice #INV-2512132', 0.00, 4800.00, NULL, 0, 0, NULL, 2, NULL, NULL, NULL, '2025-12-30 12:10:49', '2025-12-30 12:10:49'),
	(1733, 'INV-2512132', 'Invoice', '2025-12-30', 13, 1010201, 'Cash payment for invoice #INV-2512132', 4800.00, 0.00, NULL, 0, 0, NULL, 2, NULL, NULL, NULL, '2025-12-30 12:10:49', '2025-12-30 12:10:49'),
	(1734, 'INV-2512133', 'Invoice', '2025-12-30', 235, 30101, 'Sales income for invoice #INV-2512133', 0.00, 9000.00, NULL, 0, 0, NULL, 2, NULL, NULL, NULL, '2025-12-30 12:11:57', '2025-12-30 12:11:57'),
	(1735, 'INV-2512133', 'Invoice', '2025-12-30', 13, 1010201, 'Cash payment for invoice #INV-2512133', 9000.00, 0.00, NULL, 0, 0, NULL, 2, NULL, NULL, NULL, '2025-12-30 12:11:57', '2025-12-30 12:11:57'),
	(1736, 'INV-2512134', 'Invoice', '2025-12-31', 235, 30101, 'Sales income for invoice #INV-2512134', 0.00, 26000.00, NULL, 0, 0, NULL, 2, NULL, NULL, NULL, '2025-12-31 07:01:14', '2025-12-31 07:01:14'),
	(1737, 'INV-2512134', 'Invoice', '2025-12-31', 13, 1010201, 'Cash payment for invoice #INV-2512134', 26000.00, 0.00, NULL, 0, 0, NULL, 2, NULL, NULL, NULL, '2025-12-31 07:01:14', '2025-12-31 07:01:14'),
	(1738, 'INV-2512135', 'Invoice', '2025-12-31', 235, 30101, 'Sales income for invoice #INV-2512135', 0.00, 6500.00, NULL, 0, 0, NULL, 2, NULL, NULL, NULL, '2025-12-31 07:01:40', '2025-12-31 07:01:40'),
	(1739, 'INV-2512135', 'Invoice', '2025-12-31', 13, 1010201, 'Cash payment for invoice #INV-2512135', 6500.00, 0.00, NULL, 0, 0, NULL, 2, NULL, NULL, NULL, '2025-12-31 07:01:40', '2025-12-31 07:01:40'),
	(1740, 'INV-2512136', 'Invoice', '2025-12-31', 235, 30101, 'Sales income for invoice #INV-2512136', 0.00, 9000.00, NULL, 0, 0, NULL, 2, NULL, NULL, NULL, '2025-12-31 07:02:03', '2025-12-31 07:02:03'),
	(1741, 'INV-2512136', 'Invoice', '2025-12-31', 13, 1010201, 'Cash payment for invoice #INV-2512136', 9000.00, 0.00, NULL, 0, 0, NULL, 2, NULL, NULL, NULL, '2025-12-31 07:02:03', '2025-12-31 07:02:03'),
	(1742, 'INV-2512137', 'Invoice', '2025-12-31', 235, 30101, 'Sales income for invoice #INV-2512137', 0.00, 5000.00, NULL, 0, 0, NULL, 2, NULL, NULL, NULL, '2025-12-31 07:02:26', '2025-12-31 07:02:26'),
	(1743, 'INV-2512137', 'Invoice', '2025-12-31', 13, 1010201, 'Cash payment for invoice #INV-2512137', 5000.00, 0.00, NULL, 0, 0, NULL, 2, NULL, NULL, NULL, '2025-12-31 07:02:26', '2025-12-31 07:02:26'),
	(1746, 'INV-2601001', 'Invoice', '2026-01-01', 235, 30101, 'Sales income for invoice #INV-2601001', 0.00, 40000.00, NULL, 0, 0, NULL, 2, NULL, NULL, NULL, '2026-01-02 05:51:44', '2026-01-02 05:51:44'),
	(1747, 'INV-2601001', 'Invoice', '2026-01-01', 13, 1010201, 'Cash payment for invoice #INV-2601001', 40000.00, 0.00, NULL, 0, 0, NULL, 2, NULL, NULL, NULL, '2026-01-02 05:51:44', '2026-01-02 05:51:44'),
	(1748, 'INV-2601002', 'Invoice', '2026-01-01', 235, 30101, 'Sales income for invoice #INV-2601002', 0.00, 3000.00, NULL, 0, 0, NULL, 2, NULL, NULL, NULL, '2026-01-02 05:52:04', '2026-01-02 05:52:04'),
	(1749, 'INV-2601002', 'Invoice', '2026-01-01', 13, 1010201, 'Cash payment for invoice #INV-2601002', 3000.00, 0.00, NULL, 0, 0, NULL, 2, NULL, NULL, NULL, '2026-01-02 05:52:04', '2026-01-02 05:52:04'),
	(1750, 'INV-2601003', 'Invoice', '2026-01-01', 235, 30101, 'Sales income for invoice #INV-2601003', 0.00, 13500.00, NULL, 0, 0, NULL, 2, NULL, NULL, NULL, '2026-01-02 05:53:19', '2026-01-02 05:53:19'),
	(1751, 'INV-2601003', 'Invoice', '2026-01-01', 13, 1010201, 'Cash payment for invoice #INV-2601003', 13500.00, 0.00, NULL, 0, 0, NULL, 2, NULL, NULL, NULL, '2026-01-02 05:53:19', '2026-01-02 05:53:19'),
	(1752, 'INV-2601004', 'Invoice', '2026-01-01', 235, 30101, 'Sales income for invoice #INV-2601004', 0.00, 8000.00, NULL, 0, 0, NULL, 2, NULL, NULL, NULL, '2026-01-02 05:54:28', '2026-01-02 05:54:28'),
	(1753, 'INV-2601004', 'Invoice', '2026-01-01', 13, 1010201, 'Cash payment for invoice #INV-2601004', 8000.00, 0.00, NULL, 0, 0, NULL, 2, NULL, NULL, NULL, '2026-01-02 05:54:28', '2026-01-02 05:54:28'),
	(1754, 'INV-2601005', 'Invoice', '2026-01-02', 235, 30101, 'Sales income for invoice #INV-2601005', 0.00, 29000.00, NULL, 0, 0, NULL, 2, NULL, NULL, NULL, '2026-01-02 14:35:37', '2026-01-02 14:35:37'),
	(1755, 'INV-2601005', 'Invoice', '2026-01-02', 13, 1010201, 'Cash payment for invoice #INV-2601005', 29000.00, 0.00, NULL, 0, 0, NULL, 2, NULL, NULL, NULL, '2026-01-02 14:35:37', '2026-01-02 14:35:37'),
	(1756, 'INV-2601006', 'Invoice', '2026-01-02', 235, 30101, 'Sales income for invoice #INV-2601006', 0.00, 7200.00, NULL, 0, 0, NULL, 2, NULL, NULL, NULL, '2026-01-02 14:36:06', '2026-01-02 14:36:06'),
	(1757, 'INV-2601006', 'Invoice', '2026-01-02', 13, 1010201, 'Cash payment for invoice #INV-2601006', 7200.00, 0.00, NULL, 0, 0, NULL, 2, NULL, NULL, NULL, '2026-01-02 14:36:06', '2026-01-02 14:36:06'),
	(1758, 'INV-2601007', 'Invoice', '2026-01-02', 235, 30101, 'Sales income for invoice #INV-2601007', 0.00, 4800.00, NULL, 0, 0, NULL, 2, NULL, NULL, NULL, '2026-01-02 14:36:37', '2026-01-02 14:36:37'),
	(1759, 'INV-2601007', 'Invoice', '2026-01-02', 13, 1010201, 'Cash payment for invoice #INV-2601007', 4800.00, 0.00, NULL, 0, 0, NULL, 2, NULL, NULL, NULL, '2026-01-02 14:36:37', '2026-01-02 14:36:37'),
	(1760, 'INV-2601008', 'Invoice', '2026-01-02', 235, 30101, 'Sales income for invoice #INV-2601008', 0.00, 3200.00, NULL, 0, 0, NULL, 2, NULL, NULL, NULL, '2026-01-02 14:37:05', '2026-01-02 14:37:05'),
	(1761, 'INV-2601008', 'Invoice', '2026-01-02', 13, 1010201, 'Cash payment for invoice #INV-2601008', 3200.00, 0.00, NULL, 0, 0, NULL, 2, NULL, NULL, NULL, '2026-01-02 14:37:05', '2026-01-02 14:37:05'),
	(1762, 'INV-2601009', 'Invoice', '2026-01-02', 235, 30101, 'Sales income for invoice #INV-2601009', 0.00, 9000.00, NULL, 0, 0, NULL, 2, NULL, NULL, NULL, '2026-01-02 14:37:42', '2026-01-02 14:37:42'),
	(1763, 'INV-2601009', 'Invoice', '2026-01-02', 13, 1010201, 'Cash payment for invoice #INV-2601009', 9000.00, 0.00, NULL, 0, 0, NULL, 2, NULL, NULL, NULL, '2026-01-02 14:37:42', '2026-01-02 14:37:42'),
	(1764, 'INV-2601010', 'Invoice', '2026-01-03', 235, 30101, 'Sales income for invoice #INV-2601010', 0.00, 54500.00, NULL, 0, 0, NULL, 2, NULL, NULL, NULL, '2026-01-03 13:58:28', '2026-01-03 13:58:28'),
	(1765, 'INV-2601010', 'Invoice', '2026-01-03', 13, 1010201, 'Cash payment for invoice #INV-2601010', 54500.00, 0.00, NULL, 0, 0, NULL, 2, NULL, NULL, NULL, '2026-01-03 13:58:28', '2026-01-03 13:58:28'),
	(1766, 'INV-2601011', 'Invoice', '2026-01-03', 235, 30101, 'Sales income for invoice #INV-2601011', 0.00, 9500.00, NULL, 0, 0, NULL, 2, NULL, NULL, NULL, '2026-01-03 13:58:51', '2026-01-03 13:58:51'),
	(1767, 'INV-2601011', 'Invoice', '2026-01-03', 13, 1010201, 'Cash payment for invoice #INV-2601011', 9500.00, 0.00, NULL, 0, 0, NULL, 2, NULL, NULL, NULL, '2026-01-03 13:58:51', '2026-01-03 13:58:51'),
	(1768, 'INV-2601012', 'Invoice', '2026-01-03', 235, 30101, 'Sales income for invoice #INV-2601012', 0.00, 5000.00, NULL, 0, 0, NULL, 2, NULL, NULL, NULL, '2026-01-03 13:59:14', '2026-01-03 13:59:14'),
	(1769, 'INV-2601012', 'Invoice', '2026-01-03', 13, 1010201, 'Cash payment for invoice #INV-2601012', 5000.00, 0.00, NULL, 0, 0, NULL, 2, NULL, NULL, NULL, '2026-01-03 13:59:14', '2026-01-03 13:59:14'),
	(1770, 'INV-2601013', 'Invoice', '2026-01-03', 235, 30101, 'Sales income for invoice #INV-2601013', 0.00, 5000.00, NULL, 0, 0, NULL, 2, NULL, NULL, NULL, '2026-01-03 13:59:39', '2026-01-03 13:59:39'),
	(1771, 'INV-2601013', 'Invoice', '2026-01-03', 13, 1010201, 'Cash payment for invoice #INV-2601013', 5000.00, 0.00, NULL, 0, 0, NULL, 2, NULL, NULL, NULL, '2026-01-03 13:59:39', '2026-01-03 13:59:39'),
	(1772, 'INV-2601014', 'Invoice', '2026-01-04', 235, 30101, 'Sales income for invoice #INV-2601014', 0.00, 41000.00, NULL, 0, 0, NULL, 2, NULL, NULL, NULL, '2026-01-04 13:23:51', '2026-01-04 13:23:51'),
	(1773, 'INV-2601014', 'Invoice', '2026-01-04', 13, 1010201, 'Cash payment for invoice #INV-2601014', 41000.00, 0.00, NULL, 0, 0, NULL, 2, NULL, NULL, NULL, '2026-01-04 13:23:51', '2026-01-04 13:23:51'),
	(1774, 'INV-2601015', 'Invoice', '2026-01-04', 235, 30101, 'Sales income for invoice #INV-2601015', 0.00, 4000.00, NULL, 0, 0, NULL, 2, NULL, NULL, NULL, '2026-01-04 13:25:04', '2026-01-04 13:25:04'),
	(1775, 'INV-2601015', 'Invoice', '2026-01-04', 13, 1010201, 'Cash payment for invoice #INV-2601015', 4000.00, 0.00, NULL, 0, 0, NULL, 2, NULL, NULL, NULL, '2026-01-04 13:25:04', '2026-01-04 13:25:04'),
	(1776, 'INV-2601016', 'Invoice', '2026-01-04', 235, 30101, 'Sales income for invoice #INV-2601016', 0.00, 4800.00, NULL, 0, 0, NULL, 2, NULL, NULL, NULL, '2026-01-04 13:25:58', '2026-01-04 13:25:58'),
	(1777, 'INV-2601016', 'Invoice', '2026-01-04', 13, 1010201, 'Cash payment for invoice #INV-2601016', 4800.00, 0.00, NULL, 0, 0, NULL, 2, NULL, NULL, NULL, '2026-01-04 13:25:58', '2026-01-04 13:25:58'),
	(1778, 'INV-2601017', 'Invoice', '2026-01-04', 235, 30101, 'Sales income for invoice #INV-2601017', 0.00, 3600.00, NULL, 0, 0, NULL, 2, NULL, NULL, NULL, '2026-01-04 13:27:15', '2026-01-04 13:27:15'),
	(1779, 'INV-2601017', 'Invoice', '2026-01-04', 13, 1010201, 'Cash payment for invoice #INV-2601017', 3600.00, 0.00, NULL, 0, 0, NULL, 2, NULL, NULL, NULL, '2026-01-04 13:27:15', '2026-01-04 13:27:15'),
	(1780, 'INV-2601018', 'Invoice', '2026-01-04', 235, 30101, 'Sales income for invoice #INV-2601018', 0.00, 9000.00, NULL, 0, 0, NULL, 2, NULL, NULL, NULL, '2026-01-04 13:28:20', '2026-01-04 13:28:20'),
	(1781, 'INV-2601018', 'Invoice', '2026-01-04', 13, 1010201, 'Cash payment for invoice #INV-2601018', 9000.00, 0.00, NULL, 0, 0, NULL, 2, NULL, NULL, NULL, '2026-01-04 13:28:20', '2026-01-04 13:28:20'),
	(1782, 'INV-2601019', 'Invoice', '2026-01-05', 235, 30101, 'Sales income for invoice #INV-2601019', 0.00, 55000.00, NULL, 0, 0, NULL, 2, NULL, NULL, NULL, '2026-01-05 12:51:22', '2026-01-05 12:51:22'),
	(1783, 'INV-2601019', 'Invoice', '2026-01-05', 13, 1010201, 'Cash payment for invoice #INV-2601019', 55000.00, 0.00, NULL, 0, 0, NULL, 2, NULL, NULL, NULL, '2026-01-05 12:51:22', '2026-01-05 12:51:22'),
	(1784, 'INV-2601020', 'Invoice', '2026-01-05', 235, 30101, 'Sales income for invoice #INV-2601020', 0.00, 11300.00, NULL, 0, 0, NULL, 2, NULL, NULL, NULL, '2026-01-05 12:52:36', '2026-01-05 12:52:36'),
	(1785, 'INV-2601020', 'Invoice', '2026-01-05', 13, 1010201, 'Cash payment for invoice #INV-2601020', 11300.00, 0.00, NULL, 0, 0, NULL, 2, NULL, NULL, NULL, '2026-01-05 12:52:36', '2026-01-05 12:52:36'),
	(1786, 'INV-2601021', 'Invoice', '2026-01-05', 235, 30101, 'Sales income for invoice #INV-2601021', 0.00, 3500.00, NULL, 0, 0, NULL, 2, NULL, NULL, NULL, '2026-01-05 12:53:40', '2026-01-05 12:53:40'),
	(1787, 'INV-2601021', 'Invoice', '2026-01-05', 13, 1010201, 'Cash payment for invoice #INV-2601021', 3500.00, 0.00, NULL, 0, 0, NULL, 2, NULL, NULL, NULL, '2026-01-05 12:53:40', '2026-01-05 12:53:40'),
	(1788, 'INV-2601022', 'Invoice', '2026-01-05', 235, 30101, 'Sales income for invoice #INV-2601022', 0.00, 9000.00, NULL, 0, 0, NULL, 2, NULL, NULL, NULL, '2026-01-05 12:54:46', '2026-01-05 12:54:46'),
	(1789, 'INV-2601022', 'Invoice', '2026-01-05', 13, 1010201, 'Cash payment for invoice #INV-2601022', 9000.00, 0.00, NULL, 0, 0, NULL, 2, NULL, NULL, NULL, '2026-01-05 12:54:46', '2026-01-05 12:54:46'),
	(1790, 'INV-2601023', 'Invoice', '2026-01-05', 235, 30101, 'Sales income for invoice #INV-2601023', 0.00, 4800.00, NULL, 0, 0, NULL, 2, NULL, NULL, NULL, '2026-01-05 12:56:02', '2026-01-05 12:56:02'),
	(1791, 'INV-2601023', 'Invoice', '2026-01-05', 13, 1010201, 'Cash payment for invoice #INV-2601023', 4800.00, 0.00, NULL, 0, 0, NULL, 2, NULL, NULL, NULL, '2026-01-05 12:56:02', '2026-01-05 12:56:02'),
	(1792, 'INV-2601024', 'Invoice', '2026-01-05', 235, 30101, 'Sales income for invoice #INV-2601024', 0.00, 2000.00, NULL, 0, 0, NULL, 2, NULL, NULL, NULL, '2026-01-05 12:57:03', '2026-01-05 12:57:03'),
	(1793, 'INV-2601024', 'Invoice', '2026-01-05', 13, 1010201, 'Cash payment for invoice #INV-2601024', 2000.00, 0.00, NULL, 0, 0, NULL, 2, NULL, NULL, NULL, '2026-01-05 12:57:03', '2026-01-05 12:57:03'),
	(1794, 'INV-2601025', 'Invoice', '2026-01-06', 235, 30101, 'Sales income for invoice #INV-2601025', 0.00, 52700.00, NULL, 0, 0, NULL, 2, NULL, NULL, NULL, '2026-01-06 12:44:54', '2026-01-06 12:44:54'),
	(1795, 'INV-2601025', 'Invoice', '2026-01-06', 13, 1010201, 'Cash payment for invoice #INV-2601025', 52700.00, 0.00, NULL, 0, 0, NULL, 2, NULL, NULL, NULL, '2026-01-06 12:44:54', '2026-01-06 12:44:54'),
	(1796, 'INV-2601026', 'Invoice', '2026-01-06', 235, 30101, 'Sales income for invoice #INV-2601026', 0.00, 3600.00, NULL, 0, 0, NULL, 2, NULL, NULL, NULL, '2026-01-06 12:45:27', '2026-01-06 12:45:27'),
	(1797, 'INV-2601026', 'Invoice', '2026-01-06', 13, 1010201, 'Cash payment for invoice #INV-2601026', 3600.00, 0.00, NULL, 0, 0, NULL, 2, NULL, NULL, NULL, '2026-01-06 12:45:27', '2026-01-06 12:45:27'),
	(1798, 'INV-2601027', 'Invoice', '2026-01-06', 235, 30101, 'Sales income for invoice #INV-2601027', 0.00, 20000.00, NULL, 0, 0, NULL, 2, NULL, NULL, NULL, '2026-01-06 12:45:56', '2026-01-06 12:45:56'),
	(1799, 'INV-2601027', 'Invoice', '2026-01-06', 13, 1010201, 'Cash payment for invoice #INV-2601027', 20000.00, 0.00, NULL, 0, 0, NULL, 2, NULL, NULL, NULL, '2026-01-06 12:45:56', '2026-01-06 12:45:56'),
	(1800, 'INV-2601028', 'Invoice', '2026-01-06', 235, 30101, 'Sales income for invoice #INV-2601028', 0.00, 3200.00, NULL, 0, 0, NULL, 2, NULL, NULL, NULL, '2026-01-06 12:46:22', '2026-01-06 12:46:22'),
	(1801, 'INV-2601028', 'Invoice', '2026-01-06', 13, 1010201, 'Cash payment for invoice #INV-2601028', 3200.00, 0.00, NULL, 0, 0, NULL, 2, NULL, NULL, NULL, '2026-01-06 12:46:22', '2026-01-06 12:46:22'),
	(1802, 'INV-2601029', 'Invoice', '2026-01-07', 235, 30101, 'Sales income for invoice #INV-2601029', 0.00, 9000.00, NULL, 0, 0, NULL, 2, NULL, NULL, NULL, '2026-01-07 14:37:38', '2026-01-07 14:37:38'),
	(1803, 'INV-2601029', 'Invoice', '2026-01-07', 13, 1010201, 'Cash payment for invoice #INV-2601029', 9000.00, 0.00, NULL, 0, 0, NULL, 2, NULL, NULL, NULL, '2026-01-07 14:37:38', '2026-01-07 14:37:38'),
	(1804, 'INV-2601030', 'Invoice', '2026-01-07', 235, 30101, 'Sales income for invoice #INV-2601030', 0.00, 6500.00, NULL, 0, 0, NULL, 2, NULL, NULL, NULL, '2026-01-07 14:38:06', '2026-01-07 14:38:06'),
	(1805, 'INV-2601030', 'Invoice', '2026-01-07', 13, 1010201, 'Cash payment for invoice #INV-2601030', 6500.00, 0.00, NULL, 0, 0, NULL, 2, NULL, NULL, NULL, '2026-01-07 14:38:06', '2026-01-07 14:38:06'),
	(1806, 'INV-2601031', 'Invoice', '2026-01-07', 235, 30101, 'Sales income for invoice #INV-2601031', 0.00, 3200.00, NULL, 0, 0, NULL, 2, NULL, NULL, NULL, '2026-01-07 14:38:32', '2026-01-07 14:38:32'),
	(1807, 'INV-2601031', 'Invoice', '2026-01-07', 13, 1010201, 'Cash payment for invoice #INV-2601031', 3200.00, 0.00, NULL, 0, 0, NULL, 2, NULL, NULL, NULL, '2026-01-07 14:38:32', '2026-01-07 14:38:32'),
	(1808, 'INV-2601032', 'Invoice', '2026-01-07', 235, 30101, 'Sales income for invoice #INV-2601032', 0.00, 5000.00, NULL, 0, 0, NULL, 2, NULL, NULL, NULL, '2026-01-07 14:38:56', '2026-01-07 14:38:56'),
	(1809, 'INV-2601032', 'Invoice', '2026-01-07', 13, 1010201, 'Cash payment for invoice #INV-2601032', 5000.00, 0.00, NULL, 0, 0, NULL, 2, NULL, NULL, NULL, '2026-01-07 14:38:56', '2026-01-07 14:38:56'),
	(1810, 'INV-2601033', 'Invoice', '2026-01-07', 235, 30101, 'Sales income for invoice #INV-2601033', 0.00, 44000.00, NULL, 0, 0, NULL, 2, NULL, NULL, NULL, '2026-01-07 14:39:28', '2026-01-07 14:39:28'),
	(1811, 'INV-2601033', 'Invoice', '2026-01-07', 13, 1010201, 'Cash payment for invoice #INV-2601033', 44000.00, 0.00, NULL, 0, 0, NULL, 2, NULL, NULL, NULL, '2026-01-07 14:39:28', '2026-01-07 14:39:28'),
	(1812, 'INV-2601034', 'Invoice', '2026-01-08', 235, 30101, 'Sales income for invoice #INV-2601034', 0.00, 55000.00, NULL, 0, 0, NULL, 2, NULL, NULL, NULL, '2026-01-08 15:29:04', '2026-01-08 15:29:04'),
	(1813, 'INV-2601034', 'Invoice', '2026-01-08', 13, 1010201, 'Cash payment for invoice #INV-2601034', 55000.00, 0.00, NULL, 0, 0, NULL, 2, NULL, NULL, NULL, '2026-01-08 15:29:04', '2026-01-08 15:29:04'),
	(1814, 'INV-2601035', 'Invoice', '2026-01-08', 235, 30101, 'Sales income for invoice #INV-2601035', 0.00, 26000.00, NULL, 0, 0, NULL, 2, NULL, NULL, NULL, '2026-01-08 15:29:33', '2026-01-08 15:29:33'),
	(1815, 'INV-2601035', 'Invoice', '2026-01-08', 13, 1010201, 'Cash payment for invoice #INV-2601035', 26000.00, 0.00, NULL, 0, 0, NULL, 2, NULL, NULL, NULL, '2026-01-08 15:29:33', '2026-01-08 15:29:33'),
	(1816, 'INV-2601036', 'Invoice', '2026-01-08', 235, 30101, 'Sales income for invoice #INV-2601036', 0.00, 11300.00, NULL, 0, 0, NULL, 2, NULL, NULL, NULL, '2026-01-08 15:30:01', '2026-01-08 15:30:01'),
	(1817, 'INV-2601036', 'Invoice', '2026-01-08', 13, 1010201, 'Cash payment for invoice #INV-2601036', 11300.00, 0.00, NULL, 0, 0, NULL, 2, NULL, NULL, NULL, '2026-01-08 15:30:01', '2026-01-08 15:30:01'),
	(1818, 'INV-2601037', 'Invoice', '2026-01-08', 235, 30101, 'Sales income for invoice #INV-2601037', 0.00, 9000.00, NULL, 0, 0, NULL, 2, NULL, NULL, NULL, '2026-01-08 15:30:30', '2026-01-08 15:30:30'),
	(1819, 'INV-2601037', 'Invoice', '2026-01-08', 13, 1010201, 'Cash payment for invoice #INV-2601037', 9000.00, 0.00, NULL, 0, 0, NULL, 2, NULL, NULL, NULL, '2026-01-08 15:30:30', '2026-01-08 15:30:30'),
	(1820, 'INV-2601038', 'Invoice', '2026-01-08', 235, 30101, 'Sales income for invoice #INV-2601038', 0.00, 5000.00, NULL, 0, 0, NULL, 2, NULL, NULL, NULL, '2026-01-08 15:30:56', '2026-01-08 15:30:56'),
	(1821, 'INV-2601038', 'Invoice', '2026-01-08', 13, 1010201, 'Cash payment for invoice #INV-2601038', 5000.00, 0.00, NULL, 0, 0, NULL, 2, NULL, NULL, NULL, '2026-01-08 15:30:56', '2026-01-08 15:30:56'),
	(1822, 'INV-2601039', 'Invoice', '2026-01-10', 235, 30101, 'Sales income for invoice #INV-2601039', 0.00, 37000.00, NULL, 0, 0, NULL, 2, NULL, NULL, NULL, '2026-01-11 12:34:04', '2026-01-11 12:34:04'),
	(1823, 'INV-2601039', 'Invoice', '2026-01-10', 13, 1010201, 'Cash payment for invoice #INV-2601039', 37000.00, 0.00, NULL, 0, 0, NULL, 2, NULL, NULL, NULL, '2026-01-11 12:34:04', '2026-01-11 12:34:04'),
	(1824, 'INV-2601040', 'Invoice', '2026-01-10', 235, 30101, 'Sales income for invoice #INV-2601040', 0.00, 3000.00, NULL, 0, 0, NULL, 2, NULL, NULL, NULL, '2026-01-11 12:35:33', '2026-01-11 12:35:33'),
	(1825, 'INV-2601040', 'Invoice', '2026-01-10', 13, 1010201, 'Cash payment for invoice #INV-2601040', 3000.00, 0.00, NULL, 0, 0, NULL, 2, NULL, NULL, NULL, '2026-01-11 12:35:33', '2026-01-11 12:35:33'),
	(1826, 'INV-2601041', 'Invoice', '2026-01-10', 235, 30101, 'Sales income for invoice #INV-2601041', 0.00, 3800.00, NULL, 0, 0, NULL, 2, NULL, NULL, NULL, '2026-01-11 12:36:48', '2026-01-11 12:36:48'),
	(1827, 'INV-2601041', 'Invoice', '2026-01-10', 13, 1010201, 'Cash payment for invoice #INV-2601041', 3800.00, 0.00, NULL, 0, 0, NULL, 2, NULL, NULL, NULL, '2026-01-11 12:36:48', '2026-01-11 12:36:48'),
	(1828, 'INV-2601042', 'Invoice', '2026-01-10', 235, 30101, 'Sales income for invoice #INV-2601042', 0.00, 5400.00, NULL, 0, 0, NULL, 2, NULL, NULL, NULL, '2026-01-11 12:38:14', '2026-01-11 12:38:14'),
	(1829, 'INV-2601042', 'Invoice', '2026-01-10', 13, 1010201, 'Cash payment for invoice #INV-2601042', 5400.00, 0.00, NULL, 0, 0, NULL, 2, NULL, NULL, NULL, '2026-01-11 12:38:14', '2026-01-11 12:38:14'),
	(1830, 'INV-2601043', 'Invoice', '2026-01-10', 235, 30101, 'Sales income for invoice #INV-2601043', 0.00, 1400.00, NULL, 0, 0, NULL, 2, NULL, NULL, NULL, '2026-01-11 12:39:23', '2026-01-11 12:39:23'),
	(1831, 'INV-2601043', 'Invoice', '2026-01-10', 13, 1010201, 'Cash payment for invoice #INV-2601043', 1400.00, 0.00, NULL, 0, 0, NULL, 2, NULL, NULL, NULL, '2026-01-11 12:39:23', '2026-01-11 12:39:23'),
	(1832, 'INV-2601044', 'Invoice', '2026-01-11', 235, 30101, 'Sales income for invoice #INV-2601044', 0.00, 42200.00, NULL, 0, 0, NULL, 2, NULL, NULL, NULL, '2026-01-11 12:41:48', '2026-01-11 12:41:48'),
	(1833, 'INV-2601044', 'Invoice', '2026-01-11', 13, 1010201, 'Cash payment for invoice #INV-2601044', 42200.00, 0.00, NULL, 0, 0, NULL, 2, NULL, NULL, NULL, '2026-01-11 12:41:48', '2026-01-11 12:41:48'),
	(1834, 'INV-2601045', 'Invoice', '2026-01-11', 235, 30101, 'Sales income for invoice #INV-2601045', 0.00, 8000.00, NULL, 0, 0, NULL, 2, NULL, NULL, NULL, '2026-01-11 12:42:56', '2026-01-11 12:42:56'),
	(1835, 'INV-2601045', 'Invoice', '2026-01-11', 13, 1010201, 'Cash payment for invoice #INV-2601045', 8000.00, 0.00, NULL, 0, 0, NULL, 2, NULL, NULL, NULL, '2026-01-11 12:42:56', '2026-01-11 12:42:56'),
	(1836, 'INV-2601046', 'Invoice', '2026-01-11', 235, 30101, 'Sales income for invoice #INV-2601046', 0.00, 9000.00, NULL, 0, 0, NULL, 2, NULL, NULL, NULL, '2026-01-11 12:43:56', '2026-01-11 12:43:56'),
	(1837, 'INV-2601046', 'Invoice', '2026-01-11', 13, 1010201, 'Cash payment for invoice #INV-2601046', 9000.00, 0.00, NULL, 0, 0, NULL, 2, NULL, NULL, NULL, '2026-01-11 12:43:56', '2026-01-11 12:43:56'),
	(1838, 'INV-2601047', 'Invoice', '2026-01-11', 235, 30101, 'Sales income for invoice #INV-2601047', 0.00, 5400.00, NULL, 0, 0, NULL, 2, NULL, NULL, NULL, '2026-01-11 12:45:56', '2026-01-11 12:45:56'),
	(1839, 'INV-2601047', 'Invoice', '2026-01-11', 13, 1010201, 'Cash payment for invoice #INV-2601047', 5400.00, 0.00, NULL, 0, 0, NULL, 2, NULL, NULL, NULL, '2026-01-11 12:45:56', '2026-01-11 12:45:56'),
	(1840, 'INV-2601048', 'Invoice', '2026-01-12', 235, 30101, 'Sales income for invoice #INV-2601048', 0.00, 45500.00, NULL, 0, 0, NULL, 2, NULL, NULL, NULL, '2026-01-12 08:41:15', '2026-01-12 08:41:15'),
	(1841, 'INV-2601048', 'Invoice', '2026-01-12', 13, 1010201, 'Cash payment for invoice #INV-2601048', 45500.00, 0.00, NULL, 0, 0, NULL, 2, NULL, NULL, NULL, '2026-01-12 08:41:15', '2026-01-12 08:41:15'),
	(1842, 'INV-2601049', 'Invoice', '2026-01-12', 235, 30101, 'Sales income for invoice #INV-2601049', 0.00, 5000.00, NULL, 0, 0, NULL, 2, NULL, NULL, NULL, '2026-01-12 08:42:14', '2026-01-12 08:42:14'),
	(1843, 'INV-2601049', 'Invoice', '2026-01-12', 13, 1010201, 'Cash payment for invoice #INV-2601049', 5000.00, 0.00, NULL, 0, 0, NULL, 2, NULL, NULL, NULL, '2026-01-12 08:42:14', '2026-01-12 08:42:14'),
	(1844, 'INV-2601050', 'Invoice', '2026-01-12', 235, 30101, 'Sales income for invoice #INV-2601050', 0.00, 5000.00, NULL, 0, 0, NULL, 2, NULL, NULL, NULL, '2026-01-12 08:44:04', '2026-01-12 08:44:04'),
	(1845, 'INV-2601050', 'Invoice', '2026-01-12', 13, 1010201, 'Cash payment for invoice #INV-2601050', 5000.00, 0.00, NULL, 0, 0, NULL, 2, NULL, NULL, NULL, '2026-01-12 08:44:04', '2026-01-12 08:44:04'),
	(1846, 'INV-2601051', 'Invoice', '2026-01-12', 235, 30101, 'Sales income for invoice #INV-2601051', 0.00, 3200.00, NULL, 0, 0, NULL, 2, NULL, NULL, NULL, '2026-01-12 08:45:06', '2026-01-12 08:45:06'),
	(1847, 'INV-2601051', 'Invoice', '2026-01-12', 13, 1010201, 'Cash payment for invoice #INV-2601051', 3200.00, 0.00, NULL, 0, 0, NULL, 2, NULL, NULL, NULL, '2026-01-12 08:45:06', '2026-01-12 08:45:06'),
	(1848, 'INV-2601052', 'Invoice', '2026-01-12', 235, 30101, 'Sales income for invoice #INV-2601052', 0.00, 6500.00, NULL, 0, 0, NULL, 2, NULL, NULL, NULL, '2026-01-12 08:46:22', '2026-01-12 08:46:22'),
	(1849, 'INV-2601052', 'Invoice', '2026-01-12', 13, 1010201, 'Cash payment for invoice #INV-2601052', 6500.00, 0.00, NULL, 0, 0, NULL, 2, NULL, NULL, NULL, '2026-01-12 08:46:22', '2026-01-12 08:46:22'),
	(1850, 'INV-2601053', 'Invoice', '2026-01-12', 235, 30101, 'Sales income for invoice #INV-2601053', 0.00, 9000.00, NULL, 0, 0, NULL, 2, NULL, NULL, NULL, '2026-01-12 08:47:14', '2026-01-12 08:47:14'),
	(1851, 'INV-2601053', 'Invoice', '2026-01-12', 13, 1010201, 'Cash payment for invoice #INV-2601053', 9000.00, 0.00, NULL, 0, 0, NULL, 2, NULL, NULL, NULL, '2026-01-12 08:47:14', '2026-01-12 08:47:14'),
	(1852, 'EXP-2601001', 'Expense', '2026-01-01', 13, 1010201, 'Salary', 0.00, 13000.00, NULL, 0, 0, NULL, 2, NULL, NULL, NULL, '2026-01-13 23:50:31', '2026-01-13 23:50:31'),
	(1853, 'EXP-2601001', 'Expense', '2026-01-01', 260, 40307, 'Salary', 13000.00, 0.00, NULL, 0, 0, NULL, 2, NULL, NULL, NULL, '2026-01-13 23:50:31', '2026-01-13 23:50:31'),
	(1854, 'EXP-2601002', 'Expense', '2026-01-03', 13, 1010201, 'Salary', 0.00, 15000.00, NULL, 0, 0, NULL, 2, NULL, NULL, NULL, '2026-01-13 23:51:14', '2026-01-13 23:51:14'),
	(1855, 'EXP-2601002', 'Expense', '2026-01-03', 260, 40307, 'Salary', 15000.00, 0.00, NULL, 0, 0, NULL, 2, NULL, NULL, NULL, '2026-01-13 23:51:14', '2026-01-13 23:51:14'),
	(1856, 'EXP-2601003', 'Expense', '2026-01-04', 13, 1010201, 'Rent', 0.00, 20000.00, NULL, 0, 0, NULL, 2, NULL, NULL, NULL, '2026-01-13 23:56:47', '2026-01-13 23:56:47'),
	(1857, 'EXP-2601003', 'Expense', '2026-01-04', 95, 40303, 'Rent', 20000.00, 0.00, NULL, 0, 0, NULL, 2, NULL, NULL, NULL, '2026-01-13 23:56:47', '2026-01-13 23:56:47'),
	(1858, 'EXP-2601004', 'Expense', '2026-01-14', 13, 1010201, 'TADA', 0.00, 9500.00, NULL, 0, 0, NULL, 2, NULL, NULL, NULL, '2026-01-13 23:58:20', '2026-01-13 23:58:20'),
	(1859, 'EXP-2601004', 'Expense', '2026-01-14', 259, 40306, 'TADA', 9500.00, 0.00, NULL, 0, 0, NULL, 2, NULL, NULL, NULL, '2026-01-13 23:58:20', '2026-01-13 23:58:20'),
	(1860, 'EXP-2601005', 'Expense', '2026-01-02', 13, 1010201, 'bill', 0.00, 5000.00, NULL, 0, 0, NULL, 2, NULL, NULL, NULL, '2026-01-13 23:59:09', '2026-01-13 23:59:09'),
	(1861, 'EXP-2601005', 'Expense', '2026-01-02', 94, 40302, 'bill', 5000.00, 0.00, NULL, 0, 0, NULL, 2, NULL, NULL, NULL, '2026-01-13 23:59:09', '2026-01-13 23:59:09'),
	(1862, 'INV-2601054', 'Invoice', '2026-01-13', 235, 30101, 'Sales income for invoice #INV-2601054', 0.00, 10000.00, NULL, 0, 0, NULL, 2, NULL, NULL, NULL, '2026-01-15 05:48:55', '2026-01-15 05:48:55'),
	(1863, 'INV-2601054', 'Invoice', '2026-01-13', 13, 1010201, 'Cash payment for invoice #INV-2601054', 10000.00, 0.00, NULL, 0, 0, NULL, 2, NULL, NULL, NULL, '2026-01-15 05:48:55', '2026-01-15 05:48:55'),
	(1864, 'INV-2601055', 'Invoice', '2026-01-13', 235, 30101, 'Sales income for invoice #INV-2601055', 0.00, 48000.00, NULL, 0, 0, NULL, 2, NULL, NULL, NULL, '2026-01-15 05:50:04', '2026-01-15 05:50:04'),
	(1865, 'INV-2601055', 'Invoice', '2026-01-13', 13, 1010201, 'Cash payment for invoice #INV-2601055', 48000.00, 0.00, NULL, 0, 0, NULL, 2, NULL, NULL, NULL, '2026-01-15 05:50:04', '2026-01-15 05:50:04'),
	(1866, 'INV-2601056', 'Invoice', '2026-01-13', 235, 30101, 'Sales income for invoice #INV-2601056', 0.00, 1400.00, NULL, 0, 0, NULL, 2, NULL, NULL, NULL, '2026-01-15 05:51:23', '2026-01-15 05:51:23'),
	(1867, 'INV-2601056', 'Invoice', '2026-01-13', 13, 1010201, 'Cash payment for invoice #INV-2601056', 1400.00, 0.00, NULL, 0, 0, NULL, 2, NULL, NULL, NULL, '2026-01-15 05:51:23', '2026-01-15 05:51:23'),
	(1868, 'INV-2601057', 'Invoice', '2026-01-13', 235, 30101, 'Sales income for invoice #INV-2601057', 0.00, 3000.00, NULL, 0, 0, NULL, 2, NULL, NULL, NULL, '2026-01-15 05:52:43', '2026-01-15 05:52:43'),
	(1869, 'INV-2601057', 'Invoice', '2026-01-13', 13, 1010201, 'Cash payment for invoice #INV-2601057', 3000.00, 0.00, NULL, 0, 0, NULL, 2, NULL, NULL, NULL, '2026-01-15 05:52:43', '2026-01-15 05:52:43'),
	(1870, 'INV-2601058', 'Invoice', '2026-01-13', 235, 30101, 'Sales income for invoice #INV-2601058', 0.00, 5000.00, NULL, 0, 0, NULL, 2, NULL, NULL, NULL, '2026-01-15 05:53:45', '2026-01-15 05:53:45'),
	(1871, 'INV-2601058', 'Invoice', '2026-01-13', 13, 1010201, 'Cash payment for invoice #INV-2601058', 5000.00, 0.00, NULL, 0, 0, NULL, 2, NULL, NULL, NULL, '2026-01-15 05:53:45', '2026-01-15 05:53:45'),
	(1872, 'INV-2601059', 'Invoice', '2026-01-14', 235, 30101, 'Sales income for invoice #INV-2601059', 0.00, 54500.00, NULL, 0, 0, NULL, 2, NULL, NULL, NULL, '2026-01-15 05:55:47', '2026-01-15 05:55:47'),
	(1873, 'INV-2601059', 'Invoice', '2026-01-14', 13, 1010201, 'Cash payment for invoice #INV-2601059', 54500.00, 0.00, NULL, 0, 0, NULL, 2, NULL, NULL, NULL, '2026-01-15 05:55:47', '2026-01-15 05:55:47'),
	(1874, 'INV-2601060', 'Invoice', '2026-01-14', 235, 30101, 'Sales income for invoice #INV-2601060', 0.00, 3000.00, NULL, 0, 0, NULL, 2, NULL, NULL, NULL, '2026-01-15 05:57:24', '2026-01-15 05:57:24'),
	(1875, 'INV-2601060', 'Invoice', '2026-01-14', 13, 1010201, 'Cash payment for invoice #INV-2601060', 3000.00, 0.00, NULL, 0, 0, NULL, 2, NULL, NULL, NULL, '2026-01-15 05:57:24', '2026-01-15 05:57:24'),
	(1876, 'INV-2601061', 'Invoice', '2026-01-14', 235, 30101, 'Sales income for invoice #INV-2601061', 0.00, 5600.00, NULL, 0, 0, NULL, 2, NULL, NULL, NULL, '2026-01-15 05:58:30', '2026-01-15 05:58:30'),
	(1877, 'INV-2601061', 'Invoice', '2026-01-14', 13, 1010201, 'Cash payment for invoice #INV-2601061', 5600.00, 0.00, NULL, 0, 0, NULL, 2, NULL, NULL, NULL, '2026-01-15 05:58:30', '2026-01-15 05:58:30'),
	(1878, 'INV-2601062', 'Invoice', '2026-01-14', 235, 30101, 'Sales income for invoice #INV-2601062', 0.00, 4000.00, NULL, 0, 0, NULL, 2, NULL, NULL, NULL, '2026-01-15 06:15:53', '2026-01-15 06:15:53'),
	(1879, 'INV-2601062', 'Invoice', '2026-01-14', 13, 1010201, 'Cash payment for invoice #INV-2601062', 4000.00, 0.00, NULL, 0, 0, NULL, 2, NULL, NULL, NULL, '2026-01-15 06:15:53', '2026-01-15 06:15:53'),
	(1880, 'INV-2601063', 'Invoice', '2026-01-15', 235, 30101, 'Sales income for invoice #INV-2601063', 0.00, 55000.00, NULL, 0, 0, NULL, 2, NULL, NULL, NULL, '2026-01-16 06:09:31', '2026-01-16 06:09:31'),
	(1881, 'INV-2601063', 'Invoice', '2026-01-15', 13, 1010201, 'Cash payment for invoice #INV-2601063', 55000.00, 0.00, NULL, 0, 0, NULL, 2, NULL, NULL, NULL, '2026-01-16 06:09:31', '2026-01-16 06:09:31'),
	(1882, 'INV-2601064', 'Invoice', '2026-01-15', 235, 30101, 'Sales income for invoice #INV-2601064', 0.00, 9000.00, NULL, 0, 0, NULL, 2, NULL, NULL, NULL, '2026-01-16 06:10:33', '2026-01-16 06:10:33'),
	(1883, 'INV-2601064', 'Invoice', '2026-01-15', 13, 1010201, 'Cash payment for invoice #INV-2601064', 9000.00, 0.00, NULL, 0, 0, NULL, 2, NULL, NULL, NULL, '2026-01-16 06:10:33', '2026-01-16 06:10:33'),
	(1884, 'INV-2601065', 'Invoice', '2026-01-15', 235, 30101, 'Sales income for invoice #INV-2601065', 0.00, 2000.00, NULL, 0, 0, NULL, 2, NULL, NULL, NULL, '2026-01-16 06:11:40', '2026-01-16 06:11:40'),
	(1885, 'INV-2601065', 'Invoice', '2026-01-15', 13, 1010201, 'Cash payment for invoice #INV-2601065', 2000.00, 0.00, NULL, 0, 0, NULL, 2, NULL, NULL, NULL, '2026-01-16 06:11:40', '2026-01-16 06:11:40'),
	(1886, 'INV-2601066', 'Invoice', '2026-01-15', 235, 30101, 'Sales income for invoice #INV-2601066', 0.00, 2000.00, NULL, 0, 0, NULL, 2, NULL, NULL, NULL, '2026-01-16 06:12:49', '2026-01-16 06:12:49'),
	(1887, 'INV-2601066', 'Invoice', '2026-01-15', 13, 1010201, 'Cash payment for invoice #INV-2601066', 2000.00, 0.00, NULL, 0, 0, NULL, 2, NULL, NULL, NULL, '2026-01-16 06:12:49', '2026-01-16 06:12:49'),
	(1888, 'INV-2601067', 'Invoice', '2026-01-15', 235, 30101, 'Sales income for invoice #INV-2601067', 0.00, 2000.00, NULL, 0, 0, NULL, 2, NULL, NULL, NULL, '2026-01-16 06:14:31', '2026-01-16 06:14:31'),
	(1889, 'INV-2601067', 'Invoice', '2026-01-15', 13, 1010201, 'Cash payment for invoice #INV-2601067', 2000.00, 0.00, NULL, 0, 0, NULL, 2, NULL, NULL, NULL, '2026-01-16 06:14:31', '2026-01-16 06:14:31'),
	(1890, 'INV-2601068', 'Invoice', '2026-01-15', 235, 30101, 'Sales income for invoice #INV-2601068', 0.00, 5600.00, NULL, 0, 0, NULL, 2, NULL, NULL, NULL, '2026-01-16 06:15:53', '2026-01-16 06:15:53'),
	(1891, 'INV-2601068', 'Invoice', '2026-01-15', 13, 1010201, 'Cash payment for invoice #INV-2601068', 5600.00, 0.00, NULL, 0, 0, NULL, 2, NULL, NULL, NULL, '2026-01-16 06:15:53', '2026-01-16 06:15:53'),
	(1892, 'INV-2601069', 'Invoice', '2026-01-17', 235, 30101, 'Sales income for invoice #INV-2601069', 0.00, 45500.00, NULL, 0, 0, NULL, 2, NULL, NULL, NULL, '2026-01-18 04:45:38', '2026-01-18 04:45:38'),
	(1893, 'INV-2601069', 'Invoice', '2026-01-17', 13, 1010201, 'Cash payment for invoice #INV-2601069', 45500.00, 0.00, NULL, 0, 0, NULL, 2, NULL, NULL, NULL, '2026-01-18 04:45:38', '2026-01-18 04:45:38'),
	(1894, 'INV-2601070', 'Invoice', '2026-01-17', 235, 30101, 'Sales income for invoice #INV-2601070', 0.00, 9000.00, NULL, 0, 0, NULL, 2, NULL, NULL, NULL, '2026-01-18 04:46:46', '2026-01-18 04:46:46'),
	(1895, 'INV-2601070', 'Invoice', '2026-01-17', 13, 1010201, 'Cash payment for invoice #INV-2601070', 9000.00, 0.00, NULL, 0, 0, NULL, 2, NULL, NULL, NULL, '2026-01-18 04:46:46', '2026-01-18 04:46:46'),
	(1896, 'INV-2601071', 'Invoice', '2026-01-17', 235, 30101, 'Sales income for invoice #INV-2601071', 0.00, 3500.00, NULL, 0, 0, NULL, 2, NULL, NULL, NULL, '2026-01-18 04:48:36', '2026-01-18 04:48:36'),
	(1897, 'INV-2601071', 'Invoice', '2026-01-17', 13, 1010201, 'Cash payment for invoice #INV-2601071', 3500.00, 0.00, NULL, 0, 0, NULL, 2, NULL, NULL, NULL, '2026-01-18 04:48:36', '2026-01-18 04:48:36'),
	(1898, 'INV-2601072', 'Invoice', '2026-01-17', 235, 30101, 'Sales income for invoice #INV-2601072', 0.00, 10000.00, NULL, 0, 0, NULL, 2, NULL, NULL, NULL, '2026-01-18 04:49:44', '2026-01-18 04:49:44'),
	(1899, 'INV-2601072', 'Invoice', '2026-01-17', 13, 1010201, 'Cash payment for invoice #INV-2601072', 10000.00, 0.00, NULL, 0, 0, NULL, 2, NULL, NULL, NULL, '2026-01-18 04:49:44', '2026-01-18 04:49:44'),
	(1900, 'INV-2601073', 'Invoice', '2026-01-17', 235, 30101, 'Sales income for invoice #INV-2601073', 0.00, 4800.00, NULL, 0, 0, NULL, 2, NULL, NULL, NULL, '2026-01-18 04:50:47', '2026-01-18 04:50:47'),
	(1901, 'INV-2601073', 'Invoice', '2026-01-17', 13, 1010201, 'Cash payment for invoice #INV-2601073', 4800.00, 0.00, NULL, 0, 0, NULL, 2, NULL, NULL, NULL, '2026-01-18 04:50:47', '2026-01-18 04:50:47'),
	(1902, 'INV-2601074', 'Invoice', '2026-01-18', 235, 30101, 'Sales income for invoice #INV-2601074', 0.00, 55000.00, NULL, 0, 0, NULL, 2, NULL, NULL, NULL, '2026-01-19 04:48:24', '2026-01-19 04:48:24'),
	(1903, 'INV-2601074', 'Invoice', '2026-01-18', 13, 1010201, 'Cash payment for invoice #INV-2601074', 55000.00, 0.00, NULL, 0, 0, NULL, 2, NULL, NULL, NULL, '2026-01-19 04:48:24', '2026-01-19 04:48:24'),
	(1904, 'INV-2601075', 'Invoice', '2026-01-18', 235, 30101, 'Sales income for invoice #INV-2601075', 0.00, 6500.00, NULL, 0, 0, NULL, 2, NULL, NULL, NULL, '2026-01-19 04:49:54', '2026-01-19 04:49:54'),
	(1905, 'INV-2601075', 'Invoice', '2026-01-18', 13, 1010201, 'Cash payment for invoice #INV-2601075', 6500.00, 0.00, NULL, 0, 0, NULL, 2, NULL, NULL, NULL, '2026-01-19 04:49:54', '2026-01-19 04:49:54'),
	(1906, 'INV-2601076', 'Invoice', '2026-01-18', 235, 30101, 'Sales income for invoice #INV-2601076', 0.00, 4800.00, NULL, 0, 0, NULL, 2, NULL, NULL, NULL, '2026-01-19 04:51:00', '2026-01-19 04:51:00'),
	(1907, 'INV-2601076', 'Invoice', '2026-01-18', 13, 1010201, 'Cash payment for invoice #INV-2601076', 4800.00, 0.00, NULL, 0, 0, NULL, 2, NULL, NULL, NULL, '2026-01-19 04:51:00', '2026-01-19 04:51:00'),
	(1908, 'INV-2601077', 'Invoice', '2026-01-18', 235, 30101, 'Sales income for invoice #INV-2601077', 0.00, 5000.00, NULL, 0, 0, NULL, 2, NULL, NULL, NULL, '2026-01-19 04:52:15', '2026-01-19 04:52:15'),
	(1909, 'INV-2601077', 'Invoice', '2026-01-18', 13, 1010201, 'Cash payment for invoice #INV-2601077', 5000.00, 0.00, NULL, 0, 0, NULL, 2, NULL, NULL, NULL, '2026-01-19 04:52:15', '2026-01-19 04:52:15'),
	(1910, 'INV-2601078', 'Invoice', '2026-01-18', 235, 30101, 'Sales income for invoice #INV-2601078', 0.00, 3200.00, NULL, 0, 0, NULL, 2, NULL, NULL, NULL, '2026-01-19 04:53:20', '2026-01-19 04:53:20'),
	(1911, 'INV-2601078', 'Invoice', '2026-01-18', 13, 1010201, 'Cash payment for invoice #INV-2601078', 3200.00, 0.00, NULL, 0, 0, NULL, 2, NULL, NULL, NULL, '2026-01-19 04:53:20', '2026-01-19 04:53:20'),
	(1912, 'INV-2601079', 'Invoice', '2026-01-18', 235, 30101, 'Sales income for invoice #INV-2601079', 0.00, 9000.00, NULL, 0, 0, NULL, 2, NULL, NULL, NULL, '2026-01-19 04:54:53', '2026-01-19 04:54:53'),
	(1913, 'INV-2601079', 'Invoice', '2026-01-18', 13, 1010201, 'Cash payment for invoice #INV-2601079', 9000.00, 0.00, NULL, 0, 0, NULL, 2, NULL, NULL, NULL, '2026-01-19 04:54:53', '2026-01-19 04:54:53'),
	(1914, 'INV-2601080', 'Invoice', '2026-01-19', 235, 30101, 'Sales income for invoice #INV-2601080', 0.00, 9000.00, NULL, 0, 0, NULL, 2, NULL, NULL, NULL, '2026-01-21 12:37:24', '2026-01-21 12:37:24'),
	(1915, 'INV-2601080', 'Invoice', '2026-01-19', 13, 1010201, 'Cash payment for invoice #INV-2601080', 9000.00, 0.00, NULL, 0, 0, NULL, 2, NULL, NULL, NULL, '2026-01-21 12:37:24', '2026-01-21 12:37:24'),
	(1916, 'INV-2601081', 'Invoice', '2026-01-19', 235, 30101, 'Sales income for invoice #INV-2601081', 0.00, 20000.00, NULL, 0, 0, NULL, 2, NULL, NULL, NULL, '2026-01-21 12:38:46', '2026-01-21 12:38:46'),
	(1917, 'INV-2601081', 'Invoice', '2026-01-19', 13, 1010201, 'Cash payment for invoice #INV-2601081', 20000.00, 0.00, NULL, 0, 0, NULL, 2, NULL, NULL, NULL, '2026-01-21 12:38:46', '2026-01-21 12:38:46'),
	(1918, 'INV-2601082', 'Invoice', '2026-01-19', 235, 30101, 'Sales income for invoice #INV-2601082', 0.00, 11300.00, NULL, 0, 0, NULL, 2, NULL, NULL, NULL, '2026-01-21 12:39:55', '2026-01-21 12:39:55'),
	(1919, 'INV-2601082', 'Invoice', '2026-01-19', 13, 1010201, 'Cash payment for invoice #INV-2601082', 11300.00, 0.00, NULL, 0, 0, NULL, 2, NULL, NULL, NULL, '2026-01-21 12:39:55', '2026-01-21 12:39:55'),
	(1920, 'INV-2601083', 'Invoice', '2026-01-19', 235, 30101, 'Sales income for invoice #INV-2601083', 0.00, 5000.00, NULL, 0, 0, NULL, 2, NULL, NULL, NULL, '2026-01-21 12:40:52', '2026-01-21 12:40:52'),
	(1921, 'INV-2601083', 'Invoice', '2026-01-19', 13, 1010201, 'Cash payment for invoice #INV-2601083', 5000.00, 0.00, NULL, 0, 0, NULL, 2, NULL, NULL, NULL, '2026-01-21 12:40:52', '2026-01-21 12:40:52'),
	(1922, 'INV-2601084', 'Invoice', '2026-01-19', 235, 30101, 'Sales income for invoice #INV-2601084', 0.00, 4000.00, NULL, 0, 0, NULL, 2, NULL, NULL, NULL, '2026-01-21 12:42:26', '2026-01-21 12:42:26'),
	(1923, 'INV-2601084', 'Invoice', '2026-01-19', 13, 1010201, 'Cash payment for invoice #INV-2601084', 4000.00, 0.00, NULL, 0, 0, NULL, 2, NULL, NULL, NULL, '2026-01-21 12:42:26', '2026-01-21 12:42:26'),
	(1924, 'INV-2601085', 'Invoice', '2026-01-20', 235, 30101, 'Sales income for invoice #INV-2601085', 0.00, 48000.00, NULL, 0, 0, NULL, 2, NULL, NULL, NULL, '2026-01-21 12:43:55', '2026-01-21 12:43:55'),
	(1925, 'INV-2601085', 'Invoice', '2026-01-20', 13, 1010201, 'Cash payment for invoice #INV-2601085', 48000.00, 0.00, NULL, 0, 0, NULL, 2, NULL, NULL, NULL, '2026-01-21 12:43:55', '2026-01-21 12:43:55'),
	(1926, 'INV-2601086', 'Invoice', '2026-01-20', 235, 30101, 'Sales income for invoice #INV-2601086', 0.00, 6500.00, NULL, 0, 0, NULL, 2, NULL, NULL, NULL, '2026-01-21 12:45:12', '2026-01-21 12:45:12'),
	(1927, 'INV-2601086', 'Invoice', '2026-01-20', 13, 1010201, 'Cash payment for invoice #INV-2601086', 6500.00, 0.00, NULL, 0, 0, NULL, 2, NULL, NULL, NULL, '2026-01-21 12:45:12', '2026-01-21 12:45:12'),
	(1928, 'INV-2601087', 'Invoice', '2026-01-20', 235, 30101, 'Sales income for invoice #INV-2601087', 0.00, 4800.00, NULL, 0, 0, NULL, 2, NULL, NULL, NULL, '2026-01-21 12:46:09', '2026-01-21 12:46:09'),
	(1929, 'INV-2601087', 'Invoice', '2026-01-20', 13, 1010201, 'Cash payment for invoice #INV-2601087', 4800.00, 0.00, NULL, 0, 0, NULL, 2, NULL, NULL, NULL, '2026-01-21 12:46:09', '2026-01-21 12:46:09'),
	(1930, 'INV-2601088', 'Invoice', '2026-01-20', 235, 30101, 'Sales income for invoice #INV-2601088', 0.00, 3200.00, NULL, 0, 0, NULL, 2, NULL, NULL, NULL, '2026-01-21 12:47:07', '2026-01-21 12:47:07'),
	(1931, 'INV-2601088', 'Invoice', '2026-01-20', 13, 1010201, 'Cash payment for invoice #INV-2601088', 3200.00, 0.00, NULL, 0, 0, NULL, 2, NULL, NULL, NULL, '2026-01-21 12:47:07', '2026-01-21 12:47:07'),
	(1932, 'INV-2601089', 'Invoice', '2026-01-20', 235, 30101, 'Sales income for invoice #INV-2601089', 0.00, 9000.00, NULL, 0, 0, NULL, 2, NULL, NULL, NULL, '2026-01-21 12:48:42', '2026-01-21 12:48:42'),
	(1933, 'INV-2601089', 'Invoice', '2026-01-20', 13, 1010201, 'Cash payment for invoice #INV-2601089', 9000.00, 0.00, NULL, 0, 0, NULL, 2, NULL, NULL, NULL, '2026-01-21 12:48:42', '2026-01-21 12:48:42'),
	(1934, 'INV-2601090', 'Invoice', '2026-01-21', 235, 30101, 'Sales income for invoice #INV-2601090', 0.00, 52200.00, NULL, 0, 0, NULL, 2, NULL, NULL, NULL, '2026-01-21 13:19:09', '2026-01-21 13:19:09'),
	(1935, 'INV-2601090', 'Invoice', '2026-01-21', 13, 1010201, 'Cash payment for invoice #INV-2601090', 52200.00, 0.00, NULL, 0, 0, NULL, 2, NULL, NULL, NULL, '2026-01-21 13:19:09', '2026-01-21 13:19:09'),
	(1936, 'INV-2601091', 'Invoice', '2026-01-21', 235, 30101, 'Sales income for invoice #INV-2601091', 0.00, 2000.00, NULL, 0, 0, NULL, 2, NULL, NULL, NULL, '2026-01-21 13:20:24', '2026-01-21 13:20:24'),
	(1937, 'INV-2601091', 'Invoice', '2026-01-21', 13, 1010201, 'Cash payment for invoice #INV-2601091', 2000.00, 0.00, NULL, 0, 0, NULL, 2, NULL, NULL, NULL, '2026-01-21 13:20:24', '2026-01-21 13:20:24'),
	(1938, 'INV-2601092', 'Invoice', '2026-01-21', 235, 30101, 'Sales income for invoice #INV-2601092', 0.00, 20000.00, NULL, 0, 0, NULL, 2, NULL, NULL, NULL, '2026-01-21 13:21:25', '2026-01-21 13:21:25'),
	(1939, 'INV-2601092', 'Invoice', '2026-01-21', 13, 1010201, 'Cash payment for invoice #INV-2601092', 20000.00, 0.00, NULL, 0, 0, NULL, 2, NULL, NULL, NULL, '2026-01-21 13:21:25', '2026-01-21 13:21:25'),
	(1940, 'INV-2601093', 'Invoice', '2026-01-21', 235, 30101, 'Sales income for invoice #INV-2601093', 0.00, 11300.00, NULL, 0, 0, NULL, 2, NULL, NULL, NULL, '2026-01-21 13:22:44', '2026-01-21 13:22:44'),
	(1941, 'INV-2601093', 'Invoice', '2026-01-21', 13, 1010201, 'Cash payment for invoice #INV-2601093', 11300.00, 0.00, NULL, 0, 0, NULL, 2, NULL, NULL, NULL, '2026-01-21 13:22:44', '2026-01-21 13:22:44'),
	(1942, 'INV-2601094', 'Invoice', '2026-01-21', 235, 30101, 'Sales income for invoice #INV-2601094', 0.00, 1800.00, NULL, 0, 0, NULL, 2, NULL, NULL, NULL, '2026-01-21 13:24:05', '2026-01-21 13:24:05'),
	(1943, 'INV-2601094', 'Invoice', '2026-01-21', 13, 1010201, 'Cash payment for invoice #INV-2601094', 1800.00, 0.00, NULL, 0, 0, NULL, 2, NULL, NULL, NULL, '2026-01-21 13:24:05', '2026-01-21 13:24:05'),
	(1944, 'EXP-2601006', 'Expense', '2026-01-10', 13, 1010201, 'Salary', 0.00, 20000.00, NULL, 0, 0, NULL, 2, NULL, NULL, NULL, '2026-01-23 23:55:19', '2026-01-23 23:55:19'),
	(1945, 'EXP-2601006', 'Expense', '2026-01-10', 260, 40307, 'Salary', 20000.00, 0.00, NULL, 0, 0, NULL, 2, NULL, NULL, NULL, '2026-01-23 23:55:19', '2026-01-23 23:55:19'),
	(1946, 'INV-2601095', 'Invoice', '2026-01-22', 235, 30101, 'Sales income for invoice #INV-2601095', 0.00, 9000.00, NULL, 0, 0, NULL, 2, NULL, NULL, NULL, '2026-01-25 06:45:26', '2026-01-25 06:45:26'),
	(1947, 'INV-2601095', 'Invoice', '2026-01-22', 13, 1010201, 'Cash payment for invoice #INV-2601095', 9000.00, 0.00, NULL, 0, 0, NULL, 2, NULL, NULL, NULL, '2026-01-25 06:45:26', '2026-01-25 06:45:26'),
	(1948, 'INV-2601096', 'Invoice', '2026-01-22', 235, 30101, 'Sales income for invoice #INV-2601096', 0.00, 8000.00, NULL, 0, 0, NULL, 2, NULL, NULL, NULL, '2026-01-25 06:46:20', '2026-01-25 06:46:20'),
	(1949, 'INV-2601096', 'Invoice', '2026-01-22', 13, 1010201, 'Cash payment for invoice #INV-2601096', 8000.00, 0.00, NULL, 0, 0, NULL, 2, NULL, NULL, NULL, '2026-01-25 06:46:20', '2026-01-25 06:46:20'),
	(1950, 'INV-2601097', 'Invoice', '2026-01-22', 235, 30101, 'Sales income for invoice #INV-2601097', 0.00, 26000.00, NULL, 0, 0, NULL, 2, NULL, NULL, NULL, '2026-01-25 06:53:59', '2026-01-25 06:53:59'),
	(1951, 'INV-2601097', 'Invoice', '2026-01-22', 236, 1010101, 'Due from customer for invoice #INV-2601097', 26000.00, 0.00, NULL, 0, 0, NULL, 2, NULL, NULL, NULL, '2026-01-25 06:53:59', '2026-01-25 06:53:59'),
	(1952, 'INV-2601097', 'Invoice', '2026-01-22', 13, 1010201, 'Payment received via Cash for invoice #INV-2601097', 26000.00, 0.00, NULL, 0, 0, NULL, 2, NULL, NULL, NULL, '2026-01-25 06:54:56', '2026-01-25 06:54:56'),
	(1953, 'INV-2601097', 'Invoice', '2026-01-22', 236, 1010101, 'Reduce Accounts Receivable for invoice #INV-2601097', 0.00, 26000.00, NULL, 0, 0, NULL, 2, NULL, NULL, NULL, '2026-01-25 06:54:56', '2026-01-25 06:54:56'),
	(1954, 'INV-2601098', 'Invoice', '2026-01-22', 235, 30101, 'Sales income for invoice #INV-2601098', 0.00, 37000.00, NULL, 0, 0, NULL, 2, NULL, NULL, NULL, '2026-01-25 06:57:04', '2026-01-25 06:57:04'),
	(1955, 'INV-2601098', 'Invoice', '2026-01-22', 13, 1010201, 'Cash payment for invoice #INV-2601098', 37000.00, 0.00, NULL, 0, 0, NULL, 2, NULL, NULL, NULL, '2026-01-25 06:57:04', '2026-01-25 06:57:04'),
	(1956, 'INV-2601099', 'Invoice', '2026-01-24', 235, 30101, 'Sales income for invoice #INV-2601099', 0.00, 30000.00, NULL, 0, 0, NULL, 2, NULL, NULL, NULL, '2026-01-25 07:01:17', '2026-01-25 07:01:17'),
	(1957, 'INV-2601099', 'Invoice', '2026-01-24', 13, 1010201, 'Cash payment for invoice #INV-2601099', 30000.00, 0.00, NULL, 0, 0, NULL, 2, NULL, NULL, NULL, '2026-01-25 07:01:17', '2026-01-25 07:01:17'),
	(1958, 'INV-2601100', 'Invoice', '2026-01-24', 235, 30101, 'Sales income for invoice #INV-2601100', 0.00, 27000.00, NULL, 0, 0, NULL, 2, NULL, NULL, NULL, '2026-01-25 07:02:14', '2026-01-25 07:02:14'),
	(1959, 'INV-2601100', 'Invoice', '2026-01-24', 13, 1010201, 'Cash payment for invoice #INV-2601100', 27000.00, 0.00, NULL, 0, 0, NULL, 2, NULL, NULL, NULL, '2026-01-25 07:02:14', '2026-01-25 07:02:14'),
	(1960, 'INV-2601101', 'Invoice', '2026-01-24', 235, 30101, 'Sales income for invoice #INV-2601101', 0.00, 3000.00, NULL, 0, 0, NULL, 2, NULL, NULL, NULL, '2026-01-25 07:03:48', '2026-01-25 07:03:48'),
	(1961, 'INV-2601101', 'Invoice', '2026-01-24', 13, 1010201, 'Cash payment for invoice #INV-2601101', 3000.00, 0.00, NULL, 0, 0, NULL, 2, NULL, NULL, NULL, '2026-01-25 07:03:48', '2026-01-25 07:03:48'),
	(1962, 'INV-2601102', 'Invoice', '2026-01-24', 235, 30101, 'Sales income for invoice #INV-2601102', 0.00, 5500.00, NULL, 0, 0, NULL, 2, NULL, NULL, NULL, '2026-01-25 07:04:46', '2026-01-25 07:04:46'),
	(1963, 'INV-2601102', 'Invoice', '2026-01-24', 13, 1010201, 'Cash payment for invoice #INV-2601102', 5500.00, 0.00, NULL, 0, 0, NULL, 2, NULL, NULL, NULL, '2026-01-25 07:04:46', '2026-01-25 07:04:46'),
	(1964, 'INV-2601103', 'Invoice', '2026-01-25', 235, 30101, 'Sales income for invoice #INV-2601103', 0.00, 9000.00, NULL, 0, 0, NULL, 2, NULL, NULL, NULL, '2026-01-25 07:07:52', '2026-01-25 07:07:52'),
	(1965, 'INV-2601103', 'Invoice', '2026-01-25', 13, 1010201, 'Cash payment for invoice #INV-2601103', 9000.00, 0.00, NULL, 0, 0, NULL, 2, NULL, NULL, NULL, '2026-01-25 07:07:52', '2026-01-25 07:07:52'),
	(1966, 'INV-2601104', 'Invoice', '2026-01-25', 235, 30101, 'Sales income for invoice #INV-2601104', 0.00, 31300.00, NULL, 0, 0, NULL, 2, NULL, NULL, NULL, '2026-01-25 07:09:05', '2026-01-25 07:09:05'),
	(1967, 'INV-2601104', 'Invoice', '2026-01-25', 13, 1010201, 'Cash payment for invoice #INV-2601104', 31300.00, 0.00, NULL, 0, 0, NULL, 2, NULL, NULL, NULL, '2026-01-25 07:09:05', '2026-01-25 07:09:05'),
	(1968, 'INV-2601105', 'Invoice', '2026-01-25', 235, 30101, 'Sales income for invoice #INV-2601105', 0.00, 28500.00, NULL, 0, 0, NULL, 2, NULL, NULL, NULL, '2026-01-25 07:12:11', '2026-01-25 07:12:11'),
	(1969, 'INV-2601105', 'Invoice', '2026-01-25', 13, 1010201, 'Cash payment for invoice #INV-2601105', 28500.00, 0.00, NULL, 0, 0, NULL, 2, NULL, NULL, NULL, '2026-01-25 07:12:11', '2026-01-25 07:12:11'),
	(1970, 'EXP-2601007', 'Expense', '2026-01-26', 13, 1010201, 'BBox pic', 0.00, 10000.00, NULL, 0, 0, NULL, 2, NULL, NULL, NULL, '2026-01-26 00:59:26', '2026-01-26 00:59:26'),
	(1971, 'EXP-2601007', 'Expense', '2026-01-26', 259, 40306, 'BBox pic', 10000.00, 0.00, NULL, 0, 0, NULL, 2, NULL, NULL, NULL, '2026-01-26 00:59:26', '2026-01-26 00:59:26'),
	(1974, 'EXP-2601009', 'Expense', '2026-01-19', 13, 1010201, 'salary', 0.00, 20000.00, NULL, 0, 0, NULL, 2, NULL, NULL, NULL, '2026-01-26 01:00:52', '2026-01-26 01:00:52'),
	(1975, 'EXP-2601009', 'Expense', '2026-01-19', 260, 40307, 'salary', 20000.00, 0.00, NULL, 0, 0, NULL, 2, NULL, NULL, NULL, '2026-01-26 01:00:52', '2026-01-26 01:00:52'),
	(1976, 'EXP-2601010', 'Expense', '2026-01-19', 13, 1010201, 'salary', 0.00, 20000.00, NULL, 0, 0, NULL, 2, NULL, 2, '2026-01-26 01:01:45', '2026-01-26 01:01:03', '2026-01-26 01:01:45'),
	(1977, 'EXP-2601010', 'Expense', '2026-01-19', 260, 40307, 'salary', 20000.00, 0.00, NULL, 0, 0, NULL, 2, NULL, 2, '2026-01-26 01:01:45', '2026-01-26 01:01:03', '2026-01-26 01:01:45'),
	(1978, 'EXP-2601008', 'Expense', '2026-01-20', 13, 1010201, 'marketing', 0.00, 10000.00, NULL, 0, 0, NULL, NULL, 2, NULL, NULL, '2026-01-26 01:01:27', '2026-01-26 01:01:27'),
	(1979, 'EXP-2601008', 'Expense', '2026-01-20', 258, 40305, 'marketing', 10000.00, 0.00, NULL, 0, 0, NULL, NULL, 2, NULL, NULL, '2026-01-26 01:01:27', '2026-01-26 01:01:27'),
	(1980, 'EXP-2601011', 'Expense', '2026-01-26', 13, 1010201, 'salary', 0.00, 10000.00, NULL, 0, 0, NULL, 2, NULL, NULL, NULL, '2026-01-26 01:03:04', '2026-01-26 01:03:04'),
	(1981, 'EXP-2601011', 'Expense', '2026-01-26', 260, 40307, 'salary', 10000.00, 0.00, NULL, 0, 0, NULL, 2, NULL, NULL, NULL, '2026-01-26 01:03:04', '2026-01-26 01:03:04'),
	(1982, 'INV-2601106', 'Invoice', '2026-01-26', 235, 30101, 'Sales income for invoice #INV-2601106', 0.00, 115000.00, NULL, 0, 0, NULL, 2, NULL, NULL, NULL, '2026-01-27 01:55:41', '2026-01-27 01:55:41'),
	(1983, 'INV-2601106', 'Invoice', '2026-01-26', 13, 1010201, 'Cash payment for invoice #INV-2601106', 115000.00, 0.00, NULL, 0, 0, NULL, 2, NULL, NULL, NULL, '2026-01-27 01:55:41', '2026-01-27 01:55:41'),
	(1984, 'INV-2601107', 'Invoice', '2026-01-26', 235, 30101, 'Sales income for invoice #INV-2601107', 0.00, 5000.00, NULL, 0, 0, NULL, 2, NULL, NULL, NULL, '2026-01-27 01:56:34', '2026-01-27 01:56:34'),
	(1985, 'INV-2601107', 'Invoice', '2026-01-26', 13, 1010201, 'Cash payment for invoice #INV-2601107', 5000.00, 0.00, NULL, 0, 0, NULL, 2, NULL, NULL, NULL, '2026-01-27 01:56:34', '2026-01-27 01:56:34'),
	(1986, 'INV-2601108', 'Invoice', '2026-01-26', 235, 30101, 'Sales income for invoice #INV-2601108', 0.00, 9000.00, NULL, 0, 0, NULL, 2, NULL, NULL, NULL, '2026-01-27 01:58:12', '2026-01-27 01:58:12'),
	(1987, 'INV-2601108', 'Invoice', '2026-01-26', 13, 1010201, 'Cash payment for invoice #INV-2601108', 9000.00, 0.00, NULL, 0, 0, NULL, 2, NULL, NULL, NULL, '2026-01-27 01:58:12', '2026-01-27 01:58:12'),
	(1988, 'INV-2601109', 'Invoice', '2026-01-26', 235, 30101, 'Sales income for invoice #INV-2601109', 0.00, 6500.00, NULL, 0, 0, NULL, 2, NULL, NULL, NULL, '2026-01-27 01:59:12', '2026-01-27 01:59:12'),
	(1989, 'INV-2601109', 'Invoice', '2026-01-26', 13, 1010201, 'Cash payment for invoice #INV-2601109', 6500.00, 0.00, NULL, 0, 0, NULL, 2, NULL, NULL, NULL, '2026-01-27 01:59:12', '2026-01-27 01:59:12'),
	(1990, 'INV-2601110', 'Invoice', '2026-01-26', 235, 30101, 'Sales income for invoice #INV-2601110', 0.00, 3900.00, NULL, 0, 0, NULL, 2, NULL, NULL, NULL, '2026-01-27 02:00:08', '2026-01-27 02:00:08'),
	(1991, 'INV-2601110', 'Invoice', '2026-01-26', 13, 1010201, 'Cash payment for invoice #INV-2601110', 3900.00, 0.00, NULL, 0, 0, NULL, 2, NULL, NULL, NULL, '2026-01-27 02:00:08', '2026-01-27 02:00:08'),
	(1992, 'INV-2601111', 'Invoice', '2026-01-27', 235, 30101, 'Sales income for invoice #INV-2601111', 0.00, 55000.00, NULL, 0, 0, NULL, 2, NULL, NULL, NULL, '2026-01-27 07:26:01', '2026-01-27 07:26:01'),
	(1993, 'INV-2601111', 'Invoice', '2026-01-27', 13, 1010201, 'Cash payment for invoice #INV-2601111', 55000.00, 0.00, NULL, 0, 0, NULL, 2, NULL, NULL, NULL, '2026-01-27 07:26:01', '2026-01-27 07:26:01'),
	(1994, 'INV-2601112', 'Invoice', '2026-01-27', 235, 30101, 'Sales income for invoice #INV-2601112', 0.00, 35000.00, NULL, 0, 0, NULL, 2, NULL, NULL, NULL, '2026-01-27 07:26:46', '2026-01-27 07:26:46'),
	(1995, 'INV-2601112', 'Invoice', '2026-01-27', 13, 1010201, 'Cash payment for invoice #INV-2601112', 35000.00, 0.00, NULL, 0, 0, NULL, 2, NULL, NULL, NULL, '2026-01-27 07:26:46', '2026-01-27 07:26:46'),
	(1996, 'INV-2601113', 'Invoice', '2026-01-27', 235, 30101, 'Sales income for invoice #INV-2601113', 0.00, 25000.00, NULL, 0, 0, NULL, 2, NULL, NULL, NULL, '2026-01-27 07:27:43', '2026-01-27 07:27:43'),
	(1997, 'INV-2601113', 'Invoice', '2026-01-27', 13, 1010201, 'Cash payment for invoice #INV-2601113', 25000.00, 0.00, NULL, 0, 0, NULL, 2, NULL, NULL, NULL, '2026-01-27 07:27:43', '2026-01-27 07:27:43'),
	(1998, 'INV-2601114', 'Invoice', '2026-01-27', 235, 30101, 'Sales income for invoice #INV-2601114', 0.00, 1700.00, NULL, 0, 0, NULL, 2, NULL, NULL, NULL, '2026-01-27 07:29:13', '2026-01-27 07:29:13'),
	(1999, 'INV-2601114', 'Invoice', '2026-01-27', 13, 1010201, 'Cash payment for invoice #INV-2601114', 1700.00, 0.00, NULL, 0, 0, NULL, 2, NULL, NULL, NULL, '2026-01-27 07:29:13', '2026-01-27 07:29:13'),
	(2000, 'INV-2601115', 'Invoice', '2026-01-27', 235, 30101, 'Sales income for invoice #INV-2601115', 0.00, 500.00, NULL, 0, 0, NULL, 2, NULL, NULL, NULL, '2026-01-27 07:30:10', '2026-01-27 07:30:10'),
	(2001, 'INV-2601115', 'Invoice', '2026-01-27', 13, 1010201, 'Cash payment for invoice #INV-2601115', 500.00, 0.00, NULL, 0, 0, NULL, 2, NULL, NULL, NULL, '2026-01-27 07:30:10', '2026-01-27 07:30:10'),
	(2002, 'INV-2601116', 'Invoice', '2026-01-27', 235, 30101, 'Sales income for invoice #INV-2601116', 0.00, 1500.00, NULL, 0, 0, NULL, 2, NULL, NULL, NULL, '2026-01-27 07:31:06', '2026-01-27 07:31:06'),
	(2003, 'INV-2601116', 'Invoice', '2026-01-27', 13, 1010201, 'Cash payment for invoice #INV-2601116', 1500.00, 0.00, NULL, 0, 0, NULL, 2, NULL, NULL, NULL, '2026-01-27 07:31:06', '2026-01-27 07:31:06'),
	(2004, 'INV-2601117', 'Invoice', '2026-01-28', 235, 30101, 'Sales income for invoice #INV-2601117', 0.00, 45000.00, NULL, 0, 0, NULL, 2, NULL, NULL, NULL, '2026-01-29 05:55:11', '2026-01-29 05:55:11'),
	(2005, 'INV-2601117', 'Invoice', '2026-01-28', 13, 1010201, 'Cash payment for invoice #INV-2601117', 45000.00, 0.00, NULL, 0, 0, NULL, 2, NULL, NULL, NULL, '2026-01-29 05:55:11', '2026-01-29 05:55:11'),
	(2006, 'INV-2601118', 'Invoice', '2026-01-28', 235, 30101, 'Sales income for invoice #INV-2601118', 0.00, 10000.00, NULL, 0, 0, NULL, 2, NULL, NULL, NULL, '2026-01-29 05:56:03', '2026-01-29 05:56:03'),
	(2007, 'INV-2601118', 'Invoice', '2026-01-28', 13, 1010201, 'Cash payment for invoice #INV-2601118', 10000.00, 0.00, NULL, 0, 0, NULL, 2, NULL, NULL, NULL, '2026-01-29 05:56:03', '2026-01-29 05:56:03'),
	(2008, 'INV-2601119', 'Invoice', '2026-01-28', 235, 30101, 'Sales income for invoice #INV-2601119', 0.00, 27300.00, NULL, 0, 0, NULL, 2, NULL, NULL, NULL, '2026-01-29 05:57:43', '2026-01-29 05:57:43'),
	(2009, 'INV-2601119', 'Invoice', '2026-01-28', 13, 1010201, 'Cash payment for invoice #INV-2601119', 27300.00, 0.00, NULL, 0, 0, NULL, 2, NULL, NULL, NULL, '2026-01-29 05:57:43', '2026-01-29 05:57:43'),
	(2010, 'INV-2601120', 'Invoice', '2026-01-28', 235, 30101, 'Sales income for invoice #INV-2601120', 0.00, 7200.00, NULL, 0, 0, NULL, 2, NULL, NULL, NULL, '2026-01-29 05:58:43', '2026-01-29 05:58:43'),
	(2011, 'INV-2601120', 'Invoice', '2026-01-28', 13, 1010201, 'Cash payment for invoice #INV-2601120', 7200.00, 0.00, NULL, 0, 0, NULL, 2, NULL, NULL, NULL, '2026-01-29 05:58:43', '2026-01-29 05:58:43'),
	(2012, 'INV-2601121', 'Invoice', '2026-01-28', 235, 30101, 'Sales income for invoice #INV-2601121', 0.00, 4000.00, NULL, 0, 0, NULL, 2, NULL, NULL, NULL, '2026-01-29 05:59:42', '2026-01-29 05:59:42'),
	(2013, 'INV-2601121', 'Invoice', '2026-01-28', 13, 1010201, 'Cash payment for invoice #INV-2601121', 4000.00, 0.00, NULL, 0, 0, NULL, 2, NULL, NULL, NULL, '2026-01-29 05:59:42', '2026-01-29 05:59:42'),
	(2014, 'IS-2601001', 'Invest Sattlement', '2026-01-30', 187, 20251, 'Invest Sattlement against Sattlement No - IS-2601001', 762500.00, 0.00, NULL, 0, 0, NULL, 1, NULL, NULL, NULL, '2026-01-30 03:44:11', '2026-01-30 03:44:11'),
	(2015, 'IS-2601001', 'Invest Sattlement', '2026-01-30', 237, 1010302, 'Invest Sattlement against Sattlement No - IS-2601001', 0.00, 762500.00, NULL, 0, 0, NULL, 1, NULL, NULL, NULL, '2026-01-30 03:44:11', '2026-01-30 03:44:11'),
	(2016, 'IS-2601002', 'Invest Sattlement', '2026-01-30', 117, 20216, 'Invest Sattlement against Sattlement No - IS-2601002', 100000.00, 0.00, NULL, 0, 0, NULL, 1, NULL, NULL, NULL, '2026-01-30 03:44:26', '2026-01-30 03:44:26'),
	(2017, 'IS-2601002', 'Invest Sattlement', '2026-01-30', 13, 1010201, 'Invest Sattlement against Sattlement No - IS-2601002', 0.00, 100000.00, NULL, 0, 0, NULL, 1, NULL, NULL, NULL, '2026-01-30 03:44:26', '2026-01-30 03:44:26'),
	(2018, 'IS-2601003', 'Invest Sattlement', '2026-01-30', 265, 20281, 'Invest Sattlement against Sattlement No - IS-2601003', 200000.00, 0.00, NULL, 0, 0, NULL, 1, NULL, NULL, NULL, '2026-01-30 03:44:39', '2026-01-30 03:44:39'),
	(2019, 'IS-2601003', 'Invest Sattlement', '2026-01-30', 14, 1010301, 'Invest Sattlement against Sattlement No - IS-2601003', 0.00, 200000.00, NULL, 0, 0, NULL, 1, NULL, NULL, NULL, '2026-01-30 03:44:39', '2026-01-30 03:44:39'),
	(2020, 'INV-2601122', 'Invoice', '2026-01-29', 235, 30101, 'Sales income for invoice #INV-2601122', 0.00, 16500.00, NULL, 0, 0, NULL, 2, NULL, NULL, NULL, '2026-01-31 05:00:28', '2026-01-31 05:00:28'),
	(2021, 'INV-2601122', 'Invoice', '2026-01-29', 13, 1010201, 'Cash payment for invoice #INV-2601122', 16500.00, 0.00, NULL, 0, 0, NULL, 2, NULL, NULL, NULL, '2026-01-31 05:00:28', '2026-01-31 05:00:28'),
	(2022, 'INV-2601123', 'Invoice', '2026-01-29', 235, 30101, 'Sales income for invoice #INV-2601123', 0.00, 10000.00, NULL, 0, 0, NULL, 2, NULL, NULL, NULL, '2026-01-31 05:01:21', '2026-01-31 05:01:21'),
	(2023, 'INV-2601123', 'Invoice', '2026-01-29', 13, 1010201, 'Cash payment for invoice #INV-2601123', 10000.00, 0.00, NULL, 0, 0, NULL, 2, NULL, NULL, NULL, '2026-01-31 05:01:21', '2026-01-31 05:01:21'),
	(2024, 'INV-2601124', 'Invoice', '2026-01-29', 235, 30101, 'Sales income for invoice #INV-2601124', 0.00, 5500.00, NULL, 0, 0, NULL, 2, NULL, NULL, NULL, '2026-01-31 05:02:21', '2026-01-31 05:02:21'),
	(2025, 'INV-2601124', 'Invoice', '2026-01-29', 13, 1010201, 'Cash payment for invoice #INV-2601124', 5500.00, 0.00, NULL, 0, 0, NULL, 2, NULL, NULL, NULL, '2026-01-31 05:02:21', '2026-01-31 05:02:21'),
	(2026, 'INV-2601125', 'Invoice', '2026-01-29', 235, 30101, 'Sales income for invoice #INV-2601125', 0.00, 5600.00, NULL, 0, 0, NULL, 2, NULL, NULL, NULL, '2026-01-31 05:03:20', '2026-01-31 05:03:20'),
	(2027, 'INV-2601125', 'Invoice', '2026-01-29', 13, 1010201, 'Cash payment for invoice #INV-2601125', 5600.00, 0.00, NULL, 0, 0, NULL, 2, NULL, NULL, NULL, '2026-01-31 05:03:20', '2026-01-31 05:03:20'),
	(2028, 'INV-2601126', 'Invoice', '2026-01-31', 235, 30101, 'Sales income for invoice #INV-2601126', 0.00, 4800.00, NULL, 0, 0, NULL, 2, NULL, NULL, NULL, '2026-01-31 06:30:47', '2026-01-31 06:30:47'),
	(2029, 'INV-2601126', 'Invoice', '2026-01-31', 13, 1010201, 'Cash payment for invoice #INV-2601126', 4800.00, 0.00, NULL, 0, 0, NULL, 2, NULL, NULL, NULL, '2026-01-31 06:30:47', '2026-01-31 06:30:47'),
	(2030, 'INV-2601127', 'Invoice', '2026-01-31', 235, 30101, 'Sales income for invoice #INV-2601127', 0.00, 9000.00, NULL, 0, 0, NULL, 2, NULL, NULL, NULL, '2026-01-31 06:31:49', '2026-01-31 06:31:49'),
	(2031, 'INV-2601127', 'Invoice', '2026-01-31', 13, 1010201, 'Cash payment for invoice #INV-2601127', 9000.00, 0.00, NULL, 0, 0, NULL, 2, NULL, NULL, NULL, '2026-01-31 06:31:49', '2026-01-31 06:31:49'),
	(2032, 'INV-2601128', 'Invoice', '2026-01-31', 235, 30101, 'Sales income for invoice #INV-2601128', 0.00, 25000.00, NULL, 0, 0, NULL, 2, NULL, NULL, NULL, '2026-01-31 06:32:53', '2026-01-31 06:32:53'),
	(2033, 'INV-2601128', 'Invoice', '2026-01-31', 13, 1010201, 'Cash payment for invoice #INV-2601128', 25000.00, 0.00, NULL, 0, 0, NULL, 2, NULL, NULL, NULL, '2026-01-31 06:32:53', '2026-01-31 06:32:53'),
	(2034, 'INV-2601129', 'Invoice', '2026-01-31', 235, 30101, 'Sales income for invoice #INV-2601129', 0.00, 8000.00, NULL, 0, 0, NULL, 2, NULL, NULL, NULL, '2026-01-31 06:34:47', '2026-01-31 06:34:47'),
	(2035, 'INV-2601129', 'Invoice', '2026-01-31', 13, 1010201, 'Cash payment for invoice #INV-2601129', 8000.00, 0.00, NULL, 0, 0, NULL, 2, NULL, NULL, NULL, '2026-01-31 06:34:47', '2026-01-31 06:34:47'),
	(2036, 'INV-2601130', 'Invoice', '2026-01-31', 235, 30101, 'Sales income for invoice #INV-2601130', 0.00, 7200.00, NULL, 0, 0, NULL, 2, NULL, NULL, NULL, '2026-01-31 06:36:03', '2026-01-31 06:36:03'),
	(2037, 'INV-2601130', 'Invoice', '2026-01-31', 13, 1010201, 'Cash payment for invoice #INV-2601130', 7200.00, 0.00, NULL, 0, 0, NULL, 2, NULL, NULL, NULL, '2026-01-31 06:36:03', '2026-01-31 06:36:03'),
	(2038, 'INV-2602001', 'Invoice', '2026-02-01', 235, 30101, 'Sales income for invoice #INV-2602001', 0.00, 26000.00, NULL, 0, 0, NULL, 2, NULL, NULL, NULL, '2026-02-01 06:57:15', '2026-02-01 06:57:15'),
	(2039, 'INV-2602001', 'Invoice', '2026-02-01', 13, 1010201, 'Cash payment for invoice #INV-2602001', 26000.00, 0.00, NULL, 0, 0, NULL, 2, NULL, NULL, NULL, '2026-02-01 06:57:15', '2026-02-01 06:57:15'),
	(2040, 'INV-2602002', 'Invoice', '2026-02-01', 235, 30101, 'Sales income for invoice #INV-2602002', 0.00, 23500.00, NULL, 0, 0, NULL, 2, NULL, NULL, NULL, '2026-02-01 06:57:31', '2026-02-01 06:57:31'),
	(2041, 'INV-2602002', 'Invoice', '2026-02-01', 13, 1010201, 'Cash payment for invoice #INV-2602002', 23500.00, 0.00, NULL, 0, 0, NULL, 2, NULL, NULL, NULL, '2026-02-01 06:57:31', '2026-02-01 06:57:31'),
	(2042, 'INV-2602003', 'Invoice', '2026-02-01', 235, 30101, 'Sales income for invoice #INV-2602003', 0.00, 3000.00, NULL, 0, 0, NULL, 2, NULL, NULL, NULL, '2026-02-01 06:57:45', '2026-02-01 06:57:45'),
	(2043, 'INV-2602003', 'Invoice', '2026-02-01', 13, 1010201, 'Cash payment for invoice #INV-2602003', 3000.00, 0.00, NULL, 0, 0, NULL, 2, NULL, NULL, NULL, '2026-02-01 06:57:45', '2026-02-01 06:57:45'),
	(2044, 'INV-2602004', 'Invoice', '2026-02-01', 235, 30101, 'Sales income for invoice #INV-2602004', 0.00, 4100.00, NULL, 0, 0, NULL, 2, NULL, NULL, NULL, '2026-02-01 06:58:01', '2026-02-01 06:58:01'),
	(2045, 'INV-2602004', 'Invoice', '2026-02-01', 13, 1010201, 'Cash payment for invoice #INV-2602004', 4100.00, 0.00, NULL, 0, 0, NULL, 2, NULL, NULL, NULL, '2026-02-01 06:58:01', '2026-02-01 06:58:01'),
	(2046, 'INV-2602005', 'Invoice', '2026-02-02', 235, 30101, 'Sales income for invoice #INV-2602005', 0.00, 6000.00, NULL, 0, 0, NULL, 2, NULL, NULL, NULL, '2026-02-02 14:29:40', '2026-02-02 14:29:40'),
	(2047, 'INV-2602005', 'Invoice', '2026-02-02', 13, 1010201, 'Cash payment for invoice #INV-2602005', 6000.00, 0.00, NULL, 0, 0, NULL, 2, NULL, NULL, NULL, '2026-02-02 14:29:40', '2026-02-02 14:29:40'),
	(2048, 'INV-2602006', 'Invoice', '2026-02-02', 235, 30101, 'Sales income for invoice #INV-2602006', 0.00, 4000.00, NULL, 0, 0, NULL, 2, NULL, NULL, NULL, '2026-02-02 14:30:37', '2026-02-02 14:30:37'),
	(2049, 'INV-2602006', 'Invoice', '2026-02-02', 13, 1010201, 'Cash payment for invoice #INV-2602006', 4000.00, 0.00, NULL, 0, 0, NULL, 2, NULL, NULL, NULL, '2026-02-02 14:30:37', '2026-02-02 14:30:37'),
	(2050, 'INV-2602007', 'Invoice', '2026-02-02', 235, 30101, 'Sales income for invoice #INV-2602007', 0.00, 36500.00, NULL, 0, 0, NULL, 2, NULL, NULL, NULL, '2026-02-02 14:32:16', '2026-02-02 14:32:16'),
	(2051, 'INV-2602007', 'Invoice', '2026-02-02', 13, 1010201, 'Cash payment for invoice #INV-2602007', 36500.00, 0.00, NULL, 0, 0, NULL, 2, NULL, NULL, NULL, '2026-02-02 14:32:16', '2026-02-02 14:32:16'),
	(2052, 'INV-2602008', 'Invoice', '2026-02-02', 235, 30101, 'Sales income for invoice #INV-2602008', 0.00, 8000.00, NULL, 0, 0, NULL, 2, NULL, NULL, NULL, '2026-02-02 14:33:25', '2026-02-02 14:33:25'),
	(2053, 'INV-2602008', 'Invoice', '2026-02-02', 13, 1010201, 'Cash payment for invoice #INV-2602008', 8000.00, 0.00, NULL, 0, 0, NULL, 2, NULL, NULL, NULL, '2026-02-02 14:33:25', '2026-02-02 14:33:25'),
	(2054, 'INV-2602009', 'Invoice', '2026-02-03', 235, 30101, 'Sales income for invoice #INV-2602009', 0.00, 18000.00, NULL, 0, 0, NULL, 2, NULL, NULL, NULL, '2026-02-03 06:16:12', '2026-02-03 06:16:12'),
	(2055, 'INV-2602009', 'Invoice', '2026-02-03', 13, 1010201, 'Cash payment for invoice #INV-2602009', 18000.00, 0.00, NULL, 0, 0, NULL, 2, NULL, NULL, NULL, '2026-02-03 06:16:12', '2026-02-03 06:16:12'),
	(2056, 'INV-2602010', 'Invoice', '2026-02-03', 235, 30101, 'Sales income for invoice #INV-2602010', 0.00, 5400.00, NULL, 0, 0, NULL, 2, NULL, NULL, NULL, '2026-02-03 06:16:27', '2026-02-03 06:16:27'),
	(2057, 'INV-2602010', 'Invoice', '2026-02-03', 13, 1010201, 'Cash payment for invoice #INV-2602010', 5400.00, 0.00, NULL, 0, 0, NULL, 2, NULL, NULL, NULL, '2026-02-03 06:16:27', '2026-02-03 06:16:27'),
	(2058, 'INV-2602011', 'Invoice', '2026-02-03', 235, 30101, 'Sales income for invoice #INV-2602011', 0.00, 6500.00, NULL, 0, 0, NULL, 2, NULL, NULL, NULL, '2026-02-03 06:16:42', '2026-02-03 06:16:42'),
	(2059, 'INV-2602011', 'Invoice', '2026-02-03', 13, 1010201, 'Cash payment for invoice #INV-2602011', 6500.00, 0.00, NULL, 0, 0, NULL, 2, NULL, NULL, NULL, '2026-02-03 06:16:42', '2026-02-03 06:16:42'),
	(2060, 'INV-2602012', 'Invoice', '2026-02-05', 235, 30101, 'Sales income for invoice #INV-2602012', 0.00, 23500.00, NULL, 0, 0, NULL, 2, NULL, NULL, NULL, '2026-02-07 02:48:28', '2026-02-07 02:48:28'),
	(2061, 'INV-2602012', 'Invoice', '2026-02-05', 13, 1010201, 'Cash payment for invoice #INV-2602012', 23500.00, 0.00, NULL, 0, 0, NULL, 2, NULL, NULL, NULL, '2026-02-07 02:48:28', '2026-02-07 02:48:28'),
	(2062, 'INV-2602013', 'Invoice', '2026-02-05', 235, 30101, 'Sales income for invoice #INV-2602013', 0.00, 14300.00, NULL, 0, 0, NULL, 2, NULL, NULL, NULL, '2026-02-07 02:50:15', '2026-02-07 02:50:15'),
	(2063, 'INV-2602013', 'Invoice', '2026-02-05', 13, 1010201, 'Cash payment for invoice #INV-2602013', 14300.00, 0.00, NULL, 0, 0, NULL, 2, NULL, NULL, NULL, '2026-02-07 02:50:15', '2026-02-07 02:50:15'),
	(2064, 'INV-2602014', 'Invoice', '2026-02-05', 235, 30101, 'Sales income for invoice #INV-2602014', 0.00, 2100.00, NULL, 0, 0, NULL, 2, NULL, NULL, NULL, '2026-02-07 02:51:19', '2026-02-07 02:51:19'),
	(2065, 'INV-2602014', 'Invoice', '2026-02-05', 13, 1010201, 'Cash payment for invoice #INV-2602014', 2100.00, 0.00, NULL, 0, 0, NULL, 2, NULL, NULL, NULL, '2026-02-07 02:51:19', '2026-02-07 02:51:19'),
	(2066, 'INV-2602015', 'Invoice', '2026-02-07', 235, 30101, 'Sales income for invoice #INV-2602015', 0.00, 8500.00, NULL, 0, 0, NULL, 2, NULL, NULL, NULL, '2026-02-07 13:08:26', '2026-02-07 13:08:26'),
	(2067, 'INV-2602015', 'Invoice', '2026-02-07', 13, 1010201, 'Cash payment for invoice #INV-2602015', 8500.00, 0.00, NULL, 0, 0, NULL, 2, NULL, NULL, NULL, '2026-02-07 13:08:26', '2026-02-07 13:08:26'),
	(2068, 'INV-2602016', 'Invoice', '2026-02-07', 235, 30101, 'Sales income for invoice #INV-2602016', 0.00, 20000.00, NULL, 0, 0, NULL, 2, NULL, NULL, NULL, '2026-02-07 13:10:02', '2026-02-07 13:10:02'),
	(2069, 'INV-2602016', 'Invoice', '2026-02-07', 13, 1010201, 'Cash payment for invoice #INV-2602016', 20000.00, 0.00, NULL, 0, 0, NULL, 2, NULL, NULL, NULL, '2026-02-07 13:10:02', '2026-02-07 13:10:02'),
	(2070, 'INV-2602017', 'Invoice', '2026-02-07', 235, 30101, 'Sales income for invoice #INV-2602017', 0.00, 10000.00, NULL, 0, 0, NULL, 2, NULL, NULL, NULL, '2026-02-07 13:10:59', '2026-02-07 13:10:59'),
	(2071, 'INV-2602017', 'Invoice', '2026-02-07', 13, 1010201, 'Cash payment for invoice #INV-2602017', 10000.00, 0.00, NULL, 0, 0, NULL, 2, NULL, NULL, NULL, '2026-02-07 13:10:59', '2026-02-07 13:10:59'),
	(2072, 'INV-2602018', 'Invoice', '2026-02-07', 235, 30101, 'Sales income for invoice #INV-2602018', 0.00, 9000.00, NULL, 0, 0, NULL, 2, NULL, NULL, NULL, '2026-02-07 13:12:13', '2026-02-07 13:12:13'),
	(2073, 'INV-2602018', 'Invoice', '2026-02-07', 13, 1010201, 'Cash payment for invoice #INV-2602018', 9000.00, 0.00, NULL, 0, 0, NULL, 2, NULL, NULL, NULL, '2026-02-07 13:12:13', '2026-02-07 13:12:13'),
	(2074, 'INV-2602019', 'Invoice', '2026-02-08', 235, 30101, 'Sales income for invoice #INV-2602019', 0.00, 27000.00, NULL, 0, 0, NULL, 2, NULL, NULL, NULL, '2026-02-08 07:02:40', '2026-02-08 07:02:40'),
	(2075, 'INV-2602019', 'Invoice', '2026-02-08', 13, 1010201, 'Cash payment for invoice #INV-2602019', 27000.00, 0.00, NULL, 0, 0, NULL, 2, NULL, NULL, NULL, '2026-02-08 07:02:40', '2026-02-08 07:02:40'),
	(2076, 'INV-2602020', 'Invoice', '2026-02-08', 235, 30101, 'Sales income for invoice #INV-2602020', 0.00, 11300.00, NULL, 0, 0, NULL, 2, NULL, NULL, NULL, '2026-02-08 07:03:40', '2026-02-08 07:03:40'),
	(2077, 'INV-2602020', 'Invoice', '2026-02-08', 13, 1010201, 'Cash payment for invoice #INV-2602020', 11300.00, 0.00, NULL, 0, 0, NULL, 2, NULL, NULL, NULL, '2026-02-08 07:03:40', '2026-02-08 07:03:40'),
	(2078, 'INV-2602021', 'Invoice', '2026-02-08', 235, 30101, 'Sales income for invoice #INV-2602021', 0.00, 3500.00, NULL, 0, 0, NULL, 2, NULL, NULL, NULL, '2026-02-08 07:04:39', '2026-02-08 07:04:39'),
	(2079, 'INV-2602021', 'Invoice', '2026-02-08', 13, 1010201, 'Cash payment for invoice #INV-2602021', 3500.00, 0.00, NULL, 0, 0, NULL, 2, NULL, NULL, NULL, '2026-02-08 07:04:39', '2026-02-08 07:04:39'),
	(2080, 'INV-2602022', 'Invoice', '2026-02-08', 235, 30101, 'Sales income for invoice #INV-2602022', 0.00, 10000.00, NULL, 0, 0, NULL, 2, NULL, NULL, NULL, '2026-02-08 07:05:28', '2026-02-08 07:05:28'),
	(2081, 'INV-2602022', 'Invoice', '2026-02-08', 13, 1010201, 'Cash payment for invoice #INV-2602022', 10000.00, 0.00, NULL, 0, 0, NULL, 2, NULL, NULL, NULL, '2026-02-08 07:05:28', '2026-02-08 07:05:28'),
	(2082, 'INV-2602023', 'Invoice', '2026-02-08', 235, 30101, 'Sales income for invoice #INV-2602023', 0.00, 4800.00, NULL, 0, 0, NULL, 2, NULL, NULL, NULL, '2026-02-08 07:06:36', '2026-02-08 07:06:36'),
	(2083, 'INV-2602023', 'Invoice', '2026-02-08', 13, 1010201, 'Cash payment for invoice #INV-2602023', 4800.00, 0.00, NULL, 0, 0, NULL, 2, NULL, NULL, NULL, '2026-02-08 07:06:36', '2026-02-08 07:06:36'),
	(2084, 'INV-2602024', 'Invoice', '2026-02-08', 235, 30101, 'Sales income for invoice #INV-2602024', 0.00, 4500.00, NULL, 0, 0, NULL, 2, NULL, NULL, NULL, '2026-02-08 07:07:27', '2026-02-08 07:07:27'),
	(2085, 'INV-2602024', 'Invoice', '2026-02-08', 13, 1010201, 'Cash payment for invoice #INV-2602024', 4500.00, 0.00, NULL, 0, 0, NULL, 2, NULL, NULL, NULL, '2026-02-08 07:07:27', '2026-02-08 07:07:27'),
	(2086, 'INV-2602025', 'Invoice', '2026-02-09', 235, 30101, 'Sales income for invoice #INV-2602025', 0.00, 52700.00, NULL, 0, 0, NULL, 2, NULL, NULL, NULL, '2026-02-10 06:03:02', '2026-02-10 06:03:02'),
	(2087, 'INV-2602025', 'Invoice', '2026-02-09', 13, 1010201, 'Cash payment for invoice #INV-2602025', 52700.00, 0.00, NULL, 0, 0, NULL, 2, NULL, NULL, NULL, '2026-02-10 06:03:02', '2026-02-10 06:03:02'),
	(2088, 'INV-2602026', 'Invoice', '2026-02-09', 235, 30101, 'Sales income for invoice #INV-2602026', 0.00, 3600.00, NULL, 0, 0, NULL, 2, NULL, NULL, NULL, '2026-02-10 06:04:56', '2026-02-10 06:04:56'),
	(2089, 'INV-2602026', 'Invoice', '2026-02-09', 13, 1010201, 'Cash payment for invoice #INV-2602026', 3600.00, 0.00, NULL, 0, 0, NULL, 2, NULL, NULL, NULL, '2026-02-10 06:04:56', '2026-02-10 06:04:56'),
	(2090, 'INV-2602027', 'Invoice', '2026-02-10', 235, 30101, 'Sales income for invoice #INV-2602027', 0.00, 20000.00, NULL, 0, 0, NULL, 2, NULL, NULL, NULL, '2026-02-10 06:06:48', '2026-02-10 06:06:48'),
	(2091, 'INV-2602027', 'Invoice', '2026-02-10', 13, 1010201, 'Cash payment for invoice #INV-2602027', 20000.00, 0.00, NULL, 0, 0, NULL, 2, NULL, NULL, NULL, '2026-02-10 06:06:48', '2026-02-10 06:06:48'),
	(2092, 'INV-2602028', 'Invoice', '2026-02-10', 235, 30101, 'Sales income for invoice #INV-2602028', 0.00, 8000.00, NULL, 0, 0, NULL, 2, NULL, NULL, NULL, '2026-02-10 06:08:41', '2026-02-10 06:08:41'),
	(2093, 'INV-2602028', 'Invoice', '2026-02-10', 13, 1010201, 'Cash payment for invoice #INV-2602028', 8000.00, 0.00, NULL, 0, 0, NULL, 2, NULL, NULL, NULL, '2026-02-10 06:08:41', '2026-02-10 06:08:41'),
	(2094, 'INV-2602029', 'Invoice', '2026-02-14', 235, 30101, 'Sales income for invoice #INV-2602029', 0.00, 26000.00, NULL, 0, 0, NULL, 2, NULL, NULL, NULL, '2026-02-15 13:13:35', '2026-02-15 13:13:35'),
	(2095, 'INV-2602029', 'Invoice', '2026-02-14', 13, 1010201, 'Cash payment for invoice #INV-2602029', 26000.00, 0.00, NULL, 0, 0, NULL, 2, NULL, NULL, NULL, '2026-02-15 13:13:35', '2026-02-15 13:13:35'),
	(2096, 'INV-2602030', 'Invoice', '2026-02-15', 235, 30101, 'Sales income for invoice #INV-2602030', 0.00, 5000.00, NULL, 0, 0, NULL, 2, NULL, NULL, NULL, '2026-02-15 13:22:04', '2026-02-15 13:22:04'),
	(2097, 'INV-2602030', 'Invoice', '2026-02-15', 13, 1010201, 'Cash payment for invoice #INV-2602030', 5000.00, 0.00, NULL, 0, 0, NULL, 2, NULL, NULL, NULL, '2026-02-15 13:22:04', '2026-02-15 13:22:04'),
	(2098, 'INV-2602031', 'Invoice', '2026-02-15', 235, 30101, 'Sales income for invoice #INV-2602031', 0.00, 6000.00, NULL, 0, 0, NULL, 2, NULL, NULL, NULL, '2026-02-15 13:23:06', '2026-02-15 13:23:06'),
	(2099, 'INV-2602031', 'Invoice', '2026-02-15', 13, 1010201, 'Cash payment for invoice #INV-2602031', 6000.00, 0.00, NULL, 0, 0, NULL, 2, NULL, NULL, NULL, '2026-02-15 13:23:06', '2026-02-15 13:23:06'),
	(2100, 'INV-2602032', 'Invoice', '2026-02-15', 235, 30101, 'Sales income for invoice #INV-2602032', 0.00, 4800.00, NULL, 0, 0, NULL, 2, NULL, NULL, NULL, '2026-02-15 13:23:55', '2026-02-15 13:23:55'),
	(2101, 'INV-2602032', 'Invoice', '2026-02-15', 13, 1010201, 'Cash payment for invoice #INV-2602032', 4800.00, 0.00, NULL, 0, 0, NULL, 2, NULL, NULL, NULL, '2026-02-15 13:23:55', '2026-02-15 13:23:55'),
	(2102, 'INV-2602033', 'Invoice', '2026-02-15', 235, 30101, 'Sales income for invoice #INV-2602033', 0.00, 13500.00, NULL, 0, 0, NULL, 2, NULL, NULL, NULL, '2026-02-15 13:24:50', '2026-02-15 13:24:50'),
	(2103, 'INV-2602033', 'Invoice', '2026-02-15', 13, 1010201, 'Cash payment for invoice #INV-2602033', 13500.00, 0.00, NULL, 0, 0, NULL, 2, NULL, NULL, NULL, '2026-02-15 13:24:50', '2026-02-15 13:24:50'),
	(2104, 'INV-2602034', 'Invoice', '2026-02-15', 235, 30101, 'Sales income for invoice #INV-2602034', 0.00, 20000.00, NULL, 0, 0, NULL, 2, NULL, NULL, NULL, '2026-02-15 13:26:01', '2026-02-15 13:26:01'),
	(2105, 'INV-2602034', 'Invoice', '2026-02-15', 13, 1010201, 'Cash payment for invoice #INV-2602034', 20000.00, 0.00, NULL, 0, 0, NULL, 2, NULL, NULL, NULL, '2026-02-15 13:26:01', '2026-02-15 13:26:01'),
	(2106, 'INV-2602035', 'Invoice', '2026-02-16', 235, 30101, 'Sales income for invoice #INV-2602035', 0.00, 38500.00, NULL, 0, 0, NULL, 2, NULL, NULL, NULL, '2026-02-16 06:51:29', '2026-02-16 06:51:29'),
	(2107, 'INV-2602035', 'Invoice', '2026-02-16', 13, 1010201, 'Cash payment for invoice #INV-2602035', 38500.00, 0.00, NULL, 0, 0, NULL, 2, NULL, NULL, NULL, '2026-02-16 06:51:29', '2026-02-16 06:51:29'),
	(2108, 'INV-2602036', 'Invoice', '2026-02-16', 235, 30101, 'Sales income for invoice #INV-2602036', 0.00, 10000.00, NULL, 0, 0, NULL, 2, NULL, NULL, NULL, '2026-02-16 06:52:17', '2026-02-16 06:52:17'),
	(2109, 'INV-2602036', 'Invoice', '2026-02-16', 13, 1010201, 'Cash payment for invoice #INV-2602036', 10000.00, 0.00, NULL, 0, 0, NULL, 2, NULL, NULL, NULL, '2026-02-16 06:52:17', '2026-02-16 06:52:17'),
	(2110, 'INV-2602037', 'Invoice', '2026-02-16', 235, 30101, 'Sales income for invoice #INV-2602037', 0.00, 9000.00, NULL, 0, 0, NULL, 2, NULL, NULL, NULL, '2026-02-16 06:53:32', '2026-02-16 06:53:32'),
	(2111, 'INV-2602037', 'Invoice', '2026-02-16', 13, 1010201, 'Cash payment for invoice #INV-2602037', 9000.00, 0.00, NULL, 0, 0, NULL, 2, NULL, NULL, NULL, '2026-02-16 06:53:32', '2026-02-16 06:53:32'),
	(2112, 'INV-2602038', 'Invoice', '2026-02-16', 235, 30101, 'Sales income for invoice #INV-2602038', 0.00, 5000.00, NULL, 0, 0, NULL, 2, NULL, NULL, NULL, '2026-02-16 06:54:40', '2026-02-16 06:54:40'),
	(2113, 'INV-2602038', 'Invoice', '2026-02-16', 13, 1010201, 'Cash payment for invoice #INV-2602038', 5000.00, 0.00, NULL, 0, 0, NULL, 2, NULL, NULL, NULL, '2026-02-16 06:54:40', '2026-02-16 06:54:40'),
	(2114, 'EXP-2602001', 'Expense', '2026-02-17', 13, 1010201, 'Rent', 0.00, 20000.00, NULL, 0, 0, NULL, 2, NULL, NULL, NULL, '2026-02-17 12:06:31', '2026-02-17 12:06:31'),
	(2115, 'EXP-2602001', 'Expense', '2026-02-17', 95, 40303, 'Rent', 20000.00, 0.00, NULL, 0, 0, NULL, 2, NULL, NULL, NULL, '2026-02-17 12:06:31', '2026-02-17 12:06:31'),
	(2116, 'EXP-2602002', 'Expense', '2026-02-04', 13, 1010201, 'Salary', 0.00, 22000.00, NULL, 0, 0, NULL, 2, NULL, NULL, NULL, '2026-02-17 12:07:17', '2026-02-17 12:07:17'),
	(2117, 'EXP-2602002', 'Expense', '2026-02-04', 260, 40307, 'Salary', 22000.00, 0.00, NULL, 0, 0, NULL, 2, NULL, NULL, NULL, '2026-02-17 12:07:17', '2026-02-17 12:07:17'),
	(2118, 'EXP-2602003', 'Expense', '2026-02-17', 13, 1010201, 'bill', 0.00, 4500.00, NULL, 0, 0, NULL, 2, NULL, NULL, NULL, '2026-02-17 12:07:56', '2026-02-17 12:07:56'),
	(2119, 'EXP-2602003', 'Expense', '2026-02-17', 94, 40302, 'bill', 4500.00, 0.00, NULL, 0, 0, NULL, 2, NULL, NULL, NULL, '2026-02-17 12:07:56', '2026-02-17 12:07:56'),
	(2120, 'EXP-2602004', 'Expense', '2026-02-16', 13, 1010201, 'salary', 0.00, 13000.00, NULL, 0, 0, NULL, 2, NULL, NULL, NULL, '2026-02-17 12:09:38', '2026-02-17 12:09:38'),
	(2121, 'EXP-2602004', 'Expense', '2026-02-16', 260, 40307, 'salary', 13000.00, 0.00, NULL, 0, 0, NULL, 2, NULL, NULL, NULL, '2026-02-17 12:09:38', '2026-02-17 12:09:38'),
	(2122, 'INV-2602039', 'Invoice', '2026-02-17', 235, 30101, 'Sales income for invoice #INV-2602039', 0.00, 37000.00, NULL, 0, 0, NULL, 2, NULL, NULL, NULL, '2026-02-17 14:07:58', '2026-02-17 14:07:58'),
	(2123, 'INV-2602039', 'Invoice', '2026-02-17', 13, 1010201, 'Cash payment for invoice #INV-2602039', 37000.00, 0.00, NULL, 0, 0, NULL, 2, NULL, NULL, NULL, '2026-02-17 14:07:58', '2026-02-17 14:07:58'),
	(2124, 'INV-2602040', 'Invoice', '2026-02-17', 235, 30101, 'Sales income for invoice #INV-2602040', 0.00, 3000.00, NULL, 0, 0, NULL, 2, NULL, NULL, NULL, '2026-02-17 14:09:22', '2026-02-17 14:09:22'),
	(2125, 'INV-2602040', 'Invoice', '2026-02-17', 13, 1010201, 'Cash payment for invoice #INV-2602040', 3000.00, 0.00, NULL, 0, 0, NULL, 2, NULL, NULL, NULL, '2026-02-17 14:09:22', '2026-02-17 14:09:22'),
	(2126, 'INV-2602041', 'Invoice', '2026-02-17', 235, 30101, 'Sales income for invoice #INV-2602041', 0.00, 8500.00, NULL, 0, 0, NULL, 2, NULL, NULL, NULL, '2026-02-17 14:10:27', '2026-02-17 14:10:27'),
	(2127, 'INV-2602041', 'Invoice', '2026-02-17', 13, 1010201, 'Cash payment for invoice #INV-2602041', 8500.00, 0.00, NULL, 0, 0, NULL, 2, NULL, NULL, NULL, '2026-02-17 14:10:27', '2026-02-17 14:10:27'),
	(2128, 'INV-2602042', 'Invoice', '2026-02-17', 235, 30101, 'Sales income for invoice #INV-2602042', 0.00, 5400.00, NULL, 0, 0, NULL, 2, NULL, NULL, NULL, '2026-02-17 14:11:26', '2026-02-17 14:11:26'),
	(2129, 'INV-2602042', 'Invoice', '2026-02-17', 13, 1010201, 'Cash payment for invoice #INV-2602042', 5400.00, 0.00, NULL, 0, 0, NULL, 2, NULL, NULL, NULL, '2026-02-17 14:11:26', '2026-02-17 14:11:26'),
	(2130, 'INV-2602043', 'Invoice', '2026-02-17', 235, 30101, 'Sales income for invoice #INV-2602043', 0.00, 4500.00, NULL, 1, 1, 1, 2, NULL, NULL, NULL, '2026-02-17 14:12:45', '2026-02-18 02:30:49'),
	(2131, 'INV-2602043', 'Invoice', '2026-02-17', 13, 1010201, 'Cash payment for invoice #INV-2602043', 4500.00, 0.00, NULL, 1, 1, 1, 2, NULL, NULL, NULL, '2026-02-17 14:12:45', '2026-02-18 02:30:49'),
	(2132, 'JV-100001', 'JV', '2026-02-18', 97, 40208, NULL, 22.00, 22.00, NULL, 1, 1, 1, 1, NULL, NULL, NULL, '2026-02-18 02:37:26', '2026-02-18 02:40:11'),
	(2133, 'DV-100001', 'DV', '2026-02-18', 98, 1010202, 'Abdullah Faysal - Profit - 40208', 0.00, 22.00, NULL, 1, 1, 1, 1, NULL, NULL, NULL, '2026-02-18 02:38:02', '2026-02-18 02:38:47'),
	(2134, 'DV-100001', 'DV', '2026-02-18', 97, 40208, 'Abdullah Faysal - Profit - 40208', 22.00, 0.00, NULL, 1, 1, 1, 1, NULL, NULL, NULL, '2026-02-18 02:38:02', '2026-02-18 02:38:47'),
	(2135, 'CV-100001', 'CV', '2026-02-18', 98, 1010202, 'Abeda Sultana - 20214', 33.00, 0.00, NULL, 1, 1, 1, 1, NULL, NULL, NULL, '2026-02-18 02:39:38', '2026-02-18 02:40:07'),
	(2136, 'CV-100001', 'CV', '2026-02-18', 207, 20214, 'Abeda Sultana - 20214', 0.00, 33.00, NULL, 1, 1, 1, 1, NULL, NULL, NULL, '2026-02-18 02:39:38', '2026-02-18 02:40:07');

-- Dumping structure for table amar_hostel.admin_menus
DROP TABLE IF EXISTS `admin_menus`;
CREATE TABLE IF NOT EXISTS `admin_menus` (
  `id` bigint unsigned NOT NULL AUTO_INCREMENT,
  `permission_id` bigint unsigned NOT NULL,
  `parent_id` bigint unsigned DEFAULT NULL,
  `name` varchar(255) COLLATE utf8mb4_unicode_ci NOT NULL,
  `route` varchar(255) COLLATE utf8mb4_unicode_ci DEFAULT NULL,
  `icon` varchar(255) COLLATE utf8mb4_unicode_ci DEFAULT NULL,
  `order` int NOT NULL DEFAULT '1',
  `status` tinyint(1) NOT NULL DEFAULT '1',
  `is_deletable` tinyint(1) NOT NULL DEFAULT '1',
  `created_at` timestamp NULL DEFAULT NULL,
  `updated_at` timestamp NULL DEFAULT NULL,
  PRIMARY KEY (`id`),
  KEY `admin_menus_permission_id_foreign` (`permission_id`),
  KEY `admin_menus_parent_id_foreign` (`parent_id`),
  CONSTRAINT `admin_menus_parent_id_foreign` FOREIGN KEY (`parent_id`) REFERENCES `admin_menus` (`id`) ON DELETE CASCADE,
  CONSTRAINT `admin_menus_permission_id_foreign` FOREIGN KEY (`permission_id`) REFERENCES `permissions` (`id`) ON DELETE CASCADE
) ENGINE=InnoDB AUTO_INCREMENT=70 DEFAULT CHARSET=utf8mb4 COLLATE=utf8mb4_unicode_ci;

-- Dumping data for table amar_hostel.admin_menus: ~57 rows (approximately)
DELETE FROM `admin_menus`;
INSERT INTO `admin_menus` (`id`, `permission_id`, `parent_id`, `name`, `route`, `icon`, `order`, `status`, `is_deletable`, `created_at`, `updated_at`) VALUES
	(1, 1, NULL, 'Dashboard', 'admin.dashboard', '<span class="material-symbols-outlined fs-22"> home_app_logo </span>', 1, 1, 1, '2025-06-17 05:07:50', '2025-06-17 05:31:46'),
	(2, 2, NULL, 'Admin Setup', NULL, '<span class="material-symbols-outlined fs-22"> settings_cinematic_blur </span>', 2, 1, 1, '2025-06-17 05:10:14', '2026-02-18 04:27:22'),
	(3, 3, 2, 'Roles', 'admin.role.index', NULL, 1, 1, 1, '2025-06-17 05:10:36', '2025-06-17 05:10:36'),
	(4, 4, 2, 'Users', 'admin.user.index', NULL, 2, 1, 1, '2025-06-17 05:11:10', '2025-06-17 05:11:10'),
	(5, 5, 2, 'Menu', 'admin.admin-menu.index', NULL, 3, 1, 1, '2025-06-17 05:11:51', '2025-06-17 05:11:51'),
	(6, 6, 2, 'Admin Settings', 'admin.admin-settings.index', NULL, 4, 1, 1, '2025-06-17 05:12:59', '2025-06-17 05:12:59'),
	(7, 7, 68, 'Investors', 'admin.investor.index', NULL, 5, 1, 1, '2025-06-17 05:13:38', '2026-02-18 03:46:02'),
	(8, 27, 68, 'Invest Process', 'admin.invest.index', '<span class="material-symbols-outlined fs-24"> finance_mode </span>', 6, 1, 1, '2025-06-17 05:37:47', '2026-02-18 03:47:18'),
	(9, 32, 68, 'Sattlement', 'admin.invest-sattlement.index', '<span class="material-symbols-outlined fs-24"> inventory </span>', 9, 1, 1, '2025-06-17 05:40:52', '2026-02-18 03:50:32'),
	(10, 37, NULL, 'General Accounting', NULL, '<span class="material-symbols-outlined fs-24"> calculate </span>', 11, 1, 1, '2025-06-17 05:42:20', '2025-07-03 03:56:00'),
	(11, 38, 10, 'Transaction', NULL, NULL, 1, 1, 1, '2025-06-17 05:42:51', '2025-06-17 05:42:51'),
	(12, 39, 10, 'Reports', NULL, NULL, 2, 1, 1, '2025-06-17 05:43:04', '2025-06-17 05:43:04'),
	(13, 40, 11, 'Chart of Accounts', 'admin.coa-setup.index', NULL, 1, 1, 1, '2025-06-17 05:43:37', '2026-02-09 22:50:52'),
	(14, 44, 11, 'Debit Voucher', 'admin.debit-voucher.index', NULL, 2, 1, 1, '2025-06-17 05:45:02', '2025-06-17 05:45:02'),
	(15, 49, 11, 'Credit Voucher', 'admin.credit-voucher.index', NULL, 3, 1, 1, '2025-06-17 05:46:11', '2025-06-17 05:46:11'),
	(16, 54, 11, 'Journal Voucher', 'admin.journal-voucher.index', NULL, 4, 1, 1, '2025-06-17 05:46:57', '2025-06-17 05:46:57'),
	(17, 59, 11, 'Voucher Approve', 'admin.voucher-approve.index', NULL, 5, 1, 1, '2025-06-17 05:48:10', '2025-06-17 05:56:08'),
	(18, 62, 11, 'Voucher Refuse', 'admin.voucher-refuse.index', NULL, 6, 1, 1, '2025-06-17 05:50:19', '2025-06-17 05:56:21'),
	(19, 65, 11, 'Automation Approve', 'admin.automation-approve.index', NULL, 7, 1, 1, '2025-06-17 05:51:28', '2025-06-17 05:56:39'),
	(21, 71, 12, 'Chart of Accounts', 'admin.coa-list.index', NULL, 1, 1, 1, '2025-06-17 06:02:09', '2025-06-17 06:02:09'),
	(22, 72, 12, 'Daily Voucher List', 'admin.voucher-list.index', NULL, 2, 1, 1, '2025-06-17 06:02:32', '2025-06-17 06:02:32'),
	(23, 73, 12, 'Daily Cash Book', 'admin.cash-book.index', NULL, 3, 1, 1, '2025-06-17 06:03:05', '2025-06-17 06:03:05'),
	(24, 74, 12, 'Bank Book', 'admin.bank-book.index', NULL, 4, 1, 1, '2025-06-17 06:03:16', '2025-06-17 06:03:16'),
	(25, 75, 12, 'Transaction Ledger', 'admin.transaction-ledger.index', NULL, 5, 1, 1, '2025-06-17 06:03:37', '2025-06-17 06:03:37'),
	(26, 76, 12, 'General Ledger', 'admin.general-ledger.index', NULL, 6, 1, 1, '2025-06-17 06:03:52', '2025-06-17 06:03:52'),
	(27, 77, 12, 'Cash Flow Statement', 'admin.cash-flow-statement.index', NULL, 7, 1, 1, '2025-06-17 06:04:23', '2025-06-17 06:04:23'),
	(28, 78, 12, 'Trial Balance', 'admin.trial-balance.index', NULL, 8, 1, 1, '2025-06-17 06:04:35', '2025-06-17 06:04:35'),
	(29, 79, 12, 'Income Statement', 'admin.income-statement.index', NULL, 9, 1, 1, '2025-06-17 06:04:58', '2025-06-17 06:04:58'),
	(32, 100, 45, 'UI Settings', 'admin.settings.index', '<span class="material-symbols-outlined fs-24"> menu_book </span>', 5, 1, 1, '2025-06-22 08:35:45', '2026-02-18 04:00:00'),
	(39, 138, NULL, 'Inventory', NULL, '<span class="material-symbols-outlined fs-24"> inventory </span>', 4, 1, 1, '2025-07-17 04:00:10', '2025-07-19 05:13:34'),
	(40, 139, 39, 'Productions', 'admin.production.index', NULL, 1, 1, 1, '2025-07-17 04:01:15', '2025-07-17 04:01:15'),
	(41, 155, NULL, 'Sales Management', NULL, '<span class="material-symbols-outlined fs-24"> bar_chart_4_bars </span>', 4, 1, 1, '2025-07-19 04:47:23', '2025-07-19 04:47:23'),
	(42, 156, 41, 'Clients', 'admin.client.index', NULL, 1, 1, 1, '2025-07-19 04:49:14', '2026-02-17 04:10:30'),
	(43, 157, 41, 'Sales', 'admin.sales.index', NULL, 2, 1, 1, '2025-07-19 04:49:37', '2025-07-19 04:49:37'),
	(44, 166, 39, 'Stock', 'admin.stock-status.index', NULL, 2, 1, 1, '2025-07-19 04:51:17', '2025-07-25 22:53:04'),
	(45, 167, NULL, 'System Setup', NULL, '<span class="material-symbols-outlined fs-24"> api </span>', 3, 1, 1, '2025-07-19 05:13:16', '2025-07-19 05:13:16'),
	(46, 168, 45, 'Regions', 'admin.region.index', NULL, 1, 1, 1, '2025-07-19 05:14:11', '2025-07-19 06:37:03'),
	(47, 169, 45, 'Area', 'admin.area.index', NULL, 2, 1, 1, '2025-07-19 05:14:30', '2025-07-19 05:14:30'),
	(48, 170, 45, 'Territory', 'admin.territory.index', NULL, 3, 1, 1, '2025-07-19 05:14:48', '2025-07-19 05:14:48'),
	(49, 183, 45, 'Stores', 'admin.store.index', NULL, 4, 1, 1, '2025-07-19 06:14:16', '2025-07-19 06:14:22'),
	(50, 190, 41, 'Collections', 'admin.collection.index', NULL, 3, 1, 1, '2025-07-20 07:50:25', '2025-07-20 07:50:25'),
	(53, 208, 68, 'Profit Distribution', 'admin.profit-distribution.index', '<span class="material-symbols-outlined fs-24"> event_repeat </span>', 7, 1, 1, '2025-07-22 02:47:36', '2026-02-18 03:51:24'),
	(54, 214, 68, 'Investor Payment', 'admin.investor-payment.index', '<span class="material-symbols-outlined fs-24"> add_card </span>', 8, 1, 1, '2025-07-22 06:50:16', '2026-02-18 03:48:01'),
	(55, 220, 68, 'Investor Statement', 'admin.investor-statement.index', '<span class="material-symbols-outlined fs-24"> contract </span>', 10, 1, 1, '2025-07-22 22:46:53', '2026-02-18 03:48:32'),
	(57, 230, NULL, 'Rooms Management', NULL, '<span class="material-symbols-outlined fs-22">bed</span>', 12, 1, 1, '2026-02-09 01:27:40', '2026-02-09 01:37:25'),
	(58, 231, 57, 'Room Manage', 'admin.rooms', NULL, 1, 1, 1, '2026-02-09 01:29:44', '2026-02-09 01:29:44'),
	(59, 232, NULL, 'Room Type Management', NULL, '<span class="material-symbols-outlined fs-22">category</span>', 12, 1, 1, '2026-02-09 01:39:17', '2026-02-09 01:39:17'),
	(60, 233, 59, 'Room Type', 'admin.categories.index', NULL, 12, 1, 1, '2026-02-09 01:41:19', '2026-02-09 01:41:59'),
	(61, 234, NULL, 'Booking Management', NULL, '<span class="material-symbols-outlined fs-22 text-primary">     event_note </span>', 13, 1, 1, '2026-02-09 05:31:56', '2026-02-09 05:31:56'),
	(62, 235, 61, 'Booking Manage', 'admin.bookings.index', NULL, 1, 1, 1, '2026-02-09 05:33:01', '2026-02-09 05:33:01'),
	(63, 236, 69, 'Services/Page Manage', 'admin.services.index', '<span class="material-symbols-outlined fs-22"> room_service </span>', 14, 1, 1, '2026-02-09 22:13:18', '2026-02-18 04:33:19'),
	(64, 237, 69, 'Gallery Manage', 'admin.services.index', '<span class="material-symbols-outlined fs-22"> photo_library </span>', 15, 1, 1, '2026-02-09 22:14:03', '2026-02-18 04:34:21'),
	(65, 238, 69, 'Testimonial Manage', 'admin.services.index', '<span class="material-symbols-outlined fs-22"> reviews </span>', 16, 1, 1, '2026-02-09 22:14:36', '2026-02-18 04:33:56'),
	(66, 239, 69, 'About Manage', 'admin.services.index', '<span class="material-symbols-outlined fs-22"> info </span>', 17, 1, 1, '2026-02-09 22:15:15', '2026-02-18 04:34:45'),
	(67, 240, NULL, 'Expenses', 'admin.expense.index', '<span class="material-symbols-outlined fs-22">account_balance_wallet</span>', 5, 1, 1, '2026-02-18 00:45:00', '2026-02-18 00:48:06'),
	(68, 244, NULL, 'Investor Manage', NULL, '<i class="fad fa-user-tie fs-18"></i>', 3, 1, 1, '2026-02-18 03:44:39', '2026-02-18 03:45:21'),
	(69, 245, NULL, 'CMS Setup', NULL, '<span class="material-symbols-outlined fs-22"> room_service </span>', 18, 1, 1, '2026-02-18 04:32:09', '2026-02-18 04:32:09');

-- Dumping structure for table amar_hostel.admin_menu_actions
DROP TABLE IF EXISTS `admin_menu_actions`;
CREATE TABLE IF NOT EXISTS `admin_menu_actions` (
  `id` bigint unsigned NOT NULL AUTO_INCREMENT,
  `permission_id` bigint unsigned NOT NULL,
  `admin_menu_id` bigint unsigned NOT NULL,
  `name` varchar(255) COLLATE utf8mb4_unicode_ci DEFAULT NULL,
  `route` varchar(255) COLLATE utf8mb4_unicode_ci NOT NULL,
  `status` tinyint(1) NOT NULL DEFAULT '1',
  `created_at` timestamp NULL DEFAULT NULL,
  `updated_at` timestamp NULL DEFAULT NULL,
  PRIMARY KEY (`id`),
  KEY `admin_menu_actions_permission_id_foreign` (`permission_id`),
  KEY `admin_menu_actions_admin_menu_id_foreign` (`admin_menu_id`),
  CONSTRAINT `admin_menu_actions_admin_menu_id_foreign` FOREIGN KEY (`admin_menu_id`) REFERENCES `admin_menus` (`id`) ON DELETE CASCADE,
  CONSTRAINT `admin_menu_actions_permission_id_foreign` FOREIGN KEY (`permission_id`) REFERENCES `permissions` (`id`) ON DELETE CASCADE
) ENGINE=InnoDB AUTO_INCREMENT=177 DEFAULT CHARSET=utf8mb4 COLLATE=utf8mb4_unicode_ci;

-- Dumping data for table amar_hostel.admin_menu_actions: ~113 rows (approximately)
DELETE FROM `admin_menu_actions`;
INSERT INTO `admin_menu_actions` (`id`, `permission_id`, `admin_menu_id`, `name`, `route`, `status`, `created_at`, `updated_at`) VALUES
	(1, 8, 5, 'create', 'admin.admin-menu.create', 1, '2025-06-17 05:30:00', '2025-06-17 05:30:00'),
	(2, 9, 5, 'edit', 'admin.admin-menu.edit', 1, '2025-06-17 05:30:15', '2025-06-17 05:30:15'),
	(3, 10, 5, 'delete', 'admin.admin-menu.destroy', 1, '2025-06-17 05:30:19', '2025-06-17 05:30:19'),
	(4, 11, 5, 'view actions', 'admin.admin-menu-action.index', 1, '2025-06-17 05:30:59', '2025-06-17 05:30:59'),
	(5, 12, 5, 'create action', 'admin.admin-menu-action.create', 1, '2025-06-17 05:31:06', '2025-06-17 05:31:06'),
	(6, 13, 5, 'edit action', 'admin.admin-menu-action.edit', 1, '2025-06-17 05:31:15', '2025-06-17 05:31:15'),
	(7, 14, 5, 'delete action', 'admin.admin-menu-action.destroy', 1, '2025-06-17 05:31:21', '2025-06-17 05:31:21'),
	(8, 15, 3, 'create', 'admin.role.create', 1, '2025-06-17 05:32:05', '2025-06-17 05:32:05'),
	(9, 16, 3, 'edit', 'admin.role.edit', 1, '2025-06-17 05:32:09', '2025-06-17 05:32:09'),
	(10, 17, 3, 'delete', 'admin.role.destroy', 1, '2025-06-17 05:32:15', '2025-06-17 05:32:15'),
	(11, 18, 3, 'edit permission', 'admin.role-permission.edit', 1, '2025-06-17 05:32:50', '2025-06-17 05:32:50'),
	(12, 19, 4, 'create', 'admin.user.create', 1, '2025-06-17 05:33:17', '2025-06-17 05:33:17'),
	(13, 20, 4, 'edit', 'admin.user.edit', 1, '2025-06-17 05:33:20', '2025-06-17 05:33:20'),
	(16, 23, 7, 'create', 'admin.investor.create', 1, '2025-06-17 05:34:17', '2025-06-17 05:34:17'),
	(17, 24, 7, 'edit', 'admin.investor.edit', 1, '2025-06-17 05:34:20', '2025-06-17 05:34:20'),
	(18, 25, 7, 'delete', 'admin.investor.destroy', 1, '2025-06-17 05:34:27', '2025-06-17 05:34:27'),
	(19, 26, 7, 'trash', 'admin.investor.trash', 1, '2025-06-17 05:34:33', '2025-06-17 05:34:33'),
	(20, 28, 8, 'create', 'admin.invest.create', 1, '2025-06-17 05:38:48', '2025-06-17 05:38:48'),
	(21, 29, 8, 'edit', 'admin.invest.edit', 1, '2025-06-17 05:38:52', '2025-06-17 05:38:52'),
	(24, 33, 9, 'create', 'admin.invest-sattlement.create', 1, '2025-06-17 05:41:09', '2025-06-23 04:19:25'),
	(25, 34, 9, 'edit', 'admin.invest-sattlement.edit', 1, '2025-06-17 05:41:13', '2025-06-23 04:19:31'),
	(28, 41, 13, 'create', 'admin.coa.create', 1, '2025-06-17 05:44:10', '2025-06-17 05:44:10'),
	(29, 42, 13, 'edit', 'admin.coa.edit', 1, '2025-06-17 05:44:15', '2025-06-17 05:44:15'),
	(30, 43, 13, 'delete', 'admin.coa.destroy', 1, '2025-06-17 05:44:20', '2025-06-17 05:44:20'),
	(31, 45, 14, 'create', 'admin.debit-voucher.create', 1, '2025-06-17 05:45:12', '2025-06-17 05:45:12'),
	(32, 46, 14, 'edit', 'admin.debit-voucher.edit', 1, '2025-06-17 05:45:17', '2025-06-17 05:45:17'),
	(35, 50, 15, 'create', 'admin.credit-voucher.create', 1, '2025-06-17 05:46:23', '2025-06-17 05:46:23'),
	(36, 51, 15, 'edit', 'admin.credit-voucher.edit', 1, '2025-06-17 05:46:27', '2025-06-17 05:46:27'),
	(39, 55, 16, 'create', 'admin.journal-voucher.create', 1, '2025-06-17 05:47:08', '2025-06-17 05:47:08'),
	(40, 56, 16, 'edit', 'admin.journal-voucher.edit', 1, '2025-06-17 05:47:13', '2025-06-17 05:47:13'),
	(43, 60, 17, 'view', 'admin.voucher-approve.show', 1, '2025-06-17 05:48:51', '2025-06-17 05:48:51'),
	(44, 61, 17, 'approve', 'admin.voucher-approve.edit', 1, '2025-06-17 05:49:08', '2025-06-17 05:49:08'),
	(45, 63, 18, 'view', 'admin.voucher-refuse.show', 1, '2025-06-17 05:50:44', '2025-06-17 05:50:44'),
	(46, 64, 18, 'approve', 'admin.voucher-refuse.edit', 1, '2025-06-17 05:50:49', '2025-06-17 05:50:49'),
	(47, 66, 19, 'view', 'admin.automation-approve.show', 1, '2025-06-17 05:51:41', '2025-06-17 05:51:41'),
	(48, 67, 19, 'approve', 'admin.automation-approve.edit', 1, '2025-06-17 05:51:52', '2025-06-17 05:51:52'),
	(51, 81, 14, 'view', 'admin.debit-voucher.show', 1, '2025-06-18 04:03:34', '2025-06-18 04:03:34'),
	(52, 82, 14, 'print', 'admin.debit-voucher.print', 1, '2025-06-18 04:03:38', '2025-06-18 04:03:38'),
	(53, 83, 14, 'delete', 'admin.debit-voucher.destroy', 1, '2025-06-18 04:03:43', '2025-06-18 04:03:43'),
	(54, 84, 14, 'trash', 'admin.debit-voucher.trash', 1, '2025-06-18 04:03:47', '2025-06-18 04:03:47'),
	(55, 85, 15, 'view', 'admin.credit-voucher.show', 1, '2025-06-18 22:26:47', '2025-06-18 22:26:47'),
	(56, 86, 15, 'print', 'admin.credit-voucher.print', 1, '2025-06-18 22:26:51', '2025-06-18 22:26:51'),
	(57, 87, 15, 'delete', 'admin.credit-voucher.destroy', 1, '2025-06-18 22:26:59', '2025-06-18 22:26:59'),
	(58, 88, 15, 'trash', 'admin.credit-voucher.trash', 1, '2025-06-18 22:27:03', '2025-06-18 22:27:03'),
	(60, 90, 8, 'delete', 'admin.invest.destroy', 1, '2025-06-19 08:47:54', '2025-06-19 08:47:54'),
	(61, 91, 8, 'trash', 'admin.invest.trash', 1, '2025-06-19 08:47:58', '2025-06-19 08:47:58'),
	(69, 101, 32, 'create', 'admin.product.create', 1, '2025-06-22 08:36:30', '2025-07-13 02:14:48'),
	(70, 102, 32, 'edit', 'admin.product.edit', 1, '2025-06-22 08:36:33', '2025-07-13 02:14:53'),
	(91, 127, 9, 'view', 'admin.invest-sattlement.show', 1, '2025-06-23 04:19:48', '2025-06-23 04:19:48'),
	(92, 128, 9, 'delete', 'admin.invest-sattlement.destroy', 1, '2025-06-23 04:19:56', '2025-06-23 04:19:56'),
	(93, 129, 9, 'trash', 'admin.invest-sattlement.trash', 1, '2025-06-23 04:20:01', '2025-06-23 04:20:01'),
	(94, 130, 4, 'change password', 'admin.user.password', 1, '2025-06-23 22:35:11', '2025-06-23 22:35:11'),
	(95, 131, 4, 'delete', 'admin.user.destroy', 1, '2025-06-23 22:35:16', '2025-06-23 22:35:16'),
	(96, 132, 4, 'trash', 'admin.user.trash', 1, '2025-06-23 22:35:21', '2025-06-23 22:35:21'),
	(97, 135, 32, 'view editions', 'admin.product-edition.index', 1, '2025-07-16 22:24:15', '2025-07-17 06:25:16'),
	(102, 142, 32, 'create edition', 'admin.product-edition.store', 1, '2025-07-17 06:27:56', '2025-07-17 06:29:13'),
	(103, 143, 32, 'edit edition', 'admin.product-edition.edit', 1, '2025-07-17 06:28:06', '2025-07-17 06:28:06'),
	(104, 144, 32, 'delete edition', 'admin.product-edition.destroy', 1, '2025-07-17 06:28:19', '2025-07-17 06:28:19'),
	(105, 145, 32, 'delete', 'admin.product.destroy', 1, '2025-07-17 06:28:23', '2025-07-17 06:28:23'),
	(106, 146, 32, 'trash', 'admin.product.trash', 1, '2025-07-17 06:28:28', '2025-07-17 06:28:28'),
	(107, 147, 40, 'create', 'admin.production.create', 1, '2025-07-18 22:28:23', '2025-07-18 22:28:23'),
	(108, 148, 40, 'edit', 'admin.production.edit', 1, '2025-07-18 22:28:27', '2025-07-18 22:28:27'),
	(109, 149, 40, 'view', 'admin.production.show', 1, '2025-07-18 22:28:33', '2025-07-18 22:28:33'),
	(112, 152, 40, 'print', 'admin.production.print', 1, '2025-07-19 04:38:54', '2025-07-19 04:38:54'),
	(113, 153, 40, 'delete', 'admin.production.destroy', 1, '2025-07-19 04:38:59', '2025-07-19 04:38:59'),
	(114, 154, 40, 'trash', 'admin.production.trash', 1, '2025-07-19 04:39:06', '2025-07-19 04:39:06'),
	(115, 158, 42, 'create', 'admin.client.create', 1, '2025-07-19 04:49:55', '2025-07-19 04:49:55'),
	(116, 159, 42, 'edit', 'admin.client.edit', 1, '2025-07-19 04:50:00', '2025-07-19 04:50:00'),
	(117, 160, 42, 'delete', 'admin.client.destroy', 1, '2025-07-19 04:50:07', '2025-07-19 04:50:07'),
	(118, 161, 42, 'trash', 'admin.client.trash', 1, '2025-07-19 04:50:11', '2025-07-19 04:50:11'),
	(119, 162, 43, 'create', 'admin.sales.create', 1, '2025-07-19 04:50:26', '2025-07-19 04:50:26'),
	(120, 163, 43, 'edit', 'admin.sales.edit', 1, '2025-07-19 04:50:29', '2025-07-19 04:50:29'),
	(121, 164, 43, 'print', 'admin.sales.show', 1, '2025-07-19 04:50:33', '2025-07-20 07:51:18'),
	(123, 171, 46, 'create', 'admin.region.create', 1, '2025-07-19 06:11:34', '2025-07-19 06:11:34'),
	(124, 172, 46, 'edit', 'admin.region.edit', 1, '2025-07-19 06:11:40', '2025-07-19 06:11:40'),
	(125, 173, 46, 'delete', 'admin.region.destroy', 1, '2025-07-19 06:11:45', '2025-07-19 06:11:45'),
	(126, 174, 46, 'trash', 'admin.region.trash', 1, '2025-07-19 06:11:50', '2025-07-19 06:11:50'),
	(127, 175, 47, 'create', 'admin.area.create', 1, '2025-07-19 06:12:18', '2025-07-19 06:12:18'),
	(128, 176, 47, 'edit', 'admin.area.edit', 1, '2025-07-19 06:12:21', '2025-07-19 06:12:21'),
	(129, 177, 47, 'delete', 'admin.area.destroy', 1, '2025-07-19 06:12:33', '2025-07-19 06:12:33'),
	(130, 178, 47, 'trash', 'admin.area.trash', 1, '2025-07-19 06:12:40', '2025-07-19 06:12:40'),
	(131, 179, 48, 'create', 'admin.territory.create', 1, '2025-07-19 06:12:53', '2025-07-19 06:12:53'),
	(132, 180, 48, 'edit', 'admin.territory.edit', 1, '2025-07-19 06:12:56', '2025-07-19 06:12:56'),
	(133, 181, 48, 'delete', 'admin.territory.destroy', 1, '2025-07-19 06:13:00', '2025-07-19 06:13:00'),
	(134, 182, 48, 'trash', 'admin.territory.trash', 1, '2025-07-19 06:13:06', '2025-07-19 06:13:06'),
	(135, 184, 49, 'create', 'admin.store.create', 1, '2025-07-19 06:14:31', '2025-07-19 06:14:31'),
	(136, 185, 49, 'edit', 'admin.store.edit', 1, '2025-07-19 06:14:34', '2025-07-19 06:14:34'),
	(137, 186, 49, 'delete', 'admin.store.destroy', 1, '2025-07-19 06:14:39', '2025-07-19 06:14:39'),
	(138, 187, 49, 'trash', 'admin.store.trash', 1, '2025-07-19 06:14:45', '2025-07-19 06:14:45'),
	(139, 188, 43, 'delete', 'admin.sales.destroy', 1, '2025-07-20 07:36:18', '2025-07-20 07:36:18'),
	(140, 189, 43, 'trash', 'admin.sales.trash', 1, '2025-07-20 07:36:23', '2025-07-20 07:36:23'),
	(141, 191, 50, 'create', 'admin.collection.create', 1, '2025-07-20 07:50:36', '2025-07-20 07:50:36'),
	(142, 192, 50, 'edit', 'admin.collection.edit', 1, '2025-07-20 07:50:41', '2025-07-20 07:50:41'),
	(143, 193, 50, 'print', 'admin.collection.show', 1, '2025-07-20 07:50:45', '2025-07-20 07:50:45'),
	(144, 194, 50, 'delete', 'admin.collection.destroy', 1, '2025-07-20 07:50:52', '2025-07-20 07:50:52'),
	(145, 195, 50, 'trash', 'admin.collection.trash', 1, '2025-07-20 07:50:56', '2025-07-20 07:50:56'),
	(156, 209, 53, 'create', 'admin.profit-distribution.create', 1, '2025-07-22 02:47:59', '2025-07-22 02:47:59'),
	(157, 210, 53, 'edit', 'admin.profit-distribution.edit', 1, '2025-07-22 02:48:05', '2025-07-22 02:48:05'),
	(158, 211, 53, 'view', 'admin.profit-distribution.show', 1, '2025-07-22 02:48:09', '2025-07-22 02:48:09'),
	(159, 212, 53, 'delete', 'admin.profit-distribution.destroy', 1, '2025-07-22 02:48:16', '2025-07-22 02:48:16'),
	(160, 213, 53, 'trash', 'admin.profit-distribution.trash', 1, '2025-07-22 02:48:22', '2025-07-22 02:48:22'),
	(161, 215, 54, 'create', 'admin.investor-payment.create', 1, '2025-07-22 06:50:27', '2025-07-22 06:50:27'),
	(162, 216, 54, 'edit', 'admin.investor-payment.edit', 1, '2025-07-22 06:50:31', '2025-07-22 06:50:31'),
	(163, 217, 54, 'view', 'admin.investor-payment.show', 1, '2025-07-22 06:50:38', '2025-07-22 06:50:38'),
	(164, 218, 54, 'delete', 'admin.investor-payment.destroy', 1, '2025-07-22 06:50:44', '2025-07-22 06:50:44'),
	(165, 219, 54, 'trash', 'admin.investor-payment.trash', 1, '2025-07-22 06:50:50', '2025-07-22 06:50:50'),
	(166, 221, 16, 'show', 'admin.journal-voucher.show', 1, '2025-08-31 23:33:11', '2025-08-31 23:33:11'),
	(167, 222, 16, 'print', 'admin.journal-voucher.print', 1, '2025-08-31 23:33:17', '2025-08-31 23:33:17'),
	(168, 223, 16, 'delete', 'admin.journal-voucher.destroy', 1, '2025-08-31 23:33:21', '2025-08-31 23:33:21'),
	(169, 224, 16, 'trash', 'admin.journal-voucher.trash', 1, '2025-08-31 23:34:07', '2025-08-31 23:34:07'),
	(174, 241, 67, 'create', 'admin.expense.create', 1, '2026-02-18 00:53:27', '2026-02-18 00:53:27'),
	(175, 242, 67, 'edit', 'admin.expense.edit', 1, '2026-02-18 01:04:00', '2026-02-18 01:04:00'),
	(176, 243, 67, 'show', 'admin.expense.show', 1, '2026-02-18 01:04:26', '2026-02-18 01:04:26');

-- Dumping structure for table amar_hostel.admin_settings
DROP TABLE IF EXISTS `admin_settings`;
CREATE TABLE IF NOT EXISTS `admin_settings` (
  `id` bigint unsigned NOT NULL AUTO_INCREMENT,
  `logo` varchar(255) COLLATE utf8mb4_unicode_ci DEFAULT NULL,
  `small_logo` varchar(255) COLLATE utf8mb4_unicode_ci DEFAULT NULL,
  `favicon` varchar(255) COLLATE utf8mb4_unicode_ci DEFAULT NULL,
  `invest_value` int DEFAULT NULL,
  `title` varchar(255) COLLATE utf8mb4_unicode_ci DEFAULT NULL,
  `footer_text` varchar(255) COLLATE utf8mb4_unicode_ci DEFAULT NULL,
  `primary_color` varchar(255) COLLATE utf8mb4_unicode_ci DEFAULT NULL,
  `secondary_color` varchar(255) COLLATE utf8mb4_unicode_ci DEFAULT NULL,
  `facebook` varchar(255) COLLATE utf8mb4_unicode_ci DEFAULT NULL,
  `twitter` varchar(255) COLLATE utf8mb4_unicode_ci DEFAULT NULL,
  `linkedin` varchar(255) COLLATE utf8mb4_unicode_ci DEFAULT NULL,
  `whatsapp` varchar(255) COLLATE utf8mb4_unicode_ci DEFAULT NULL,
  `google` varchar(255) COLLATE utf8mb4_unicode_ci DEFAULT NULL,
  `created_at` timestamp NULL DEFAULT NULL,
  `updated_at` timestamp NULL DEFAULT NULL,
  PRIMARY KEY (`id`)
) ENGINE=InnoDB AUTO_INCREMENT=2 DEFAULT CHARSET=utf8mb4 COLLATE=utf8mb4_unicode_ci;

-- Dumping data for table amar_hostel.admin_settings: ~1 rows (approximately)
DELETE FROM `admin_settings`;
INSERT INTO `admin_settings` (`id`, `logo`, `small_logo`, `favicon`, `invest_value`, `title`, `footer_text`, `primary_color`, `secondary_color`, `facebook`, `twitter`, `linkedin`, `whatsapp`, `google`, `created_at`, `updated_at`) VALUES
	(1, 'storage/admin-setting//2026-02-10-quLl7x6LIpOewvLbubTsJtU9vDBuvRatfjvBTaAY.webp', 'storage/admin-setting//2026-02-10-npcVYQ5HMBIhcqH4DAsj5jOFLAkekKGIRl2ZzRSx.webp', 'storage/admin-setting//2026-02-10-uKHdiBUMHBaK5EWxiGoTNqLRKYfMBFDHxrbvwVlu.webp', 10000, 'Amar Hostel', ' 2023 Developed by <a target="_blank" href="http://www.technoparkbd.com/">Techno Park Bangladesh</a>', NULL, NULL, NULL, NULL, NULL, NULL, NULL, '2026-02-09 22:38:23', '2026-02-09 22:38:23');

-- Dumping structure for table amar_hostel.areas
DROP TABLE IF EXISTS `areas`;
CREATE TABLE IF NOT EXISTS `areas` (
  `id` bigint unsigned NOT NULL AUTO_INCREMENT,
  `region_id` bigint unsigned NOT NULL,
  `code` varchar(255) CHARACTER SET utf8mb4 COLLATE utf8mb4_unicode_ci DEFAULT NULL,
  `name` varchar(255) CHARACTER SET utf8mb4 COLLATE utf8mb4_unicode_ci NOT NULL,
  `incharge` varchar(255) CHARACTER SET utf8mb4 COLLATE utf8mb4_unicode_ci DEFAULT NULL,
  `phone` varchar(255) CHARACTER SET utf8mb4 COLLATE utf8mb4_unicode_ci DEFAULT NULL,
  `email` varchar(255) CHARACTER SET utf8mb4 COLLATE utf8mb4_unicode_ci DEFAULT NULL,
  `address` varchar(255) CHARACTER SET utf8mb4 COLLATE utf8mb4_unicode_ci DEFAULT NULL,
  `status` tinyint(1) NOT NULL DEFAULT '1',
  `created_by` bigint unsigned DEFAULT NULL,
  `updated_by` bigint unsigned DEFAULT NULL,
  `deleted_by` bigint unsigned DEFAULT NULL,
  `deleted_at` timestamp NULL DEFAULT NULL,
  `created_at` timestamp NULL DEFAULT NULL,
  `updated_at` timestamp NULL DEFAULT NULL,
  PRIMARY KEY (`id`),
  UNIQUE KEY `areas_code_unique` (`code`),
  KEY `areas_region_id_foreign` (`region_id`),
  KEY `areas_created_by_foreign` (`created_by`),
  KEY `areas_updated_by_foreign` (`updated_by`),
  KEY `areas_deleted_by_foreign` (`deleted_by`),
  CONSTRAINT `areas_created_by_foreign` FOREIGN KEY (`created_by`) REFERENCES `users` (`id`) ON DELETE SET NULL,
  CONSTRAINT `areas_deleted_by_foreign` FOREIGN KEY (`deleted_by`) REFERENCES `users` (`id`) ON DELETE SET NULL,
  CONSTRAINT `areas_region_id_foreign` FOREIGN KEY (`region_id`) REFERENCES `regions` (`id`) ON DELETE CASCADE,
  CONSTRAINT `areas_updated_by_foreign` FOREIGN KEY (`updated_by`) REFERENCES `users` (`id`) ON DELETE SET NULL
) ENGINE=InnoDB AUTO_INCREMENT=52 DEFAULT CHARSET=utf8mb4 COLLATE=utf8mb4_unicode_ci;

-- Dumping data for table amar_hostel.areas: ~51 rows (approximately)
DELETE FROM `areas`;
INSERT INTO `areas` (`id`, `region_id`, `code`, `name`, `incharge`, `phone`, `email`, `address`, `status`, `created_by`, `updated_by`, `deleted_by`, `deleted_at`, `created_at`, `updated_at`) VALUES
	(1, 1, NULL, '', NULL, NULL, NULL, NULL, 1, 1, 10, NULL, NULL, '2025-07-22 03:18:40', '2025-10-26 00:13:31'),
	(2, 2, NULL, '', NULL, NULL, NULL, NULL, 1, 10, NULL, NULL, NULL, '2025-10-25 23:52:58', '2025-10-25 23:52:58'),
	(3, 5, NULL, '', NULL, NULL, NULL, NULL, 1, 10, NULL, NULL, NULL, '2025-10-26 00:04:06', '2025-10-26 00:04:06'),
	(4, 2, NULL, '', NULL, NULL, NULL, NULL, 1, 10, NULL, NULL, NULL, '2025-10-26 00:05:53', '2025-10-26 00:05:53'),
	(5, 5, NULL, '', NULL, NULL, NULL, NULL, 1, 10, NULL, NULL, NULL, '2025-10-26 00:07:44', '2025-10-26 00:07:44'),
	(6, 4, NULL, '', NULL, NULL, NULL, NULL, 1, 10, NULL, NULL, NULL, '2025-10-26 00:08:25', '2025-10-26 00:08:25'),
	(7, 3, NULL, '', NULL, NULL, NULL, NULL, 1, 10, NULL, NULL, NULL, '2025-10-26 00:09:43', '2025-10-26 00:09:43'),
	(8, 6, NULL, '', NULL, NULL, NULL, NULL, 1, 10, NULL, NULL, NULL, '2025-10-26 00:10:24', '2025-10-26 00:10:24'),
	(9, 6, NULL, '', NULL, NULL, NULL, NULL, 1, 10, NULL, NULL, NULL, '2025-10-26 00:14:44', '2025-10-26 00:14:44'),
	(10, 6, NULL, '', NULL, NULL, NULL, NULL, 1, 10, NULL, NULL, NULL, '2025-10-26 00:15:15', '2025-10-26 00:15:15'),
	(11, 1, NULL, '', NULL, NULL, NULL, NULL, 1, 10, NULL, NULL, NULL, '2025-10-26 00:15:47', '2025-10-26 00:15:47'),
	(12, 5, NULL, '', NULL, NULL, NULL, NULL, 1, 10, NULL, NULL, NULL, '2025-10-26 00:16:47', '2025-10-26 00:16:47'),
	(13, 5, NULL, '', NULL, NULL, NULL, NULL, 1, 10, NULL, NULL, NULL, '2025-10-26 00:17:29', '2025-10-26 00:17:29'),
	(14, 9, NULL, 'Area-1', NULL, NULL, NULL, NULL, 1, 10, NULL, NULL, NULL, '2025-10-26 00:19:33', '2025-10-26 00:19:33'),
	(15, 5, NULL, 'Area-1', NULL, NULL, NULL, NULL, 1, 10, NULL, NULL, NULL, '2025-10-26 00:31:22', '2025-10-26 00:31:22'),
	(16, 7, NULL, 'Area-1', NULL, NULL, NULL, NULL, 1, 10, NULL, NULL, NULL, '2025-10-26 01:11:55', '2025-10-26 01:11:55'),
	(17, 7, NULL, '', NULL, NULL, NULL, NULL, 1, 10, NULL, 10, '2025-10-30 05:19:41', '2025-10-26 01:12:36', '2025-10-30 05:19:41'),
	(18, 7, NULL, '', NULL, NULL, NULL, NULL, 1, 10, NULL, 10, '2025-10-30 05:19:47', '2025-10-26 01:12:56', '2025-10-30 05:19:47'),
	(19, 7, NULL, '', NULL, NULL, NULL, NULL, 1, 10, NULL, 10, '2025-10-30 05:19:12', '2025-10-26 01:13:17', '2025-10-30 05:19:12'),
	(20, 1, NULL, '', NULL, NULL, NULL, NULL, 1, 10, NULL, NULL, NULL, '2025-10-30 04:29:58', '2025-10-30 04:29:58'),
	(21, 1, NULL, '', NULL, NULL, NULL, NULL, 1, 10, 10, NULL, NULL, '2025-10-30 04:34:11', '2025-11-01 01:20:01'),
	(22, 1, NULL, ',', NULL, NULL, NULL, NULL, 1, 10, 10, NULL, NULL, '2025-10-30 04:35:11', '2025-11-01 01:26:48'),
	(23, 1, NULL, ', ', NULL, NULL, NULL, NULL, 1, 10, 10, NULL, NULL, '2025-10-30 05:10:16', '2025-10-30 05:10:40'),
	(24, 2, NULL, '', NULL, NULL, NULL, NULL, 1, 10, NULL, NULL, NULL, '2025-10-30 05:11:18', '2025-10-30 05:11:18'),
	(25, 2, NULL, '', NULL, NULL, NULL, NULL, 1, 10, NULL, NULL, NULL, '2025-10-30 05:11:45', '2025-10-30 05:11:45'),
	(26, 3, NULL, '', NULL, NULL, NULL, NULL, 1, 10, NULL, NULL, NULL, '2025-10-30 05:12:55', '2025-10-30 05:12:55'),
	(27, 3, NULL, ', ', NULL, NULL, NULL, NULL, 1, 10, 10, NULL, NULL, '2025-10-30 05:14:38', '2025-11-01 00:30:35'),
	(28, 4, NULL, '', NULL, NULL, NULL, NULL, 1, 10, NULL, NULL, NULL, '2025-10-30 05:15:09', '2025-10-30 05:15:09'),
	(29, 4, NULL, '', NULL, NULL, NULL, NULL, 1, 10, NULL, NULL, NULL, '2025-10-30 05:15:31', '2025-10-30 05:15:31'),
	(30, 4, NULL, '', NULL, NULL, NULL, NULL, 1, 10, NULL, NULL, NULL, '2025-10-30 05:15:56', '2025-10-30 05:15:56'),
	(31, 4, NULL, '', NULL, NULL, NULL, NULL, 1, 10, NULL, NULL, NULL, '2025-10-30 05:17:27', '2025-10-30 05:17:27'),
	(32, 7, NULL, '', NULL, NULL, NULL, NULL, 1, 10, NULL, NULL, NULL, '2025-10-30 05:17:49', '2025-10-30 05:17:49'),
	(33, 7, NULL, '', NULL, NULL, NULL, NULL, 1, 10, NULL, NULL, NULL, '2025-10-30 05:18:09', '2025-10-30 05:18:09'),
	(34, 7, NULL, '', NULL, NULL, NULL, NULL, 1, 10, NULL, NULL, NULL, '2025-10-30 05:18:28', '2025-10-30 05:18:28'),
	(35, 7, NULL, '', NULL, NULL, NULL, NULL, 1, 10, NULL, NULL, NULL, '2025-10-30 05:18:42', '2025-10-30 05:18:42'),
	(36, 8, NULL, '', NULL, NULL, NULL, NULL, 1, 10, NULL, NULL, NULL, '2025-10-30 05:20:59', '2025-10-30 05:20:59'),
	(37, 8, NULL, '', NULL, NULL, NULL, NULL, 1, 10, NULL, NULL, NULL, '2025-10-30 05:21:36', '2025-10-30 05:21:36'),
	(38, 8, NULL, '', NULL, NULL, NULL, NULL, 1, 10, NULL, NULL, NULL, '2025-10-30 05:22:37', '2025-10-30 05:22:37'),
	(39, 8, NULL, '', NULL, NULL, NULL, NULL, 1, 10, NULL, NULL, NULL, '2025-10-30 05:23:16', '2025-10-30 05:23:16'),
	(40, 5, NULL, '', NULL, NULL, NULL, NULL, 1, 10, NULL, NULL, NULL, '2025-10-30 05:23:36', '2025-10-30 05:23:36'),
	(41, 5, NULL, '', NULL, NULL, NULL, NULL, 1, 10, NULL, NULL, NULL, '2025-10-30 05:23:56', '2025-10-30 05:23:56'),
	(42, 5, NULL, '', NULL, NULL, NULL, NULL, 1, 10, NULL, NULL, NULL, '2025-10-30 05:24:37', '2025-10-30 05:24:37'),
	(43, 5, NULL, '', NULL, NULL, NULL, NULL, 1, 10, NULL, 10, '2025-11-01 01:54:26', '2025-10-30 05:25:11', '2025-11-01 01:54:26'),
	(44, 6, NULL, '', NULL, NULL, NULL, NULL, 1, 10, NULL, NULL, NULL, '2025-10-30 05:25:35', '2025-10-30 05:25:35'),
	(45, 6, NULL, '', NULL, NULL, NULL, NULL, 1, 10, NULL, NULL, NULL, '2025-10-30 05:26:38', '2025-10-30 05:26:38'),
	(46, 3, NULL, '', NULL, NULL, NULL, NULL, 1, 10, NULL, NULL, NULL, '2025-11-01 00:30:57', '2025-11-01 00:30:57'),
	(47, 1, NULL, '', NULL, NULL, NULL, NULL, 1, 10, NULL, NULL, NULL, '2025-11-01 01:08:45', '2025-11-01 01:08:45'),
	(48, 2, NULL, '', NULL, NULL, NULL, NULL, 1, 10, NULL, NULL, NULL, '2025-11-01 01:17:09', '2025-11-01 01:17:09'),
	(49, 1, NULL, '', NULL, NULL, NULL, NULL, 1, 10, NULL, NULL, NULL, '2025-11-01 01:20:16', '2025-11-01 01:20:16'),
	(50, 2, NULL, '', NULL, NULL, NULL, NULL, 1, 10, NULL, NULL, NULL, '2025-11-02 03:05:45', '2025-11-02 03:05:45'),
	(51, 1, NULL, ' ', NULL, NULL, NULL, NULL, 1, 1, NULL, NULL, NULL, '2026-01-24 05:20:36', '2026-01-24 05:20:36');

-- Dumping structure for table amar_hostel.bookings
DROP TABLE IF EXISTS `bookings`;
CREATE TABLE IF NOT EXISTS `bookings` (
  `id` bigint unsigned NOT NULL AUTO_INCREMENT,
  `room_id` bigint unsigned NOT NULL,
  `user_id` bigint unsigned NOT NULL,
  `duration` varchar(255) COLLATE utf8mb4_unicode_ci NOT NULL,
  `check_in` date NOT NULL,
  `check_out` date NOT NULL,
  `guests` int NOT NULL,
  `total_price` decimal(10,2) NOT NULL,
  `status` enum('pending','confirmed','checked_in','checked_out','cancelled') CHARACTER SET utf8mb4 COLLATE utf8mb4_unicode_ci NOT NULL DEFAULT 'pending',
  `created_at` timestamp NULL DEFAULT NULL,
  `updated_at` timestamp NULL DEFAULT NULL,
  PRIMARY KEY (`id`),
  KEY `bookings_room_id_foreign` (`room_id`),
  KEY `bookings_user_id_foreign` (`user_id`),
  CONSTRAINT `bookings_room_id_foreign` FOREIGN KEY (`room_id`) REFERENCES `rooms` (`id`) ON DELETE CASCADE,
  CONSTRAINT `bookings_user_id_foreign` FOREIGN KEY (`user_id`) REFERENCES `users` (`id`) ON DELETE CASCADE
) ENGINE=InnoDB AUTO_INCREMENT=21 DEFAULT CHARSET=utf8mb4 COLLATE=utf8mb4_unicode_ci;

-- Dumping data for table amar_hostel.bookings: ~20 rows (approximately)
DELETE FROM `bookings`;
INSERT INTO `bookings` (`id`, `room_id`, `user_id`, `duration`, `check_in`, `check_out`, `guests`, `total_price`, `status`, `created_at`, `updated_at`) VALUES
	(1, 8, 3, '', '2026-02-08', '2026-02-26', 4, 176.00, 'confirmed', '2026-02-08 04:41:05', '2026-02-09 23:42:24'),
	(2, 6, 3, '', '2026-02-08', '2026-02-09', 2, 44.00, 'checked_out', '2026-02-08 05:01:46', '2026-02-09 23:42:38'),
	(3, 6, 3, '', '2026-02-08', '2026-02-09', 3, 66.00, 'confirmed', '2026-02-08 05:04:37', '2026-02-08 05:04:37'),
	(4, 8, 3, '', '2026-02-08', '2026-02-11', 2, 88.00, 'confirmed', '2026-02-08 05:07:06', '2026-02-08 05:07:06'),
	(5, 6, 3, '', '2026-02-08', '2026-02-10', 2, 44.00, 'checked_out', '2026-02-08 05:09:29', '2026-02-09 04:55:47'),
	(6, 2, 3, '', '2026-02-08', '2026-02-09', 2, 44.00, 'cancelled', '2026-02-08 05:10:38', '2026-02-09 04:55:26'),
	(7, 6, 3, '', '2026-02-08', '2026-02-12', 1, 22.00, 'confirmed', '2026-02-08 05:11:52', '2026-02-08 05:11:52'),
	(8, 6, 3, '', '2026-02-08', '2026-02-19', 2, 44.00, 'confirmed', '2026-02-08 05:18:18', '2026-02-08 05:18:18'),
	(9, 9, 3, '', '2026-02-08', '2026-02-20', 2, 90.00, 'confirmed', '2026-02-08 05:52:44', '2026-02-09 05:28:09'),
	(10, 6, 3, '', '2026-02-08', '2026-02-10', 12, 264.00, 'checked_out', '2026-02-08 05:53:34', '2026-02-09 23:52:46'),
	(11, 8, 3, '', '2026-02-08', '2026-02-09', 1, 44.00, 'pending', '2026-02-08 05:55:54', '2026-02-08 05:55:54'),
	(12, 2, 1, '', '2026-02-09', '2026-02-10', 2, 44.00, 'pending', '2026-02-09 03:15:51', '2026-02-09 03:15:51'),
	(13, 2, 3, '', '2026-02-09', '2026-02-10', 1, 22.00, 'pending', '2026-02-09 04:00:29', '2026-02-09 04:00:29'),
	(14, 2, 1, '', '2026-02-09', '2026-02-11', 3, 66.00, 'pending', '2026-02-09 05:45:01', '2026-02-09 05:45:01'),
	(15, 2, 3, '', '2026-02-09', '2026-02-11', 3, 66.00, 'pending', '2026-02-09 06:21:13', '2026-02-09 06:21:13'),
	(16, 6, 1, '', '2026-02-10', '2026-02-14', 4, 88.00, 'confirmed', '2026-02-09 23:37:59', '2026-02-09 23:40:27'),
	(17, 11, 1, '', '2026-02-10', '2026-02-11', 2, 66.00, 'confirmed', '2026-02-10 01:53:34', '2026-02-16 06:33:37'),
	(18, 2, 1, '', '2026-02-10', '2026-02-11', 5, 110.00, 'checked_out', '2026-02-10 03:19:32', '2026-02-10 03:24:12'),
	(19, 11, 1, '', '2026-02-10', '2026-02-11', 1, 33.00, 'checked_out', '2026-02-10 03:46:45', '2026-02-10 03:47:54'),
	(20, 9, 1, '', '2026-02-10', '2026-02-11', 1, 45.00, 'pending', '2026-02-10 04:13:10', '2026-02-10 04:13:10');

-- Dumping structure for table amar_hostel.cache
DROP TABLE IF EXISTS `cache`;
CREATE TABLE IF NOT EXISTS `cache` (
  `key` varchar(255) COLLATE utf8mb4_unicode_ci NOT NULL,
  `value` mediumtext COLLATE utf8mb4_unicode_ci NOT NULL,
  `expiration` int NOT NULL,
  PRIMARY KEY (`key`)
) ENGINE=InnoDB DEFAULT CHARSET=utf8mb4 COLLATE=utf8mb4_unicode_ci;

-- Dumping data for table amar_hostel.cache: ~4 rows (approximately)
DELETE FROM `cache`;
INSERT INTO `cache` (`key`, `value`, `expiration`) VALUES
	('books_books_cache_admin_menus', 'O:39:"Illuminate\\Database\\Eloquent\\Collection":2:{s:8:"\0*\0items";a:12:{i:0;O:20:"App\\Models\\AdminMenu":33:{s:13:"\0*\0connection";s:5:"mysql";s:8:"\0*\0table";s:11:"admin_menus";s:13:"\0*\0primaryKey";s:2:"id";s:10:"\0*\0keyType";s:3:"int";s:12:"incrementing";b:1;s:7:"\0*\0with";a:0:{}s:12:"\0*\0withCount";a:0:{}s:19:"preventsLazyLoading";b:0;s:10:"\0*\0perPage";i:15;s:6:"exists";b:1;s:18:"wasRecentlyCreated";b:0;s:28:"\0*\0escapeWhenCastingToString";b:0;s:13:"\0*\0attributes";a:11:{s:2:"id";i:1;s:13:"permission_id";i:1;s:9:"parent_id";N;s:4:"name";s:9:"Dashboard";s:5:"route";s:15:"admin.dashboard";s:4:"icon";s:68:"<span class="material-symbols-outlined fs-22"> home_app_logo </span>";s:5:"order";i:1;s:6:"status";i:1;s:12:"is_deletable";i:1;s:10:"created_at";s:19:"2025-06-17 11:07:50";s:10:"updated_at";s:19:"2025-06-17 11:31:46";}s:11:"\0*\0original";a:11:{s:2:"id";i:1;s:13:"permission_id";i:1;s:9:"parent_id";N;s:4:"name";s:9:"Dashboard";s:5:"route";s:15:"admin.dashboard";s:4:"icon";s:68:"<span class="material-symbols-outlined fs-22"> home_app_logo </span>";s:5:"order";i:1;s:6:"status";i:1;s:12:"is_deletable";i:1;s:10:"created_at";s:19:"2025-06-17 11:07:50";s:10:"updated_at";s:19:"2025-06-17 11:31:46";}s:10:"\0*\0changes";a:0:{}s:11:"\0*\0previous";a:0:{}s:8:"\0*\0casts";a:2:{s:6:"status";s:7:"boolean";s:12:"is_deletable";s:7:"boolean";}s:17:"\0*\0classCastCache";a:0:{}s:21:"\0*\0attributeCastCache";a:0:{}s:13:"\0*\0dateFormat";N;s:10:"\0*\0appends";a:0:{}s:19:"\0*\0dispatchesEvents";a:0:{}s:14:"\0*\0observables";a:0:{}s:12:"\0*\0relations";a:2:{s:8:"children";O:39:"Illuminate\\Database\\Eloquent\\Collection":2:{s:8:"\0*\0items";a:0:{}s:28:"\0*\0escapeWhenCastingToString";b:0;}s:7:"actions";O:39:"Illuminate\\Database\\Eloquent\\Collection":2:{s:8:"\0*\0items";a:0:{}s:28:"\0*\0escapeWhenCastingToString";b:0;}}s:10:"\0*\0touches";a:0:{}s:27:"\0*\0relationAutoloadCallback";N;s:26:"\0*\0relationAutoloadContext";N;s:10:"timestamps";b:1;s:13:"usesUniqueIds";b:0;s:9:"\0*\0hidden";a:0:{}s:10:"\0*\0visible";a:0:{}s:11:"\0*\0fillable";a:8:{i:0;s:13:"permission_id";i:1;s:9:"parent_id";i:2;s:4:"name";i:3;s:5:"route";i:4;s:4:"icon";i:5;s:5:"order";i:6;s:6:"status";i:7;s:12:"is_deletable";}s:10:"\0*\0guarded";a:1:{i:0;s:1:"*";}}i:1;O:20:"App\\Models\\AdminMenu":33:{s:13:"\0*\0connection";s:5:"mysql";s:8:"\0*\0table";s:11:"admin_menus";s:13:"\0*\0primaryKey";s:2:"id";s:10:"\0*\0keyType";s:3:"int";s:12:"incrementing";b:1;s:7:"\0*\0with";a:0:{}s:12:"\0*\0withCount";a:0:{}s:19:"preventsLazyLoading";b:0;s:10:"\0*\0perPage";i:15;s:6:"exists";b:1;s:18:"wasRecentlyCreated";b:0;s:28:"\0*\0escapeWhenCastingToString";b:0;s:13:"\0*\0attributes";a:11:{s:2:"id";i:2;s:13:"permission_id";i:2;s:9:"parent_id";N;s:4:"name";s:11:"Admin Setup";s:5:"route";N;s:4:"icon";s:78:"<span class="material-symbols-outlined fs-22"> settings_cinematic_blur </span>";s:5:"order";i:2;s:6:"status";i:1;s:12:"is_deletable";i:1;s:10:"created_at";s:19:"2025-06-17 11:10:14";s:10:"updated_at";s:19:"2026-02-18 10:27:22";}s:11:"\0*\0original";a:11:{s:2:"id";i:2;s:13:"permission_id";i:2;s:9:"parent_id";N;s:4:"name";s:11:"Admin Setup";s:5:"route";N;s:4:"icon";s:78:"<span class="material-symbols-outlined fs-22"> settings_cinematic_blur </span>";s:5:"order";i:2;s:6:"status";i:1;s:12:"is_deletable";i:1;s:10:"created_at";s:19:"2025-06-17 11:10:14";s:10:"updated_at";s:19:"2026-02-18 10:27:22";}s:10:"\0*\0changes";a:0:{}s:11:"\0*\0previous";a:0:{}s:8:"\0*\0casts";a:2:{s:6:"status";s:7:"boolean";s:12:"is_deletable";s:7:"boolean";}s:17:"\0*\0classCastCache";a:0:{}s:21:"\0*\0attributeCastCache";a:0:{}s:13:"\0*\0dateFormat";N;s:10:"\0*\0appends";a:0:{}s:19:"\0*\0dispatchesEvents";a:0:{}s:14:"\0*\0observables";a:0:{}s:12:"\0*\0relations";a:2:{s:8:"children";O:39:"Illuminate\\Database\\Eloquent\\Collection":2:{s:8:"\0*\0items";a:4:{i:0;O:20:"App\\Models\\AdminMenu":33:{s:13:"\0*\0connection";s:5:"mysql";s:8:"\0*\0table";s:11:"admin_menus";s:13:"\0*\0primaryKey";s:2:"id";s:10:"\0*\0keyType";s:3:"int";s:12:"incrementing";b:1;s:7:"\0*\0with";a:0:{}s:12:"\0*\0withCount";a:0:{}s:19:"preventsLazyLoading";b:0;s:10:"\0*\0perPage";i:15;s:6:"exists";b:1;s:18:"wasRecentlyCreated";b:0;s:28:"\0*\0escapeWhenCastingToString";b:0;s:13:"\0*\0attributes";a:11:{s:2:"id";i:3;s:13:"permission_id";i:3;s:9:"parent_id";i:2;s:4:"name";s:5:"Roles";s:5:"route";s:16:"admin.role.index";s:4:"icon";N;s:5:"order";i:1;s:6:"status";i:1;s:12:"is_deletable";i:1;s:10:"created_at";s:19:"2025-06-17 11:10:36";s:10:"updated_at";s:19:"2025-06-17 11:10:36";}s:11:"\0*\0original";a:11:{s:2:"id";i:3;s:13:"permission_id";i:3;s:9:"parent_id";i:2;s:4:"name";s:5:"Roles";s:5:"route";s:16:"admin.role.index";s:4:"icon";N;s:5:"order";i:1;s:6:"status";i:1;s:12:"is_deletable";i:1;s:10:"created_at";s:19:"2025-06-17 11:10:36";s:10:"updated_at";s:19:"2025-06-17 11:10:36";}s:10:"\0*\0changes";a:0:{}s:11:"\0*\0previous";a:0:{}s:8:"\0*\0casts";a:2:{s:6:"status";s:7:"boolean";s:12:"is_deletable";s:7:"boolean";}s:17:"\0*\0classCastCache";a:0:{}s:21:"\0*\0attributeCastCache";a:0:{}s:13:"\0*\0dateFormat";N;s:10:"\0*\0appends";a:0:{}s:19:"\0*\0dispatchesEvents";a:0:{}s:14:"\0*\0observables";a:0:{}s:12:"\0*\0relations";a:0:{}s:10:"\0*\0touches";a:0:{}s:27:"\0*\0relationAutoloadCallback";N;s:26:"\0*\0relationAutoloadContext";N;s:10:"timestamps";b:1;s:13:"usesUniqueIds";b:0;s:9:"\0*\0hidden";a:0:{}s:10:"\0*\0visible";a:0:{}s:11:"\0*\0fillable";a:8:{i:0;s:13:"permission_id";i:1;s:9:"parent_id";i:2;s:4:"name";i:3;s:5:"route";i:4;s:4:"icon";i:5;s:5:"order";i:6;s:6:"status";i:7;s:12:"is_deletable";}s:10:"\0*\0guarded";a:1:{i:0;s:1:"*";}}i:1;O:20:"App\\Models\\AdminMenu":33:{s:13:"\0*\0connection";s:5:"mysql";s:8:"\0*\0table";s:11:"admin_menus";s:13:"\0*\0primaryKey";s:2:"id";s:10:"\0*\0keyType";s:3:"int";s:12:"incrementing";b:1;s:7:"\0*\0with";a:0:{}s:12:"\0*\0withCount";a:0:{}s:19:"preventsLazyLoading";b:0;s:10:"\0*\0perPage";i:15;s:6:"exists";b:1;s:18:"wasRecentlyCreated";b:0;s:28:"\0*\0escapeWhenCastingToString";b:0;s:13:"\0*\0attributes";a:11:{s:2:"id";i:4;s:13:"permission_id";i:4;s:9:"parent_id";i:2;s:4:"name";s:5:"Users";s:5:"route";s:16:"admin.user.index";s:4:"icon";N;s:5:"order";i:2;s:6:"status";i:1;s:12:"is_deletable";i:1;s:10:"created_at";s:19:"2025-06-17 11:11:10";s:10:"updated_at";s:19:"2025-06-17 11:11:10";}s:11:"\0*\0original";a:11:{s:2:"id";i:4;s:13:"permission_id";i:4;s:9:"parent_id";i:2;s:4:"name";s:5:"Users";s:5:"route";s:16:"admin.user.index";s:4:"icon";N;s:5:"order";i:2;s:6:"status";i:1;s:12:"is_deletable";i:1;s:10:"created_at";s:19:"2025-06-17 11:11:10";s:10:"updated_at";s:19:"2025-06-17 11:11:10";}s:10:"\0*\0changes";a:0:{}s:11:"\0*\0previous";a:0:{}s:8:"\0*\0casts";a:2:{s:6:"status";s:7:"boolean";s:12:"is_deletable";s:7:"boolean";}s:17:"\0*\0classCastCache";a:0:{}s:21:"\0*\0attributeCastCache";a:0:{}s:13:"\0*\0dateFormat";N;s:10:"\0*\0appends";a:0:{}s:19:"\0*\0dispatchesEvents";a:0:{}s:14:"\0*\0observables";a:0:{}s:12:"\0*\0relations";a:0:{}s:10:"\0*\0touches";a:0:{}s:27:"\0*\0relationAutoloadCallback";N;s:26:"\0*\0relationAutoloadContext";N;s:10:"timestamps";b:1;s:13:"usesUniqueIds";b:0;s:9:"\0*\0hidden";a:0:{}s:10:"\0*\0visible";a:0:{}s:11:"\0*\0fillable";a:8:{i:0;s:13:"permission_id";i:1;s:9:"parent_id";i:2;s:4:"name";i:3;s:5:"route";i:4;s:4:"icon";i:5;s:5:"order";i:6;s:6:"status";i:7;s:12:"is_deletable";}s:10:"\0*\0guarded";a:1:{i:0;s:1:"*";}}i:2;O:20:"App\\Models\\AdminMenu":33:{s:13:"\0*\0connection";s:5:"mysql";s:8:"\0*\0table";s:11:"admin_menus";s:13:"\0*\0primaryKey";s:2:"id";s:10:"\0*\0keyType";s:3:"int";s:12:"incrementing";b:1;s:7:"\0*\0with";a:0:{}s:12:"\0*\0withCount";a:0:{}s:19:"preventsLazyLoading";b:0;s:10:"\0*\0perPage";i:15;s:6:"exists";b:1;s:18:"wasRecentlyCreated";b:0;s:28:"\0*\0escapeWhenCastingToString";b:0;s:13:"\0*\0attributes";a:11:{s:2:"id";i:5;s:13:"permission_id";i:5;s:9:"parent_id";i:2;s:4:"name";s:4:"Menu";s:5:"route";s:22:"admin.admin-menu.index";s:4:"icon";N;s:5:"order";i:3;s:6:"status";i:1;s:12:"is_deletable";i:1;s:10:"created_at";s:19:"2025-06-17 11:11:51";s:10:"updated_at";s:19:"2025-06-17 11:11:51";}s:11:"\0*\0original";a:11:{s:2:"id";i:5;s:13:"permission_id";i:5;s:9:"parent_id";i:2;s:4:"name";s:4:"Menu";s:5:"route";s:22:"admin.admin-menu.index";s:4:"icon";N;s:5:"order";i:3;s:6:"status";i:1;s:12:"is_deletable";i:1;s:10:"created_at";s:19:"2025-06-17 11:11:51";s:10:"updated_at";s:19:"2025-06-17 11:11:51";}s:10:"\0*\0changes";a:0:{}s:11:"\0*\0previous";a:0:{}s:8:"\0*\0casts";a:2:{s:6:"status";s:7:"boolean";s:12:"is_deletable";s:7:"boolean";}s:17:"\0*\0classCastCache";a:0:{}s:21:"\0*\0attributeCastCache";a:0:{}s:13:"\0*\0dateFormat";N;s:10:"\0*\0appends";a:0:{}s:19:"\0*\0dispatchesEvents";a:0:{}s:14:"\0*\0observables";a:0:{}s:12:"\0*\0relations";a:0:{}s:10:"\0*\0touches";a:0:{}s:27:"\0*\0relationAutoloadCallback";N;s:26:"\0*\0relationAutoloadContext";N;s:10:"timestamps";b:1;s:13:"usesUniqueIds";b:0;s:9:"\0*\0hidden";a:0:{}s:10:"\0*\0visible";a:0:{}s:11:"\0*\0fillable";a:8:{i:0;s:13:"permission_id";i:1;s:9:"parent_id";i:2;s:4:"name";i:3;s:5:"route";i:4;s:4:"icon";i:5;s:5:"order";i:6;s:6:"status";i:7;s:12:"is_deletable";}s:10:"\0*\0guarded";a:1:{i:0;s:1:"*";}}i:3;O:20:"App\\Models\\AdminMenu":33:{s:13:"\0*\0connection";s:5:"mysql";s:8:"\0*\0table";s:11:"admin_menus";s:13:"\0*\0primaryKey";s:2:"id";s:10:"\0*\0keyType";s:3:"int";s:12:"incrementing";b:1;s:7:"\0*\0with";a:0:{}s:12:"\0*\0withCount";a:0:{}s:19:"preventsLazyLoading";b:0;s:10:"\0*\0perPage";i:15;s:6:"exists";b:1;s:18:"wasRecentlyCreated";b:0;s:28:"\0*\0escapeWhenCastingToString";b:0;s:13:"\0*\0attributes";a:11:{s:2:"id";i:6;s:13:"permission_id";i:6;s:9:"parent_id";i:2;s:4:"name";s:14:"Admin Settings";s:5:"route";s:26:"admin.admin-settings.index";s:4:"icon";N;s:5:"order";i:4;s:6:"status";i:1;s:12:"is_deletable";i:1;s:10:"created_at";s:19:"2025-06-17 11:12:59";s:10:"updated_at";s:19:"2025-06-17 11:12:59";}s:11:"\0*\0original";a:11:{s:2:"id";i:6;s:13:"permission_id";i:6;s:9:"parent_id";i:2;s:4:"name";s:14:"Admin Settings";s:5:"route";s:26:"admin.admin-settings.index";s:4:"icon";N;s:5:"order";i:4;s:6:"status";i:1;s:12:"is_deletable";i:1;s:10:"created_at";s:19:"2025-06-17 11:12:59";s:10:"updated_at";s:19:"2025-06-17 11:12:59";}s:10:"\0*\0changes";a:0:{}s:11:"\0*\0previous";a:0:{}s:8:"\0*\0casts";a:2:{s:6:"status";s:7:"boolean";s:12:"is_deletable";s:7:"boolean";}s:17:"\0*\0classCastCache";a:0:{}s:21:"\0*\0attributeCastCache";a:0:{}s:13:"\0*\0dateFormat";N;s:10:"\0*\0appends";a:0:{}s:19:"\0*\0dispatchesEvents";a:0:{}s:14:"\0*\0observables";a:0:{}s:12:"\0*\0relations";a:0:{}s:10:"\0*\0touches";a:0:{}s:27:"\0*\0relationAutoloadCallback";N;s:26:"\0*\0relationAutoloadContext";N;s:10:"timestamps";b:1;s:13:"usesUniqueIds";b:0;s:9:"\0*\0hidden";a:0:{}s:10:"\0*\0visible";a:0:{}s:11:"\0*\0fillable";a:8:{i:0;s:13:"permission_id";i:1;s:9:"parent_id";i:2;s:4:"name";i:3;s:5:"route";i:4;s:4:"icon";i:5;s:5:"order";i:6;s:6:"status";i:7;s:12:"is_deletable";}s:10:"\0*\0guarded";a:1:{i:0;s:1:"*";}}}s:28:"\0*\0escapeWhenCastingToString";b:0;}s:7:"actions";O:39:"Illuminate\\Database\\Eloquent\\Collection":2:{s:8:"\0*\0items";a:0:{}s:28:"\0*\0escapeWhenCastingToString";b:0;}}s:10:"\0*\0touches";a:0:{}s:27:"\0*\0relationAutoloadCallback";N;s:26:"\0*\0relationAutoloadContext";N;s:10:"timestamps";b:1;s:13:"usesUniqueIds";b:0;s:9:"\0*\0hidden";a:0:{}s:10:"\0*\0visible";a:0:{}s:11:"\0*\0fillable";a:8:{i:0;s:13:"permission_id";i:1;s:9:"parent_id";i:2;s:4:"name";i:3;s:5:"route";i:4;s:4:"icon";i:5;s:5:"order";i:6;s:6:"status";i:7;s:12:"is_deletable";}s:10:"\0*\0guarded";a:1:{i:0;s:1:"*";}}i:2;O:20:"App\\Models\\AdminMenu":33:{s:13:"\0*\0connection";s:5:"mysql";s:8:"\0*\0table";s:11:"admin_menus";s:13:"\0*\0primaryKey";s:2:"id";s:10:"\0*\0keyType";s:3:"int";s:12:"incrementing";b:1;s:7:"\0*\0with";a:0:{}s:12:"\0*\0withCount";a:0:{}s:19:"preventsLazyLoading";b:0;s:10:"\0*\0perPage";i:15;s:6:"exists";b:1;s:18:"wasRecentlyCreated";b:0;s:28:"\0*\0escapeWhenCastingToString";b:0;s:13:"\0*\0attributes";a:11:{s:2:"id";i:45;s:13:"permission_id";i:167;s:9:"parent_id";N;s:4:"name";s:12:"System Setup";s:5:"route";N;s:4:"icon";s:58:"<span class="material-symbols-outlined fs-24"> api </span>";s:5:"order";i:3;s:6:"status";i:1;s:12:"is_deletable";i:1;s:10:"created_at";s:19:"2025-07-19 11:13:16";s:10:"updated_at";s:19:"2025-07-19 11:13:16";}s:11:"\0*\0original";a:11:{s:2:"id";i:45;s:13:"permission_id";i:167;s:9:"parent_id";N;s:4:"name";s:12:"System Setup";s:5:"route";N;s:4:"icon";s:58:"<span class="material-symbols-outlined fs-24"> api </span>";s:5:"order";i:3;s:6:"status";i:1;s:12:"is_deletable";i:1;s:10:"created_at";s:19:"2025-07-19 11:13:16";s:10:"updated_at";s:19:"2025-07-19 11:13:16";}s:10:"\0*\0changes";a:0:{}s:11:"\0*\0previous";a:0:{}s:8:"\0*\0casts";a:2:{s:6:"status";s:7:"boolean";s:12:"is_deletable";s:7:"boolean";}s:17:"\0*\0classCastCache";a:0:{}s:21:"\0*\0attributeCastCache";a:0:{}s:13:"\0*\0dateFormat";N;s:10:"\0*\0appends";a:0:{}s:19:"\0*\0dispatchesEvents";a:0:{}s:14:"\0*\0observables";a:0:{}s:12:"\0*\0relations";a:2:{s:8:"children";O:39:"Illuminate\\Database\\Eloquent\\Collection":2:{s:8:"\0*\0items";a:5:{i:0;O:20:"App\\Models\\AdminMenu":33:{s:13:"\0*\0connection";s:5:"mysql";s:8:"\0*\0table";s:11:"admin_menus";s:13:"\0*\0primaryKey";s:2:"id";s:10:"\0*\0keyType";s:3:"int";s:12:"incrementing";b:1;s:7:"\0*\0with";a:0:{}s:12:"\0*\0withCount";a:0:{}s:19:"preventsLazyLoading";b:0;s:10:"\0*\0perPage";i:15;s:6:"exists";b:1;s:18:"wasRecentlyCreated";b:0;s:28:"\0*\0escapeWhenCastingToString";b:0;s:13:"\0*\0attributes";a:11:{s:2:"id";i:46;s:13:"permission_id";i:168;s:9:"parent_id";i:45;s:4:"name";s:7:"Regions";s:5:"route";s:18:"admin.region.index";s:4:"icon";N;s:5:"order";i:1;s:6:"status";i:1;s:12:"is_deletable";i:1;s:10:"created_at";s:19:"2025-07-19 11:14:11";s:10:"updated_at";s:19:"2025-07-19 12:37:03";}s:11:"\0*\0original";a:11:{s:2:"id";i:46;s:13:"permission_id";i:168;s:9:"parent_id";i:45;s:4:"name";s:7:"Regions";s:5:"route";s:18:"admin.region.index";s:4:"icon";N;s:5:"order";i:1;s:6:"status";i:1;s:12:"is_deletable";i:1;s:10:"created_at";s:19:"2025-07-19 11:14:11";s:10:"updated_at";s:19:"2025-07-19 12:37:03";}s:10:"\0*\0changes";a:0:{}s:11:"\0*\0previous";a:0:{}s:8:"\0*\0casts";a:2:{s:6:"status";s:7:"boolean";s:12:"is_deletable";s:7:"boolean";}s:17:"\0*\0classCastCache";a:0:{}s:21:"\0*\0attributeCastCache";a:0:{}s:13:"\0*\0dateFormat";N;s:10:"\0*\0appends";a:0:{}s:19:"\0*\0dispatchesEvents";a:0:{}s:14:"\0*\0observables";a:0:{}s:12:"\0*\0relations";a:0:{}s:10:"\0*\0touches";a:0:{}s:27:"\0*\0relationAutoloadCallback";N;s:26:"\0*\0relationAutoloadContext";N;s:10:"timestamps";b:1;s:13:"usesUniqueIds";b:0;s:9:"\0*\0hidden";a:0:{}s:10:"\0*\0visible";a:0:{}s:11:"\0*\0fillable";a:8:{i:0;s:13:"permission_id";i:1;s:9:"parent_id";i:2;s:4:"name";i:3;s:5:"route";i:4;s:4:"icon";i:5;s:5:"order";i:6;s:6:"status";i:7;s:12:"is_deletable";}s:10:"\0*\0guarded";a:1:{i:0;s:1:"*";}}i:1;O:20:"App\\Models\\AdminMenu":33:{s:13:"\0*\0connection";s:5:"mysql";s:8:"\0*\0table";s:11:"admin_menus";s:13:"\0*\0primaryKey";s:2:"id";s:10:"\0*\0keyType";s:3:"int";s:12:"incrementing";b:1;s:7:"\0*\0with";a:0:{}s:12:"\0*\0withCount";a:0:{}s:19:"preventsLazyLoading";b:0;s:10:"\0*\0perPage";i:15;s:6:"exists";b:1;s:18:"wasRecentlyCreated";b:0;s:28:"\0*\0escapeWhenCastingToString";b:0;s:13:"\0*\0attributes";a:11:{s:2:"id";i:47;s:13:"permission_id";i:169;s:9:"parent_id";i:45;s:4:"name";s:4:"Area";s:5:"route";s:16:"admin.area.index";s:4:"icon";N;s:5:"order";i:2;s:6:"status";i:1;s:12:"is_deletable";i:1;s:10:"created_at";s:19:"2025-07-19 11:14:30";s:10:"updated_at";s:19:"2025-07-19 11:14:30";}s:11:"\0*\0original";a:11:{s:2:"id";i:47;s:13:"permission_id";i:169;s:9:"parent_id";i:45;s:4:"name";s:4:"Area";s:5:"route";s:16:"admin.area.index";s:4:"icon";N;s:5:"order";i:2;s:6:"status";i:1;s:12:"is_deletable";i:1;s:10:"created_at";s:19:"2025-07-19 11:14:30";s:10:"updated_at";s:19:"2025-07-19 11:14:30";}s:10:"\0*\0changes";a:0:{}s:11:"\0*\0previous";a:0:{}s:8:"\0*\0casts";a:2:{s:6:"status";s:7:"boolean";s:12:"is_deletable";s:7:"boolean";}s:17:"\0*\0classCastCache";a:0:{}s:21:"\0*\0attributeCastCache";a:0:{}s:13:"\0*\0dateFormat";N;s:10:"\0*\0appends";a:0:{}s:19:"\0*\0dispatchesEvents";a:0:{}s:14:"\0*\0observables";a:0:{}s:12:"\0*\0relations";a:0:{}s:10:"\0*\0touches";a:0:{}s:27:"\0*\0relationAutoloadCallback";N;s:26:"\0*\0relationAutoloadContext";N;s:10:"timestamps";b:1;s:13:"usesUniqueIds";b:0;s:9:"\0*\0hidden";a:0:{}s:10:"\0*\0visible";a:0:{}s:11:"\0*\0fillable";a:8:{i:0;s:13:"permission_id";i:1;s:9:"parent_id";i:2;s:4:"name";i:3;s:5:"route";i:4;s:4:"icon";i:5;s:5:"order";i:6;s:6:"status";i:7;s:12:"is_deletable";}s:10:"\0*\0guarded";a:1:{i:0;s:1:"*";}}i:2;O:20:"App\\Models\\AdminMenu":33:{s:13:"\0*\0connection";s:5:"mysql";s:8:"\0*\0table";s:11:"admin_menus";s:13:"\0*\0primaryKey";s:2:"id";s:10:"\0*\0keyType";s:3:"int";s:12:"incrementing";b:1;s:7:"\0*\0with";a:0:{}s:12:"\0*\0withCount";a:0:{}s:19:"preventsLazyLoading";b:0;s:10:"\0*\0perPage";i:15;s:6:"exists";b:1;s:18:"wasRecentlyCreated";b:0;s:28:"\0*\0escapeWhenCastingToString";b:0;s:13:"\0*\0attributes";a:11:{s:2:"id";i:48;s:13:"permission_id";i:170;s:9:"parent_id";i:45;s:4:"name";s:9:"Territory";s:5:"route";s:21:"admin.territory.index";s:4:"icon";N;s:5:"order";i:3;s:6:"status";i:1;s:12:"is_deletable";i:1;s:10:"created_at";s:19:"2025-07-19 11:14:48";s:10:"updated_at";s:19:"2025-07-19 11:14:48";}s:11:"\0*\0original";a:11:{s:2:"id";i:48;s:13:"permission_id";i:170;s:9:"parent_id";i:45;s:4:"name";s:9:"Territory";s:5:"route";s:21:"admin.territory.index";s:4:"icon";N;s:5:"order";i:3;s:6:"status";i:1;s:12:"is_deletable";i:1;s:10:"created_at";s:19:"2025-07-19 11:14:48";s:10:"updated_at";s:19:"2025-07-19 11:14:48";}s:10:"\0*\0changes";a:0:{}s:11:"\0*\0previous";a:0:{}s:8:"\0*\0casts";a:2:{s:6:"status";s:7:"boolean";s:12:"is_deletable";s:7:"boolean";}s:17:"\0*\0classCastCache";a:0:{}s:21:"\0*\0attributeCastCache";a:0:{}s:13:"\0*\0dateFormat";N;s:10:"\0*\0appends";a:0:{}s:19:"\0*\0dispatchesEvents";a:0:{}s:14:"\0*\0observables";a:0:{}s:12:"\0*\0relations";a:0:{}s:10:"\0*\0touches";a:0:{}s:27:"\0*\0relationAutoloadCallback";N;s:26:"\0*\0relationAutoloadContext";N;s:10:"timestamps";b:1;s:13:"usesUniqueIds";b:0;s:9:"\0*\0hidden";a:0:{}s:10:"\0*\0visible";a:0:{}s:11:"\0*\0fillable";a:8:{i:0;s:13:"permission_id";i:1;s:9:"parent_id";i:2;s:4:"name";i:3;s:5:"route";i:4;s:4:"icon";i:5;s:5:"order";i:6;s:6:"status";i:7;s:12:"is_deletable";}s:10:"\0*\0guarded";a:1:{i:0;s:1:"*";}}i:3;O:20:"App\\Models\\AdminMenu":33:{s:13:"\0*\0connection";s:5:"mysql";s:8:"\0*\0table";s:11:"admin_menus";s:13:"\0*\0primaryKey";s:2:"id";s:10:"\0*\0keyType";s:3:"int";s:12:"incrementing";b:1;s:7:"\0*\0with";a:0:{}s:12:"\0*\0withCount";a:0:{}s:19:"preventsLazyLoading";b:0;s:10:"\0*\0perPage";i:15;s:6:"exists";b:1;s:18:"wasRecentlyCreated";b:0;s:28:"\0*\0escapeWhenCastingToString";b:0;s:13:"\0*\0attributes";a:11:{s:2:"id";i:49;s:13:"permission_id";i:183;s:9:"parent_id";i:45;s:4:"name";s:6:"Stores";s:5:"route";s:17:"admin.store.index";s:4:"icon";N;s:5:"order";i:4;s:6:"status";i:1;s:12:"is_deletable";i:1;s:10:"created_at";s:19:"2025-07-19 12:14:16";s:10:"updated_at";s:19:"2025-07-19 12:14:22";}s:11:"\0*\0original";a:11:{s:2:"id";i:49;s:13:"permission_id";i:183;s:9:"parent_id";i:45;s:4:"name";s:6:"Stores";s:5:"route";s:17:"admin.store.index";s:4:"icon";N;s:5:"order";i:4;s:6:"status";i:1;s:12:"is_deletable";i:1;s:10:"created_at";s:19:"2025-07-19 12:14:16";s:10:"updated_at";s:19:"2025-07-19 12:14:22";}s:10:"\0*\0changes";a:0:{}s:11:"\0*\0previous";a:0:{}s:8:"\0*\0casts";a:2:{s:6:"status";s:7:"boolean";s:12:"is_deletable";s:7:"boolean";}s:17:"\0*\0classCastCache";a:0:{}s:21:"\0*\0attributeCastCache";a:0:{}s:13:"\0*\0dateFormat";N;s:10:"\0*\0appends";a:0:{}s:19:"\0*\0dispatchesEvents";a:0:{}s:14:"\0*\0observables";a:0:{}s:12:"\0*\0relations";a:0:{}s:10:"\0*\0touches";a:0:{}s:27:"\0*\0relationAutoloadCallback";N;s:26:"\0*\0relationAutoloadContext";N;s:10:"timestamps";b:1;s:13:"usesUniqueIds";b:0;s:9:"\0*\0hidden";a:0:{}s:10:"\0*\0visible";a:0:{}s:11:"\0*\0fillable";a:8:{i:0;s:13:"permission_id";i:1;s:9:"parent_id";i:2;s:4:"name";i:3;s:5:"route";i:4;s:4:"icon";i:5;s:5:"order";i:6;s:6:"status";i:7;s:12:"is_deletable";}s:10:"\0*\0guarded";a:1:{i:0;s:1:"*";}}i:4;O:20:"App\\Models\\AdminMenu":33:{s:13:"\0*\0connection";s:5:"mysql";s:8:"\0*\0table";s:11:"admin_menus";s:13:"\0*\0primaryKey";s:2:"id";s:10:"\0*\0keyType";s:3:"int";s:12:"incrementing";b:1;s:7:"\0*\0with";a:0:{}s:12:"\0*\0withCount";a:0:{}s:19:"preventsLazyLoading";b:0;s:10:"\0*\0perPage";i:15;s:6:"exists";b:1;s:18:"wasRecentlyCreated";b:0;s:28:"\0*\0escapeWhenCastingToString";b:0;s:13:"\0*\0attributes";a:11:{s:2:"id";i:32;s:13:"permission_id";i:100;s:9:"parent_id";i:45;s:4:"name";s:11:"UI Settings";s:5:"route";s:20:"admin.settings.index";s:4:"icon";s:64:"<span class="material-symbols-outlined fs-24"> menu_book </span>";s:5:"order";i:5;s:6:"status";i:1;s:12:"is_deletable";i:1;s:10:"created_at";s:19:"2025-06-22 14:35:45";s:10:"updated_at";s:19:"2026-02-18 10:00:00";}s:11:"\0*\0original";a:11:{s:2:"id";i:32;s:13:"permission_id";i:100;s:9:"parent_id";i:45;s:4:"name";s:11:"UI Settings";s:5:"route";s:20:"admin.settings.index";s:4:"icon";s:64:"<span class="material-symbols-outlined fs-24"> menu_book </span>";s:5:"order";i:5;s:6:"status";i:1;s:12:"is_deletable";i:1;s:10:"created_at";s:19:"2025-06-22 14:35:45";s:10:"updated_at";s:19:"2026-02-18 10:00:00";}s:10:"\0*\0changes";a:0:{}s:11:"\0*\0previous";a:0:{}s:8:"\0*\0casts";a:2:{s:6:"status";s:7:"boolean";s:12:"is_deletable";s:7:"boolean";}s:17:"\0*\0classCastCache";a:0:{}s:21:"\0*\0attributeCastCache";a:0:{}s:13:"\0*\0dateFormat";N;s:10:"\0*\0appends";a:0:{}s:19:"\0*\0dispatchesEvents";a:0:{}s:14:"\0*\0observables";a:0:{}s:12:"\0*\0relations";a:0:{}s:10:"\0*\0touches";a:0:{}s:27:"\0*\0relationAutoloadCallback";N;s:26:"\0*\0relationAutoloadContext";N;s:10:"timestamps";b:1;s:13:"usesUniqueIds";b:0;s:9:"\0*\0hidden";a:0:{}s:10:"\0*\0visible";a:0:{}s:11:"\0*\0fillable";a:8:{i:0;s:13:"permission_id";i:1;s:9:"parent_id";i:2;s:4:"name";i:3;s:5:"route";i:4;s:4:"icon";i:5;s:5:"order";i:6;s:6:"status";i:7;s:12:"is_deletable";}s:10:"\0*\0guarded";a:1:{i:0;s:1:"*";}}}s:28:"\0*\0escapeWhenCastingToString";b:0;}s:7:"actions";O:39:"Illuminate\\Database\\Eloquent\\Collection":2:{s:8:"\0*\0items";a:0:{}s:28:"\0*\0escapeWhenCastingToString";b:0;}}s:10:"\0*\0touches";a:0:{}s:27:"\0*\0relationAutoloadCallback";N;s:26:"\0*\0relationAutoloadContext";N;s:10:"timestamps";b:1;s:13:"usesUniqueIds";b:0;s:9:"\0*\0hidden";a:0:{}s:10:"\0*\0visible";a:0:{}s:11:"\0*\0fillable";a:8:{i:0;s:13:"permission_id";i:1;s:9:"parent_id";i:2;s:4:"name";i:3;s:5:"route";i:4;s:4:"icon";i:5;s:5:"order";i:6;s:6:"status";i:7;s:12:"is_deletable";}s:10:"\0*\0guarded";a:1:{i:0;s:1:"*";}}i:3;O:20:"App\\Models\\AdminMenu":33:{s:13:"\0*\0connection";s:5:"mysql";s:8:"\0*\0table";s:11:"admin_menus";s:13:"\0*\0primaryKey";s:2:"id";s:10:"\0*\0keyType";s:3:"int";s:12:"incrementing";b:1;s:7:"\0*\0with";a:0:{}s:12:"\0*\0withCount";a:0:{}s:19:"preventsLazyLoading";b:0;s:10:"\0*\0perPage";i:15;s:6:"exists";b:1;s:18:"wasRecentlyCreated";b:0;s:28:"\0*\0escapeWhenCastingToString";b:0;s:13:"\0*\0attributes";a:11:{s:2:"id";i:68;s:13:"permission_id";i:244;s:9:"parent_id";N;s:4:"name";s:15:"Investor Manage";s:5:"route";N;s:4:"icon";s:37:"<i class="fad fa-user-tie fs-18"></i>";s:5:"order";i:3;s:6:"status";i:1;s:12:"is_deletable";i:1;s:10:"created_at";s:19:"2026-02-18 09:44:39";s:10:"updated_at";s:19:"2026-02-18 09:45:21";}s:11:"\0*\0original";a:11:{s:2:"id";i:68;s:13:"permission_id";i:244;s:9:"parent_id";N;s:4:"name";s:15:"Investor Manage";s:5:"route";N;s:4:"icon";s:37:"<i class="fad fa-user-tie fs-18"></i>";s:5:"order";i:3;s:6:"status";i:1;s:12:"is_deletable";i:1;s:10:"created_at";s:19:"2026-02-18 09:44:39";s:10:"updated_at";s:19:"2026-02-18 09:45:21";}s:10:"\0*\0changes";a:0:{}s:11:"\0*\0previous";a:0:{}s:8:"\0*\0casts";a:2:{s:6:"status";s:7:"boolean";s:12:"is_deletable";s:7:"boolean";}s:17:"\0*\0classCastCache";a:0:{}s:21:"\0*\0attributeCastCache";a:0:{}s:13:"\0*\0dateFormat";N;s:10:"\0*\0appends";a:0:{}s:19:"\0*\0dispatchesEvents";a:0:{}s:14:"\0*\0observables";a:0:{}s:12:"\0*\0relations";a:2:{s:8:"children";O:39:"Illuminate\\Database\\Eloquent\\Collection":2:{s:8:"\0*\0items";a:6:{i:0;O:20:"App\\Models\\AdminMenu":33:{s:13:"\0*\0connection";s:5:"mysql";s:8:"\0*\0table";s:11:"admin_menus";s:13:"\0*\0primaryKey";s:2:"id";s:10:"\0*\0keyType";s:3:"int";s:12:"incrementing";b:1;s:7:"\0*\0with";a:0:{}s:12:"\0*\0withCount";a:0:{}s:19:"preventsLazyLoading";b:0;s:10:"\0*\0perPage";i:15;s:6:"exists";b:1;s:18:"wasRecentlyCreated";b:0;s:28:"\0*\0escapeWhenCastingToString";b:0;s:13:"\0*\0attributes";a:11:{s:2:"id";i:7;s:13:"permission_id";i:7;s:9:"parent_id";i:68;s:4:"name";s:9:"Investors";s:5:"route";s:20:"admin.investor.index";s:4:"icon";N;s:5:"order";i:5;s:6:"status";i:1;s:12:"is_deletable";i:1;s:10:"created_at";s:19:"2025-06-17 11:13:38";s:10:"updated_at";s:19:"2026-02-18 09:46:02";}s:11:"\0*\0original";a:11:{s:2:"id";i:7;s:13:"permission_id";i:7;s:9:"parent_id";i:68;s:4:"name";s:9:"Investors";s:5:"route";s:20:"admin.investor.index";s:4:"icon";N;s:5:"order";i:5;s:6:"status";i:1;s:12:"is_deletable";i:1;s:10:"created_at";s:19:"2025-06-17 11:13:38";s:10:"updated_at";s:19:"2026-02-18 09:46:02";}s:10:"\0*\0changes";a:0:{}s:11:"\0*\0previous";a:0:{}s:8:"\0*\0casts";a:2:{s:6:"status";s:7:"boolean";s:12:"is_deletable";s:7:"boolean";}s:17:"\0*\0classCastCache";a:0:{}s:21:"\0*\0attributeCastCache";a:0:{}s:13:"\0*\0dateFormat";N;s:10:"\0*\0appends";a:0:{}s:19:"\0*\0dispatchesEvents";a:0:{}s:14:"\0*\0observables";a:0:{}s:12:"\0*\0relations";a:0:{}s:10:"\0*\0touches";a:0:{}s:27:"\0*\0relationAutoloadCallback";N;s:26:"\0*\0relationAutoloadContext";N;s:10:"timestamps";b:1;s:13:"usesUniqueIds";b:0;s:9:"\0*\0hidden";a:0:{}s:10:"\0*\0visible";a:0:{}s:11:"\0*\0fillable";a:8:{i:0;s:13:"permission_id";i:1;s:9:"parent_id";i:2;s:4:"name";i:3;s:5:"route";i:4;s:4:"icon";i:5;s:5:"order";i:6;s:6:"status";i:7;s:12:"is_deletable";}s:10:"\0*\0guarded";a:1:{i:0;s:1:"*";}}i:1;O:20:"App\\Models\\AdminMenu":33:{s:13:"\0*\0connection";s:5:"mysql";s:8:"\0*\0table";s:11:"admin_menus";s:13:"\0*\0primaryKey";s:2:"id";s:10:"\0*\0keyType";s:3:"int";s:12:"incrementing";b:1;s:7:"\0*\0with";a:0:{}s:12:"\0*\0withCount";a:0:{}s:19:"preventsLazyLoading";b:0;s:10:"\0*\0perPage";i:15;s:6:"exists";b:1;s:18:"wasRecentlyCreated";b:0;s:28:"\0*\0escapeWhenCastingToString";b:0;s:13:"\0*\0attributes";a:11:{s:2:"id";i:8;s:13:"permission_id";i:27;s:9:"parent_id";i:68;s:4:"name";s:14:"Invest Process";s:5:"route";s:18:"admin.invest.index";s:4:"icon";s:67:"<span class="material-symbols-outlined fs-24"> finance_mode </span>";s:5:"order";i:6;s:6:"status";i:1;s:12:"is_deletable";i:1;s:10:"created_at";s:19:"2025-06-17 11:37:47";s:10:"updated_at";s:19:"2026-02-18 09:47:18";}s:11:"\0*\0original";a:11:{s:2:"id";i:8;s:13:"permission_id";i:27;s:9:"parent_id";i:68;s:4:"name";s:14:"Invest Process";s:5:"route";s:18:"admin.invest.index";s:4:"icon";s:67:"<span class="material-symbols-outlined fs-24"> finance_mode </span>";s:5:"order";i:6;s:6:"status";i:1;s:12:"is_deletable";i:1;s:10:"created_at";s:19:"2025-06-17 11:37:47";s:10:"updated_at";s:19:"2026-02-18 09:47:18";}s:10:"\0*\0changes";a:0:{}s:11:"\0*\0previous";a:0:{}s:8:"\0*\0casts";a:2:{s:6:"status";s:7:"boolean";s:12:"is_deletable";s:7:"boolean";}s:17:"\0*\0classCastCache";a:0:{}s:21:"\0*\0attributeCastCache";a:0:{}s:13:"\0*\0dateFormat";N;s:10:"\0*\0appends";a:0:{}s:19:"\0*\0dispatchesEvents";a:0:{}s:14:"\0*\0observables";a:0:{}s:12:"\0*\0relations";a:0:{}s:10:"\0*\0touches";a:0:{}s:27:"\0*\0relationAutoloadCallback";N;s:26:"\0*\0relationAutoloadContext";N;s:10:"timestamps";b:1;s:13:"usesUniqueIds";b:0;s:9:"\0*\0hidden";a:0:{}s:10:"\0*\0visible";a:0:{}s:11:"\0*\0fillable";a:8:{i:0;s:13:"permission_id";i:1;s:9:"parent_id";i:2;s:4:"name";i:3;s:5:"route";i:4;s:4:"icon";i:5;s:5:"order";i:6;s:6:"status";i:7;s:12:"is_deletable";}s:10:"\0*\0guarded";a:1:{i:0;s:1:"*";}}i:2;O:20:"App\\Models\\AdminMenu":33:{s:13:"\0*\0connection";s:5:"mysql";s:8:"\0*\0table";s:11:"admin_menus";s:13:"\0*\0primaryKey";s:2:"id";s:10:"\0*\0keyType";s:3:"int";s:12:"incrementing";b:1;s:7:"\0*\0with";a:0:{}s:12:"\0*\0withCount";a:0:{}s:19:"preventsLazyLoading";b:0;s:10:"\0*\0perPage";i:15;s:6:"exists";b:1;s:18:"wasRecentlyCreated";b:0;s:28:"\0*\0escapeWhenCastingToString";b:0;s:13:"\0*\0attributes";a:11:{s:2:"id";i:53;s:13:"permission_id";i:208;s:9:"parent_id";i:68;s:4:"name";s:19:"Profit Distribution";s:5:"route";s:31:"admin.profit-distribution.index";s:4:"icon";s:67:"<span class="material-symbols-outlined fs-24"> event_repeat </span>";s:5:"order";i:7;s:6:"status";i:1;s:12:"is_deletable";i:1;s:10:"created_at";s:19:"2025-07-22 08:47:36";s:10:"updated_at";s:19:"2026-02-18 09:51:24";}s:11:"\0*\0original";a:11:{s:2:"id";i:53;s:13:"permission_id";i:208;s:9:"parent_id";i:68;s:4:"name";s:19:"Profit Distribution";s:5:"route";s:31:"admin.profit-distribution.index";s:4:"icon";s:67:"<span class="material-symbols-outlined fs-24"> event_repeat </span>";s:5:"order";i:7;s:6:"status";i:1;s:12:"is_deletable";i:1;s:10:"created_at";s:19:"2025-07-22 08:47:36";s:10:"updated_at";s:19:"2026-02-18 09:51:24";}s:10:"\0*\0changes";a:0:{}s:11:"\0*\0previous";a:0:{}s:8:"\0*\0casts";a:2:{s:6:"status";s:7:"boolean";s:12:"is_deletable";s:7:"boolean";}s:17:"\0*\0classCastCache";a:0:{}s:21:"\0*\0attributeCastCache";a:0:{}s:13:"\0*\0dateFormat";N;s:10:"\0*\0appends";a:0:{}s:19:"\0*\0dispatchesEvents";a:0:{}s:14:"\0*\0observables";a:0:{}s:12:"\0*\0relations";a:0:{}s:10:"\0*\0touches";a:0:{}s:27:"\0*\0relationAutoloadCallback";N;s:26:"\0*\0relationAutoloadContext";N;s:10:"timestamps";b:1;s:13:"usesUniqueIds";b:0;s:9:"\0*\0hidden";a:0:{}s:10:"\0*\0visible";a:0:{}s:11:"\0*\0fillable";a:8:{i:0;s:13:"permission_id";i:1;s:9:"parent_id";i:2;s:4:"name";i:3;s:5:"route";i:4;s:4:"icon";i:5;s:5:"order";i:6;s:6:"status";i:7;s:12:"is_deletable";}s:10:"\0*\0guarded";a:1:{i:0;s:1:"*";}}i:3;O:20:"App\\Models\\AdminMenu":33:{s:13:"\0*\0connection";s:5:"mysql";s:8:"\0*\0table";s:11:"admin_menus";s:13:"\0*\0primaryKey";s:2:"id";s:10:"\0*\0keyType";s:3:"int";s:12:"incrementing";b:1;s:7:"\0*\0with";a:0:{}s:12:"\0*\0withCount";a:0:{}s:19:"preventsLazyLoading";b:0;s:10:"\0*\0perPage";i:15;s:6:"exists";b:1;s:18:"wasRecentlyCreated";b:0;s:28:"\0*\0escapeWhenCastingToString";b:0;s:13:"\0*\0attributes";a:11:{s:2:"id";i:54;s:13:"permission_id";i:214;s:9:"parent_id";i:68;s:4:"name";s:16:"Investor Payment";s:5:"route";s:28:"admin.investor-payment.index";s:4:"icon";s:63:"<span class="material-symbols-outlined fs-24"> add_card </span>";s:5:"order";i:8;s:6:"status";i:1;s:12:"is_deletable";i:1;s:10:"created_at";s:19:"2025-07-22 12:50:16";s:10:"updated_at";s:19:"2026-02-18 09:48:01";}s:11:"\0*\0original";a:11:{s:2:"id";i:54;s:13:"permission_id";i:214;s:9:"parent_id";i:68;s:4:"name";s:16:"Investor Payment";s:5:"route";s:28:"admin.investor-payment.index";s:4:"icon";s:63:"<span class="material-symbols-outlined fs-24"> add_card </span>";s:5:"order";i:8;s:6:"status";i:1;s:12:"is_deletable";i:1;s:10:"created_at";s:19:"2025-07-22 12:50:16";s:10:"updated_at";s:19:"2026-02-18 09:48:01";}s:10:"\0*\0changes";a:0:{}s:11:"\0*\0previous";a:0:{}s:8:"\0*\0casts";a:2:{s:6:"status";s:7:"boolean";s:12:"is_deletable";s:7:"boolean";}s:17:"\0*\0classCastCache";a:0:{}s:21:"\0*\0attributeCastCache";a:0:{}s:13:"\0*\0dateFormat";N;s:10:"\0*\0appends";a:0:{}s:19:"\0*\0dispatchesEvents";a:0:{}s:14:"\0*\0observables";a:0:{}s:12:"\0*\0relations";a:0:{}s:10:"\0*\0touches";a:0:{}s:27:"\0*\0relationAutoloadCallback";N;s:26:"\0*\0relationAutoloadContext";N;s:10:"timestamps";b:1;s:13:"usesUniqueIds";b:0;s:9:"\0*\0hidden";a:0:{}s:10:"\0*\0visible";a:0:{}s:11:"\0*\0fillable";a:8:{i:0;s:13:"permission_id";i:1;s:9:"parent_id";i:2;s:4:"name";i:3;s:5:"route";i:4;s:4:"icon";i:5;s:5:"order";i:6;s:6:"status";i:7;s:12:"is_deletable";}s:10:"\0*\0guarded";a:1:{i:0;s:1:"*";}}i:4;O:20:"App\\Models\\AdminMenu":33:{s:13:"\0*\0connection";s:5:"mysql";s:8:"\0*\0table";s:11:"admin_menus";s:13:"\0*\0primaryKey";s:2:"id";s:10:"\0*\0keyType";s:3:"int";s:12:"incrementing";b:1;s:7:"\0*\0with";a:0:{}s:12:"\0*\0withCount";a:0:{}s:19:"preventsLazyLoading";b:0;s:10:"\0*\0perPage";i:15;s:6:"exists";b:1;s:18:"wasRecentlyCreated";b:0;s:28:"\0*\0escapeWhenCastingToString";b:0;s:13:"\0*\0attributes";a:11:{s:2:"id";i:9;s:13:"permission_id";i:32;s:9:"parent_id";i:68;s:4:"name";s:10:"Sattlement";s:5:"route";s:29:"admin.invest-sattlement.index";s:4:"icon";s:64:"<span class="material-symbols-outlined fs-24"> inventory </span>";s:5:"order";i:9;s:6:"status";i:1;s:12:"is_deletable";i:1;s:10:"created_at";s:19:"2025-06-17 11:40:52";s:10:"updated_at";s:19:"2026-02-18 09:50:32";}s:11:"\0*\0original";a:11:{s:2:"id";i:9;s:13:"permission_id";i:32;s:9:"parent_id";i:68;s:4:"name";s:10:"Sattlement";s:5:"route";s:29:"admin.invest-sattlement.index";s:4:"icon";s:64:"<span class="material-symbols-outlined fs-24"> inventory </span>";s:5:"order";i:9;s:6:"status";i:1;s:12:"is_deletable";i:1;s:10:"created_at";s:19:"2025-06-17 11:40:52";s:10:"updated_at";s:19:"2026-02-18 09:50:32";}s:10:"\0*\0changes";a:0:{}s:11:"\0*\0previous";a:0:{}s:8:"\0*\0casts";a:2:{s:6:"status";s:7:"boolean";s:12:"is_deletable";s:7:"boolean";}s:17:"\0*\0classCastCache";a:0:{}s:21:"\0*\0attributeCastCache";a:0:{}s:13:"\0*\0dateFormat";N;s:10:"\0*\0appends";a:0:{}s:19:"\0*\0dispatchesEvents";a:0:{}s:14:"\0*\0observables";a:0:{}s:12:"\0*\0relations";a:0:{}s:10:"\0*\0touches";a:0:{}s:27:"\0*\0relationAutoloadCallback";N;s:26:"\0*\0relationAutoloadContext";N;s:10:"timestamps";b:1;s:13:"usesUniqueIds";b:0;s:9:"\0*\0hidden";a:0:{}s:10:"\0*\0visible";a:0:{}s:11:"\0*\0fillable";a:8:{i:0;s:13:"permission_id";i:1;s:9:"parent_id";i:2;s:4:"name";i:3;s:5:"route";i:4;s:4:"icon";i:5;s:5:"order";i:6;s:6:"status";i:7;s:12:"is_deletable";}s:10:"\0*\0guarded";a:1:{i:0;s:1:"*";}}i:5;O:20:"App\\Models\\AdminMenu":33:{s:13:"\0*\0connection";s:5:"mysql";s:8:"\0*\0table";s:11:"admin_menus";s:13:"\0*\0primaryKey";s:2:"id";s:10:"\0*\0keyType";s:3:"int";s:12:"incrementing";b:1;s:7:"\0*\0with";a:0:{}s:12:"\0*\0withCount";a:0:{}s:19:"preventsLazyLoading";b:0;s:10:"\0*\0perPage";i:15;s:6:"exists";b:1;s:18:"wasRecentlyCreated";b:0;s:28:"\0*\0escapeWhenCastingToString";b:0;s:13:"\0*\0attributes";a:11:{s:2:"id";i:55;s:13:"permission_id";i:220;s:9:"parent_id";i:68;s:4:"name";s:18:"Investor Statement";s:5:"route";s:30:"admin.investor-statement.index";s:4:"icon";s:63:"<span class="material-symbols-outlined fs-24"> contract </span>";s:5:"order";i:10;s:6:"status";i:1;s:12:"is_deletable";i:1;s:10:"created_at";s:19:"2025-07-23 04:46:53";s:10:"updated_at";s:19:"2026-02-18 09:48:32";}s:11:"\0*\0original";a:11:{s:2:"id";i:55;s:13:"permission_id";i:220;s:9:"parent_id";i:68;s:4:"name";s:18:"Investor Statement";s:5:"route";s:30:"admin.investor-statement.index";s:4:"icon";s:63:"<span class="material-symbols-outlined fs-24"> contract </span>";s:5:"order";i:10;s:6:"status";i:1;s:12:"is_deletable";i:1;s:10:"created_at";s:19:"2025-07-23 04:46:53";s:10:"updated_at";s:19:"2026-02-18 09:48:32";}s:10:"\0*\0changes";a:0:{}s:11:"\0*\0previous";a:0:{}s:8:"\0*\0casts";a:2:{s:6:"status";s:7:"boolean";s:12:"is_deletable";s:7:"boolean";}s:17:"\0*\0classCastCache";a:0:{}s:21:"\0*\0attributeCastCache";a:0:{}s:13:"\0*\0dateFormat";N;s:10:"\0*\0appends";a:0:{}s:19:"\0*\0dispatchesEvents";a:0:{}s:14:"\0*\0observables";a:0:{}s:12:"\0*\0relations";a:0:{}s:10:"\0*\0touches";a:0:{}s:27:"\0*\0relationAutoloadCallback";N;s:26:"\0*\0relationAutoloadContext";N;s:10:"timestamps";b:1;s:13:"usesUniqueIds";b:0;s:9:"\0*\0hidden";a:0:{}s:10:"\0*\0visible";a:0:{}s:11:"\0*\0fillable";a:8:{i:0;s:13:"permission_id";i:1;s:9:"parent_id";i:2;s:4:"name";i:3;s:5:"route";i:4;s:4:"icon";i:5;s:5:"order";i:6;s:6:"status";i:7;s:12:"is_deletable";}s:10:"\0*\0guarded";a:1:{i:0;s:1:"*";}}}s:28:"\0*\0escapeWhenCastingToString";b:0;}s:7:"actions";O:39:"Illuminate\\Database\\Eloquent\\Collection":2:{s:8:"\0*\0items";a:0:{}s:28:"\0*\0escapeWhenCastingToString";b:0;}}s:10:"\0*\0touches";a:0:{}s:27:"\0*\0relationAutoloadCallback";N;s:26:"\0*\0relationAutoloadContext";N;s:10:"timestamps";b:1;s:13:"usesUniqueIds";b:0;s:9:"\0*\0hidden";a:0:{}s:10:"\0*\0visible";a:0:{}s:11:"\0*\0fillable";a:8:{i:0;s:13:"permission_id";i:1;s:9:"parent_id";i:2;s:4:"name";i:3;s:5:"route";i:4;s:4:"icon";i:5;s:5:"order";i:6;s:6:"status";i:7;s:12:"is_deletable";}s:10:"\0*\0guarded";a:1:{i:0;s:1:"*";}}i:4;O:20:"App\\Models\\AdminMenu":33:{s:13:"\0*\0connection";s:5:"mysql";s:8:"\0*\0table";s:11:"admin_menus";s:13:"\0*\0primaryKey";s:2:"id";s:10:"\0*\0keyType";s:3:"int";s:12:"incrementing";b:1;s:7:"\0*\0with";a:0:{}s:12:"\0*\0withCount";a:0:{}s:19:"preventsLazyLoading";b:0;s:10:"\0*\0perPage";i:15;s:6:"exists";b:1;s:18:"wasRecentlyCreated";b:0;s:28:"\0*\0escapeWhenCastingToString";b:0;s:13:"\0*\0attributes";a:11:{s:2:"id";i:39;s:13:"permission_id";i:138;s:9:"parent_id";N;s:4:"name";s:9:"Inventory";s:5:"route";N;s:4:"icon";s:64:"<span class="material-symbols-outlined fs-24"> inventory </span>";s:5:"order";i:4;s:6:"status";i:1;s:12:"is_deletable";i:1;s:10:"created_at";s:19:"2025-07-17 10:00:10";s:10:"updated_at";s:19:"2025-07-19 11:13:34";}s:11:"\0*\0original";a:11:{s:2:"id";i:39;s:13:"permission_id";i:138;s:9:"parent_id";N;s:4:"name";s:9:"Inventory";s:5:"route";N;s:4:"icon";s:64:"<span class="material-symbols-outlined fs-24"> inventory </span>";s:5:"order";i:4;s:6:"status";i:1;s:12:"is_deletable";i:1;s:10:"created_at";s:19:"2025-07-17 10:00:10";s:10:"updated_at";s:19:"2025-07-19 11:13:34";}s:10:"\0*\0changes";a:0:{}s:11:"\0*\0previous";a:0:{}s:8:"\0*\0casts";a:2:{s:6:"status";s:7:"boolean";s:12:"is_deletable";s:7:"boolean";}s:17:"\0*\0classCastCache";a:0:{}s:21:"\0*\0attributeCastCache";a:0:{}s:13:"\0*\0dateFormat";N;s:10:"\0*\0appends";a:0:{}s:19:"\0*\0dispatchesEvents";a:0:{}s:14:"\0*\0observables";a:0:{}s:12:"\0*\0relations";a:2:{s:8:"children";O:39:"Illuminate\\Database\\Eloquent\\Collection":2:{s:8:"\0*\0items";a:2:{i:0;O:20:"App\\Models\\AdminMenu":33:{s:13:"\0*\0connection";s:5:"mysql";s:8:"\0*\0table";s:11:"admin_menus";s:13:"\0*\0primaryKey";s:2:"id";s:10:"\0*\0keyType";s:3:"int";s:12:"incrementing";b:1;s:7:"\0*\0with";a:0:{}s:12:"\0*\0withCount";a:0:{}s:19:"preventsLazyLoading";b:0;s:10:"\0*\0perPage";i:15;s:6:"exists";b:1;s:18:"wasRecentlyCreated";b:0;s:28:"\0*\0escapeWhenCastingToString";b:0;s:13:"\0*\0attributes";a:11:{s:2:"id";i:40;s:13:"permission_id";i:139;s:9:"parent_id";i:39;s:4:"name";s:11:"Productions";s:5:"route";s:22:"admin.production.index";s:4:"icon";N;s:5:"order";i:1;s:6:"status";i:1;s:12:"is_deletable";i:1;s:10:"created_at";s:19:"2025-07-17 10:01:15";s:10:"updated_at";s:19:"2025-07-17 10:01:15";}s:11:"\0*\0original";a:11:{s:2:"id";i:40;s:13:"permission_id";i:139;s:9:"parent_id";i:39;s:4:"name";s:11:"Productions";s:5:"route";s:22:"admin.production.index";s:4:"icon";N;s:5:"order";i:1;s:6:"status";i:1;s:12:"is_deletable";i:1;s:10:"created_at";s:19:"2025-07-17 10:01:15";s:10:"updated_at";s:19:"2025-07-17 10:01:15";}s:10:"\0*\0changes";a:0:{}s:11:"\0*\0previous";a:0:{}s:8:"\0*\0casts";a:2:{s:6:"status";s:7:"boolean";s:12:"is_deletable";s:7:"boolean";}s:17:"\0*\0classCastCache";a:0:{}s:21:"\0*\0attributeCastCache";a:0:{}s:13:"\0*\0dateFormat";N;s:10:"\0*\0appends";a:0:{}s:19:"\0*\0dispatchesEvents";a:0:{}s:14:"\0*\0observables";a:0:{}s:12:"\0*\0relations";a:0:{}s:10:"\0*\0touches";a:0:{}s:27:"\0*\0relationAutoloadCallback";N;s:26:"\0*\0relationAutoloadContext";N;s:10:"timestamps";b:1;s:13:"usesUniqueIds";b:0;s:9:"\0*\0hidden";a:0:{}s:10:"\0*\0visible";a:0:{}s:11:"\0*\0fillable";a:8:{i:0;s:13:"permission_id";i:1;s:9:"parent_id";i:2;s:4:"name";i:3;s:5:"route";i:4;s:4:"icon";i:5;s:5:"order";i:6;s:6:"status";i:7;s:12:"is_deletable";}s:10:"\0*\0guarded";a:1:{i:0;s:1:"*";}}i:1;O:20:"App\\Models\\AdminMenu":33:{s:13:"\0*\0connection";s:5:"mysql";s:8:"\0*\0table";s:11:"admin_menus";s:13:"\0*\0primaryKey";s:2:"id";s:10:"\0*\0keyType";s:3:"int";s:12:"incrementing";b:1;s:7:"\0*\0with";a:0:{}s:12:"\0*\0withCount";a:0:{}s:19:"preventsLazyLoading";b:0;s:10:"\0*\0perPage";i:15;s:6:"exists";b:1;s:18:"wasRecentlyCreated";b:0;s:28:"\0*\0escapeWhenCastingToString";b:0;s:13:"\0*\0attributes";a:11:{s:2:"id";i:44;s:13:"permission_id";i:166;s:9:"parent_id";i:39;s:4:"name";s:5:"Stock";s:5:"route";s:24:"admin.stock-status.index";s:4:"icon";N;s:5:"order";i:2;s:6:"status";i:1;s:12:"is_deletable";i:1;s:10:"created_at";s:19:"2025-07-19 10:51:17";s:10:"updated_at";s:19:"2025-07-26 04:53:04";}s:11:"\0*\0original";a:11:{s:2:"id";i:44;s:13:"permission_id";i:166;s:9:"parent_id";i:39;s:4:"name";s:5:"Stock";s:5:"route";s:24:"admin.stock-status.index";s:4:"icon";N;s:5:"order";i:2;s:6:"status";i:1;s:12:"is_deletable";i:1;s:10:"created_at";s:19:"2025-07-19 10:51:17";s:10:"updated_at";s:19:"2025-07-26 04:53:04";}s:10:"\0*\0changes";a:0:{}s:11:"\0*\0previous";a:0:{}s:8:"\0*\0casts";a:2:{s:6:"status";s:7:"boolean";s:12:"is_deletable";s:7:"boolean";}s:17:"\0*\0classCastCache";a:0:{}s:21:"\0*\0attributeCastCache";a:0:{}s:13:"\0*\0dateFormat";N;s:10:"\0*\0appends";a:0:{}s:19:"\0*\0dispatchesEvents";a:0:{}s:14:"\0*\0observables";a:0:{}s:12:"\0*\0relations";a:0:{}s:10:"\0*\0touches";a:0:{}s:27:"\0*\0relationAutoloadCallback";N;s:26:"\0*\0relationAutoloadContext";N;s:10:"timestamps";b:1;s:13:"usesUniqueIds";b:0;s:9:"\0*\0hidden";a:0:{}s:10:"\0*\0visible";a:0:{}s:11:"\0*\0fillable";a:8:{i:0;s:13:"permission_id";i:1;s:9:"parent_id";i:2;s:4:"name";i:3;s:5:"route";i:4;s:4:"icon";i:5;s:5:"order";i:6;s:6:"status";i:7;s:12:"is_deletable";}s:10:"\0*\0guarded";a:1:{i:0;s:1:"*";}}}s:28:"\0*\0escapeWhenCastingToString";b:0;}s:7:"actions";O:39:"Illuminate\\Database\\Eloquent\\Collection":2:{s:8:"\0*\0items";a:0:{}s:28:"\0*\0escapeWhenCastingToString";b:0;}}s:10:"\0*\0touches";a:0:{}s:27:"\0*\0relationAutoloadCallback";N;s:26:"\0*\0relationAutoloadContext";N;s:10:"timestamps";b:1;s:13:"usesUniqueIds";b:0;s:9:"\0*\0hidden";a:0:{}s:10:"\0*\0visible";a:0:{}s:11:"\0*\0fillable";a:8:{i:0;s:13:"permission_id";i:1;s:9:"parent_id";i:2;s:4:"name";i:3;s:5:"route";i:4;s:4:"icon";i:5;s:5:"order";i:6;s:6:"status";i:7;s:12:"is_deletable";}s:10:"\0*\0guarded";a:1:{i:0;s:1:"*";}}i:5;O:20:"App\\Models\\AdminMenu":33:{s:13:"\0*\0connection";s:5:"mysql";s:8:"\0*\0table";s:11:"admin_menus";s:13:"\0*\0primaryKey";s:2:"id";s:10:"\0*\0keyType";s:3:"int";s:12:"incrementing";b:1;s:7:"\0*\0with";a:0:{}s:12:"\0*\0withCount";a:0:{}s:19:"preventsLazyLoading";b:0;s:10:"\0*\0perPage";i:15;s:6:"exists";b:1;s:18:"wasRecentlyCreated";b:0;s:28:"\0*\0escapeWhenCastingToString";b:0;s:13:"\0*\0attributes";a:11:{s:2:"id";i:41;s:13:"permission_id";i:155;s:9:"parent_id";N;s:4:"name";s:16:"Sales Management";s:5:"route";N;s:4:"icon";s:71:"<span class="material-symbols-outlined fs-24"> bar_chart_4_bars </span>";s:5:"order";i:4;s:6:"status";i:1;s:12:"is_deletable";i:1;s:10:"created_at";s:19:"2025-07-19 10:47:23";s:10:"updated_at";s:19:"2025-07-19 10:47:23";}s:11:"\0*\0original";a:11:{s:2:"id";i:41;s:13:"permission_id";i:155;s:9:"parent_id";N;s:4:"name";s:16:"Sales Management";s:5:"route";N;s:4:"icon";s:71:"<span class="material-symbols-outlined fs-24"> bar_chart_4_bars </span>";s:5:"order";i:4;s:6:"status";i:1;s:12:"is_deletable";i:1;s:10:"created_at";s:19:"2025-07-19 10:47:23";s:10:"updated_at";s:19:"2025-07-19 10:47:23";}s:10:"\0*\0changes";a:0:{}s:11:"\0*\0previous";a:0:{}s:8:"\0*\0casts";a:2:{s:6:"status";s:7:"boolean";s:12:"is_deletable";s:7:"boolean";}s:17:"\0*\0classCastCache";a:0:{}s:21:"\0*\0attributeCastCache";a:0:{}s:13:"\0*\0dateFormat";N;s:10:"\0*\0appends";a:0:{}s:19:"\0*\0dispatchesEvents";a:0:{}s:14:"\0*\0observables";a:0:{}s:12:"\0*\0relations";a:2:{s:8:"children";O:39:"Illuminate\\Database\\Eloquent\\Collection":2:{s:8:"\0*\0items";a:3:{i:0;O:20:"App\\Models\\AdminMenu":33:{s:13:"\0*\0connection";s:5:"mysql";s:8:"\0*\0table";s:11:"admin_menus";s:13:"\0*\0primaryKey";s:2:"id";s:10:"\0*\0keyType";s:3:"int";s:12:"incrementing";b:1;s:7:"\0*\0with";a:0:{}s:12:"\0*\0withCount";a:0:{}s:19:"preventsLazyLoading";b:0;s:10:"\0*\0perPage";i:15;s:6:"exists";b:1;s:18:"wasRecentlyCreated";b:0;s:28:"\0*\0escapeWhenCastingToString";b:0;s:13:"\0*\0attributes";a:11:{s:2:"id";i:42;s:13:"permission_id";i:156;s:9:"parent_id";i:41;s:4:"name";s:7:"Clients";s:5:"route";s:18:"admin.client.index";s:4:"icon";N;s:5:"order";i:1;s:6:"status";i:1;s:12:"is_deletable";i:1;s:10:"created_at";s:19:"2025-07-19 10:49:14";s:10:"updated_at";s:19:"2026-02-17 10:10:30";}s:11:"\0*\0original";a:11:{s:2:"id";i:42;s:13:"permission_id";i:156;s:9:"parent_id";i:41;s:4:"name";s:7:"Clients";s:5:"route";s:18:"admin.client.index";s:4:"icon";N;s:5:"order";i:1;s:6:"status";i:1;s:12:"is_deletable";i:1;s:10:"created_at";s:19:"2025-07-19 10:49:14";s:10:"updated_at";s:19:"2026-02-17 10:10:30";}s:10:"\0*\0changes";a:0:{}s:11:"\0*\0previous";a:0:{}s:8:"\0*\0casts";a:2:{s:6:"status";s:7:"boolean";s:12:"is_deletable";s:7:"boolean";}s:17:"\0*\0classCastCache";a:0:{}s:21:"\0*\0attributeCastCache";a:0:{}s:13:"\0*\0dateFormat";N;s:10:"\0*\0appends";a:0:{}s:19:"\0*\0dispatchesEvents";a:0:{}s:14:"\0*\0observables";a:0:{}s:12:"\0*\0relations";a:0:{}s:10:"\0*\0touches";a:0:{}s:27:"\0*\0relationAutoloadCallback";N;s:26:"\0*\0relationAutoloadContext";N;s:10:"timestamps";b:1;s:13:"usesUniqueIds";b:0;s:9:"\0*\0hidden";a:0:{}s:10:"\0*\0visible";a:0:{}s:11:"\0*\0fillable";a:8:{i:0;s:13:"permission_id";i:1;s:9:"parent_id";i:2;s:4:"name";i:3;s:5:"route";i:4;s:4:"icon";i:5;s:5:"order";i:6;s:6:"status";i:7;s:12:"is_deletable";}s:10:"\0*\0guarded";a:1:{i:0;s:1:"*";}}i:1;O:20:"App\\Models\\AdminMenu":33:{s:13:"\0*\0connection";s:5:"mysql";s:8:"\0*\0table";s:11:"admin_menus";s:13:"\0*\0primaryKey";s:2:"id";s:10:"\0*\0keyType";s:3:"int";s:12:"incrementing";b:1;s:7:"\0*\0with";a:0:{}s:12:"\0*\0withCount";a:0:{}s:19:"preventsLazyLoading";b:0;s:10:"\0*\0perPage";i:15;s:6:"exists";b:1;s:18:"wasRecentlyCreated";b:0;s:28:"\0*\0escapeWhenCastingToString";b:0;s:13:"\0*\0attributes";a:11:{s:2:"id";i:43;s:13:"permission_id";i:157;s:9:"parent_id";i:41;s:4:"name";s:5:"Sales";s:5:"route";s:17:"admin.sales.index";s:4:"icon";N;s:5:"order";i:2;s:6:"status";i:1;s:12:"is_deletable";i:1;s:10:"created_at";s:19:"2025-07-19 10:49:37";s:10:"updated_at";s:19:"2025-07-19 10:49:37";}s:11:"\0*\0original";a:11:{s:2:"id";i:43;s:13:"permission_id";i:157;s:9:"parent_id";i:41;s:4:"name";s:5:"Sales";s:5:"route";s:17:"admin.sales.index";s:4:"icon";N;s:5:"order";i:2;s:6:"status";i:1;s:12:"is_deletable";i:1;s:10:"created_at";s:19:"2025-07-19 10:49:37";s:10:"updated_at";s:19:"2025-07-19 10:49:37";}s:10:"\0*\0changes";a:0:{}s:11:"\0*\0previous";a:0:{}s:8:"\0*\0casts";a:2:{s:6:"status";s:7:"boolean";s:12:"is_deletable";s:7:"boolean";}s:17:"\0*\0classCastCache";a:0:{}s:21:"\0*\0attributeCastCache";a:0:{}s:13:"\0*\0dateFormat";N;s:10:"\0*\0appends";a:0:{}s:19:"\0*\0dispatchesEvents";a:0:{}s:14:"\0*\0observables";a:0:{}s:12:"\0*\0relations";a:0:{}s:10:"\0*\0touches";a:0:{}s:27:"\0*\0relationAutoloadCallback";N;s:26:"\0*\0relationAutoloadContext";N;s:10:"timestamps";b:1;s:13:"usesUniqueIds";b:0;s:9:"\0*\0hidden";a:0:{}s:10:"\0*\0visible";a:0:{}s:11:"\0*\0fillable";a:8:{i:0;s:13:"permission_id";i:1;s:9:"parent_id";i:2;s:4:"name";i:3;s:5:"route";i:4;s:4:"icon";i:5;s:5:"order";i:6;s:6:"status";i:7;s:12:"is_deletable";}s:10:"\0*\0guarded";a:1:{i:0;s:1:"*";}}i:2;O:20:"App\\Models\\AdminMenu":33:{s:13:"\0*\0connection";s:5:"mysql";s:8:"\0*\0table";s:11:"admin_menus";s:13:"\0*\0primaryKey";s:2:"id";s:10:"\0*\0keyType";s:3:"int";s:12:"incrementing";b:1;s:7:"\0*\0with";a:0:{}s:12:"\0*\0withCount";a:0:{}s:19:"preventsLazyLoading";b:0;s:10:"\0*\0perPage";i:15;s:6:"exists";b:1;s:18:"wasRecentlyCreated";b:0;s:28:"\0*\0escapeWhenCastingToString";b:0;s:13:"\0*\0attributes";a:11:{s:2:"id";i:50;s:13:"permission_id";i:190;s:9:"parent_id";i:41;s:4:"name";s:11:"Collections";s:5:"route";s:22:"admin.collection.index";s:4:"icon";N;s:5:"order";i:3;s:6:"status";i:1;s:12:"is_deletable";i:1;s:10:"created_at";s:19:"2025-07-20 13:50:25";s:10:"updated_at";s:19:"2025-07-20 13:50:25";}s:11:"\0*\0original";a:11:{s:2:"id";i:50;s:13:"permission_id";i:190;s:9:"parent_id";i:41;s:4:"name";s:11:"Collections";s:5:"route";s:22:"admin.collection.index";s:4:"icon";N;s:5:"order";i:3;s:6:"status";i:1;s:12:"is_deletable";i:1;s:10:"created_at";s:19:"2025-07-20 13:50:25";s:10:"updated_at";s:19:"2025-07-20 13:50:25";}s:10:"\0*\0changes";a:0:{}s:11:"\0*\0previous";a:0:{}s:8:"\0*\0casts";a:2:{s:6:"status";s:7:"boolean";s:12:"is_deletable";s:7:"boolean";}s:17:"\0*\0classCastCache";a:0:{}s:21:"\0*\0attributeCastCache";a:0:{}s:13:"\0*\0dateFormat";N;s:10:"\0*\0appends";a:0:{}s:19:"\0*\0dispatchesEvents";a:0:{}s:14:"\0*\0observables";a:0:{}s:12:"\0*\0relations";a:0:{}s:10:"\0*\0touches";a:0:{}s:27:"\0*\0relationAutoloadCallback";N;s:26:"\0*\0relationAutoloadContext";N;s:10:"timestamps";b:1;s:13:"usesUniqueIds";b:0;s:9:"\0*\0hidden";a:0:{}s:10:"\0*\0visible";a:0:{}s:11:"\0*\0fillable";a:8:{i:0;s:13:"permission_id";i:1;s:9:"parent_id";i:2;s:4:"name";i:3;s:5:"route";i:4;s:4:"icon";i:5;s:5:"order";i:6;s:6:"status";i:7;s:12:"is_deletable";}s:10:"\0*\0guarded";a:1:{i:0;s:1:"*";}}}s:28:"\0*\0escapeWhenCastingToString";b:0;}s:7:"actions";O:39:"Illuminate\\Database\\Eloquent\\Collection":2:{s:8:"\0*\0items";a:0:{}s:28:"\0*\0escapeWhenCastingToString";b:0;}}s:10:"\0*\0touches";a:0:{}s:27:"\0*\0relationAutoloadCallback";N;s:26:"\0*\0relationAutoloadContext";N;s:10:"timestamps";b:1;s:13:"usesUniqueIds";b:0;s:9:"\0*\0hidden";a:0:{}s:10:"\0*\0visible";a:0:{}s:11:"\0*\0fillable";a:8:{i:0;s:13:"permission_id";i:1;s:9:"parent_id";i:2;s:4:"name";i:3;s:5:"route";i:4;s:4:"icon";i:5;s:5:"order";i:6;s:6:"status";i:7;s:12:"is_deletable";}s:10:"\0*\0guarded";a:1:{i:0;s:1:"*";}}i:6;O:20:"App\\Models\\AdminMenu":33:{s:13:"\0*\0connection";s:5:"mysql";s:8:"\0*\0table";s:11:"admin_menus";s:13:"\0*\0primaryKey";s:2:"id";s:10:"\0*\0keyType";s:3:"int";s:12:"incrementing";b:1;s:7:"\0*\0with";a:0:{}s:12:"\0*\0withCount";a:0:{}s:19:"preventsLazyLoading";b:0;s:10:"\0*\0perPage";i:15;s:6:"exists";b:1;s:18:"wasRecentlyCreated";b:0;s:28:"\0*\0escapeWhenCastingToString";b:0;s:13:"\0*\0attributes";a:11:{s:2:"id";i:67;s:13:"permission_id";i:240;s:9:"parent_id";N;s:4:"name";s:8:"Expenses";s:5:"route";s:19:"admin.expense.index";s:4:"icon";s:75:"<span class="material-symbols-outlined fs-22">account_balance_wallet</span>";s:5:"order";i:5;s:6:"status";i:1;s:12:"is_deletable";i:1;s:10:"created_at";s:19:"2026-02-18 06:45:00";s:10:"updated_at";s:19:"2026-02-18 06:48:06";}s:11:"\0*\0original";a:11:{s:2:"id";i:67;s:13:"permission_id";i:240;s:9:"parent_id";N;s:4:"name";s:8:"Expenses";s:5:"route";s:19:"admin.expense.index";s:4:"icon";s:75:"<span class="material-symbols-outlined fs-22">account_balance_wallet</span>";s:5:"order";i:5;s:6:"status";i:1;s:12:"is_deletable";i:1;s:10:"created_at";s:19:"2026-02-18 06:45:00";s:10:"updated_at";s:19:"2026-02-18 06:48:06";}s:10:"\0*\0changes";a:0:{}s:11:"\0*\0previous";a:0:{}s:8:"\0*\0casts";a:2:{s:6:"status";s:7:"boolean";s:12:"is_deletable";s:7:"boolean";}s:17:"\0*\0classCastCache";a:0:{}s:21:"\0*\0attributeCastCache";a:0:{}s:13:"\0*\0dateFormat";N;s:10:"\0*\0appends";a:0:{}s:19:"\0*\0dispatchesEvents";a:0:{}s:14:"\0*\0observables";a:0:{}s:12:"\0*\0relations";a:2:{s:8:"children";O:39:"Illuminate\\Database\\Eloquent\\Collection":2:{s:8:"\0*\0items";a:0:{}s:28:"\0*\0escapeWhenCastingToString";b:0;}s:7:"actions";O:39:"Illuminate\\Database\\Eloquent\\Collection":2:{s:8:"\0*\0items";a:3:{i:0;O:26:"App\\Models\\AdminMenuAction":33:{s:13:"\0*\0connection";s:5:"mysql";s:8:"\0*\0table";s:18:"admin_menu_actions";s:13:"\0*\0primaryKey";s:2:"id";s:10:"\0*\0keyType";s:3:"int";s:12:"incrementing";b:1;s:7:"\0*\0with";a:0:{}s:12:"\0*\0withCount";a:0:{}s:19:"preventsLazyLoading";b:0;s:10:"\0*\0perPage";i:15;s:6:"exists";b:1;s:18:"wasRecentlyCreated";b:0;s:28:"\0*\0escapeWhenCastingToString";b:0;s:13:"\0*\0attributes";a:8:{s:2:"id";i:174;s:13:"permission_id";i:241;s:13:"admin_menu_id";i:67;s:4:"name";s:6:"create";s:5:"route";s:20:"admin.expense.create";s:6:"status";i:1;s:10:"created_at";s:19:"2026-02-18 06:53:27";s:10:"updated_at";s:19:"2026-02-18 06:53:27";}s:11:"\0*\0original";a:8:{s:2:"id";i:174;s:13:"permission_id";i:241;s:13:"admin_menu_id";i:67;s:4:"name";s:6:"create";s:5:"route";s:20:"admin.expense.create";s:6:"status";i:1;s:10:"created_at";s:19:"2026-02-18 06:53:27";s:10:"updated_at";s:19:"2026-02-18 06:53:27";}s:10:"\0*\0changes";a:0:{}s:11:"\0*\0previous";a:0:{}s:8:"\0*\0casts";a:1:{s:6:"status";s:7:"boolean";}s:17:"\0*\0classCastCache";a:0:{}s:21:"\0*\0attributeCastCache";a:0:{}s:13:"\0*\0dateFormat";N;s:10:"\0*\0appends";a:0:{}s:19:"\0*\0dispatchesEvents";a:0:{}s:14:"\0*\0observables";a:0:{}s:12:"\0*\0relations";a:0:{}s:10:"\0*\0touches";a:0:{}s:27:"\0*\0relationAutoloadCallback";N;s:26:"\0*\0relationAutoloadContext";N;s:10:"timestamps";b:1;s:13:"usesUniqueIds";b:0;s:9:"\0*\0hidden";a:0:{}s:10:"\0*\0visible";a:0:{}s:11:"\0*\0fillable";a:5:{i:0;s:13:"permission_id";i:1;s:13:"admin_menu_id";i:2;s:4:"name";i:3;s:5:"route";i:4;s:6:"status";}s:10:"\0*\0guarded";a:1:{i:0;s:1:"*";}}i:1;O:26:"App\\Models\\AdminMenuAction":33:{s:13:"\0*\0connection";s:5:"mysql";s:8:"\0*\0table";s:18:"admin_menu_actions";s:13:"\0*\0primaryKey";s:2:"id";s:10:"\0*\0keyType";s:3:"int";s:12:"incrementing";b:1;s:7:"\0*\0with";a:0:{}s:12:"\0*\0withCount";a:0:{}s:19:"preventsLazyLoading";b:0;s:10:"\0*\0perPage";i:15;s:6:"exists";b:1;s:18:"wasRecentlyCreated";b:0;s:28:"\0*\0escapeWhenCastingToString";b:0;s:13:"\0*\0attributes";a:8:{s:2:"id";i:175;s:13:"permission_id";i:242;s:13:"admin_menu_id";i:67;s:4:"name";s:4:"edit";s:5:"route";s:18:"admin.expense.edit";s:6:"status";i:1;s:10:"created_at";s:19:"2026-02-18 07:04:00";s:10:"updated_at";s:19:"2026-02-18 07:04:00";}s:11:"\0*\0original";a:8:{s:2:"id";i:175;s:13:"permission_id";i:242;s:13:"admin_menu_id";i:67;s:4:"name";s:4:"edit";s:5:"route";s:18:"admin.expense.edit";s:6:"status";i:1;s:10:"created_at";s:19:"2026-02-18 07:04:00";s:10:"updated_at";s:19:"2026-02-18 07:04:00";}s:10:"\0*\0changes";a:0:{}s:11:"\0*\0previous";a:0:{}s:8:"\0*\0casts";a:1:{s:6:"status";s:7:"boolean";}s:17:"\0*\0classCastCache";a:0:{}s:21:"\0*\0attributeCastCache";a:0:{}s:13:"\0*\0dateFormat";N;s:10:"\0*\0appends";a:0:{}s:19:"\0*\0dispatchesEvents";a:0:{}s:14:"\0*\0observables";a:0:{}s:12:"\0*\0relations";a:0:{}s:10:"\0*\0touches";a:0:{}s:27:"\0*\0relationAutoloadCallback";N;s:26:"\0*\0relationAutoloadContext";N;s:10:"timestamps";b:1;s:13:"usesUniqueIds";b:0;s:9:"\0*\0hidden";a:0:{}s:10:"\0*\0visible";a:0:{}s:11:"\0*\0fillable";a:5:{i:0;s:13:"permission_id";i:1;s:13:"admin_menu_id";i:2;s:4:"name";i:3;s:5:"route";i:4;s:6:"status";}s:10:"\0*\0guarded";a:1:{i:0;s:1:"*";}}i:2;O:26:"App\\Models\\AdminMenuAction":33:{s:13:"\0*\0connection";s:5:"mysql";s:8:"\0*\0table";s:18:"admin_menu_actions";s:13:"\0*\0primaryKey";s:2:"id";s:10:"\0*\0keyType";s:3:"int";s:12:"incrementing";b:1;s:7:"\0*\0with";a:0:{}s:12:"\0*\0withCount";a:0:{}s:19:"preventsLazyLoading";b:0;s:10:"\0*\0perPage";i:15;s:6:"exists";b:1;s:18:"wasRecentlyCreated";b:0;s:28:"\0*\0escapeWhenCastingToString";b:0;s:13:"\0*\0attributes";a:8:{s:2:"id";i:176;s:13:"permission_id";i:243;s:13:"admin_menu_id";i:67;s:4:"name";s:4:"show";s:5:"route";s:18:"admin.expense.show";s:6:"status";i:1;s:10:"created_at";s:19:"2026-02-18 07:04:26";s:10:"updated_at";s:19:"2026-02-18 07:04:26";}s:11:"\0*\0original";a:8:{s:2:"id";i:176;s:13:"permission_id";i:243;s:13:"admin_menu_id";i:67;s:4:"name";s:4:"show";s:5:"route";s:18:"admin.expense.show";s:6:"status";i:1;s:10:"created_at";s:19:"2026-02-18 07:04:26";s:10:"updated_at";s:19:"2026-02-18 07:04:26";}s:10:"\0*\0changes";a:0:{}s:11:"\0*\0previous";a:0:{}s:8:"\0*\0casts";a:1:{s:6:"status";s:7:"boolean";}s:17:"\0*\0classCastCache";a:0:{}s:21:"\0*\0attributeCastCache";a:0:{}s:13:"\0*\0dateFormat";N;s:10:"\0*\0appends";a:0:{}s:19:"\0*\0dispatchesEvents";a:0:{}s:14:"\0*\0observables";a:0:{}s:12:"\0*\0relations";a:0:{}s:10:"\0*\0touches";a:0:{}s:27:"\0*\0relationAutoloadCallback";N;s:26:"\0*\0relationAutoloadContext";N;s:10:"timestamps";b:1;s:13:"usesUniqueIds";b:0;s:9:"\0*\0hidden";a:0:{}s:10:"\0*\0visible";a:0:{}s:11:"\0*\0fillable";a:5:{i:0;s:13:"permission_id";i:1;s:13:"admin_menu_id";i:2;s:4:"name";i:3;s:5:"route";i:4;s:6:"status";}s:10:"\0*\0guarded";a:1:{i:0;s:1:"*";}}}s:28:"\0*\0escapeWhenCastingToString";b:0;}}s:10:"\0*\0touches";a:0:{}s:27:"\0*\0relationAutoloadCallback";N;s:26:"\0*\0relationAutoloadContext";N;s:10:"timestamps";b:1;s:13:"usesUniqueIds";b:0;s:9:"\0*\0hidden";a:0:{}s:10:"\0*\0visible";a:0:{}s:11:"\0*\0fillable";a:8:{i:0;s:13:"permission_id";i:1;s:9:"parent_id";i:2;s:4:"name";i:3;s:5:"route";i:4;s:4:"icon";i:5;s:5:"order";i:6;s:6:"status";i:7;s:12:"is_deletable";}s:10:"\0*\0guarded";a:1:{i:0;s:1:"*";}}i:7;O:20:"App\\Models\\AdminMenu":33:{s:13:"\0*\0connection";s:5:"mysql";s:8:"\0*\0table";s:11:"admin_menus";s:13:"\0*\0primaryKey";s:2:"id";s:10:"\0*\0keyType";s:3:"int";s:12:"incrementing";b:1;s:7:"\0*\0with";a:0:{}s:12:"\0*\0withCount";a:0:{}s:19:"preventsLazyLoading";b:0;s:10:"\0*\0perPage";i:15;s:6:"exists";b:1;s:18:"wasRecentlyCreated";b:0;s:28:"\0*\0escapeWhenCastingToString";b:0;s:13:"\0*\0attributes";a:11:{s:2:"id";i:10;s:13:"permission_id";i:37;s:9:"parent_id";N;s:4:"name";s:18:"General Accounting";s:5:"route";N;s:4:"icon";s:64:"<span class="material-symbols-outlined fs-24"> calculate </span>";s:5:"order";i:11;s:6:"status";i:1;s:12:"is_deletable";i:1;s:10:"created_at";s:19:"2025-06-17 11:42:20";s:10:"updated_at";s:19:"2025-07-03 09:56:00";}s:11:"\0*\0original";a:11:{s:2:"id";i:10;s:13:"permission_id";i:37;s:9:"parent_id";N;s:4:"name";s:18:"General Accounting";s:5:"route";N;s:4:"icon";s:64:"<span class="material-symbols-outlined fs-24"> calculate </span>";s:5:"order";i:11;s:6:"status";i:1;s:12:"is_deletable";i:1;s:10:"created_at";s:19:"2025-06-17 11:42:20";s:10:"updated_at";s:19:"2025-07-03 09:56:00";}s:10:"\0*\0changes";a:0:{}s:11:"\0*\0previous";a:0:{}s:8:"\0*\0casts";a:2:{s:6:"status";s:7:"boolean";s:12:"is_deletable";s:7:"boolean";}s:17:"\0*\0classCastCache";a:0:{}s:21:"\0*\0attributeCastCache";a:0:{}s:13:"\0*\0dateFormat";N;s:10:"\0*\0appends";a:0:{}s:19:"\0*\0dispatchesEvents";a:0:{}s:14:"\0*\0observables";a:0:{}s:12:"\0*\0relations";a:2:{s:8:"children";O:39:"Illuminate\\Database\\Eloquent\\Collection":2:{s:8:"\0*\0items";a:2:{i:0;O:20:"App\\Models\\AdminMenu":33:{s:13:"\0*\0connection";s:5:"mysql";s:8:"\0*\0table";s:11:"admin_menus";s:13:"\0*\0primaryKey";s:2:"id";s:10:"\0*\0keyType";s:3:"int";s:12:"incrementing";b:1;s:7:"\0*\0with";a:0:{}s:12:"\0*\0withCount";a:0:{}s:19:"preventsLazyLoading";b:0;s:10:"\0*\0perPage";i:15;s:6:"exists";b:1;s:18:"wasRecentlyCreated";b:0;s:28:"\0*\0escapeWhenCastingToString";b:0;s:13:"\0*\0attributes";a:11:{s:2:"id";i:11;s:13:"permission_id";i:38;s:9:"parent_id";i:10;s:4:"name";s:11:"Transaction";s:5:"route";N;s:4:"icon";N;s:5:"order";i:1;s:6:"status";i:1;s:12:"is_deletable";i:1;s:10:"created_at";s:19:"2025-06-17 11:42:51";s:10:"updated_at";s:19:"2025-06-17 11:42:51";}s:11:"\0*\0original";a:11:{s:2:"id";i:11;s:13:"permission_id";i:38;s:9:"parent_id";i:10;s:4:"name";s:11:"Transaction";s:5:"route";N;s:4:"icon";N;s:5:"order";i:1;s:6:"status";i:1;s:12:"is_deletable";i:1;s:10:"created_at";s:19:"2025-06-17 11:42:51";s:10:"updated_at";s:19:"2025-06-17 11:42:51";}s:10:"\0*\0changes";a:0:{}s:11:"\0*\0previous";a:0:{}s:8:"\0*\0casts";a:2:{s:6:"status";s:7:"boolean";s:12:"is_deletable";s:7:"boolean";}s:17:"\0*\0classCastCache";a:0:{}s:21:"\0*\0attributeCastCache";a:0:{}s:13:"\0*\0dateFormat";N;s:10:"\0*\0appends";a:0:{}s:19:"\0*\0dispatchesEvents";a:0:{}s:14:"\0*\0observables";a:0:{}s:12:"\0*\0relations";a:0:{}s:10:"\0*\0touches";a:0:{}s:27:"\0*\0relationAutoloadCallback";N;s:26:"\0*\0relationAutoloadContext";N;s:10:"timestamps";b:1;s:13:"usesUniqueIds";b:0;s:9:"\0*\0hidden";a:0:{}s:10:"\0*\0visible";a:0:{}s:11:"\0*\0fillable";a:8:{i:0;s:13:"permission_id";i:1;s:9:"parent_id";i:2;s:4:"name";i:3;s:5:"route";i:4;s:4:"icon";i:5;s:5:"order";i:6;s:6:"status";i:7;s:12:"is_deletable";}s:10:"\0*\0guarded";a:1:{i:0;s:1:"*";}}i:1;O:20:"App\\Models\\AdminMenu":33:{s:13:"\0*\0connection";s:5:"mysql";s:8:"\0*\0table";s:11:"admin_menus";s:13:"\0*\0primaryKey";s:2:"id";s:10:"\0*\0keyType";s:3:"int";s:12:"incrementing";b:1;s:7:"\0*\0with";a:0:{}s:12:"\0*\0withCount";a:0:{}s:19:"preventsLazyLoading";b:0;s:10:"\0*\0perPage";i:15;s:6:"exists";b:1;s:18:"wasRecentlyCreated";b:0;s:28:"\0*\0escapeWhenCastingToString";b:0;s:13:"\0*\0attributes";a:11:{s:2:"id";i:12;s:13:"permission_id";i:39;s:9:"parent_id";i:10;s:4:"name";s:7:"Reports";s:5:"route";N;s:4:"icon";N;s:5:"order";i:2;s:6:"status";i:1;s:12:"is_deletable";i:1;s:10:"created_at";s:19:"2025-06-17 11:43:04";s:10:"updated_at";s:19:"2025-06-17 11:43:04";}s:11:"\0*\0original";a:11:{s:2:"id";i:12;s:13:"permission_id";i:39;s:9:"parent_id";i:10;s:4:"name";s:7:"Reports";s:5:"route";N;s:4:"icon";N;s:5:"order";i:2;s:6:"status";i:1;s:12:"is_deletable";i:1;s:10:"created_at";s:19:"2025-06-17 11:43:04";s:10:"updated_at";s:19:"2025-06-17 11:43:04";}s:10:"\0*\0changes";a:0:{}s:11:"\0*\0previous";a:0:{}s:8:"\0*\0casts";a:2:{s:6:"status";s:7:"boolean";s:12:"is_deletable";s:7:"boolean";}s:17:"\0*\0classCastCache";a:0:{}s:21:"\0*\0attributeCastCache";a:0:{}s:13:"\0*\0dateFormat";N;s:10:"\0*\0appends";a:0:{}s:19:"\0*\0dispatchesEvents";a:0:{}s:14:"\0*\0observables";a:0:{}s:12:"\0*\0relations";a:0:{}s:10:"\0*\0touches";a:0:{}s:27:"\0*\0relationAutoloadCallback";N;s:26:"\0*\0relationAutoloadContext";N;s:10:"timestamps";b:1;s:13:"usesUniqueIds";b:0;s:9:"\0*\0hidden";a:0:{}s:10:"\0*\0visible";a:0:{}s:11:"\0*\0fillable";a:8:{i:0;s:13:"permission_id";i:1;s:9:"parent_id";i:2;s:4:"name";i:3;s:5:"route";i:4;s:4:"icon";i:5;s:5:"order";i:6;s:6:"status";i:7;s:12:"is_deletable";}s:10:"\0*\0guarded";a:1:{i:0;s:1:"*";}}}s:28:"\0*\0escapeWhenCastingToString";b:0;}s:7:"actions";O:39:"Illuminate\\Database\\Eloquent\\Collection":2:{s:8:"\0*\0items";a:0:{}s:28:"\0*\0escapeWhenCastingToString";b:0;}}s:10:"\0*\0touches";a:0:{}s:27:"\0*\0relationAutoloadCallback";N;s:26:"\0*\0relationAutoloadContext";N;s:10:"timestamps";b:1;s:13:"usesUniqueIds";b:0;s:9:"\0*\0hidden";a:0:{}s:10:"\0*\0visible";a:0:{}s:11:"\0*\0fillable";a:8:{i:0;s:13:"permission_id";i:1;s:9:"parent_id";i:2;s:4:"name";i:3;s:5:"route";i:4;s:4:"icon";i:5;s:5:"order";i:6;s:6:"status";i:7;s:12:"is_deletable";}s:10:"\0*\0guarded";a:1:{i:0;s:1:"*";}}i:8;O:20:"App\\Models\\AdminMenu":33:{s:13:"\0*\0connection";s:5:"mysql";s:8:"\0*\0table";s:11:"admin_menus";s:13:"\0*\0primaryKey";s:2:"id";s:10:"\0*\0keyType";s:3:"int";s:12:"incrementing";b:1;s:7:"\0*\0with";a:0:{}s:12:"\0*\0withCount";a:0:{}s:19:"preventsLazyLoading";b:0;s:10:"\0*\0perPage";i:15;s:6:"exists";b:1;s:18:"wasRecentlyCreated";b:0;s:28:"\0*\0escapeWhenCastingToString";b:0;s:13:"\0*\0attributes";a:11:{s:2:"id";i:57;s:13:"permission_id";i:230;s:9:"parent_id";N;s:4:"name";s:16:"Rooms Management";s:5:"route";N;s:4:"icon";s:56:"<span class="material-symbols-outlined fs-22">bed</span>";s:5:"order";i:12;s:6:"status";i:1;s:12:"is_deletable";i:1;s:10:"created_at";s:19:"2026-02-09 07:27:40";s:10:"updated_at";s:19:"2026-02-09 07:37:25";}s:11:"\0*\0original";a:11:{s:2:"id";i:57;s:13:"permission_id";i:230;s:9:"parent_id";N;s:4:"name";s:16:"Rooms Management";s:5:"route";N;s:4:"icon";s:56:"<span class="material-symbols-outlined fs-22">bed</span>";s:5:"order";i:12;s:6:"status";i:1;s:12:"is_deletable";i:1;s:10:"created_at";s:19:"2026-02-09 07:27:40";s:10:"updated_at";s:19:"2026-02-09 07:37:25";}s:10:"\0*\0changes";a:0:{}s:11:"\0*\0previous";a:0:{}s:8:"\0*\0casts";a:2:{s:6:"status";s:7:"boolean";s:12:"is_deletable";s:7:"boolean";}s:17:"\0*\0classCastCache";a:0:{}s:21:"\0*\0attributeCastCache";a:0:{}s:13:"\0*\0dateFormat";N;s:10:"\0*\0appends";a:0:{}s:19:"\0*\0dispatchesEvents";a:0:{}s:14:"\0*\0observables";a:0:{}s:12:"\0*\0relations";a:2:{s:8:"children";O:39:"Illuminate\\Database\\Eloquent\\Collection":2:{s:8:"\0*\0items";a:1:{i:0;O:20:"App\\Models\\AdminMenu":33:{s:13:"\0*\0connection";s:5:"mysql";s:8:"\0*\0table";s:11:"admin_menus";s:13:"\0*\0primaryKey";s:2:"id";s:10:"\0*\0keyType";s:3:"int";s:12:"incrementing";b:1;s:7:"\0*\0with";a:0:{}s:12:"\0*\0withCount";a:0:{}s:19:"preventsLazyLoading";b:0;s:10:"\0*\0perPage";i:15;s:6:"exists";b:1;s:18:"wasRecentlyCreated";b:0;s:28:"\0*\0escapeWhenCastingToString";b:0;s:13:"\0*\0attributes";a:11:{s:2:"id";i:58;s:13:"permission_id";i:231;s:9:"parent_id";i:57;s:4:"name";s:11:"Room Manage";s:5:"route";s:11:"admin.rooms";s:4:"icon";N;s:5:"order";i:1;s:6:"status";i:1;s:12:"is_deletable";i:1;s:10:"created_at";s:19:"2026-02-09 07:29:44";s:10:"updated_at";s:19:"2026-02-09 07:29:44";}s:11:"\0*\0original";a:11:{s:2:"id";i:58;s:13:"permission_id";i:231;s:9:"parent_id";i:57;s:4:"name";s:11:"Room Manage";s:5:"route";s:11:"admin.rooms";s:4:"icon";N;s:5:"order";i:1;s:6:"status";i:1;s:12:"is_deletable";i:1;s:10:"created_at";s:19:"2026-02-09 07:29:44";s:10:"updated_at";s:19:"2026-02-09 07:29:44";}s:10:"\0*\0changes";a:0:{}s:11:"\0*\0previous";a:0:{}s:8:"\0*\0casts";a:2:{s:6:"status";s:7:"boolean";s:12:"is_deletable";s:7:"boolean";}s:17:"\0*\0classCastCache";a:0:{}s:21:"\0*\0attributeCastCache";a:0:{}s:13:"\0*\0dateFormat";N;s:10:"\0*\0appends";a:0:{}s:19:"\0*\0dispatchesEvents";a:0:{}s:14:"\0*\0observables";a:0:{}s:12:"\0*\0relations";a:0:{}s:10:"\0*\0touches";a:0:{}s:27:"\0*\0relationAutoloadCallback";N;s:26:"\0*\0relationAutoloadContext";N;s:10:"timestamps";b:1;s:13:"usesUniqueIds";b:0;s:9:"\0*\0hidden";a:0:{}s:10:"\0*\0visible";a:0:{}s:11:"\0*\0fillable";a:8:{i:0;s:13:"permission_id";i:1;s:9:"parent_id";i:2;s:4:"name";i:3;s:5:"route";i:4;s:4:"icon";i:5;s:5:"order";i:6;s:6:"status";i:7;s:12:"is_deletable";}s:10:"\0*\0guarded";a:1:{i:0;s:1:"*";}}}s:28:"\0*\0escapeWhenCastingToString";b:0;}s:7:"actions";O:39:"Illuminate\\Database\\Eloquent\\Collection":2:{s:8:"\0*\0items";a:0:{}s:28:"\0*\0escapeWhenCastingToString";b:0;}}s:10:"\0*\0touches";a:0:{}s:27:"\0*\0relationAutoloadCallback";N;s:26:"\0*\0relationAutoloadContext";N;s:10:"timestamps";b:1;s:13:"usesUniqueIds";b:0;s:9:"\0*\0hidden";a:0:{}s:10:"\0*\0visible";a:0:{}s:11:"\0*\0fillable";a:8:{i:0;s:13:"permission_id";i:1;s:9:"parent_id";i:2;s:4:"name";i:3;s:5:"route";i:4;s:4:"icon";i:5;s:5:"order";i:6;s:6:"status";i:7;s:12:"is_deletable";}s:10:"\0*\0guarded";a:1:{i:0;s:1:"*";}}i:9;O:20:"App\\Models\\AdminMenu":33:{s:13:"\0*\0connection";s:5:"mysql";s:8:"\0*\0table";s:11:"admin_menus";s:13:"\0*\0primaryKey";s:2:"id";s:10:"\0*\0keyType";s:3:"int";s:12:"incrementing";b:1;s:7:"\0*\0with";a:0:{}s:12:"\0*\0withCount";a:0:{}s:19:"preventsLazyLoading";b:0;s:10:"\0*\0perPage";i:15;s:6:"exists";b:1;s:18:"wasRecentlyCreated";b:0;s:28:"\0*\0escapeWhenCastingToString";b:0;s:13:"\0*\0attributes";a:11:{s:2:"id";i:59;s:13:"permission_id";i:232;s:9:"parent_id";N;s:4:"name";s:20:"Room Type Management";s:5:"route";N;s:4:"icon";s:61:"<span class="material-symbols-outlined fs-22">category</span>";s:5:"order";i:12;s:6:"status";i:1;s:12:"is_deletable";i:1;s:10:"created_at";s:19:"2026-02-09 07:39:17";s:10:"updated_at";s:19:"2026-02-09 07:39:17";}s:11:"\0*\0original";a:11:{s:2:"id";i:59;s:13:"permission_id";i:232;s:9:"parent_id";N;s:4:"name";s:20:"Room Type Management";s:5:"route";N;s:4:"icon";s:61:"<span class="material-symbols-outlined fs-22">category</span>";s:5:"order";i:12;s:6:"status";i:1;s:12:"is_deletable";i:1;s:10:"created_at";s:19:"2026-02-09 07:39:17";s:10:"updated_at";s:19:"2026-02-09 07:39:17";}s:10:"\0*\0changes";a:0:{}s:11:"\0*\0previous";a:0:{}s:8:"\0*\0casts";a:2:{s:6:"status";s:7:"boolean";s:12:"is_deletable";s:7:"boolean";}s:17:"\0*\0classCastCache";a:0:{}s:21:"\0*\0attributeCastCache";a:0:{}s:13:"\0*\0dateFormat";N;s:10:"\0*\0appends";a:0:{}s:19:"\0*\0dispatchesEvents";a:0:{}s:14:"\0*\0observables";a:0:{}s:12:"\0*\0relations";a:2:{s:8:"children";O:39:"Illuminate\\Database\\Eloquent\\Collection":2:{s:8:"\0*\0items";a:1:{i:0;O:20:"App\\Models\\AdminMenu":33:{s:13:"\0*\0connection";s:5:"mysql";s:8:"\0*\0table";s:11:"admin_menus";s:13:"\0*\0primaryKey";s:2:"id";s:10:"\0*\0keyType";s:3:"int";s:12:"incrementing";b:1;s:7:"\0*\0with";a:0:{}s:12:"\0*\0withCount";a:0:{}s:19:"preventsLazyLoading";b:0;s:10:"\0*\0perPage";i:15;s:6:"exists";b:1;s:18:"wasRecentlyCreated";b:0;s:28:"\0*\0escapeWhenCastingToString";b:0;s:13:"\0*\0attributes";a:11:{s:2:"id";i:60;s:13:"permission_id";i:233;s:9:"parent_id";i:59;s:4:"name";s:9:"Room Type";s:5:"route";s:22:"admin.categories.index";s:4:"icon";N;s:5:"order";i:12;s:6:"status";i:1;s:12:"is_deletable";i:1;s:10:"created_at";s:19:"2026-02-09 07:41:19";s:10:"updated_at";s:19:"2026-02-09 07:41:59";}s:11:"\0*\0original";a:11:{s:2:"id";i:60;s:13:"permission_id";i:233;s:9:"parent_id";i:59;s:4:"name";s:9:"Room Type";s:5:"route";s:22:"admin.categories.index";s:4:"icon";N;s:5:"order";i:12;s:6:"status";i:1;s:12:"is_deletable";i:1;s:10:"created_at";s:19:"2026-02-09 07:41:19";s:10:"updated_at";s:19:"2026-02-09 07:41:59";}s:10:"\0*\0changes";a:0:{}s:11:"\0*\0previous";a:0:{}s:8:"\0*\0casts";a:2:{s:6:"status";s:7:"boolean";s:12:"is_deletable";s:7:"boolean";}s:17:"\0*\0classCastCache";a:0:{}s:21:"\0*\0attributeCastCache";a:0:{}s:13:"\0*\0dateFormat";N;s:10:"\0*\0appends";a:0:{}s:19:"\0*\0dispatchesEvents";a:0:{}s:14:"\0*\0observables";a:0:{}s:12:"\0*\0relations";a:0:{}s:10:"\0*\0touches";a:0:{}s:27:"\0*\0relationAutoloadCallback";N;s:26:"\0*\0relationAutoloadContext";N;s:10:"timestamps";b:1;s:13:"usesUniqueIds";b:0;s:9:"\0*\0hidden";a:0:{}s:10:"\0*\0visible";a:0:{}s:11:"\0*\0fillable";a:8:{i:0;s:13:"permission_id";i:1;s:9:"parent_id";i:2;s:4:"name";i:3;s:5:"route";i:4;s:4:"icon";i:5;s:5:"order";i:6;s:6:"status";i:7;s:12:"is_deletable";}s:10:"\0*\0guarded";a:1:{i:0;s:1:"*";}}}s:28:"\0*\0escapeWhenCastingToString";b:0;}s:7:"actions";O:39:"Illuminate\\Database\\Eloquent\\Collection":2:{s:8:"\0*\0items";a:0:{}s:28:"\0*\0escapeWhenCastingToString";b:0;}}s:10:"\0*\0touches";a:0:{}s:27:"\0*\0relationAutoloadCallback";N;s:26:"\0*\0relationAutoloadContext";N;s:10:"timestamps";b:1;s:13:"usesUniqueIds";b:0;s:9:"\0*\0hidden";a:0:{}s:10:"\0*\0visible";a:0:{}s:11:"\0*\0fillable";a:8:{i:0;s:13:"permission_id";i:1;s:9:"parent_id";i:2;s:4:"name";i:3;s:5:"route";i:4;s:4:"icon";i:5;s:5:"order";i:6;s:6:"status";i:7;s:12:"is_deletable";}s:10:"\0*\0guarded";a:1:{i:0;s:1:"*";}}i:10;O:20:"App\\Models\\AdminMenu":33:{s:13:"\0*\0connection";s:5:"mysql";s:8:"\0*\0table";s:11:"admin_menus";s:13:"\0*\0primaryKey";s:2:"id";s:10:"\0*\0keyType";s:3:"int";s:12:"incrementing";b:1;s:7:"\0*\0with";a:0:{}s:12:"\0*\0withCount";a:0:{}s:19:"preventsLazyLoading";b:0;s:10:"\0*\0perPage";i:15;s:6:"exists";b:1;s:18:"wasRecentlyCreated";b:0;s:28:"\0*\0escapeWhenCastingToString";b:0;s:13:"\0*\0attributes";a:11:{s:2:"id";i:61;s:13:"permission_id";i:234;s:9:"parent_id";N;s:4:"name";s:18:"Booking Management";s:5:"route";N;s:4:"icon";s:82:"<span class="material-symbols-outlined fs-22 text-primary">     event_note </span>";s:5:"order";i:13;s:6:"status";i:1;s:12:"is_deletable";i:1;s:10:"created_at";s:19:"2026-02-09 11:31:56";s:10:"updated_at";s:19:"2026-02-09 11:31:56";}s:11:"\0*\0original";a:11:{s:2:"id";i:61;s:13:"permission_id";i:234;s:9:"parent_id";N;s:4:"name";s:18:"Booking Management";s:5:"route";N;s:4:"icon";s:82:"<span class="material-symbols-outlined fs-22 text-primary">     event_note </span>";s:5:"order";i:13;s:6:"status";i:1;s:12:"is_deletable";i:1;s:10:"created_at";s:19:"2026-02-09 11:31:56";s:10:"updated_at";s:19:"2026-02-09 11:31:56";}s:10:"\0*\0changes";a:0:{}s:11:"\0*\0previous";a:0:{}s:8:"\0*\0casts";a:2:{s:6:"status";s:7:"boolean";s:12:"is_deletable";s:7:"boolean";}s:17:"\0*\0classCastCache";a:0:{}s:21:"\0*\0attributeCastCache";a:0:{}s:13:"\0*\0dateFormat";N;s:10:"\0*\0appends";a:0:{}s:19:"\0*\0dispatchesEvents";a:0:{}s:14:"\0*\0observables";a:0:{}s:12:"\0*\0relations";a:2:{s:8:"children";O:39:"Illuminate\\Database\\Eloquent\\Collection":2:{s:8:"\0*\0items";a:1:{i:0;O:20:"App\\Models\\AdminMenu":33:{s:13:"\0*\0connection";s:5:"mysql";s:8:"\0*\0table";s:11:"admin_menus";s:13:"\0*\0primaryKey";s:2:"id";s:10:"\0*\0keyType";s:3:"int";s:12:"incrementing";b:1;s:7:"\0*\0with";a:0:{}s:12:"\0*\0withCount";a:0:{}s:19:"preventsLazyLoading";b:0;s:10:"\0*\0perPage";i:15;s:6:"exists";b:1;s:18:"wasRecentlyCreated";b:0;s:28:"\0*\0escapeWhenCastingToString";b:0;s:13:"\0*\0attributes";a:11:{s:2:"id";i:62;s:13:"permission_id";i:235;s:9:"parent_id";i:61;s:4:"name";s:14:"Booking Manage";s:5:"route";s:20:"admin.bookings.index";s:4:"icon";N;s:5:"order";i:1;s:6:"status";i:1;s:12:"is_deletable";i:1;s:10:"created_at";s:19:"2026-02-09 11:33:01";s:10:"updated_at";s:19:"2026-02-09 11:33:01";}s:11:"\0*\0original";a:11:{s:2:"id";i:62;s:13:"permission_id";i:235;s:9:"parent_id";i:61;s:4:"name";s:14:"Booking Manage";s:5:"route";s:20:"admin.bookings.index";s:4:"icon";N;s:5:"order";i:1;s:6:"status";i:1;s:12:"is_deletable";i:1;s:10:"created_at";s:19:"2026-02-09 11:33:01";s:10:"updated_at";s:19:"2026-02-09 11:33:01";}s:10:"\0*\0changes";a:0:{}s:11:"\0*\0previous";a:0:{}s:8:"\0*\0casts";a:2:{s:6:"status";s:7:"boolean";s:12:"is_deletable";s:7:"boolean";}s:17:"\0*\0classCastCache";a:0:{}s:21:"\0*\0attributeCastCache";a:0:{}s:13:"\0*\0dateFormat";N;s:10:"\0*\0appends";a:0:{}s:19:"\0*\0dispatchesEvents";a:0:{}s:14:"\0*\0observables";a:0:{}s:12:"\0*\0relations";a:0:{}s:10:"\0*\0touches";a:0:{}s:27:"\0*\0relationAutoloadCallback";N;s:26:"\0*\0relationAutoloadContext";N;s:10:"timestamps";b:1;s:13:"usesUniqueIds";b:0;s:9:"\0*\0hidden";a:0:{}s:10:"\0*\0visible";a:0:{}s:11:"\0*\0fillable";a:8:{i:0;s:13:"permission_id";i:1;s:9:"parent_id";i:2;s:4:"name";i:3;s:5:"route";i:4;s:4:"icon";i:5;s:5:"order";i:6;s:6:"status";i:7;s:12:"is_deletable";}s:10:"\0*\0guarded";a:1:{i:0;s:1:"*";}}}s:28:"\0*\0escapeWhenCastingToString";b:0;}s:7:"actions";O:39:"Illuminate\\Database\\Eloquent\\Collection":2:{s:8:"\0*\0items";a:0:{}s:28:"\0*\0escapeWhenCastingToString";b:0;}}s:10:"\0*\0touches";a:0:{}s:27:"\0*\0relationAutoloadCallback";N;s:26:"\0*\0relationAutoloadContext";N;s:10:"timestamps";b:1;s:13:"usesUniqueIds";b:0;s:9:"\0*\0hidden";a:0:{}s:10:"\0*\0visible";a:0:{}s:11:"\0*\0fillable";a:8:{i:0;s:13:"permission_id";i:1;s:9:"parent_id";i:2;s:4:"name";i:3;s:5:"route";i:4;s:4:"icon";i:5;s:5:"order";i:6;s:6:"status";i:7;s:12:"is_deletable";}s:10:"\0*\0guarded";a:1:{i:0;s:1:"*";}}i:11;O:20:"App\\Models\\AdminMenu":33:{s:13:"\0*\0connection";s:5:"mysql";s:8:"\0*\0table";s:11:"admin_menus";s:13:"\0*\0primaryKey";s:2:"id";s:10:"\0*\0keyType";s:3:"int";s:12:"incrementing";b:1;s:7:"\0*\0with";a:0:{}s:12:"\0*\0withCount";a:0:{}s:19:"preventsLazyLoading";b:0;s:10:"\0*\0perPage";i:15;s:6:"exists";b:1;s:18:"wasRecentlyCreated";b:0;s:28:"\0*\0escapeWhenCastingToString";b:0;s:13:"\0*\0attributes";a:11:{s:2:"id";i:69;s:13:"permission_id";i:245;s:9:"parent_id";N;s:4:"name";s:9:"CMS Setup";s:5:"route";N;s:4:"icon";s:67:"<span class="material-symbols-outlined fs-22"> room_service </span>";s:5:"order";i:18;s:6:"status";i:1;s:12:"is_deletable";i:1;s:10:"created_at";s:19:"2026-02-18 10:32:09";s:10:"updated_at";s:19:"2026-02-18 10:32:09";}s:11:"\0*\0original";a:11:{s:2:"id";i:69;s:13:"permission_id";i:245;s:9:"parent_id";N;s:4:"name";s:9:"CMS Setup";s:5:"route";N;s:4:"icon";s:67:"<span class="material-symbols-outlined fs-22"> room_service </span>";s:5:"order";i:18;s:6:"status";i:1;s:12:"is_deletable";i:1;s:10:"created_at";s:19:"2026-02-18 10:32:09";s:10:"updated_at";s:19:"2026-02-18 10:32:09";}s:10:"\0*\0changes";a:0:{}s:11:"\0*\0previous";a:0:{}s:8:"\0*\0casts";a:2:{s:6:"status";s:7:"boolean";s:12:"is_deletable";s:7:"boolean";}s:17:"\0*\0classCastCache";a:0:{}s:21:"\0*\0attributeCastCache";a:0:{}s:13:"\0*\0dateFormat";N;s:10:"\0*\0appends";a:0:{}s:19:"\0*\0dispatchesEvents";a:0:{}s:14:"\0*\0observables";a:0:{}s:12:"\0*\0relations";a:2:{s:8:"children";O:39:"Illuminate\\Database\\Eloquent\\Collection":2:{s:8:"\0*\0items";a:4:{i:0;O:20:"App\\Models\\AdminMenu":33:{s:13:"\0*\0connection";s:5:"mysql";s:8:"\0*\0table";s:11:"admin_menus";s:13:"\0*\0primaryKey";s:2:"id";s:10:"\0*\0keyType";s:3:"int";s:12:"incrementing";b:1;s:7:"\0*\0with";a:0:{}s:12:"\0*\0withCount";a:0:{}s:19:"preventsLazyLoading";b:0;s:10:"\0*\0perPage";i:15;s:6:"exists";b:1;s:18:"wasRecentlyCreated";b:0;s:28:"\0*\0escapeWhenCastingToString";b:0;s:13:"\0*\0attributes";a:11:{s:2:"id";i:63;s:13:"permission_id";i:236;s:9:"parent_id";i:69;s:4:"name";s:20:"Services/Page Manage";s:5:"route";s:20:"admin.services.index";s:4:"icon";s:67:"<span class="material-symbols-outlined fs-22"> room_service </span>";s:5:"order";i:14;s:6:"status";i:1;s:12:"is_deletable";i:1;s:10:"created_at";s:19:"2026-02-10 04:13:18";s:10:"updated_at";s:19:"2026-02-18 10:33:19";}s:11:"\0*\0original";a:11:{s:2:"id";i:63;s:13:"permission_id";i:236;s:9:"parent_id";i:69;s:4:"name";s:20:"Services/Page Manage";s:5:"route";s:20:"admin.services.index";s:4:"icon";s:67:"<span class="material-symbols-outlined fs-22"> room_service </span>";s:5:"order";i:14;s:6:"status";i:1;s:12:"is_deletable";i:1;s:10:"created_at";s:19:"2026-02-10 04:13:18";s:10:"updated_at";s:19:"2026-02-18 10:33:19";}s:10:"\0*\0changes";a:0:{}s:11:"\0*\0previous";a:0:{}s:8:"\0*\0casts";a:2:{s:6:"status";s:7:"boolean";s:12:"is_deletable";s:7:"boolean";}s:17:"\0*\0classCastCache";a:0:{}s:21:"\0*\0attributeCastCache";a:0:{}s:13:"\0*\0dateFormat";N;s:10:"\0*\0appends";a:0:{}s:19:"\0*\0dispatchesEvents";a:0:{}s:14:"\0*\0observables";a:0:{}s:12:"\0*\0relations";a:0:{}s:10:"\0*\0touches";a:0:{}s:27:"\0*\0relationAutoloadCallback";N;s:26:"\0*\0relationAutoloadContext";N;s:10:"timestamps";b:1;s:13:"usesUniqueIds";b:0;s:9:"\0*\0hidden";a:0:{}s:10:"\0*\0visible";a:0:{}s:11:"\0*\0fillable";a:8:{i:0;s:13:"permission_id";i:1;s:9:"parent_id";i:2;s:4:"name";i:3;s:5:"route";i:4;s:4:"icon";i:5;s:5:"order";i:6;s:6:"status";i:7;s:12:"is_deletable";}s:10:"\0*\0guarded";a:1:{i:0;s:1:"*";}}i:1;O:20:"App\\Models\\AdminMenu":33:{s:13:"\0*\0connection";s:5:"mysql";s:8:"\0*\0table";s:11:"admin_menus";s:13:"\0*\0primaryKey";s:2:"id";s:10:"\0*\0keyType";s:3:"int";s:12:"incrementing";b:1;s:7:"\0*\0with";a:0:{}s:12:"\0*\0withCount";a:0:{}s:19:"preventsLazyLoading";b:0;s:10:"\0*\0perPage";i:15;s:6:"exists";b:1;s:18:"wasRecentlyCreated";b:0;s:28:"\0*\0escapeWhenCastingToString";b:0;s:13:"\0*\0attributes";a:11:{s:2:"id";i:64;s:13:"permission_id";i:237;s:9:"parent_id";i:69;s:4:"name";s:14:"Gallery Manage";s:5:"route";s:20:"admin.services.index";s:4:"icon";s:68:"<span class="material-symbols-outlined fs-22"> photo_library </span>";s:5:"order";i:15;s:6:"status";i:1;s:12:"is_deletable";i:1;s:10:"created_at";s:19:"2026-02-10 04:14:03";s:10:"updated_at";s:19:"2026-02-18 10:34:21";}s:11:"\0*\0original";a:11:{s:2:"id";i:64;s:13:"permission_id";i:237;s:9:"parent_id";i:69;s:4:"name";s:14:"Gallery Manage";s:5:"route";s:20:"admin.services.index";s:4:"icon";s:68:"<span class="material-symbols-outlined fs-22"> photo_library </span>";s:5:"order";i:15;s:6:"status";i:1;s:12:"is_deletable";i:1;s:10:"created_at";s:19:"2026-02-10 04:14:03";s:10:"updated_at";s:19:"2026-02-18 10:34:21";}s:10:"\0*\0changes";a:0:{}s:11:"\0*\0previous";a:0:{}s:8:"\0*\0casts";a:2:{s:6:"status";s:7:"boolean";s:12:"is_deletable";s:7:"boolean";}s:17:"\0*\0classCastCache";a:0:{}s:21:"\0*\0attributeCastCache";a:0:{}s:13:"\0*\0dateFormat";N;s:10:"\0*\0appends";a:0:{}s:19:"\0*\0dispatchesEvents";a:0:{}s:14:"\0*\0observables";a:0:{}s:12:"\0*\0relations";a:0:{}s:10:"\0*\0touches";a:0:{}s:27:"\0*\0relationAutoloadCallback";N;s:26:"\0*\0relationAutoloadContext";N;s:10:"timestamps";b:1;s:13:"usesUniqueIds";b:0;s:9:"\0*\0hidden";a:0:{}s:10:"\0*\0visible";a:0:{}s:11:"\0*\0fillable";a:8:{i:0;s:13:"permission_id";i:1;s:9:"parent_id";i:2;s:4:"name";i:3;s:5:"route";i:4;s:4:"icon";i:5;s:5:"order";i:6;s:6:"status";i:7;s:12:"is_deletable";}s:10:"\0*\0guarded";a:1:{i:0;s:1:"*";}}i:2;O:20:"App\\Models\\AdminMenu":33:{s:13:"\0*\0connection";s:5:"mysql";s:8:"\0*\0table";s:11:"admin_menus";s:13:"\0*\0primaryKey";s:2:"id";s:10:"\0*\0keyType";s:3:"int";s:12:"incrementing";b:1;s:7:"\0*\0with";a:0:{}s:12:"\0*\0withCount";a:0:{}s:19:"preventsLazyLoading";b:0;s:10:"\0*\0perPage";i:15;s:6:"exists";b:1;s:18:"wasRecentlyCreated";b:0;s:28:"\0*\0escapeWhenCastingToString";b:0;s:13:"\0*\0attributes";a:11:{s:2:"id";i:65;s:13:"permission_id";i:238;s:9:"parent_id";i:69;s:4:"name";s:18:"Testimonial Manage";s:5:"route";s:20:"admin.services.index";s:4:"icon";s:62:"<span class="material-symbols-outlined fs-22"> reviews </span>";s:5:"order";i:16;s:6:"status";i:1;s:12:"is_deletable";i:1;s:10:"created_at";s:19:"2026-02-10 04:14:36";s:10:"updated_at";s:19:"2026-02-18 10:33:56";}s:11:"\0*\0original";a:11:{s:2:"id";i:65;s:13:"permission_id";i:238;s:9:"parent_id";i:69;s:4:"name";s:18:"Testimonial Manage";s:5:"route";s:20:"admin.services.index";s:4:"icon";s:62:"<span class="material-symbols-outlined fs-22"> reviews </span>";s:5:"order";i:16;s:6:"status";i:1;s:12:"is_deletable";i:1;s:10:"created_at";s:19:"2026-02-10 04:14:36";s:10:"updated_at";s:19:"2026-02-18 10:33:56";}s:10:"\0*\0changes";a:0:{}s:11:"\0*\0previous";a:0:{}s:8:"\0*\0casts";a:2:{s:6:"status";s:7:"boolean";s:12:"is_deletable";s:7:"boolean";}s:17:"\0*\0classCastCache";a:0:{}s:21:"\0*\0attributeCastCache";a:0:{}s:13:"\0*\0dateFormat";N;s:10:"\0*\0appends";a:0:{}s:19:"\0*\0dispatchesEvents";a:0:{}s:14:"\0*\0observables";a:0:{}s:12:"\0*\0relations";a:0:{}s:10:"\0*\0touches";a:0:{}s:27:"\0*\0relationAutoloadCallback";N;s:26:"\0*\0relationAutoloadContext";N;s:10:"timestamps";b:1;s:13:"usesUniqueIds";b:0;s:9:"\0*\0hidden";a:0:{}s:10:"\0*\0visible";a:0:{}s:11:"\0*\0fillable";a:8:{i:0;s:13:"permission_id";i:1;s:9:"parent_id";i:2;s:4:"name";i:3;s:5:"route";i:4;s:4:"icon";i:5;s:5:"order";i:6;s:6:"status";i:7;s:12:"is_deletable";}s:10:"\0*\0guarded";a:1:{i:0;s:1:"*";}}i:3;O:20:"App\\Models\\AdminMenu":33:{s:13:"\0*\0connection";s:5:"mysql";s:8:"\0*\0table";s:11:"admin_menus";s:13:"\0*\0primaryKey";s:2:"id";s:10:"\0*\0keyType";s:3:"int";s:12:"incrementing";b:1;s:7:"\0*\0with";a:0:{}s:12:"\0*\0withCount";a:0:{}s:19:"preventsLazyLoading";b:0;s:10:"\0*\0perPage";i:15;s:6:"exists";b:1;s:18:"wasRecentlyCreated";b:0;s:28:"\0*\0escapeWhenCastingToString";b:0;s:13:"\0*\0attributes";a:11:{s:2:"id";i:66;s:13:"permission_id";i:239;s:9:"parent_id";i:69;s:4:"name";s:12:"About Manage";s:5:"route";s:20:"admin.services.index";s:4:"icon";s:59:"<span class="material-symbols-outlined fs-22"> info </span>";s:5:"order";i:17;s:6:"status";i:1;s:12:"is_deletable";i:1;s:10:"created_at";s:19:"2026-02-10 04:15:15";s:10:"updated_at";s:19:"2026-02-18 10:34:45";}s:11:"\0*\0original";a:11:{s:2:"id";i:66;s:13:"permission_id";i:239;s:9:"parent_id";i:69;s:4:"name";s:12:"About Manage";s:5:"route";s:20:"admin.services.index";s:4:"icon";s:59:"<span class="material-symbols-outlined fs-22"> info </span>";s:5:"order";i:17;s:6:"status";i:1;s:12:"is_deletable";i:1;s:10:"created_at";s:19:"2026-02-10 04:15:15";s:10:"updated_at";s:19:"2026-02-18 10:34:45";}s:10:"\0*\0changes";a:0:{}s:11:"\0*\0previous";a:0:{}s:8:"\0*\0casts";a:2:{s:6:"status";s:7:"boolean";s:12:"is_deletable";s:7:"boolean";}s:17:"\0*\0classCastCache";a:0:{}s:21:"\0*\0attributeCastCache";a:0:{}s:13:"\0*\0dateFormat";N;s:10:"\0*\0appends";a:0:{}s:19:"\0*\0dispatchesEvents";a:0:{}s:14:"\0*\0observables";a:0:{}s:12:"\0*\0relations";a:0:{}s:10:"\0*\0touches";a:0:{}s:27:"\0*\0relationAutoloadCallback";N;s:26:"\0*\0relationAutoloadContext";N;s:10:"timestamps";b:1;s:13:"usesUniqueIds";b:0;s:9:"\0*\0hidden";a:0:{}s:10:"\0*\0visible";a:0:{}s:11:"\0*\0fillable";a:8:{i:0;s:13:"permission_id";i:1;s:9:"parent_id";i:2;s:4:"name";i:3;s:5:"route";i:4;s:4:"icon";i:5;s:5:"order";i:6;s:6:"status";i:7;s:12:"is_deletable";}s:10:"\0*\0guarded";a:1:{i:0;s:1:"*";}}}s:28:"\0*\0escapeWhenCastingToString";b:0;}s:7:"actions";O:39:"Illuminate\\Database\\Eloquent\\Collection":2:{s:8:"\0*\0items";a:0:{}s:28:"\0*\0escapeWhenCastingToString";b:0;}}s:10:"\0*\0touches";a:0:{}s:27:"\0*\0relationAutoloadCallback";N;s:26:"\0*\0relationAutoloadContext";N;s:10:"timestamps";b:1;s:13:"usesUniqueIds";b:0;s:9:"\0*\0hidden";a:0:{}s:10:"\0*\0visible";a:0:{}s:11:"\0*\0fillable";a:8:{i:0;s:13:"permission_id";i:1;s:9:"parent_id";i:2;s:4:"name";i:3;s:5:"route";i:4;s:4:"icon";i:5;s:5:"order";i:6;s:6:"status";i:7;s:12:"is_deletable";}s:10:"\0*\0guarded";a:1:{i:0;s:1:"*";}}}s:28:"\0*\0escapeWhenCastingToString";b:0;}', 1771414487),
	('books_books_cache_admin_setting', 'O:23:"App\\Models\\AdminSetting":33:{s:13:"\0*\0connection";s:5:"mysql";s:8:"\0*\0table";s:14:"admin_settings";s:13:"\0*\0primaryKey";s:2:"id";s:10:"\0*\0keyType";s:3:"int";s:12:"incrementing";b:1;s:7:"\0*\0with";a:0:{}s:12:"\0*\0withCount";a:0:{}s:19:"preventsLazyLoading";b:0;s:10:"\0*\0perPage";i:15;s:6:"exists";b:1;s:18:"wasRecentlyCreated";b:0;s:28:"\0*\0escapeWhenCastingToString";b:0;s:13:"\0*\0attributes";a:16:{s:2:"id";i:1;s:4:"logo";s:79:"storage/admin-setting//2026-02-10-quLl7x6LIpOewvLbubTsJtU9vDBuvRatfjvBTaAY.webp";s:10:"small_logo";s:79:"storage/admin-setting//2026-02-10-npcVYQ5HMBIhcqH4DAsj5jOFLAkekKGIRl2ZzRSx.webp";s:7:"favicon";s:79:"storage/admin-setting//2026-02-10-uKHdiBUMHBaK5EWxiGoTNqLRKYfMBFDHxrbvwVlu.webp";s:12:"invest_value";i:10000;s:5:"title";s:11:"Amar Hostel";s:11:"footer_text";s:102:" 2023 Developed by <a target="_blank" href="http://www.technoparkbd.com/">Techno Park Bangladesh</a>";s:13:"primary_color";N;s:15:"secondary_color";N;s:8:"facebook";N;s:7:"twitter";N;s:8:"linkedin";N;s:8:"whatsapp";N;s:6:"google";N;s:10:"created_at";s:19:"2026-02-10 04:38:23";s:10:"updated_at";s:19:"2026-02-10 04:38:23";}s:11:"\0*\0original";a:16:{s:2:"id";i:1;s:4:"logo";s:79:"storage/admin-setting//2026-02-10-quLl7x6LIpOewvLbubTsJtU9vDBuvRatfjvBTaAY.webp";s:10:"small_logo";s:79:"storage/admin-setting//2026-02-10-npcVYQ5HMBIhcqH4DAsj5jOFLAkekKGIRl2ZzRSx.webp";s:7:"favicon";s:79:"storage/admin-setting//2026-02-10-uKHdiBUMHBaK5EWxiGoTNqLRKYfMBFDHxrbvwVlu.webp";s:12:"invest_value";i:10000;s:5:"title";s:11:"Amar Hostel";s:11:"footer_text";s:102:" 2023 Developed by <a target="_blank" href="http://www.technoparkbd.com/">Techno Park Bangladesh</a>";s:13:"primary_color";N;s:15:"secondary_color";N;s:8:"facebook";N;s:7:"twitter";N;s:8:"linkedin";N;s:8:"whatsapp";N;s:6:"google";N;s:10:"created_at";s:19:"2026-02-10 04:38:23";s:10:"updated_at";s:19:"2026-02-10 04:38:23";}s:10:"\0*\0changes";a:0:{}s:11:"\0*\0previous";a:0:{}s:8:"\0*\0casts";a:0:{}s:17:"\0*\0classCastCache";a:0:{}s:21:"\0*\0attributeCastCache";a:0:{}s:13:"\0*\0dateFormat";N;s:10:"\0*\0appends";a:0:{}s:19:"\0*\0dispatchesEvents";a:0:{}s:14:"\0*\0observables";a:0:{}s:12:"\0*\0relations";a:0:{}s:10:"\0*\0touches";a:0:{}s:27:"\0*\0relationAutoloadCallback";N;s:26:"\0*\0relationAutoloadContext";N;s:10:"timestamps";b:1;s:13:"usesUniqueIds";b:0;s:9:"\0*\0hidden";a:0:{}s:10:"\0*\0visible";a:0:{}s:11:"\0*\0fillable";a:13:{i:0;s:4:"logo";i:1;s:10:"small_logo";i:2;s:7:"favicon";i:3;s:5:"title";i:4;s:11:"footer_text";i:5;s:13:"primary_color";i:6;s:15:"secondary_color";i:7;s:12:"invest_value";i:8;s:8:"facebook";i:9;s:7:"twitter";i:10;s:8:"linkedin";i:11;s:8:"whatsapp";i:12;s:6:"google";}s:10:"\0*\0guarded";a:1:{i:0;s:1:"*";}}', 1771414487),
	('books_books_cache_setting', 'O:18:"App\\Models\\Setting":33:{s:13:"\0*\0connection";s:5:"mysql";s:8:"\0*\0table";s:8:"settings";s:13:"\0*\0primaryKey";s:2:"id";s:10:"\0*\0keyType";s:3:"int";s:12:"incrementing";b:1;s:7:"\0*\0with";a:0:{}s:12:"\0*\0withCount";a:0:{}s:19:"preventsLazyLoading";b:0;s:10:"\0*\0perPage";i:15;s:6:"exists";b:1;s:18:"wasRecentlyCreated";b:0;s:28:"\0*\0escapeWhenCastingToString";b:0;s:13:"\0*\0attributes";a:42:{s:2:"id";i:1;s:8:"app_name";s:11:"Amar Hostel";s:5:"title";s:11:"Amar Hostel";s:13:"primary_phone";s:5:"33333";s:15:"secondary_phone";s:5:"33333";s:13:"primary_email";s:15:"amar@hostel.com";s:15:"secondary_email";s:15:"amar@hostel.com";s:11:"office_time";N;s:7:"address";s:4:"dsad";s:11:"description";s:7:"dsaddas";s:10:"banner_one";N;s:15:"banner_one_link";N;s:17:"banner_one_status";i:1;s:10:"banner_two";N;s:15:"banner_two_link";N;s:17:"banner_two_status";i:1;s:15:"page_heading_bg";N;s:10:"meta_title";s:4:"dasd";s:12:"meta_keyword";s:4:"sads";s:16:"meta_description";s:4:"dsad";s:10:"meta_image";N;s:10:"google_map";N;s:7:"favicon";s:73:"storage/settings/2026-02-09-wkH0tkT84jkJmtu0033kjVvSl3rAcpimAEPbgCC0.webp";s:4:"logo";s:73:"storage/settings/2026-02-09-WXI1ydTdwGPz6e9NiIub10XzXUuCNiFVTLdvgubk.webp";s:11:"footer_logo";N;s:11:"placeholder";N;s:13:"facebook_page";N;s:14:"facebook_group";N;s:7:"youtube";N;s:7:"twitter";N;s:8:"linkedin";N;s:6:"google";N;s:8:"whatsapp";N;s:9:"instagram";N;s:9:"pinterest";N;s:11:"sms_api_url";N;s:11:"sms_api_key";N;s:10:"sms_api_id";N;s:12:"bkash_status";i:1;s:12:"nagad_status";i:1;s:10:"created_at";s:19:"2026-02-09 08:27:22";s:10:"updated_at";s:19:"2026-02-09 08:27:22";}s:11:"\0*\0original";a:42:{s:2:"id";i:1;s:8:"app_name";s:11:"Amar Hostel";s:5:"title";s:11:"Amar Hostel";s:13:"primary_phone";s:5:"33333";s:15:"secondary_phone";s:5:"33333";s:13:"primary_email";s:15:"amar@hostel.com";s:15:"secondary_email";s:15:"amar@hostel.com";s:11:"office_time";N;s:7:"address";s:4:"dsad";s:11:"description";s:7:"dsaddas";s:10:"banner_one";N;s:15:"banner_one_link";N;s:17:"banner_one_status";i:1;s:10:"banner_two";N;s:15:"banner_two_link";N;s:17:"banner_two_status";i:1;s:15:"page_heading_bg";N;s:10:"meta_title";s:4:"dasd";s:12:"meta_keyword";s:4:"sads";s:16:"meta_description";s:4:"dsad";s:10:"meta_image";N;s:10:"google_map";N;s:7:"favicon";s:73:"storage/settings/2026-02-09-wkH0tkT84jkJmtu0033kjVvSl3rAcpimAEPbgCC0.webp";s:4:"logo";s:73:"storage/settings/2026-02-09-WXI1ydTdwGPz6e9NiIub10XzXUuCNiFVTLdvgubk.webp";s:11:"footer_logo";N;s:11:"placeholder";N;s:13:"facebook_page";N;s:14:"facebook_group";N;s:7:"youtube";N;s:7:"twitter";N;s:8:"linkedin";N;s:6:"google";N;s:8:"whatsapp";N;s:9:"instagram";N;s:9:"pinterest";N;s:11:"sms_api_url";N;s:11:"sms_api_key";N;s:10:"sms_api_id";N;s:12:"bkash_status";i:1;s:12:"nagad_status";i:1;s:10:"created_at";s:19:"2026-02-09 08:27:22";s:10:"updated_at";s:19:"2026-02-09 08:27:22";}s:10:"\0*\0changes";a:0:{}s:11:"\0*\0previous";a:0:{}s:8:"\0*\0casts";a:0:{}s:17:"\0*\0classCastCache";a:0:{}s:21:"\0*\0attributeCastCache";a:0:{}s:13:"\0*\0dateFormat";N;s:10:"\0*\0appends";a:0:{}s:19:"\0*\0dispatchesEvents";a:0:{}s:14:"\0*\0observables";a:0:{}s:12:"\0*\0relations";a:0:{}s:10:"\0*\0touches";a:0:{}s:27:"\0*\0relationAutoloadCallback";N;s:26:"\0*\0relationAutoloadContext";N;s:10:"timestamps";b:1;s:13:"usesUniqueIds";b:0;s:9:"\0*\0hidden";a:0:{}s:10:"\0*\0visible";a:0:{}s:11:"\0*\0fillable";a:39:{i:0;s:8:"app_name";i:1;s:5:"title";i:2;s:13:"primary_phone";i:3;s:15:"secondary_phone";i:4;s:13:"primary_email";i:5;s:15:"secondary_email";i:6;s:11:"office_time";i:7;s:7:"address";i:8;s:11:"description";i:9;s:10:"banner_one";i:10;s:15:"banner_one_link";i:11;s:17:"banner_one_status";i:12;s:10:"banner_two";i:13;s:15:"banner_two_link";i:14;s:17:"banner_two_status";i:15;s:15:"page_heading_bg";i:16;s:10:"meta_title";i:17;s:12:"meta_keyword";i:18;s:16:"meta_description";i:19;s:10:"meta_image";i:20;s:10:"google_map";i:21;s:7:"favicon";i:22;s:4:"logo";i:23;s:11:"footer_logo";i:24;s:11:"placeholder";i:25;s:13:"facebook_page";i:26;s:14:"facebook_group";i:27;s:7:"youtube";i:28;s:7:"twitter";i:29;s:8:"linkedin";i:30;s:6:"google";i:31;s:8:"whatsapp";i:32;s:9:"instagram";i:33;s:9:"pinterest";i:34;s:11:"sms_api_url";i:35;s:11:"sms_api_key";i:36;s:10:"sms_api_id";i:37;s:12:"bkash_status";i:38;s:12:"nagad_status";}s:10:"\0*\0guarded";a:1:{i:0;s:1:"*";}}', 1771414487),
	('books_books_cache_spatie.permission.cache', 'a:3:{s:5:"alias";a:4:{s:1:"a";s:2:"id";s:1:"b";s:4:"name";s:1:"c";s:10:"guard_name";s:1:"r";s:5:"roles";}s:11:"permissions";a:170:{i:0;a:4:{s:1:"a";i:1;s:1:"b";s:9:"Dashboard";s:1:"c";s:3:"web";s:1:"r";a:3:{i:0;i:1;i:1;i:2;i:2;i:3;}}i:1;a:4:{s:1:"a";i:2;s:1:"b";s:11:"Admin Setup";s:1:"c";s:3:"web";s:1:"r";a:2:{i:0;i:1;i:1;i:2;}}i:2;a:4:{s:1:"a";i:3;s:1:"b";s:5:"Roles";s:1:"c";s:3:"web";s:1:"r";a:2:{i:0;i:1;i:1;i:2;}}i:3;a:4:{s:1:"a";i:4;s:1:"b";s:5:"Users";s:1:"c";s:3:"web";s:1:"r";a:1:{i:0;i:1;}}i:4;a:4:{s:1:"a";i:5;s:1:"b";s:4:"Menu";s:1:"c";s:3:"web";s:1:"r";a:1:{i:0;i:1;}}i:5;a:4:{s:1:"a";i:6;s:1:"b";s:14:"Admin Settings";s:1:"c";s:3:"web";s:1:"r";a:2:{i:0;i:1;i:1;i:2;}}i:6;a:4:{s:1:"a";i:7;s:1:"b";s:9:"Investors";s:1:"c";s:3:"web";s:1:"r";a:2:{i:0;i:1;i:1;i:2;}}i:7;a:4:{s:1:"a";i:8;s:1:"b";s:23:"admin.admin-menu.create";s:1:"c";s:3:"web";s:1:"r";a:1:{i:0;i:1;}}i:8;a:4:{s:1:"a";i:9;s:1:"b";s:21:"admin.admin-menu.edit";s:1:"c";s:3:"web";s:1:"r";a:1:{i:0;i:1;}}i:9;a:4:{s:1:"a";i:10;s:1:"b";s:24:"admin.admin-menu.destroy";s:1:"c";s:3:"web";s:1:"r";a:1:{i:0;i:1;}}i:10;a:4:{s:1:"a";i:11;s:1:"b";s:29:"admin.admin-menu-action.index";s:1:"c";s:3:"web";s:1:"r";a:1:{i:0;i:1;}}i:11;a:4:{s:1:"a";i:12;s:1:"b";s:30:"admin.admin-menu-action.create";s:1:"c";s:3:"web";s:1:"r";a:1:{i:0;i:1;}}i:12;a:4:{s:1:"a";i:13;s:1:"b";s:28:"admin.admin-menu-action.edit";s:1:"c";s:3:"web";s:1:"r";a:1:{i:0;i:1;}}i:13;a:4:{s:1:"a";i:14;s:1:"b";s:31:"admin.admin-menu-action.destroy";s:1:"c";s:3:"web";s:1:"r";a:1:{i:0;i:1;}}i:14;a:4:{s:1:"a";i:15;s:1:"b";s:17:"admin.role.create";s:1:"c";s:3:"web";s:1:"r";a:2:{i:0;i:1;i:1;i:2;}}i:15;a:4:{s:1:"a";i:16;s:1:"b";s:15:"admin.role.edit";s:1:"c";s:3:"web";s:1:"r";a:2:{i:0;i:1;i:1;i:2;}}i:16;a:4:{s:1:"a";i:17;s:1:"b";s:18:"admin.role.destroy";s:1:"c";s:3:"web";s:1:"r";a:1:{i:0;i:1;}}i:17;a:4:{s:1:"a";i:18;s:1:"b";s:26:"admin.role-permission.edit";s:1:"c";s:3:"web";s:1:"r";a:2:{i:0;i:1;i:1;i:2;}}i:18;a:4:{s:1:"a";i:19;s:1:"b";s:17:"admin.user.create";s:1:"c";s:3:"web";s:1:"r";a:1:{i:0;i:1;}}i:19;a:4:{s:1:"a";i:20;s:1:"b";s:15:"admin.user.edit";s:1:"c";s:3:"web";s:1:"r";a:1:{i:0;i:1;}}i:20;a:4:{s:1:"a";i:23;s:1:"b";s:21:"admin.investor.create";s:1:"c";s:3:"web";s:1:"r";a:2:{i:0;i:1;i:1;i:2;}}i:21;a:4:{s:1:"a";i:24;s:1:"b";s:19:"admin.investor.edit";s:1:"c";s:3:"web";s:1:"r";a:2:{i:0;i:1;i:1;i:2;}}i:22;a:4:{s:1:"a";i:25;s:1:"b";s:22:"admin.investor.destroy";s:1:"c";s:3:"web";s:1:"r";a:2:{i:0;i:1;i:1;i:2;}}i:23;a:4:{s:1:"a";i:26;s:1:"b";s:20:"admin.investor.trash";s:1:"c";s:3:"web";s:1:"r";a:2:{i:0;i:1;i:1;i:2;}}i:24;a:4:{s:1:"a";i:27;s:1:"b";s:14:"Invest Process";s:1:"c";s:3:"web";s:1:"r";a:2:{i:0;i:1;i:1;i:2;}}i:25;a:4:{s:1:"a";i:28;s:1:"b";s:19:"admin.invest.create";s:1:"c";s:3:"web";s:1:"r";a:2:{i:0;i:1;i:1;i:2;}}i:26;a:4:{s:1:"a";i:29;s:1:"b";s:17:"admin.invest.edit";s:1:"c";s:3:"web";s:1:"r";a:2:{i:0;i:1;i:1;i:2;}}i:27;a:4:{s:1:"a";i:32;s:1:"b";s:10:"Sattlement";s:1:"c";s:3:"web";s:1:"r";a:2:{i:0;i:1;i:1;i:2;}}i:28;a:4:{s:1:"a";i:33;s:1:"b";s:30:"admin.invest-sattlement.create";s:1:"c";s:3:"web";s:1:"r";a:2:{i:0;i:1;i:1;i:2;}}i:29;a:4:{s:1:"a";i:34;s:1:"b";s:28:"admin.invest-sattlement.edit";s:1:"c";s:3:"web";s:1:"r";a:2:{i:0;i:1;i:1;i:2;}}i:30;a:4:{s:1:"a";i:37;s:1:"b";s:18:"General Accounting";s:1:"c";s:3:"web";s:1:"r";a:2:{i:0;i:1;i:1;i:2;}}i:31;a:4:{s:1:"a";i:38;s:1:"b";s:11:"Transaction";s:1:"c";s:3:"web";s:1:"r";a:2:{i:0;i:1;i:1;i:2;}}i:32;a:4:{s:1:"a";i:39;s:1:"b";s:7:"Reports";s:1:"c";s:3:"web";s:1:"r";a:2:{i:0;i:1;i:1;i:2;}}i:33;a:4:{s:1:"a";i:40;s:1:"b";s:17:"Chart of Accounts";s:1:"c";s:3:"web";s:1:"r";a:2:{i:0;i:1;i:1;i:2;}}i:34;a:4:{s:1:"a";i:41;s:1:"b";s:16:"admin.coa.create";s:1:"c";s:3:"web";s:1:"r";a:2:{i:0;i:1;i:1;i:2;}}i:35;a:4:{s:1:"a";i:42;s:1:"b";s:14:"admin.coa.edit";s:1:"c";s:3:"web";s:1:"r";a:2:{i:0;i:1;i:1;i:2;}}i:36;a:4:{s:1:"a";i:43;s:1:"b";s:17:"admin.coa.destroy";s:1:"c";s:3:"web";s:1:"r";a:2:{i:0;i:1;i:1;i:2;}}i:37;a:4:{s:1:"a";i:44;s:1:"b";s:13:"Debit Voucher";s:1:"c";s:3:"web";s:1:"r";a:2:{i:0;i:1;i:1;i:2;}}i:38;a:4:{s:1:"a";i:45;s:1:"b";s:26:"admin.debit-voucher.create";s:1:"c";s:3:"web";s:1:"r";a:2:{i:0;i:1;i:1;i:2;}}i:39;a:4:{s:1:"a";i:46;s:1:"b";s:24:"admin.debit-voucher.edit";s:1:"c";s:3:"web";s:1:"r";a:2:{i:0;i:1;i:1;i:2;}}i:40;a:4:{s:1:"a";i:49;s:1:"b";s:14:"Credit Voucher";s:1:"c";s:3:"web";s:1:"r";a:2:{i:0;i:1;i:1;i:2;}}i:41;a:4:{s:1:"a";i:50;s:1:"b";s:27:"admin.credit-voucher.create";s:1:"c";s:3:"web";s:1:"r";a:2:{i:0;i:1;i:1;i:2;}}i:42;a:4:{s:1:"a";i:51;s:1:"b";s:25:"admin.credit-voucher.edit";s:1:"c";s:3:"web";s:1:"r";a:2:{i:0;i:1;i:1;i:2;}}i:43;a:4:{s:1:"a";i:54;s:1:"b";s:15:"Journal Voucher";s:1:"c";s:3:"web";s:1:"r";a:2:{i:0;i:1;i:1;i:2;}}i:44;a:4:{s:1:"a";i:55;s:1:"b";s:28:"admin.journal-voucher.create";s:1:"c";s:3:"web";s:1:"r";a:2:{i:0;i:1;i:1;i:2;}}i:45;a:4:{s:1:"a";i:56;s:1:"b";s:26:"admin.journal-voucher.edit";s:1:"c";s:3:"web";s:1:"r";a:2:{i:0;i:1;i:1;i:2;}}i:46;a:4:{s:1:"a";i:59;s:1:"b";s:27:"admin.voucher-approve.index";s:1:"c";s:3:"web";s:1:"r";a:2:{i:0;i:1;i:1;i:2;}}i:47;a:4:{s:1:"a";i:60;s:1:"b";s:26:"admin.voucher-approve.show";s:1:"c";s:3:"web";s:1:"r";a:2:{i:0;i:1;i:1;i:2;}}i:48;a:4:{s:1:"a";i:61;s:1:"b";s:26:"admin.voucher-approve.edit";s:1:"c";s:3:"web";s:1:"r";a:2:{i:0;i:1;i:1;i:2;}}i:49;a:4:{s:1:"a";i:62;s:1:"b";s:26:"admin.voucher-refuse.index";s:1:"c";s:3:"web";s:1:"r";a:2:{i:0;i:1;i:1;i:2;}}i:50;a:4:{s:1:"a";i:63;s:1:"b";s:25:"admin.voucher-refuse.show";s:1:"c";s:3:"web";s:1:"r";a:2:{i:0;i:1;i:1;i:2;}}i:51;a:4:{s:1:"a";i:64;s:1:"b";s:25:"admin.voucher-refuse.edit";s:1:"c";s:3:"web";s:1:"r";a:2:{i:0;i:1;i:1;i:2;}}i:52;a:4:{s:1:"a";i:65;s:1:"b";s:30:"admin.automation-approve.index";s:1:"c";s:3:"web";s:1:"r";a:2:{i:0;i:1;i:1;i:2;}}i:53;a:4:{s:1:"a";i:66;s:1:"b";s:29:"admin.automation-approve.show";s:1:"c";s:3:"web";s:1:"r";a:2:{i:0;i:1;i:1;i:2;}}i:54;a:4:{s:1:"a";i:67;s:1:"b";s:29:"admin.automation-approve.edit";s:1:"c";s:3:"web";s:1:"r";a:2:{i:0;i:1;i:1;i:2;}}i:55;a:4:{s:1:"a";i:71;s:1:"b";s:19:"Chart of Accounts 1";s:1:"c";s:3:"web";s:1:"r";a:2:{i:0;i:1;i:1;i:2;}}i:56;a:4:{s:1:"a";i:72;s:1:"b";s:18:"Daily Voucher List";s:1:"c";s:3:"web";s:1:"r";a:2:{i:0;i:1;i:1;i:2;}}i:57;a:4:{s:1:"a";i:73;s:1:"b";s:15:"Daily Cash Book";s:1:"c";s:3:"web";s:1:"r";a:2:{i:0;i:1;i:1;i:2;}}i:58;a:4:{s:1:"a";i:74;s:1:"b";s:9:"Bank Book";s:1:"c";s:3:"web";s:1:"r";a:2:{i:0;i:1;i:1;i:2;}}i:59;a:4:{s:1:"a";i:75;s:1:"b";s:18:"Transaction Ledger";s:1:"c";s:3:"web";s:1:"r";a:2:{i:0;i:1;i:1;i:2;}}i:60;a:4:{s:1:"a";i:76;s:1:"b";s:14:"General Ledger";s:1:"c";s:3:"web";s:1:"r";a:2:{i:0;i:1;i:1;i:2;}}i:61;a:4:{s:1:"a";i:77;s:1:"b";s:19:"Cash Flow Statement";s:1:"c";s:3:"web";s:1:"r";a:2:{i:0;i:1;i:1;i:2;}}i:62;a:4:{s:1:"a";i:78;s:1:"b";s:13:"Trial Balance";s:1:"c";s:3:"web";s:1:"r";a:2:{i:0;i:1;i:1;i:2;}}i:63;a:4:{s:1:"a";i:79;s:1:"b";s:16:"Income Statement";s:1:"c";s:3:"web";s:1:"r";a:2:{i:0;i:1;i:1;i:2;}}i:64;a:4:{s:1:"a";i:81;s:1:"b";s:24:"admin.debit-voucher.show";s:1:"c";s:3:"web";s:1:"r";a:2:{i:0;i:1;i:1;i:2;}}i:65;a:4:{s:1:"a";i:82;s:1:"b";s:25:"admin.debit-voucher.print";s:1:"c";s:3:"web";s:1:"r";a:2:{i:0;i:1;i:1;i:2;}}i:66;a:4:{s:1:"a";i:83;s:1:"b";s:27:"admin.debit-voucher.destroy";s:1:"c";s:3:"web";s:1:"r";a:2:{i:0;i:1;i:1;i:2;}}i:67;a:4:{s:1:"a";i:84;s:1:"b";s:25:"admin.debit-voucher.trash";s:1:"c";s:3:"web";s:1:"r";a:2:{i:0;i:1;i:1;i:2;}}i:68;a:4:{s:1:"a";i:85;s:1:"b";s:25:"admin.credit-voucher.show";s:1:"c";s:3:"web";s:1:"r";a:2:{i:0;i:1;i:1;i:2;}}i:69;a:4:{s:1:"a";i:86;s:1:"b";s:26:"admin.credit-voucher.print";s:1:"c";s:3:"web";s:1:"r";a:2:{i:0;i:1;i:1;i:2;}}i:70;a:4:{s:1:"a";i:87;s:1:"b";s:28:"admin.credit-voucher.destroy";s:1:"c";s:3:"web";s:1:"r";a:2:{i:0;i:1;i:1;i:2;}}i:71;a:4:{s:1:"a";i:88;s:1:"b";s:26:"admin.credit-voucher.trash";s:1:"c";s:3:"web";s:1:"r";a:2:{i:0;i:1;i:1;i:2;}}i:72;a:4:{s:1:"a";i:90;s:1:"b";s:20:"admin.invest.destroy";s:1:"c";s:3:"web";s:1:"r";a:2:{i:0;i:1;i:1;i:2;}}i:73;a:4:{s:1:"a";i:91;s:1:"b";s:18:"admin.invest.trash";s:1:"c";s:3:"web";s:1:"r";a:2:{i:0;i:1;i:1;i:2;}}i:74;a:4:{s:1:"a";i:100;s:1:"b";s:20:"admin.settings.index";s:1:"c";s:3:"web";s:1:"r";a:2:{i:0;i:1;i:1;i:2;}}i:75;a:4:{s:1:"a";i:101;s:1:"b";s:20:"admin.product.create";s:1:"c";s:3:"web";s:1:"r";a:2:{i:0;i:1;i:1;i:2;}}i:76;a:4:{s:1:"a";i:102;s:1:"b";s:18:"admin.product.edit";s:1:"c";s:3:"web";s:1:"r";a:2:{i:0;i:1;i:1;i:2;}}i:77;a:4:{s:1:"a";i:127;s:1:"b";s:28:"admin.invest-sattlement.show";s:1:"c";s:3:"web";s:1:"r";a:2:{i:0;i:1;i:1;i:2;}}i:78;a:4:{s:1:"a";i:128;s:1:"b";s:31:"admin.invest-sattlement.destroy";s:1:"c";s:3:"web";s:1:"r";a:2:{i:0;i:1;i:1;i:2;}}i:79;a:4:{s:1:"a";i:129;s:1:"b";s:29:"admin.invest-sattlement.trash";s:1:"c";s:3:"web";s:1:"r";a:2:{i:0;i:1;i:1;i:2;}}i:80;a:4:{s:1:"a";i:130;s:1:"b";s:19:"admin.user.password";s:1:"c";s:3:"web";s:1:"r";a:1:{i:0;i:1;}}i:81;a:4:{s:1:"a";i:131;s:1:"b";s:18:"admin.user.destroy";s:1:"c";s:3:"web";s:1:"r";a:1:{i:0;i:1;}}i:82;a:4:{s:1:"a";i:132;s:1:"b";s:16:"admin.user.trash";s:1:"c";s:3:"web";s:1:"r";a:1:{i:0;i:1;}}i:83;a:4:{s:1:"a";i:135;s:1:"b";s:27:"admin.product-edition.index";s:1:"c";s:3:"web";s:1:"r";a:2:{i:0;i:1;i:1;i:2;}}i:84;a:4:{s:1:"a";i:138;s:1:"b";s:9:"Inventory";s:1:"c";s:3:"web";s:1:"r";a:1:{i:0;i:1;}}i:85;a:4:{s:1:"a";i:139;s:1:"b";s:11:"Productions";s:1:"c";s:3:"web";s:1:"r";a:1:{i:0;i:1;}}i:86;a:4:{s:1:"a";i:142;s:1:"b";s:27:"admin.product-edition.store";s:1:"c";s:3:"web";s:1:"r";a:2:{i:0;i:1;i:1;i:2;}}i:87;a:4:{s:1:"a";i:143;s:1:"b";s:26:"admin.product-edition.edit";s:1:"c";s:3:"web";s:1:"r";a:2:{i:0;i:1;i:1;i:2;}}i:88;a:4:{s:1:"a";i:144;s:1:"b";s:29:"admin.product-edition.destroy";s:1:"c";s:3:"web";s:1:"r";a:2:{i:0;i:1;i:1;i:2;}}i:89;a:4:{s:1:"a";i:145;s:1:"b";s:21:"admin.product.destroy";s:1:"c";s:3:"web";s:1:"r";a:2:{i:0;i:1;i:1;i:2;}}i:90;a:4:{s:1:"a";i:146;s:1:"b";s:19:"admin.product.trash";s:1:"c";s:3:"web";s:1:"r";a:2:{i:0;i:1;i:1;i:2;}}i:91;a:4:{s:1:"a";i:147;s:1:"b";s:23:"admin.production.create";s:1:"c";s:3:"web";s:1:"r";a:1:{i:0;i:1;}}i:92;a:4:{s:1:"a";i:148;s:1:"b";s:21:"admin.production.edit";s:1:"c";s:3:"web";s:1:"r";a:1:{i:0;i:1;}}i:93;a:4:{s:1:"a";i:149;s:1:"b";s:21:"admin.production.show";s:1:"c";s:3:"web";s:1:"r";a:1:{i:0;i:1;}}i:94;a:4:{s:1:"a";i:152;s:1:"b";s:22:"admin.production.print";s:1:"c";s:3:"web";s:1:"r";a:1:{i:0;i:1;}}i:95;a:4:{s:1:"a";i:153;s:1:"b";s:24:"admin.production.destroy";s:1:"c";s:3:"web";s:1:"r";a:1:{i:0;i:1;}}i:96;a:4:{s:1:"a";i:154;s:1:"b";s:22:"admin.production.trash";s:1:"c";s:3:"web";s:1:"r";a:1:{i:0;i:1;}}i:97;a:4:{s:1:"a";i:155;s:1:"b";s:16:"Sales Management";s:1:"c";s:3:"web";s:1:"r";a:2:{i:0;i:1;i:1;i:2;}}i:98;a:4:{s:1:"a";i:156;s:1:"b";s:18:"admin.client.index";s:1:"c";s:3:"web";s:1:"r";a:2:{i:0;i:1;i:1;i:2;}}i:99;a:4:{s:1:"a";i:157;s:1:"b";s:7:"Sales 1";s:1:"c";s:3:"web";s:1:"r";a:2:{i:0;i:1;i:1;i:2;}}i:100;a:4:{s:1:"a";i:158;s:1:"b";s:19:"admin.client.create";s:1:"c";s:3:"web";s:1:"r";a:2:{i:0;i:1;i:1;i:2;}}i:101;a:4:{s:1:"a";i:159;s:1:"b";s:17:"admin.client.edit";s:1:"c";s:3:"web";s:1:"r";a:2:{i:0;i:1;i:1;i:2;}}i:102;a:4:{s:1:"a";i:160;s:1:"b";s:20:"admin.client.destroy";s:1:"c";s:3:"web";s:1:"r";a:2:{i:0;i:1;i:1;i:2;}}i:103;a:4:{s:1:"a";i:161;s:1:"b";s:18:"admin.client.trash";s:1:"c";s:3:"web";s:1:"r";a:2:{i:0;i:1;i:1;i:2;}}i:104;a:4:{s:1:"a";i:162;s:1:"b";s:18:"admin.sales.create";s:1:"c";s:3:"web";s:1:"r";a:2:{i:0;i:1;i:1;i:2;}}i:105;a:4:{s:1:"a";i:163;s:1:"b";s:16:"admin.sales.edit";s:1:"c";s:3:"web";s:1:"r";a:2:{i:0;i:1;i:1;i:2;}}i:106;a:4:{s:1:"a";i:164;s:1:"b";s:16:"admin.sales.show";s:1:"c";s:3:"web";s:1:"r";a:2:{i:0;i:1;i:1;i:2;}}i:107;a:4:{s:1:"a";i:166;s:1:"b";s:5:"Stock";s:1:"c";s:3:"web";s:1:"r";a:1:{i:0;i:1;}}i:108;a:4:{s:1:"a";i:167;s:1:"b";s:12:"System Setup";s:1:"c";s:3:"web";s:1:"r";a:2:{i:0;i:1;i:1;i:2;}}i:109;a:4:{s:1:"a";i:168;s:1:"b";s:7:"Regions";s:1:"c";s:3:"web";s:1:"r";a:2:{i:0;i:1;i:1;i:2;}}i:110;a:4:{s:1:"a";i:169;s:1:"b";s:4:"Area";s:1:"c";s:3:"web";s:1:"r";a:2:{i:0;i:1;i:1;i:2;}}i:111;a:4:{s:1:"a";i:170;s:1:"b";s:9:"Territory";s:1:"c";s:3:"web";s:1:"r";a:2:{i:0;i:1;i:1;i:2;}}i:112;a:4:{s:1:"a";i:171;s:1:"b";s:19:"admin.region.create";s:1:"c";s:3:"web";s:1:"r";a:2:{i:0;i:1;i:1;i:2;}}i:113;a:4:{s:1:"a";i:172;s:1:"b";s:17:"admin.region.edit";s:1:"c";s:3:"web";s:1:"r";a:2:{i:0;i:1;i:1;i:2;}}i:114;a:4:{s:1:"a";i:173;s:1:"b";s:20:"admin.region.destroy";s:1:"c";s:3:"web";s:1:"r";a:2:{i:0;i:1;i:1;i:2;}}i:115;a:4:{s:1:"a";i:174;s:1:"b";s:18:"admin.region.trash";s:1:"c";s:3:"web";s:1:"r";a:2:{i:0;i:1;i:1;i:2;}}i:116;a:4:{s:1:"a";i:175;s:1:"b";s:17:"admin.area.create";s:1:"c";s:3:"web";s:1:"r";a:2:{i:0;i:1;i:1;i:2;}}i:117;a:4:{s:1:"a";i:176;s:1:"b";s:15:"admin.area.edit";s:1:"c";s:3:"web";s:1:"r";a:2:{i:0;i:1;i:1;i:2;}}i:118;a:4:{s:1:"a";i:177;s:1:"b";s:18:"admin.area.destroy";s:1:"c";s:3:"web";s:1:"r";a:2:{i:0;i:1;i:1;i:2;}}i:119;a:4:{s:1:"a";i:178;s:1:"b";s:16:"admin.area.trash";s:1:"c";s:3:"web";s:1:"r";a:2:{i:0;i:1;i:1;i:2;}}i:120;a:4:{s:1:"a";i:179;s:1:"b";s:22:"admin.territory.create";s:1:"c";s:3:"web";s:1:"r";a:2:{i:0;i:1;i:1;i:2;}}i:121;a:4:{s:1:"a";i:180;s:1:"b";s:20:"admin.territory.edit";s:1:"c";s:3:"web";s:1:"r";a:2:{i:0;i:1;i:1;i:2;}}i:122;a:4:{s:1:"a";i:181;s:1:"b";s:23:"admin.territory.destroy";s:1:"c";s:3:"web";s:1:"r";a:2:{i:0;i:1;i:1;i:2;}}i:123;a:4:{s:1:"a";i:182;s:1:"b";s:21:"admin.territory.trash";s:1:"c";s:3:"web";s:1:"r";a:2:{i:0;i:1;i:1;i:2;}}i:124;a:4:{s:1:"a";i:183;s:1:"b";s:6:"Stores";s:1:"c";s:3:"web";s:1:"r";a:2:{i:0;i:1;i:1;i:2;}}i:125;a:4:{s:1:"a";i:184;s:1:"b";s:18:"admin.store.create";s:1:"c";s:3:"web";s:1:"r";a:2:{i:0;i:1;i:1;i:2;}}i:126;a:4:{s:1:"a";i:185;s:1:"b";s:16:"admin.store.edit";s:1:"c";s:3:"web";s:1:"r";a:2:{i:0;i:1;i:1;i:2;}}i:127;a:4:{s:1:"a";i:186;s:1:"b";s:19:"admin.store.destroy";s:1:"c";s:3:"web";s:1:"r";a:2:{i:0;i:1;i:1;i:2;}}i:128;a:4:{s:1:"a";i:187;s:1:"b";s:17:"admin.store.trash";s:1:"c";s:3:"web";s:1:"r";a:2:{i:0;i:1;i:1;i:2;}}i:129;a:4:{s:1:"a";i:188;s:1:"b";s:19:"admin.sales.destroy";s:1:"c";s:3:"web";s:1:"r";a:2:{i:0;i:1;i:1;i:2;}}i:130;a:4:{s:1:"a";i:189;s:1:"b";s:17:"admin.sales.trash";s:1:"c";s:3:"web";s:1:"r";a:2:{i:0;i:1;i:1;i:2;}}i:131;a:4:{s:1:"a";i:190;s:1:"b";s:11:"Collections";s:1:"c";s:3:"web";s:1:"r";a:2:{i:0;i:1;i:1;i:2;}}i:132;a:4:{s:1:"a";i:191;s:1:"b";s:23:"admin.collection.create";s:1:"c";s:3:"web";s:1:"r";a:2:{i:0;i:1;i:1;i:2;}}i:133;a:4:{s:1:"a";i:192;s:1:"b";s:21:"admin.collection.edit";s:1:"c";s:3:"web";s:1:"r";a:2:{i:0;i:1;i:1;i:2;}}i:134;a:4:{s:1:"a";i:193;s:1:"b";s:21:"admin.collection.show";s:1:"c";s:3:"web";s:1:"r";a:2:{i:0;i:1;i:1;i:2;}}i:135;a:4:{s:1:"a";i:194;s:1:"b";s:24:"admin.collection.destroy";s:1:"c";s:3:"web";s:1:"r";a:2:{i:0;i:1;i:1;i:2;}}i:136;a:4:{s:1:"a";i:195;s:1:"b";s:22:"admin.collection.trash";s:1:"c";s:3:"web";s:1:"r";a:2:{i:0;i:1;i:1;i:2;}}i:137;a:4:{s:1:"a";i:208;s:1:"b";s:19:"Profit Distribution";s:1:"c";s:3:"web";s:1:"r";a:2:{i:0;i:1;i:1;i:2;}}i:138;a:4:{s:1:"a";i:209;s:1:"b";s:32:"admin.profit-distribution.create";s:1:"c";s:3:"web";s:1:"r";a:2:{i:0;i:1;i:1;i:2;}}i:139;a:4:{s:1:"a";i:210;s:1:"b";s:30:"admin.profit-distribution.edit";s:1:"c";s:3:"web";s:1:"r";a:2:{i:0;i:1;i:1;i:2;}}i:140;a:4:{s:1:"a";i:211;s:1:"b";s:30:"admin.profit-distribution.show";s:1:"c";s:3:"web";s:1:"r";a:2:{i:0;i:1;i:1;i:2;}}i:141;a:4:{s:1:"a";i:212;s:1:"b";s:33:"admin.profit-distribution.destroy";s:1:"c";s:3:"web";s:1:"r";a:2:{i:0;i:1;i:1;i:2;}}i:142;a:4:{s:1:"a";i:213;s:1:"b";s:31:"admin.profit-distribution.trash";s:1:"c";s:3:"web";s:1:"r";a:2:{i:0;i:1;i:1;i:2;}}i:143;a:4:{s:1:"a";i:214;s:1:"b";s:16:"Investor Payment";s:1:"c";s:3:"web";s:1:"r";a:2:{i:0;i:1;i:1;i:2;}}i:144;a:4:{s:1:"a";i:215;s:1:"b";s:29:"admin.investor-payment.create";s:1:"c";s:3:"web";s:1:"r";a:2:{i:0;i:1;i:1;i:2;}}i:145;a:4:{s:1:"a";i:216;s:1:"b";s:27:"admin.investor-payment.edit";s:1:"c";s:3:"web";s:1:"r";a:2:{i:0;i:1;i:1;i:2;}}i:146;a:4:{s:1:"a";i:217;s:1:"b";s:27:"admin.investor-payment.show";s:1:"c";s:3:"web";s:1:"r";a:2:{i:0;i:1;i:1;i:2;}}i:147;a:4:{s:1:"a";i:218;s:1:"b";s:30:"admin.investor-payment.destroy";s:1:"c";s:3:"web";s:1:"r";a:2:{i:0;i:1;i:1;i:2;}}i:148;a:4:{s:1:"a";i:219;s:1:"b";s:28:"admin.investor-payment.trash";s:1:"c";s:3:"web";s:1:"r";a:2:{i:0;i:1;i:1;i:2;}}i:149;a:4:{s:1:"a";i:220;s:1:"b";s:18:"Investor Statement";s:1:"c";s:3:"web";s:1:"r";a:3:{i:0;i:1;i:1;i:2;i:2;i:3;}}i:150;a:4:{s:1:"a";i:221;s:1:"b";s:26:"admin.journal-voucher.show";s:1:"c";s:3:"web";s:1:"r";a:2:{i:0;i:1;i:1;i:2;}}i:151;a:4:{s:1:"a";i:222;s:1:"b";s:27:"admin.journal-voucher.print";s:1:"c";s:3:"web";s:1:"r";a:2:{i:0;i:1;i:1;i:2;}}i:152;a:4:{s:1:"a";i:223;s:1:"b";s:29:"admin.journal-voucher.destroy";s:1:"c";s:3:"web";s:1:"r";a:2:{i:0;i:1;i:1;i:2;}}i:153;a:4:{s:1:"a";i:224;s:1:"b";s:27:"admin.journal-voucher.trash";s:1:"c";s:3:"web";s:1:"r";a:2:{i:0;i:1;i:1;i:2;}}i:154;a:4:{s:1:"a";i:230;s:1:"b";s:16:"Rooms Management";s:1:"c";s:3:"web";s:1:"r";a:1:{i:0;i:1;}}i:155;a:4:{s:1:"a";i:231;s:1:"b";s:11:"Room Manage";s:1:"c";s:3:"web";s:1:"r";a:1:{i:0;i:1;}}i:156;a:4:{s:1:"a";i:232;s:1:"b";s:20:"Room Type Management";s:1:"c";s:3:"web";s:1:"r";a:1:{i:0;i:1;}}i:157;a:4:{s:1:"a";i:233;s:1:"b";s:11:"Room Type 1";s:1:"c";s:3:"web";s:1:"r";a:1:{i:0;i:1;}}i:158;a:4:{s:1:"a";i:234;s:1:"b";s:18:"Booking Management";s:1:"c";s:3:"web";s:1:"r";a:1:{i:0;i:1;}}i:159;a:4:{s:1:"a";i:235;s:1:"b";s:16:"Booking Manage 1";s:1:"c";s:3:"web";s:1:"r";a:1:{i:0;i:1;}}i:160;a:4:{s:1:"a";i:236;s:1:"b";s:20:"admin.services.index";s:1:"c";s:3:"web";s:1:"r";a:1:{i:0;i:1;}}i:161;a:4:{s:1:"a";i:237;s:1:"b";s:14:"Gallery Manage";s:1:"c";s:3:"web";s:1:"r";a:1:{i:0;i:1;}}i:162;a:4:{s:1:"a";i:238;s:1:"b";s:18:"Testimonial Manage";s:1:"c";s:3:"web";s:1:"r";a:1:{i:0;i:1;}}i:163;a:4:{s:1:"a";i:239;s:1:"b";s:12:"About Manage";s:1:"c";s:3:"web";s:1:"r";a:1:{i:0;i:1;}}i:164;a:4:{s:1:"a";i:240;s:1:"b";s:8:"Expenses";s:1:"c";s:3:"web";s:1:"r";a:1:{i:0;i:1;}}i:165;a:4:{s:1:"a";i:241;s:1:"b";s:20:"admin.expense.create";s:1:"c";s:3:"web";s:1:"r";a:1:{i:0;i:1;}}i:166;a:4:{s:1:"a";i:242;s:1:"b";s:18:"admin.expense.edit";s:1:"c";s:3:"web";s:1:"r";a:1:{i:0;i:1;}}i:167;a:4:{s:1:"a";i:243;s:1:"b";s:18:"admin.expense.show";s:1:"c";s:3:"web";s:1:"r";a:1:{i:0;i:1;}}i:168;a:4:{s:1:"a";i:244;s:1:"b";s:15:"Investor Manage";s:1:"c";s:3:"web";s:1:"r";a:1:{i:0;i:1;}}i:169;a:4:{s:1:"a";i:245;s:1:"b";s:9:"CMS Setup";s:1:"c";s:3:"web";s:1:"r";a:1:{i:0;i:1;}}}s:5:"roles";a:3:{i:0;a:3:{s:1:"a";i:1;s:1:"b";s:14:"Software Admin";s:1:"c";s:3:"web";}i:1;a:3:{s:1:"a";i:2;s:1:"b";s:12:"System Admin";s:1:"c";s:3:"web";}i:2;a:3:{s:1:"a";i:3;s:1:"b";s:8:"Investor";s:1:"c";s:3:"web";}}}', 1771497288);

-- Dumping structure for table amar_hostel.cache_locks
DROP TABLE IF EXISTS `cache_locks`;
CREATE TABLE IF NOT EXISTS `cache_locks` (
  `key` varchar(255) COLLATE utf8mb4_unicode_ci NOT NULL,
  `owner` varchar(255) COLLATE utf8mb4_unicode_ci NOT NULL,
  `expiration` int NOT NULL,
  PRIMARY KEY (`key`)
) ENGINE=InnoDB DEFAULT CHARSET=utf8mb4 COLLATE=utf8mb4_unicode_ci;

-- Dumping data for table amar_hostel.cache_locks: ~0 rows (approximately)
DELETE FROM `cache_locks`;

-- Dumping structure for table amar_hostel.categories
DROP TABLE IF EXISTS `categories`;
CREATE TABLE IF NOT EXISTS `categories` (
  `id` bigint unsigned NOT NULL AUTO_INCREMENT,
  `name` varchar(255) COLLATE utf8mb4_unicode_ci NOT NULL,
  `created_at` timestamp NULL DEFAULT NULL,
  `updated_at` timestamp NULL DEFAULT NULL,
  PRIMARY KEY (`id`)
) ENGINE=InnoDB AUTO_INCREMENT=5 DEFAULT CHARSET=utf8mb4 COLLATE=utf8mb4_unicode_ci;

-- Dumping data for table amar_hostel.categories: ~4 rows (approximately)
DELETE FROM `categories`;
INSERT INTO `categories` (`id`, `name`, `created_at`, `updated_at`) VALUES
	(1, 'Single', '2026-02-08 03:21:14', '2026-02-08 03:23:49'),
	(2, 'Double', '2026-02-08 03:23:00', '2026-02-08 03:23:00'),
	(3, 'Deluxe Twin', '2026-02-08 03:23:42', '2026-02-08 03:23:42'),
	(4, 'Dormitory', '2026-02-08 03:24:07', '2026-02-08 03:24:07');

-- Dumping structure for table amar_hostel.clients
DROP TABLE IF EXISTS `clients`;
CREATE TABLE IF NOT EXISTS `clients` (
  `id` bigint unsigned NOT NULL AUTO_INCREMENT,
  `coa_id` bigint unsigned DEFAULT NULL,
  `region_id` bigint unsigned DEFAULT NULL,
  `area_id` bigint unsigned DEFAULT NULL,
  `territory_id` bigint unsigned DEFAULT NULL,
  `code` varchar(255) CHARACTER SET utf8mb4 COLLATE utf8mb4_unicode_ci DEFAULT NULL,
  `name` varchar(255) CHARACTER SET utf8mb4 COLLATE utf8mb4_unicode_ci NOT NULL,
  `contact_person` varchar(255) CHARACTER SET utf8mb4 COLLATE utf8mb4_unicode_ci DEFAULT NULL,
  `phone` varchar(255) CHARACTER SET utf8mb4 COLLATE utf8mb4_unicode_ci DEFAULT NULL,
  `email` varchar(255) CHARACTER SET utf8mb4 COLLATE utf8mb4_unicode_ci DEFAULT NULL,
  `address` varchar(255) CHARACTER SET utf8mb4 COLLATE utf8mb4_unicode_ci DEFAULT NULL,
  `credit_limit` decimal(16,0) DEFAULT NULL,
  `bin_no` varchar(255) CHARACTER SET utf8mb4 COLLATE utf8mb4_unicode_ci DEFAULT NULL,
  `status` tinyint(1) NOT NULL DEFAULT '1',
  `created_by` bigint unsigned DEFAULT NULL,
  `updated_by` bigint unsigned DEFAULT NULL,
  `deleted_by` bigint unsigned DEFAULT NULL,
  `deleted_at` timestamp NULL DEFAULT NULL,
  `created_at` timestamp NULL DEFAULT NULL,
  `updated_at` timestamp NULL DEFAULT NULL,
  PRIMARY KEY (`id`),
  UNIQUE KEY `clients_code_unique` (`code`),
  KEY `clients_coa_id_foreign` (`coa_id`),
  KEY `clients_region_id_foreign` (`region_id`),
  KEY `clients_area_id_foreign` (`area_id`),
  KEY `clients_territory_id_foreign` (`territory_id`),
  KEY `clients_created_by_foreign` (`created_by`),
  KEY `clients_updated_by_foreign` (`updated_by`),
  KEY `clients_deleted_by_foreign` (`deleted_by`),
  CONSTRAINT `clients_area_id_foreign` FOREIGN KEY (`area_id`) REFERENCES `areas` (`id`) ON DELETE SET NULL,
  CONSTRAINT `clients_coa_id_foreign` FOREIGN KEY (`coa_id`) REFERENCES `coas` (`id`) ON DELETE SET NULL,
  CONSTRAINT `clients_created_by_foreign` FOREIGN KEY (`created_by`) REFERENCES `users` (`id`) ON DELETE SET NULL,
  CONSTRAINT `clients_deleted_by_foreign` FOREIGN KEY (`deleted_by`) REFERENCES `users` (`id`) ON DELETE SET NULL,
  CONSTRAINT `clients_region_id_foreign` FOREIGN KEY (`region_id`) REFERENCES `regions` (`id`) ON DELETE SET NULL,
  CONSTRAINT `clients_territory_id_foreign` FOREIGN KEY (`territory_id`) REFERENCES `territories` (`id`) ON DELETE SET NULL,
  CONSTRAINT `clients_updated_by_foreign` FOREIGN KEY (`updated_by`) REFERENCES `users` (`id`) ON DELETE SET NULL
) ENGINE=InnoDB AUTO_INCREMENT=68 DEFAULT CHARSET=utf8mb4 COLLATE=utf8mb4_unicode_ci;

-- Dumping data for table amar_hostel.clients: ~64 rows (approximately)
DELETE FROM `clients`;
INSERT INTO `clients` (`id`, `coa_id`, `region_id`, `area_id`, `territory_id`, `code`, `name`, `contact_person`, `phone`, `email`, `address`, `credit_limit`, `bin_no`, `status`, `created_by`, `updated_by`, `deleted_by`, `deleted_at`, `created_at`, `updated_at`) VALUES
	(3, 127, 1, 1, 1, NULL, 'Apon Library', 'Deen Mohammad', NULL, NULL, NULL, NULL, NULL, 1, 10, NULL, NULL, NULL, '2025-10-25 00:36:24', '2025-10-25 00:36:24'),
	(4, 128, 9, 14, 1, NULL, 'Saiful Shaheb', NULL, NULL, NULL, NULL, NULL, NULL, 0, 10, NULL, NULL, NULL, '2025-10-26 00:26:48', '2025-11-01 02:01:21'),
	(5, 129, 9, 14, 1, NULL, 'Ali Ahammad Bahar', NULL, NULL, NULL, NULL, NULL, NULL, 1, 10, NULL, NULL, NULL, '2025-10-26 00:28:32', '2025-11-01 02:01:18'),
	(6, 130, 9, 14, 1, NULL, 'Tso Mostafa', NULL, NULL, NULL, NULL, NULL, NULL, 0, 10, NULL, NULL, NULL, '2025-10-26 00:29:20', '2025-11-01 02:01:17'),
	(7, 131, 5, 15, 2, NULL, 'Moonlight Library', NULL, NULL, NULL, NULL, NULL, NULL, 1, 10, 10, NULL, NULL, '2025-10-26 00:30:53', '2025-11-01 02:01:15'),
	(9, 141, 7, 16, 4, NULL, 'Tso Anamul', NULL, NULL, NULL, NULL, NULL, NULL, 0, 10, NULL, NULL, NULL, '2025-10-26 03:04:53', '2025-11-01 02:01:13'),
	(10, 142, 9, 14, 1, NULL, 'Tso Bahar', NULL, NULL, NULL, NULL, NULL, NULL, 0, 10, NULL, NULL, NULL, '2025-10-26 03:13:58', '2025-11-01 02:01:12'),
	(11, 143, 1, 47, 49, NULL, '  ', NULL, NULL, NULL, NULL, NULL, NULL, 1, 10, 10, NULL, NULL, '2025-10-29 23:19:00', '2025-11-01 01:09:24'),
	(12, 144, 1, 1, 44, NULL, '    (M)', NULL, NULL, NULL, NULL, NULL, NULL, 1, 10, 10, NULL, NULL, '2025-10-29 23:23:27', '2025-11-01 01:06:57'),
	(13, 145, 1, 23, 47, NULL, ', ', NULL, NULL, NULL, NULL, NULL, NULL, 1, 10, NULL, 10, '2025-11-01 01:12:16', '2025-11-01 01:12:07', '2025-11-01 01:12:16'),
	(14, 146, 1, 23, 47, NULL, ', ', NULL, NULL, NULL, NULL, NULL, NULL, 1, 10, NULL, NULL, NULL, '2025-11-01 01:12:07', '2025-11-01 01:12:07'),
	(15, 147, 1, 20, 32, NULL, '', NULL, NULL, NULL, NULL, NULL, NULL, 1, 10, NULL, NULL, NULL, '2025-11-01 01:12:54', '2025-11-01 01:12:54'),
	(16, 148, 2, 24, 28, NULL, '', NULL, NULL, NULL, NULL, NULL, NULL, 1, 10, NULL, NULL, NULL, '2025-11-01 01:24:22', '2025-11-01 01:24:22'),
	(17, 149, 2, 4, 45, NULL, '', NULL, NULL, NULL, NULL, NULL, NULL, 1, 10, NULL, NULL, NULL, '2025-11-01 01:24:55', '2025-11-01 01:24:55'),
	(18, 150, 2, 25, 46, NULL, '', NULL, NULL, NULL, NULL, NULL, NULL, 1, 10, NULL, NULL, NULL, '2025-11-01 01:30:07', '2025-11-01 01:30:07'),
	(19, 151, 3, 26, 26, NULL, '', NULL, NULL, NULL, NULL, NULL, NULL, 1, 10, NULL, NULL, NULL, '2025-11-01 01:32:05', '2025-11-01 01:32:05'),
	(20, 152, 3, 27, 25, NULL, '', NULL, NULL, NULL, NULL, NULL, NULL, 1, 10, NULL, NULL, NULL, '2025-11-01 01:32:49', '2025-11-01 01:32:49'),
	(21, 153, 4, 6, 40, NULL, '', NULL, NULL, NULL, NULL, NULL, NULL, 1, 10, NULL, NULL, NULL, '2025-11-01 01:33:32', '2025-11-01 01:33:32'),
	(22, 154, 4, 28, 24, NULL, '', NULL, NULL, NULL, NULL, NULL, NULL, 1, 10, NULL, NULL, NULL, '2025-11-01 01:34:07', '2025-11-01 01:34:07'),
	(23, 155, 4, 29, 23, NULL, '', NULL, NULL, NULL, NULL, NULL, NULL, 1, 10, NULL, NULL, NULL, '2025-11-01 01:34:30', '2025-11-01 01:34:30'),
	(24, 156, 4, 30, 22, NULL, '', NULL, NULL, NULL, NULL, NULL, NULL, 1, 10, NULL, NULL, NULL, '2025-11-01 01:35:09', '2025-11-01 01:35:09'),
	(25, 157, 4, 31, 21, NULL, '', NULL, NULL, NULL, NULL, NULL, NULL, 1, 10, NULL, NULL, NULL, '2025-11-01 01:36:08', '2025-11-01 01:36:08'),
	(26, 158, 7, 35, 17, NULL, '', NULL, NULL, NULL, NULL, NULL, NULL, 1, 10, NULL, NULL, NULL, '2025-11-01 01:36:45', '2025-11-01 01:36:45'),
	(27, 159, 7, 32, 19, NULL, '', NULL, NULL, NULL, NULL, NULL, NULL, 1, 10, NULL, NULL, NULL, '2025-11-01 01:37:12', '2025-11-01 01:37:12'),
	(28, 160, 7, 33, 20, NULL, '', NULL, NULL, NULL, NULL, NULL, NULL, 1, 10, NULL, NULL, NULL, '2025-11-01 01:37:41', '2025-11-01 01:37:41'),
	(29, 161, 7, 34, 18, NULL, '', NULL, NULL, NULL, NULL, NULL, NULL, 1, 10, NULL, NULL, NULL, '2025-11-01 01:38:15', '2025-11-01 01:38:15'),
	(30, 162, 8, 36, 16, NULL, '', NULL, NULL, NULL, NULL, NULL, NULL, 1, 10, NULL, NULL, NULL, '2025-11-01 01:39:40', '2025-11-01 01:39:40'),
	(31, 163, 8, 37, 15, NULL, '', NULL, NULL, NULL, NULL, NULL, NULL, 1, 10, NULL, NULL, NULL, '2025-11-01 01:40:24', '2025-11-01 01:40:24'),
	(32, 164, 8, 38, 14, NULL, '', NULL, NULL, NULL, NULL, NULL, NULL, 1, 10, NULL, NULL, NULL, '2025-11-01 01:44:44', '2025-11-01 01:44:44'),
	(33, 165, 8, 39, 13, NULL, '', NULL, NULL, NULL, NULL, NULL, NULL, 1, 10, NULL, NULL, NULL, '2025-11-01 01:45:35', '2025-11-01 01:45:35'),
	(34, 166, 2, 48, 50, NULL, '', NULL, NULL, NULL, NULL, NULL, NULL, 1, 10, NULL, NULL, NULL, '2025-11-01 01:46:31', '2025-11-01 01:46:31'),
	(35, 167, 2, 2, 48, NULL, '', NULL, NULL, NULL, NULL, NULL, NULL, 1, 10, NULL, NULL, NULL, '2025-11-01 01:47:19', '2025-11-01 01:47:19'),
	(36, 168, 1, 1, 44, NULL, '', NULL, NULL, NULL, NULL, NULL, NULL, 1, 10, NULL, NULL, NULL, '2025-11-01 01:47:43', '2025-11-01 01:47:43'),
	(37, 169, 1, 11, 36, NULL, '', NULL, NULL, NULL, NULL, NULL, NULL, 1, 10, NULL, NULL, NULL, '2025-11-01 01:48:14', '2025-11-01 01:48:14'),
	(38, 170, 1, 22, 29, NULL, ', ', NULL, NULL, NULL, NULL, NULL, NULL, 1, 10, NULL, NULL, NULL, '2025-11-01 01:49:38', '2025-11-01 01:49:38'),
	(39, 171, 1, 21, 30, NULL, ',', NULL, NULL, NULL, NULL, NULL, NULL, 1, 10, NULL, NULL, NULL, '2025-11-01 01:50:07', '2025-11-01 01:50:07'),
	(40, 172, 1, 49, 51, NULL, '', NULL, NULL, NULL, NULL, NULL, NULL, 1, 10, NULL, NULL, NULL, '2025-11-01 01:50:46', '2025-11-01 01:50:46'),
	(41, 173, 5, 40, 12, NULL, '', NULL, NULL, NULL, NULL, NULL, NULL, 1, 10, NULL, NULL, NULL, '2025-11-01 01:52:22', '2025-11-01 01:52:22'),
	(42, 174, 5, 41, 11, NULL, '', NULL, NULL, NULL, NULL, NULL, NULL, 1, 10, NULL, NULL, NULL, '2025-11-01 01:52:57', '2025-11-01 01:52:57'),
	(43, 175, 5, 42, 10, NULL, '', NULL, NULL, NULL, NULL, NULL, NULL, 1, 10, NULL, NULL, NULL, '2025-11-01 01:53:28', '2025-11-01 01:53:28'),
	(44, 176, 5, 3, 9, NULL, '', NULL, NULL, NULL, NULL, NULL, NULL, 1, 10, NULL, NULL, NULL, '2025-11-01 01:54:07', '2025-11-01 01:54:07'),
	(45, 177, 5, 13, 33, NULL, '', NULL, NULL, NULL, NULL, NULL, NULL, 1, 10, NULL, NULL, NULL, '2025-11-01 01:55:02', '2025-11-01 01:55:02'),
	(46, 178, 5, 12, 35, NULL, '', NULL, NULL, NULL, NULL, NULL, NULL, 1, 10, NULL, NULL, NULL, '2025-11-01 01:55:34', '2025-11-01 01:55:34'),
	(47, 179, 5, 12, 35, NULL, '', NULL, NULL, NULL, NULL, NULL, NULL, 1, 10, NULL, 10, '2025-11-01 01:55:58', '2025-11-01 01:55:34', '2025-11-01 01:55:58'),
	(48, 180, 5, 5, 41, NULL, '', NULL, NULL, NULL, NULL, NULL, NULL, 1, 10, NULL, NULL, NULL, '2025-11-01 01:56:49', '2025-11-01 01:56:49'),
	(49, 181, 6, 44, 8, NULL, '', NULL, NULL, NULL, NULL, NULL, NULL, 1, 10, NULL, NULL, NULL, '2025-11-01 01:57:25', '2025-11-01 01:57:25'),
	(50, 182, 6, 45, 5, NULL, '', NULL, NULL, NULL, NULL, NULL, NULL, 1, 10, NULL, NULL, NULL, '2025-11-01 01:57:51', '2025-11-01 01:57:51'),
	(51, 183, 6, 9, 38, NULL, '', NULL, NULL, NULL, NULL, NULL, NULL, 1, 10, NULL, NULL, NULL, '2025-11-01 01:58:55', '2025-11-01 01:58:55'),
	(52, 184, 6, 8, 7, NULL, '', NULL, NULL, NULL, NULL, NULL, NULL, 1, 10, NULL, NULL, NULL, '2025-11-01 01:59:28', '2025-11-01 01:59:28'),
	(53, 185, 6, 10, 37, NULL, '', NULL, NULL, NULL, NULL, NULL, NULL, 1, 10, NULL, NULL, NULL, '2025-11-01 01:59:46', '2025-11-01 01:59:46'),
	(54, 186, 3, 7, 39, NULL, '', NULL, NULL, NULL, NULL, NULL, NULL, 1, 10, NULL, NULL, NULL, '2025-11-01 02:00:34', '2025-11-01 02:00:34'),
	(55, 187, 3, 46, 52, NULL, '  ', NULL, NULL, NULL, NULL, NULL, NULL, 1, 10, NULL, NULL, NULL, '2025-11-02 02:43:36', '2025-11-02 02:43:36'),
	(56, 188, 3, 46, 52, NULL, '', NULL, NULL, NULL, NULL, NULL, NULL, 1, 10, NULL, NULL, NULL, '2025-11-02 03:01:26', '2025-11-02 03:01:26'),
	(57, 189, 2, 50, 53, NULL, '', NULL, NULL, NULL, NULL, NULL, NULL, 1, 10, NULL, NULL, NULL, '2025-11-02 03:06:19', '2025-11-02 03:06:19'),
	(58, 228, 3, 46, 52, NULL, '', NULL, NULL, NULL, NULL, NULL, NULL, 1, 10, NULL, NULL, NULL, '2025-12-21 21:52:04', '2025-12-21 21:52:04'),
	(59, 229, 1, 47, 49, NULL, ' ()', NULL, NULL, NULL, NULL, NULL, NULL, 1, 10, NULL, NULL, NULL, '2025-12-21 21:54:34', '2025-12-21 21:54:34'),
	(60, 230, 1, 11, 36, NULL, ' (2)', NULL, NULL, NULL, NULL, NULL, NULL, 1, 10, NULL, NULL, NULL, '2025-12-21 21:54:52', '2025-12-21 21:54:52'),
	(61, 231, 1, 11, 36, NULL, '', NULL, NULL, NULL, NULL, NULL, NULL, 1, 10, NULL, NULL, NULL, '2025-12-21 21:55:10', '2025-12-21 21:55:10'),
	(62, 232, 1, 1, 44, NULL, '', NULL, NULL, NULL, NULL, NULL, NULL, 1, 10, NULL, NULL, NULL, '2025-12-23 21:46:21', '2025-12-23 21:46:21'),
	(63, 269, 1, 51, 54, NULL, '', NULL, NULL, NULL, NULL, NULL, NULL, 1, 1, NULL, NULL, NULL, '2026-01-24 05:23:13', '2026-01-24 05:23:13'),
	(64, 270, 5, 3, 9, NULL, '', NULL, NULL, NULL, NULL, NULL, NULL, 1, 1, NULL, NULL, NULL, '2026-01-30 09:35:18', '2026-01-30 09:35:18'),
	(65, 271, 4, 31, 21, NULL, '  , ', NULL, NULL, NULL, NULL, NULL, NULL, 1, 1, NULL, NULL, NULL, '2026-01-30 09:52:50', '2026-01-30 09:52:50'),
	(66, 272, 4, 31, 21, NULL, '  , ', NULL, NULL, NULL, NULL, NULL, NULL, 1, 1, NULL, NULL, NULL, '2026-01-30 09:53:11', '2026-01-30 09:53:11'),
	(67, 273, 6, 45, 5, NULL, ' ', NULL, NULL, NULL, NULL, NULL, NULL, 1, 1, NULL, NULL, NULL, '2026-02-04 05:38:55', '2026-02-04 05:38:55');

-- Dumping structure for table amar_hostel.coa_setups
DROP TABLE IF EXISTS `coa_setups`;
CREATE TABLE IF NOT EXISTS `coa_setups` (
  `id` bigint unsigned NOT NULL AUTO_INCREMENT,
  `parent_id` bigint unsigned DEFAULT NULL,
  `head_code` bigint NOT NULL,
  `head_name` varchar(255) COLLATE utf8mb4_unicode_ci NOT NULL,
  `transaction` tinyint NOT NULL DEFAULT '0',
  `general` tinyint NOT NULL DEFAULT '0',
  `head_type` varchar(255) COLLATE utf8mb4_unicode_ci NOT NULL,
  `status` tinyint NOT NULL DEFAULT '1',
  `updateable` tinyint NOT NULL DEFAULT '1',
  `created_by` bigint unsigned DEFAULT NULL,
  `updated_by` bigint unsigned DEFAULT NULL,
  `deleted_by` bigint unsigned DEFAULT NULL,
  `deleted_at` timestamp NULL DEFAULT NULL,
  `created_at` timestamp NULL DEFAULT NULL,
  `updated_at` timestamp NULL DEFAULT NULL,
  PRIMARY KEY (`id`)
) ENGINE=InnoDB AUTO_INCREMENT=248 DEFAULT CHARSET=utf8mb4 COLLATE=utf8mb4_unicode_ci;

-- Dumping data for table amar_hostel.coa_setups: ~112 rows (approximately)
DELETE FROM `coa_setups`;
INSERT INTO `coa_setups` (`id`, `parent_id`, `head_code`, `head_name`, `transaction`, `general`, `head_type`, `status`, `updateable`, `created_by`, `updated_by`, `deleted_by`, `deleted_at`, `created_at`, `updated_at`) VALUES
	(1, NULL, 1, 'Assets', 0, 0, 'A', 1, 0, 1, NULL, NULL, NULL, '2023-12-07 07:14:30', '2023-12-07 07:14:30'),
	(2, NULL, 2, 'Liabilities', 0, 0, 'L', 1, 0, 1, 1, NULL, NULL, '2023-12-07 07:14:59', '2023-12-07 10:24:11'),
	(3, NULL, 3, 'Income', 0, 0, 'I', 1, 0, 1, NULL, NULL, NULL, '2023-12-07 07:17:15', '2023-12-07 07:17:15'),
	(4, NULL, 4, 'Expense', 0, 0, 'E', 1, 0, 1, 2, NULL, NULL, '2023-12-07 07:17:44', '2024-02-29 13:56:50'),
	(18, 1, 101, 'Current Asset', 0, 0, 'A', 1, 0, 1, 2, NULL, NULL, '2023-12-12 14:10:35', '2024-02-28 15:15:38'),
	(19, 18, 10101, 'Cash Receivable', 0, 1, 'A', 1, 0, 1, 1, NULL, NULL, '2023-12-12 14:12:01', '2026-02-09 22:52:05'),
	(23, 18, 10102, 'Cash In Hand', 0, 1, 'A', 1, 0, 1, 4, NULL, NULL, '2023-12-13 03:34:03', '2024-10-07 20:28:30'),
	(24, 18, 10103, 'Cash at Bank', 0, 1, 'A', 1, 0, 1, 1, NULL, NULL, '2023-12-13 12:55:18', '2026-02-09 22:53:18'),
	(36, 1, 102, 'Fixed Asset', 0, 0, 'A', 1, 0, 2, NULL, NULL, NULL, '2023-12-30 06:44:47', '2023-12-30 06:44:47'),
	(128, 4, 401, 'Food Expense', 0, 1, 'E', 1, 1, 4, 4, NULL, NULL, '2024-09-29 06:32:17', '2024-10-05 13:58:46'),
	(129, 4, 402, 'Operational Expense', 0, 1, 'E', 1, 1, 4, NULL, NULL, NULL, '2024-09-29 06:38:57', '2024-09-29 06:38:57'),
	(130, 4, 403, 'Fixed Expense', 0, 1, 'E', 1, 1, 4, NULL, NULL, NULL, '2024-09-29 06:39:53', '2024-09-29 06:39:53'),
	(131, 4, 404, 'Marketing Expense', 0, 1, 'E', 1, 1, 4, NULL, NULL, NULL, '2024-09-29 06:40:09', '2024-09-29 06:40:09'),
	(136, 3, 301, 'CASH BY INVESTMENT', 1, 1, 'I', 1, 1, 4, 4, NULL, NULL, '2024-10-04 15:52:58', '2024-10-05 01:22:55'),
	(137, 128, 40101, 'CHAL, DAL, TEL, MUDI MAL', 1, 0, 'E', 1, 1, 4, 4, NULL, NULL, '2024-10-05 13:59:06', '2024-10-06 17:44:12'),
	(138, 128, 40102, 'MACH, MANGSO, DIM', 1, 0, 'E', 1, 1, 4, 4, NULL, NULL, '2024-10-05 13:59:26', '2024-10-06 17:44:25'),
	(139, 2, 201, 'Cash Payable', 0, 1, 'L', 1, 1, 1, NULL, NULL, NULL, '2024-10-06 16:07:48', '2024-10-06 16:07:48'),
	(140, 2, 202, 'Investor Capital', 0, 1, 'L', 1, 1, 1, 4, NULL, NULL, '2024-10-06 16:08:12', '2024-10-06 18:54:34'),
	(141, 140, 20201, 'Abu Faysal', 0, 0, 'L', 1, 1, 1, 1, NULL, NULL, '2024-10-06 16:08:27', '2025-07-01 18:05:17'),
	(142, 140, 20202, 'Mostafizur Rahman', 0, 0, 'L', 1, 1, 1, 1, NULL, NULL, '2024-10-06 16:09:39', '2025-07-01 18:05:16'),
	(143, 140, 20203, 'Islam Zahirul', 0, 0, 'L', 1, 1, 1, 1, NULL, NULL, '2024-10-06 16:10:30', '2025-07-01 18:05:08'),
	(144, 128, 40103, 'ADHA KACHA MAL', 1, 0, 'E', 1, 1, 4, NULL, NULL, NULL, '2024-10-06 17:44:42', '2024-10-06 17:44:42'),
	(145, 128, 40104, 'KACHA MAL', 1, 0, 'E', 1, 1, 4, NULL, NULL, NULL, '2024-10-06 17:44:53', '2024-10-06 17:44:53'),
	(146, 128, 40105, 'OTHERS DAILY BAZAR', 1, 0, 'E', 1, 1, 4, NULL, NULL, NULL, '2024-10-06 17:45:30', '2024-10-06 17:45:30'),
	(153, 131, 40401, 'BOOSTING COST', 1, 0, 'E', 1, 1, 4, NULL, NULL, NULL, '2024-10-06 17:49:36', '2024-10-06 17:49:36'),
	(155, 130, 40301, 'OFFICE RENT', 1, 0, 'E', 1, 1, 4, NULL, NULL, NULL, '2024-10-06 17:50:09', '2024-10-06 17:50:09'),
	(156, 130, 40302, 'KITCHEN RENT', 1, 0, 'E', 1, 1, 4, NULL, NULL, NULL, '2024-10-06 17:50:23', '2024-10-06 17:50:23'),
	(157, 130, 40303, 'RADHUNI SALARY', 1, 0, 'E', 1, 1, 4, NULL, NULL, NULL, '2024-10-06 17:50:54', '2024-10-06 17:50:54'),
	(158, 130, 40304, 'DELIVERYMAN SALARY', 1, 0, 'E', 1, 1, 4, NULL, NULL, NULL, '2024-10-06 17:51:04', '2024-10-06 17:51:04'),
	(159, 130, 40305, 'STAFF SALARY', 1, 0, 'E', 1, 1, 4, NULL, NULL, NULL, '2024-10-06 17:51:14', '2024-10-06 17:51:14'),
	(160, 140, 20204, 'Md Nazmul Hossen Sumon', 0, 0, 'L', 1, 1, 4, 1, NULL, NULL, '2024-10-06 18:55:20', '2025-07-01 18:05:10'),
	(161, 140, 20205, 'Syedul Alam Chowdhury', 0, 0, 'L', 1, 1, 4, 1, NULL, NULL, '2024-10-06 18:55:39', '2025-07-01 18:05:04'),
	(162, 140, 20206, 'Khandokar Jewel', 0, 0, 'L', 1, 1, 4, 1, NULL, NULL, '2024-10-07 20:20:55', '2025-07-01 18:05:14'),
	(163, 23, 1010201, 'Cash at Niloy', 1, 0, 'A', 1, 1, 4, 4, NULL, NULL, '2024-10-07 20:28:50', '2025-09-28 09:53:34'),
	(164, 131, 40402, 'AGENCY FEE', 1, 0, 'E', 1, 1, 4, NULL, NULL, NULL, '2024-10-07 20:58:34', '2024-10-07 20:58:34'),
	(165, 129, 40201, 'DAILY TRANSPORTATION', 1, 0, 'E', 1, 1, 4, NULL, NULL, NULL, '2024-10-07 20:59:05', '2024-10-07 20:59:05'),
	(166, 128, 40106, 'GAS', 1, 0, 'E', 1, 1, 4, NULL, NULL, NULL, '2024-10-20 14:43:20', '2024-10-20 14:43:20'),
	(167, 128, 40107, 'DESSERT', 1, 0, 'E', 1, 1, 4, 4, NULL, NULL, '2024-10-22 21:16:28', '2024-10-22 21:16:53'),
	(168, 129, 40202, 'OTHERS OPERATIONAL COST', 1, 0, 'E', 1, 1, 4, NULL, NULL, NULL, '2024-10-23 00:05:00', '2024-10-23 00:05:00'),
	(169, 140, 20207, 'Md Nazmur Rahim Raza', 0, 0, 'L', 1, 1, 4, 1, NULL, NULL, '2024-11-02 16:02:16', '2025-07-01 18:05:12'),
	(170, 140, 20208, 'Moshiur Rahman', 0, 0, 'L', 1, 1, 4, 1, NULL, NULL, '2024-11-12 10:35:30', '2025-07-01 18:04:59'),
	(171, 140, 20209, 'Saddam Rupali', 0, 0, 'L', 1, 1, 4, 1, NULL, NULL, '2024-11-12 10:37:30', '2025-07-01 18:04:37'),
	(172, 129, 40203, 'ONE-TIME BOX', 1, 0, 'E', 1, 1, 4, NULL, NULL, NULL, '2024-12-18 15:09:33', '2024-12-18 15:09:33'),
	(173, 140, 20210, 'Sajedul Islam Sumon', 0, 0, 'L', 1, 1, 4, 1, NULL, NULL, '2025-01-12 18:49:10', '2025-07-01 18:04:33'),
	(174, 3, 302, 'Bill Collection', 0, 1, 'I', 1, 1, 4, 3, NULL, NULL, '2025-01-28 11:32:14', '2026-02-09 00:18:36'),
	(175, 140, 20211, 'Riadul Bijoy', 0, 0, 'L', 1, 1, 4, 1, NULL, NULL, '2025-02-02 17:27:52', '2025-07-01 18:03:53'),
	(176, 140, 20212, 'Tanvir', 1, 0, 'L', 1, 1, 4, 1, NULL, NULL, '2025-06-04 08:36:26', '2025-07-01 18:03:48'),
	(177, 140, 20213, 'Razia Sultana', 1, 0, 'L', 1, 1, 1, 1, NULL, NULL, '2025-07-01 13:09:14', '2025-07-03 14:57:50'),
	(178, 140, 20214, 'Symoon Maruf', 1, 0, 'L', 1, 1, 1, 1, NULL, NULL, '2025-07-01 13:12:15', '2025-07-01 18:03:42'),
	(179, 140, 20215, 'SK Turag', 1, 0, 'L', 1, 1, 1, 1, NULL, NULL, '2025-07-01 13:13:13', '2025-07-03 14:57:29'),
	(180, 140, 20216, 'Shaiful Islam', 1, 0, 'L', 1, 1, 1, 1, NULL, NULL, '2025-07-01 13:14:59', '2025-07-01 18:03:36'),
	(181, 140, 20217, 'Moshiujjaman Sumon', 1, 0, 'L', 1, 1, 1, 1, NULL, NULL, '2025-07-01 13:16:22', '2025-07-01 18:03:32'),
	(182, 140, 20218, 'Moonmoon Gulshan', 1, 0, 'L', 1, 1, 1, 1, NULL, NULL, '2025-07-01 14:45:16', '2025-07-01 18:03:27'),
	(183, 140, 20219, 'Mohabbat Ullah', 1, 0, 'L', 1, 1, 1, 1, NULL, NULL, '2025-07-01 14:53:38', '2025-07-01 18:03:20'),
	(184, 140, 20220, 'Sayid Ahmed', 0, 0, 'L', 1, 1, 1, 4, NULL, NULL, '2025-07-01 14:54:59', '2025-07-30 14:48:16'),
	(185, 4, 405, 'Investor Profit', 0, 1, 'E', 1, 1, 1, NULL, NULL, NULL, '2025-07-01 18:02:35', '2025-07-01 18:02:35'),
	(186, 185, 40501, 'Sayid Ahmed - Profit', 0, 0, 'E', 1, 1, 1, 4, NULL, NULL, '2025-07-01 18:03:16', '2025-07-17 17:11:10'),
	(187, 185, 40502, 'Mohabbat Ullah - Profit', 0, 0, 'E', 1, 1, 1, 4, NULL, NULL, '2025-07-01 18:03:20', '2025-07-17 17:11:20'),
	(188, 185, 40503, 'Moonmoon Gulshan - Profit', 0, 0, 'E', 1, 1, 1, 4, NULL, NULL, '2025-07-01 18:03:27', '2025-07-17 17:11:33'),
	(189, 185, 40504, 'Moshiujjaman Sumon - Profit', 1, 0, 'E', 1, 1, 1, 1, NULL, NULL, '2025-07-01 18:03:32', '2025-07-02 23:28:37'),
	(190, 185, 40505, 'Shaiful Islam - Profit', 1, 0, 'E', 1, 1, 1, 1, NULL, NULL, '2025-07-01 18:03:36', '2025-07-02 23:28:39'),
	(191, 185, 40506, 'SK Turag - Profit', 1, 0, 'E', 1, 1, 1, 1, NULL, NULL, '2025-07-01 18:03:39', '2025-07-03 14:57:29'),
	(192, 185, 40507, 'Symoon Maruf - Profit', 1, 0, 'E', 1, 1, 1, 1, NULL, NULL, '2025-07-01 18:03:42', '2025-07-02 23:28:43'),
	(193, 185, 40508, 'Razia Sultana - Profit', 1, 0, 'E', 1, 1, 1, 1, NULL, NULL, '2025-07-01 18:03:45', '2025-07-03 14:57:50'),
	(194, 185, 40509, 'Tanvir - Profit', 1, 0, 'E', 1, 1, 1, 1, NULL, NULL, '2025-07-01 18:03:48', '2025-07-02 23:28:48'),
	(195, 185, 40510, 'Riadul Bijoy - Profit', 1, 0, 'E', 1, 1, 1, 1, NULL, NULL, '2025-07-01 18:03:53', '2025-07-02 23:28:50'),
	(196, 185, 40511, 'Sajedul Islam Sumon - Profit', 1, 0, 'E', 1, 1, 1, 1, NULL, NULL, '2025-07-01 18:04:33', '2025-07-02 23:28:54'),
	(197, 185, 40512, 'Saddam Rupali - Profit', 1, 0, 'E', 1, 1, 1, 1, NULL, NULL, '2025-07-01 18:04:37', '2025-07-02 23:28:55'),
	(198, 185, 40513, 'Moshiur Rahman - Profit', 1, 0, 'E', 1, 1, 1, 1, NULL, NULL, '2025-07-01 18:04:59', '2025-07-02 23:28:57'),
	(199, 185, 40514, 'Syedul Alam Chowdhury - Profit', 1, 0, 'E', 1, 1, 1, 1, NULL, NULL, '2025-07-01 18:05:04', '2025-07-02 23:28:58'),
	(200, 185, 40515, 'Islam Zahirul - Profit', 1, 0, 'E', 1, 1, 1, 1, NULL, NULL, '2025-07-01 18:05:08', '2025-07-02 23:29:01'),
	(201, 185, 40516, 'Md Nazmul Hossen Sumon - Profit', 1, 0, 'E', 1, 1, 1, 1, NULL, NULL, '2025-07-01 18:05:10', '2025-07-02 23:29:03'),
	(202, 185, 40517, 'Md Nazmur Rahim Raza - Profit', 1, 0, 'E', 1, 1, 1, 1, NULL, NULL, '2025-07-01 18:05:12', '2025-07-02 23:29:04'),
	(203, 185, 40518, 'Khandokar Jewel - Profit', 1, 0, 'E', 1, 1, 1, 1, NULL, NULL, '2025-07-01 18:05:14', '2025-07-02 23:29:05'),
	(204, 185, 40519, 'Mostafizur Rahman - Profit', 1, 0, 'E', 1, 1, 1, 1, NULL, NULL, '2025-07-01 18:05:16', '2025-07-02 23:29:07'),
	(205, 185, 40520, 'Abu Faysal - Profit', 1, 0, 'E', 1, 1, 1, 1, NULL, NULL, '2025-07-01 18:05:17', '2025-07-02 23:28:52'),
	(206, 140, 20221, 'Md Tofajjel Hossain', 1, 0, 'L', 1, 1, 1, NULL, NULL, NULL, '2025-09-18 07:05:43', '2025-09-18 07:05:43'),
	(207, 185, 40521, 'Md Tofajjel Hossain - Profit', 1, 0, 'E', 1, 1, 1, NULL, NULL, NULL, '2025-09-18 07:05:43', '2025-09-18 07:05:43'),
	(210, 140, 20223, 'Al Emran', 1, 0, 'L', 1, 1, 1, NULL, NULL, NULL, '2025-09-18 07:06:16', '2025-09-18 07:06:16'),
	(211, 185, 40523, 'Al Emran - Profit', 1, 0, 'E', 1, 1, 1, NULL, NULL, NULL, '2025-09-18 07:06:16', '2025-09-18 07:06:16'),
	(212, 140, 20224, 'Sayid Ahmed', 1, 0, 'L', 1, 1, 1, NULL, NULL, NULL, '2025-09-18 07:06:29', '2025-09-18 07:06:29'),
	(213, 185, 40524, 'Sayid Ahmed - Profit', 1, 0, 'E', 1, 1, 1, NULL, NULL, NULL, '2025-09-18 07:06:29', '2025-09-18 07:06:29'),
	(214, 140, 20225, 'Rana Ibrahim', 1, 0, 'L', 1, 1, 1, NULL, NULL, NULL, '2025-09-18 07:06:47', '2025-09-18 07:06:47'),
	(215, 185, 40525, 'Rana Ibrahim - Profit', 1, 0, 'E', 1, 1, 1, NULL, NULL, NULL, '2025-09-18 07:06:47', '2025-09-18 07:06:47'),
	(216, 140, 20226, 'Md Ariful Islam', 1, 0, 'L', 1, 1, 1, NULL, NULL, NULL, '2025-09-18 07:07:15', '2025-09-18 07:07:15'),
	(217, 185, 40526, 'Md Ariful Islam - Profit', 1, 0, 'E', 1, 1, 1, NULL, NULL, NULL, '2025-09-18 07:07:15', '2025-09-18 07:07:15'),
	(218, 140, 20227, 'MD ATIQUZZAMAN', 1, 0, 'L', 1, 1, 1, NULL, NULL, NULL, '2025-09-18 07:07:31', '2025-09-18 07:07:31'),
	(219, 185, 40527, 'MD ATIQUZZAMAN - Profit', 1, 0, 'E', 1, 1, 1, NULL, NULL, NULL, '2025-09-18 07:07:31', '2025-09-18 07:07:31'),
	(220, 140, 20228, 'Mahir Wasif', 1, 0, 'L', 1, 1, 1, NULL, NULL, NULL, '2025-09-18 07:07:46', '2025-09-18 07:07:46'),
	(221, 185, 40528, 'Mahir Wasif - Profit', 1, 0, 'E', 1, 1, 1, NULL, NULL, NULL, '2025-09-18 07:07:46', '2025-09-18 07:07:46'),
	(222, 140, 20229, 'Mamunur Rashid', 1, 0, 'L', 1, 1, 1, NULL, NULL, NULL, '2025-09-18 07:08:00', '2025-09-18 07:08:00'),
	(223, 185, 40529, 'Mamunur Rashid - Profit', 1, 0, 'E', 1, 1, 1, NULL, NULL, NULL, '2025-09-18 07:08:00', '2025-09-18 07:08:00'),
	(224, 140, 20230, 'Shaiful Islam', 1, 0, 'L', 1, 1, 4, NULL, NULL, NULL, '2025-09-28 10:03:52', '2025-09-28 10:03:52'),
	(225, 185, 40530, 'Shaiful Islam - Profit', 1, 0, 'E', 1, 1, 4, NULL, NULL, NULL, '2025-09-28 10:03:52', '2025-09-28 10:03:52'),
	(226, 140, 20231, 'Miraj Habib', 1, 0, 'L', 1, 1, 4, NULL, NULL, NULL, '2025-09-28 10:10:11', '2025-09-28 10:10:11'),
	(227, 185, 40531, 'Miraj Habib - Profit', 1, 0, 'E', 1, 1, 4, NULL, NULL, NULL, '2025-09-28 10:10:11', '2025-09-28 10:10:11'),
	(228, 140, 20232, 'Mahbub Alam', 1, 0, 'L', 1, 1, 4, NULL, NULL, NULL, '2025-09-28 10:19:07', '2025-09-28 10:19:07'),
	(229, 185, 40532, 'Mahbub Alam - Profit', 1, 0, 'E', 1, 1, 4, NULL, NULL, NULL, '2025-09-28 10:19:07', '2025-09-28 10:19:07'),
	(230, 140, 20233, 'Tanvir', 1, 0, 'L', 1, 1, 4, NULL, NULL, NULL, '2025-09-28 10:19:51', '2025-09-28 10:19:51'),
	(231, 185, 40533, 'Tanvir - Profit', 1, 0, 'E', 1, 1, 4, NULL, NULL, NULL, '2025-09-28 10:19:51', '2025-09-28 10:19:51'),
	(232, 140, 20234, 'Md saymon(vr-298)', 1, 0, 'L', 1, 1, 4, NULL, NULL, NULL, '2025-09-28 10:20:59', '2025-09-28 10:20:59'),
	(233, 185, 40534, 'Md saymon(vr-298) - Profit', 1, 0, 'E', 1, 1, 4, NULL, NULL, NULL, '2025-09-28 10:20:59', '2025-09-28 10:20:59'),
	(234, 23, 1010202, 'Cash at Fattah', 1, 0, 'A', 1, 1, 4, NULL, NULL, NULL, '2025-09-28 10:21:38', '2025-09-28 10:21:38'),
	(235, 140, 20235, 'Islam Zohirul', 1, 0, 'L', 1, 1, 1, NULL, NULL, NULL, '2025-09-29 05:20:44', '2025-09-29 05:20:44'),
	(236, 185, 40535, 'Islam Zohirul - Profit', 1, 0, 'E', 1, 1, 1, NULL, NULL, NULL, '2025-09-29 05:20:44', '2025-09-29 05:20:44'),
	(241, 140, 20236, 'Investor 1', 1, 0, 'L', 1, 1, 1, NULL, NULL, NULL, '2026-02-09 22:23:41', '2026-02-09 22:23:41'),
	(242, 185, 40536, 'Investor 1 - Profit', 1, 0, 'E', 1, 1, 1, NULL, NULL, NULL, '2026-02-09 22:23:41', '2026-02-09 22:23:41'),
	(243, 19, 1010101, 'Seat Booking', 1, 0, 'A', 1, 1, 1, NULL, NULL, NULL, '2026-02-09 22:52:47', '2026-02-09 22:52:47'),
	(244, 24, 1010301, 'UCBL', 1, 0, 'A', 1, 1, 1, NULL, NULL, NULL, '2026-02-09 22:53:31', '2026-02-09 22:53:31'),
	(245, 140, 20237, 'Wali', 1, 0, 'L', 1, 1, 1, NULL, NULL, NULL, '2026-02-15 04:26:31', '2026-02-15 04:26:31'),
	(246, 185, 40537, 'Wali - Profit', 1, 0, 'E', 1, 1, 1, NULL, NULL, NULL, '2026-02-15 04:26:31', '2026-02-15 04:26:31'),
	(247, 4, 406, 'Room Cost', 0, 0, 'E', 1, 1, 1, NULL, NULL, NULL, '2026-02-18 04:43:16', '2026-02-18 04:43:16');

-- Dumping structure for table amar_hostel.collections
DROP TABLE IF EXISTS `collections`;
CREATE TABLE IF NOT EXISTS `collections` (
  `id` bigint unsigned NOT NULL AUTO_INCREMENT,
  `client_id` bigint unsigned NOT NULL,
  `coa_id` bigint unsigned DEFAULT NULL,
  `sales_id` bigint unsigned DEFAULT NULL,
  `sales_return_id` bigint unsigned DEFAULT NULL,
  `payment_no` varchar(255) CHARACTER SET utf8mb4 COLLATE utf8mb4_unicode_ci NOT NULL,
  `date` date NOT NULL,
  `payment_type` varchar(255) CHARACTER SET utf8mb4 COLLATE utf8mb4_unicode_ci NOT NULL,
  `collection_type` varchar(255) CHARACTER SET utf8mb4 COLLATE utf8mb4_unicode_ci NOT NULL,
  `amount` decimal(16,2) NOT NULL,
  `remarks` varchar(255) CHARACTER SET utf8mb4 COLLATE utf8mb4_unicode_ci DEFAULT NULL,
  `created_by` bigint unsigned DEFAULT NULL,
  `updated_by` bigint unsigned DEFAULT NULL,
  `deleted_by` bigint unsigned DEFAULT NULL,
  `deleted_at` timestamp NULL DEFAULT NULL,
  `created_at` timestamp NULL DEFAULT NULL,
  `updated_at` timestamp NULL DEFAULT NULL,
  PRIMARY KEY (`id`),
  UNIQUE KEY `collections_payment_no_unique` (`payment_no`),
  KEY `collections_client_id_foreign` (`client_id`),
  KEY `collections_coa_id_foreign` (`coa_id`),
  KEY `collections_sales_id_foreign` (`sales_id`),
  KEY `collections_sales_return_id_foreign` (`sales_return_id`),
  KEY `collections_created_by_foreign` (`created_by`),
  KEY `collections_updated_by_foreign` (`updated_by`),
  KEY `collections_deleted_by_foreign` (`deleted_by`),
  CONSTRAINT `collections_client_id_foreign` FOREIGN KEY (`client_id`) REFERENCES `clients` (`id`) ON DELETE CASCADE,
  CONSTRAINT `collections_coa_id_foreign` FOREIGN KEY (`coa_id`) REFERENCES `coas` (`id`) ON DELETE SET NULL,
  CONSTRAINT `collections_created_by_foreign` FOREIGN KEY (`created_by`) REFERENCES `users` (`id`) ON DELETE SET NULL,
  CONSTRAINT `collections_deleted_by_foreign` FOREIGN KEY (`deleted_by`) REFERENCES `users` (`id`) ON DELETE SET NULL,
  CONSTRAINT `collections_sales_id_foreign` FOREIGN KEY (`sales_id`) REFERENCES `sales` (`id`) ON DELETE CASCADE,
  CONSTRAINT `collections_sales_return_id_foreign` FOREIGN KEY (`sales_return_id`) REFERENCES `sales_returns` (`id`) ON DELETE CASCADE,
  CONSTRAINT `collections_updated_by_foreign` FOREIGN KEY (`updated_by`) REFERENCES `users` (`id`) ON DELETE SET NULL
) ENGINE=InnoDB AUTO_INCREMENT=15 DEFAULT CHARSET=utf8mb4 COLLATE=utf8mb4_unicode_ci;

-- Dumping data for table amar_hostel.collections: ~14 rows (approximately)
DELETE FROM `collections`;
INSERT INTO `collections` (`id`, `client_id`, `coa_id`, `sales_id`, `sales_return_id`, `payment_no`, `date`, `payment_type`, `collection_type`, `amount`, `remarks`, `created_by`, `updated_by`, `deleted_by`, `deleted_at`, `created_at`, `updated_at`) VALUES
	(1, 40, 98, NULL, NULL, 'CC2601001', '2026-01-05', 'Cash', 'Payment', 680.00, NULL, 28, NULL, NULL, NULL, '2026-01-11 08:57:19', '2026-01-11 08:57:19'),
	(2, 61, 14, NULL, NULL, 'CC2601002', '2026-01-08', 'Bank', 'Payment', 7171.00, NULL, 28, NULL, NULL, NULL, '2026-01-11 09:17:37', '2026-01-11 09:17:37'),
	(3, 61, 98, NULL, NULL, 'CC2601003', '2026-01-04', 'Cash', 'Payment', 500.00, NULL, 28, NULL, NULL, NULL, '2026-01-11 23:56:50', '2026-01-11 23:56:50'),
	(4, 37, 98, NULL, NULL, 'CC2601004', '2026-01-04', 'Cash', 'Payment', 2500.00, NULL, 28, NULL, NULL, NULL, '2026-01-11 23:57:57', '2026-01-11 23:57:57'),
	(5, 14, 98, NULL, NULL, 'CC2601005', '2026-01-04', 'Cash', 'Payment', 2500.00, NULL, 28, NULL, NULL, NULL, '2026-01-11 23:58:48', '2026-01-11 23:58:48'),
	(6, 25, 98, NULL, NULL, 'CC2602001', '2026-01-28', 'Cash', 'Payment', 6500.00, NULL, 28, 28, NULL, NULL, '2026-02-04 06:59:37', '2026-02-04 07:00:08'),
	(7, 22, 98, NULL, NULL, 'CC2602002', '2026-01-29', 'Cash', 'Payment', 5000.00, NULL, 28, NULL, NULL, NULL, '2026-02-04 07:01:56', '2026-02-04 07:01:56'),
	(8, 44, 98, NULL, NULL, 'CC2602003', '2026-02-01', 'Cash', 'Payment', 4000.00, NULL, 28, 28, NULL, NULL, '2026-02-04 07:04:51', '2026-02-04 07:05:13'),
	(9, 48, 98, NULL, NULL, 'CC2602004', '2026-02-03', 'Cash', 'Payment', 16000.00, NULL, 28, NULL, NULL, NULL, '2026-02-04 07:06:24', '2026-02-04 07:06:24'),
	(10, 53, 98, NULL, NULL, 'CC2602005', '2026-02-04', 'Cash', 'Payment', 8000.00, NULL, 28, NULL, NULL, NULL, '2026-02-04 07:07:32', '2026-02-04 07:07:32'),
	(11, 67, 98, NULL, NULL, 'CC2602006', '2026-02-07', 'Cash', 'Payment', 6000.00, NULL, 28, NULL, NULL, NULL, '2026-02-09 05:22:29', '2026-02-09 05:22:29'),
	(12, 63, 14, NULL, NULL, 'CC2602007', '2026-02-09', 'Bank', 'Payment', 1827.00, NULL, 28, NULL, NULL, NULL, '2026-02-09 05:24:46', '2026-02-09 05:24:46'),
	(13, 66, 98, NULL, NULL, 'CC2602008', '2026-02-17', 'Cash', 'Payment', 2.00, 'vvv', 1, NULL, NULL, NULL, '2026-02-17 04:14:30', '2026-02-17 04:14:30'),
	(14, 5, 13, NULL, NULL, 'CC2602009', '2026-02-18', 'Cash', 'Payment', 10.00, NULL, 1, NULL, NULL, NULL, '2026-02-17 21:57:09', '2026-02-17 21:57:09');

-- Dumping structure for table amar_hostel.collection_lists
DROP TABLE IF EXISTS `collection_lists`;
CREATE TABLE IF NOT EXISTS `collection_lists` (
  `id` bigint unsigned NOT NULL AUTO_INCREMENT,
  `collection_id` bigint unsigned NOT NULL,
  `sales_id` bigint unsigned NOT NULL,
  `amount` decimal(16,2) NOT NULL,
  `created_at` timestamp NULL DEFAULT NULL,
  `updated_at` timestamp NULL DEFAULT NULL,
  PRIMARY KEY (`id`),
  KEY `collection_lists_collection_id_foreign` (`collection_id`),
  KEY `collection_lists_sales_id_foreign` (`sales_id`),
  CONSTRAINT `collection_lists_collection_id_foreign` FOREIGN KEY (`collection_id`) REFERENCES `collections` (`id`) ON DELETE CASCADE,
  CONSTRAINT `collection_lists_sales_id_foreign` FOREIGN KEY (`sales_id`) REFERENCES `sales` (`id`) ON DELETE CASCADE
) ENGINE=InnoDB AUTO_INCREMENT=33 DEFAULT CHARSET=utf8mb4 COLLATE=utf8mb4_unicode_ci;

-- Dumping data for table amar_hostel.collection_lists: ~27 rows (approximately)
DELETE FROM `collection_lists`;
INSERT INTO `collection_lists` (`id`, `collection_id`, `sales_id`, `amount`, `created_at`, `updated_at`) VALUES
	(1, 1, 414, 680.00, '2026-01-11 08:57:19', '2026-01-11 08:57:19'),
	(2, 2, 153, 4180.00, '2026-01-11 09:17:37', '2026-01-11 09:17:37'),
	(3, 2, 236, 1344.00, '2026-01-11 09:17:37', '2026-01-11 09:17:37'),
	(4, 2, 238, 1647.00, '2026-01-11 09:17:37', '2026-01-11 09:17:37'),
	(5, 3, 238, 81.00, '2026-01-11 23:56:50', '2026-01-11 23:56:50'),
	(6, 3, 274, 419.00, '2026-01-11 23:56:50', '2026-01-11 23:56:50'),
	(7, 4, 157, 2500.00, '2026-01-11 23:57:57', '2026-01-11 23:57:57'),
	(8, 5, 165, 2500.00, '2026-01-11 23:58:48', '2026-01-11 23:58:48'),
	(13, 6, 183, 5800.00, '2026-02-04 07:00:08', '2026-02-04 07:00:08'),
	(14, 6, 184, 700.00, '2026-02-04 07:00:08', '2026-02-04 07:00:08'),
	(15, 7, 143, 5000.00, '2026-02-04 07:01:56', '2026-02-04 07:01:56'),
	(17, 8, 196, 4000.00, '2026-02-04 07:05:13', '2026-02-04 07:05:13'),
	(18, 9, 201, 2320.00, '2026-02-04 07:06:24', '2026-02-04 07:06:24'),
	(19, 9, 235, 3840.00, '2026-02-04 07:06:24', '2026-02-04 07:06:24'),
	(20, 9, 272, 5200.00, '2026-02-04 07:06:24', '2026-02-04 07:06:24'),
	(21, 9, 317, 4640.00, '2026-02-04 07:06:24', '2026-02-04 07:06:24'),
	(22, 10, 154, 6600.00, '2026-02-04 07:07:32', '2026-02-04 07:07:32'),
	(23, 10, 241, 1400.00, '2026-02-04 07:07:32', '2026-02-04 07:07:32'),
	(24, 11, 439, 6000.00, '2026-02-09 05:22:29', '2026-02-09 05:22:29'),
	(25, 12, 418, 192.00, '2026-02-09 05:24:46', '2026-02-09 05:24:46'),
	(26, 12, 419, 192.00, '2026-02-09 05:24:46', '2026-02-09 05:24:46'),
	(27, 12, 435, 946.00, '2026-02-09 05:24:46', '2026-02-09 05:24:46'),
	(28, 12, 442, 178.00, '2026-02-09 05:24:46', '2026-02-09 05:24:46'),
	(29, 12, 443, 178.00, '2026-02-09 05:24:46', '2026-02-09 05:24:46'),
	(30, 12, 444, 141.00, '2026-02-09 05:24:46', '2026-02-09 05:24:46'),
	(31, 13, 2, 2.00, '2026-02-17 04:14:30', '2026-02-17 04:14:30'),
	(32, 14, 3, 10.00, '2026-02-17 21:57:09', '2026-02-17 21:57:09');

-- Dumping structure for table amar_hostel.expenses
DROP TABLE IF EXISTS `expenses`;
CREATE TABLE IF NOT EXISTS `expenses` (
  `id` bigint unsigned NOT NULL AUTO_INCREMENT,
  `coa_id` bigint unsigned NOT NULL,
  `transaction_no` varchar(255) COLLATE utf8mb4_unicode_ci NOT NULL,
  `date` date NOT NULL,
  `remarks` text COLLATE utf8mb4_unicode_ci,
  `document` varchar(255) COLLATE utf8mb4_unicode_ci DEFAULT NULL,
  `amount` decimal(16,2) NOT NULL DEFAULT '0.00',
  `created_by` bigint unsigned DEFAULT NULL,
  `updated_by` bigint unsigned DEFAULT NULL,
  `deleted_by` bigint unsigned DEFAULT NULL,
  `deleted_at` timestamp NULL DEFAULT NULL,
  `created_at` timestamp NULL DEFAULT NULL,
  `updated_at` timestamp NULL DEFAULT NULL,
  PRIMARY KEY (`id`),
  UNIQUE KEY `expenses_transaction_no_unique` (`transaction_no`),
  KEY `expenses_coa_id_foreign` (`coa_id`),
  KEY `expenses_created_by_foreign` (`created_by`),
  KEY `expenses_updated_by_foreign` (`updated_by`),
  KEY `expenses_deleted_by_foreign` (`deleted_by`)
) ENGINE=InnoDB AUTO_INCREMENT=116 DEFAULT CHARSET=utf8mb4 COLLATE=utf8mb4_unicode_ci;

-- Dumping data for table amar_hostel.expenses: ~114 rows (approximately)
DELETE FROM `expenses`;
INSERT INTO `expenses` (`id`, `coa_id`, `transaction_no`, `date`, `remarks`, `document`, `amount`, `created_by`, `updated_by`, `deleted_by`, `deleted_at`, `created_at`, `updated_at`) VALUES
	(1, 13, 'EXP-2510001', '2025-10-01', NULL, NULL, 152.00, 2, 2, NULL, NULL, '2025-10-19 03:52:30', '2025-10-19 03:52:30'),
	(2, 13, 'EXP-2510002', '2025-10-02', NULL, NULL, 120.00, 2, 2, NULL, NULL, '2025-10-19 03:52:58', '2025-10-19 03:52:58'),
	(3, 13, 'EXP-2510003', '2025-10-04', NULL, NULL, 136.00, 2, 2, NULL, NULL, '2025-10-19 03:54:49', '2025-10-19 03:54:49'),
	(4, 13, 'EXP-2510004', '2025-10-05', NULL, NULL, 300.00, 2, 2, NULL, NULL, '2025-10-19 03:55:46', '2025-10-19 03:55:46'),
	(5, 13, 'EXP-2510005', '2025-10-06', NULL, NULL, 628.00, 2, 2, NULL, NULL, '2025-10-19 03:57:00', '2025-10-19 03:57:00'),
	(6, 13, 'EXP-2510006', '2025-10-08', NULL, NULL, 724.00, 2, 2, NULL, NULL, '2025-10-19 03:57:54', '2025-10-19 03:57:54'),
	(7, 13, 'EXP-2510007', '2025-10-09', NULL, NULL, 176.00, 2, 2, NULL, NULL, '2025-10-19 03:58:39', '2025-10-19 03:58:39'),
	(8, 13, 'EXP-2510008', '2025-10-12', NULL, NULL, 118.00, 2, 2, NULL, NULL, '2025-10-19 03:59:18', '2025-10-19 03:59:18'),
	(9, 13, 'EXP-2510009', '2025-10-13', NULL, NULL, 596.00, 2, 2, NULL, NULL, '2025-10-19 04:00:26', '2025-10-19 04:00:26'),
	(10, 13, 'EXP-2510010', '2025-10-14', NULL, NULL, 116.00, 2, 2, NULL, NULL, '2025-10-19 04:00:56', '2025-10-19 04:00:56'),
	(11, 13, 'EXP-2510011', '2025-10-15', NULL, NULL, 518.00, 2, 2, NULL, NULL, '2025-10-19 04:01:50', '2025-10-19 04:01:50'),
	(12, 13, 'EXP-2510012', '2025-10-16', NULL, NULL, 596.00, 2, 2, NULL, NULL, '2025-10-19 04:02:54', '2025-10-19 04:21:30'),
	(13, 13, 'EXP-2510013', '2025-10-18', NULL, NULL, 702.00, 2, 2, NULL, NULL, '2025-10-19 04:03:40', '2025-10-19 04:03:40'),
	(14, 13, 'EXP-2510014', '2025-10-19', NULL, NULL, 20000.00, 2, 2, NULL, '2025-10-29 08:15:35', '2025-10-20 06:26:42', '2025-10-29 08:15:35'),
	(15, 13, 'EXP-2510015', '2025-10-20', NULL, NULL, 6500.00, 2, 2, NULL, '2025-10-29 08:15:38', '2025-10-20 11:22:45', '2025-10-29 08:15:38'),
	(16, 13, 'EXP-2510016', '2025-10-21', NULL, NULL, 450.00, 2, 2, NULL, '2025-10-29 08:15:50', '2025-10-21 06:55:03', '2025-10-29 08:15:50'),
	(17, 13, 'EXP-2510017', '2025-10-21', NULL, NULL, 380.00, 2, 2, NULL, '2025-10-29 08:15:52', '2025-10-21 06:56:23', '2025-10-29 08:15:52'),
	(18, 13, 'EXP-2510018', '2025-10-22', NULL, NULL, 380.00, 2, 2, NULL, '2025-10-29 08:16:05', '2025-10-22 07:44:21', '2025-10-29 08:16:05'),
	(19, 13, 'EXP-2510019', '2025-10-22', NULL, NULL, 220.00, 2, 2, NULL, '2025-10-29 08:16:11', '2025-10-22 07:45:44', '2025-10-29 08:16:11'),
	(20, 13, 'EXP-2510020', '2025-10-23', NULL, NULL, 430.00, 2, 2, NULL, '2025-10-29 08:16:08', '2025-10-23 05:25:37', '2025-10-29 08:16:08'),
	(21, 13, 'EXP-2510021', '2025-10-23', NULL, NULL, 350.00, 2, 2, NULL, '2025-10-29 08:16:06', '2025-10-23 05:26:33', '2025-10-29 08:16:06'),
	(23, 13, 'EXP-2510022', '2025-10-19', NULL, NULL, 80.00, 2, 2, NULL, NULL, '2025-10-29 08:20:05', '2025-10-29 08:20:05'),
	(24, 13, 'EXP-2510023', '2025-10-20', NULL, NULL, 446.00, 2, 2, NULL, NULL, '2025-10-29 08:20:45', '2025-10-29 08:20:45'),
	(25, 13, 'EXP-2510024', '2025-10-21', NULL, NULL, 652.00, 2, 2, NULL, NULL, '2025-10-29 08:21:25', '2025-10-29 08:21:25'),
	(26, 13, 'EXP-2510025', '2025-10-22', NULL, NULL, 692.00, 2, 2, NULL, NULL, '2025-10-29 08:21:58', '2025-10-29 08:21:58'),
	(27, 13, 'EXP-2510026', '2025-10-23', NULL, NULL, 718.00, 2, 2, NULL, NULL, '2025-10-29 08:22:38', '2025-10-29 08:22:38'),
	(28, 13, 'EXP-2510027', '2025-10-25', NULL, NULL, 180.00, 2, 2, NULL, NULL, '2025-10-29 08:23:24', '2025-10-29 08:23:24'),
	(29, 13, 'EXP-2510028', '2025-10-26', NULL, NULL, 784.00, 2, 2, NULL, NULL, '2025-10-29 08:24:56', '2025-10-30 18:46:24'),
	(30, 13, 'EXP-2510029', '2025-10-27', NULL, NULL, 792.00, 2, 2, NULL, NULL, '2025-10-29 08:25:24', '2025-10-30 18:45:47'),
	(31, 13, 'EXP-2510030', '2025-10-28', NULL, NULL, 660.00, 2, 2, NULL, NULL, '2025-10-30 18:47:04', '2025-10-30 18:47:04'),
	(32, 13, 'EXP-2510031', '2025-10-29', NULL, NULL, 1040.00, 2, 2, NULL, NULL, '2025-10-30 18:47:42', '2025-10-30 18:47:42'),
	(33, 13, 'EXP-2510032', '2025-10-30', NULL, NULL, 1278.00, 2, 2, NULL, NULL, '2025-10-30 18:48:27', '2025-10-30 18:48:27'),
	(34, 13, 'EXP-2511001', '2025-11-01', NULL, NULL, 380.00, 2, 2, NULL, '2025-11-19 03:13:34', '2025-11-01 09:45:09', '2025-11-19 03:13:34'),
	(35, 13, 'EXP-2511002', '2025-11-01', NULL, NULL, 436.00, 2, 1, NULL, NULL, '2025-11-01 09:45:57', '2025-11-19 03:14:05'),
	(36, 13, 'EXP-2511003', '2025-11-02', NULL, NULL, 676.00, 2, 1, NULL, NULL, '2025-11-02 12:13:14', '2025-11-19 03:20:25'),
	(37, 13, 'EXP-2511004', '2025-11-02', NULL, NULL, 350.00, 2, 2, NULL, '2025-11-19 03:20:00', '2025-11-02 12:13:48', '2025-11-19 03:20:00'),
	(38, 13, 'EXP-2511005', '2025-11-03', NULL, NULL, 280.00, 2, 2, NULL, '2025-11-19 03:23:11', '2025-11-03 13:04:51', '2025-11-19 03:23:11'),
	(39, 13, 'EXP-2511006', '2025-11-03', NULL, NULL, 688.00, 2, 1, NULL, NULL, '2025-11-03 13:05:29', '2025-11-19 03:23:32'),
	(40, 13, 'EXP-2511007', '2025-11-04', NULL, NULL, 788.00, 2, 1, NULL, NULL, '2025-11-04 11:52:53', '2025-11-19 03:24:27'),
	(41, 13, 'EXP-2511008', '2025-11-04', NULL, NULL, 580.00, 2, 2, NULL, '2025-11-19 03:23:49', '2025-11-04 11:53:15', '2025-11-19 03:23:49'),
	(42, 13, 'EXP-2511009', '2025-11-05', NULL, NULL, 1100.00, 2, 1, NULL, NULL, '2025-11-05 11:53:53', '2025-11-19 03:30:05'),
	(43, 13, 'EXP-2511010', '2025-11-05', NULL, NULL, 350.00, 2, 2, NULL, '2025-11-19 03:24:33', '2025-11-05 11:54:17', '2025-11-19 03:24:33'),
	(44, 13, 'EXP-2511011', '2025-11-06', NULL, NULL, 868.00, 2, 1, NULL, NULL, '2025-11-06 13:19:32', '2025-11-19 03:31:29'),
	(45, 13, 'EXP-2511012', '2025-11-06', NULL, NULL, 500.00, 2, 2, NULL, '2025-11-19 03:30:35', '2025-11-06 13:20:15', '2025-11-19 03:30:35'),
	(46, 13, 'EXP-2511013', '2025-11-08', NULL, NULL, 460.00, 2, 2, NULL, '2025-11-19 03:31:53', '2025-11-08 05:27:35', '2025-11-19 03:31:53'),
	(47, 13, 'EXP-2511014', '2025-11-08', NULL, NULL, 958.00, 2, 1, NULL, NULL, '2025-11-08 05:28:06', '2025-11-19 03:32:40'),
	(48, 13, 'EXP-2511015', '2025-11-09', NULL, NULL, 20000.00, 2, 2, NULL, '2025-11-19 03:32:58', '2025-11-09 00:07:54', '2025-11-19 03:32:58'),
	(49, 13, 'EXP-2511016', '2025-11-09', NULL, NULL, 1002.00, 2, 1, NULL, NULL, '2025-11-09 00:08:30', '2025-11-19 03:35:41'),
	(50, 13, 'EXP-2511017', '2025-11-09', NULL, NULL, 5500.00, 2, 2, NULL, '2025-11-19 03:34:51', '2025-11-09 00:11:30', '2025-11-19 03:34:51'),
	(51, 13, 'EXP-2511018', '2025-11-09', NULL, NULL, 460.00, 2, 2, NULL, '2025-11-19 03:34:48', '2025-11-09 11:37:52', '2025-11-19 03:34:48'),
	(52, 13, 'EXP-2511019', '2025-11-09', NULL, NULL, 500.00, 2, 2, NULL, '2025-11-19 03:33:02', '2025-11-09 11:39:17', '2025-11-19 03:33:02'),
	(53, 13, 'EXP-2511020', '2025-11-10', NULL, NULL, 1080.00, 2, 1, NULL, NULL, '2025-11-10 13:43:40', '2025-11-19 03:36:40'),
	(54, 13, 'EXP-2511021', '2025-11-10', NULL, NULL, 700.00, 2, 2, NULL, '2025-11-19 03:36:08', '2025-11-10 13:43:57', '2025-11-19 03:36:08'),
	(55, 13, 'EXP-2511022', '2025-11-11', NULL, NULL, 550.00, 2, 2, NULL, '2025-11-19 03:36:52', '2025-11-11 13:24:09', '2025-11-19 03:36:52'),
	(56, 13, 'EXP-2511023', '2025-11-11', NULL, NULL, 774.00, 2, 1, NULL, NULL, '2025-11-11 13:24:32', '2025-11-19 03:37:39'),
	(57, 13, 'EXP-2511024', '2025-11-12', NULL, NULL, 1000.00, 2, 1, NULL, NULL, '2025-11-18 12:49:58', '2025-11-19 03:38:17'),
	(58, 13, 'EXP-2511025', '2025-11-12', NULL, NULL, 500.00, 2, 2, NULL, '2025-11-19 03:37:47', '2025-11-18 12:50:33', '2025-11-19 03:37:47'),
	(59, 13, 'EXP-2511026', '2025-11-13', NULL, NULL, 808.00, 2, 1, NULL, NULL, '2025-11-18 12:51:01', '2025-11-19 03:39:15'),
	(60, 13, 'EXP-2511027', '2025-11-13', NULL, NULL, 550.00, 2, 2, NULL, '2025-11-19 03:38:40', '2025-11-18 12:51:27', '2025-11-19 03:38:40'),
	(61, 13, 'EXP-2511028', '2025-11-15', NULL, NULL, 832.00, 2, 1, NULL, NULL, '2025-11-18 12:51:58', '2025-11-19 03:40:01'),
	(62, 13, 'EXP-2511029', '2025-11-15', NULL, NULL, 500.00, 2, 2, NULL, '2025-11-19 03:39:26', '2025-11-18 12:52:44', '2025-11-19 03:39:26'),
	(63, 13, 'EXP-2511030', '2025-11-16', NULL, NULL, 984.00, 2, 1, NULL, NULL, '2025-11-18 12:53:14', '2025-11-19 03:40:34'),
	(64, 13, 'EXP-2511031', '2025-11-17', NULL, NULL, 910.00, 2, 1, NULL, NULL, '2025-11-18 12:53:42', '2025-11-19 03:41:03'),
	(65, 13, 'EXP-2511032', '2025-11-18', NULL, NULL, 780.00, 2, 2, NULL, '2025-11-19 03:41:08', '2025-11-18 12:54:32', '2025-11-19 03:41:08'),
	(66, 13, 'EXP-2511033', '2025-11-19', NULL, NULL, 520.00, 2, 2, NULL, NULL, '2025-11-19 07:03:12', '2025-11-19 07:03:12'),
	(67, 13, 'EXP-2511034', '2025-11-19', NULL, NULL, 500.00, 2, 2, NULL, NULL, '2025-11-19 07:03:33', '2025-11-19 07:03:33'),
	(68, 13, 'EXP-2511035', '2025-11-19', NULL, NULL, 20000.00, 2, 2, NULL, NULL, '2025-11-19 09:05:29', '2025-11-19 09:05:29'),
	(69, 13, 'EXP-2511036', '2025-11-19', NULL, NULL, 10000.00, 2, 2, NULL, NULL, '2025-11-19 09:05:57', '2025-11-19 09:05:57'),
	(70, 13, 'EXP-2511037', '2025-11-19', 'card', NULL, 3500.00, 2, 2, NULL, NULL, '2025-11-19 09:06:33', '2025-11-19 09:06:33'),
	(71, 13, 'EXP-2511038', '2025-11-19', 'pwd', NULL, 10000.00, 2, 2, NULL, NULL, '2025-11-19 09:07:16', '2025-11-19 09:07:16'),
	(72, 13, 'EXP-2511039', '2025-11-19', 'in house food 2 pepoole', NULL, 10800.00, 2, 2, NULL, NULL, '2025-11-19 09:08:50', '2025-11-19 09:08:50'),
	(73, 13, 'EXP-2511040', '2025-11-19', 'bosting', NULL, 4000.00, 2, 2, NULL, NULL, '2025-11-19 09:10:02', '2025-11-19 09:10:02'),
	(74, 13, 'EXP-2511041', '2025-11-18', NULL, NULL, 750.00, 2, 2, NULL, NULL, '2025-11-19 09:13:18', '2025-11-19 09:13:18'),
	(75, 13, 'EXP-2511042', '2025-11-20', NULL, NULL, 850.00, 2, 2, NULL, NULL, '2025-11-20 09:57:48', '2025-11-20 09:57:48'),
	(76, 13, 'EXP-2511043', '2025-11-22', NULL, NULL, 920.00, 2, 2, NULL, NULL, '2025-11-22 10:39:14', '2025-11-22 10:39:14'),
	(77, 13, 'EXP-2511044', '2025-11-23', NULL, NULL, 1080.00, 2, 2, NULL, NULL, '2025-11-23 05:21:30', '2025-11-23 05:21:30'),
	(78, 13, 'EXP-2511045', '2025-11-24', NULL, NULL, 960.00, 2, 2, NULL, NULL, '2025-11-24 05:19:14', '2025-11-24 05:19:28'),
	(79, 13, 'EXP-2511046', '2025-11-25', NULL, NULL, 890.00, 2, 2, NULL, NULL, '2025-11-25 01:42:41', '2025-11-25 01:42:41'),
	(80, 13, 'EXP-2511047', '2025-11-25', 'office rent', NULL, 20000.00, 2, 2, NULL, NULL, '2025-11-25 09:11:28', '2025-11-25 09:11:47'),
	(81, 13, 'EXP-2511048', '2025-11-26', NULL, NULL, 920.00, 2, 2, NULL, NULL, '2025-11-26 03:16:47', '2025-11-26 03:16:47'),
	(82, 13, 'EXP-2511049', '2025-11-27', NULL, NULL, 870.00, 2, 2, NULL, NULL, '2025-11-27 04:33:30', '2025-11-27 04:33:30'),
	(83, 13, 'EXP-2511050', '2025-11-29', NULL, NULL, 950.00, 2, 2, NULL, NULL, '2025-11-29 04:57:25', '2025-11-29 04:57:25'),
	(84, 13, 'EXP-2511051', '2025-11-30', NULL, NULL, 970.00, 2, 2, NULL, NULL, '2025-11-30 05:29:32', '2025-11-30 05:29:32'),
	(85, 13, 'EXP-2512001', '2025-12-01', NULL, NULL, 880.00, 2, 2, NULL, NULL, '2025-12-01 11:50:25', '2025-12-01 11:50:25'),
	(86, 13, 'EXP-2512002', '2025-12-02', NULL, NULL, 1050.00, 2, 2, NULL, NULL, '2025-12-02 12:03:07', '2025-12-02 12:03:07'),
	(87, 13, 'EXP-2512003', '2025-12-03', NULL, NULL, 980.00, 2, 2, NULL, NULL, '2025-12-03 14:09:56', '2025-12-03 14:09:56'),
	(88, 13, 'EXP-2512004', '2025-12-04', 'electricity bill', NULL, 4000.00, 2, 2, NULL, NULL, '2025-12-04 00:42:38', '2025-12-04 00:42:38'),
	(89, 13, 'EXP-2512005', '2025-12-04', 'Rent', NULL, 20000.00, 2, 2, NULL, NULL, '2025-12-04 00:43:45', '2025-12-04 00:43:45'),
	(90, 13, 'EXP-2512006', '2025-12-04', NULL, NULL, 1070.00, 2, 2, NULL, NULL, '2025-12-04 05:53:17', '2025-12-04 05:53:17'),
	(91, 13, 'EXP-2512007', '2025-12-06', 'salary', NULL, 13000.00, 2, 2, NULL, NULL, '2025-12-17 00:33:14', '2025-12-17 00:33:14'),
	(92, 13, 'EXP-2512008', '2025-12-07', 'Salary', NULL, 14000.00, 2, 2, NULL, NULL, '2025-12-18 23:39:33', '2025-12-18 23:39:33'),
	(93, 13, 'EXP-2512009', '2025-12-08', 'salary', NULL, 5000.00, 2, 2, NULL, NULL, '2025-12-20 09:16:13', '2025-12-20 09:16:13'),
	(94, 13, 'EXP-2512010', '2025-12-08', 'Marketing', NULL, 10000.00, 2, 2, NULL, NULL, '2025-12-20 09:17:34', '2025-12-20 09:17:34'),
	(95, 13, 'EXP-2512011', '2025-12-09', 'office ta/da', NULL, 3300.00, 2, 2, NULL, NULL, '2025-12-20 09:19:11', '2025-12-20 09:19:11'),
	(96, 13, 'EXP-2512012', '2025-12-10', 'Salary', NULL, 13000.00, 2, 2, NULL, NULL, '2025-12-24 13:23:49', '2025-12-24 13:23:49'),
	(97, 13, 'EXP-2512013', '2025-12-14', 'salary', NULL, 15000.00, 2, 2, NULL, NULL, '2025-12-24 13:24:58', '2025-12-24 13:24:58'),
	(98, 13, 'EXP-2512014', '2025-12-29', 'BBox pic', NULL, 10000.00, 2, 2, NULL, NULL, '2025-12-29 09:49:48', '2025-12-29 09:49:48'),
	(99, 13, 'EXP-2512015', '2025-12-13', 'salary', NULL, 14000.00, 2, 2, NULL, NULL, '2025-12-29 09:51:18', '2025-12-29 09:51:18'),
	(100, 13, 'EXP-2601001', '2026-01-01', 'Salary', NULL, 13000.00, 2, 2, NULL, NULL, '2026-01-13 23:50:31', '2026-01-13 23:50:31'),
	(101, 13, 'EXP-2601002', '2026-01-03', 'Salary', NULL, 15000.00, 2, 2, NULL, NULL, '2026-01-13 23:51:14', '2026-01-13 23:51:14'),
	(102, 13, 'EXP-2601003', '2026-01-04', 'Rent', NULL, 20000.00, 2, 2, NULL, NULL, '2026-01-13 23:56:47', '2026-01-13 23:56:47'),
	(103, 13, 'EXP-2601004', '2026-01-14', 'TADA', NULL, 9500.00, 2, 2, NULL, NULL, '2026-01-13 23:58:20', '2026-01-13 23:58:20'),
	(104, 13, 'EXP-2601005', '2026-01-02', 'bill', NULL, 5000.00, 2, 2, NULL, NULL, '2026-01-13 23:59:09', '2026-01-13 23:59:09'),
	(105, 13, 'EXP-2601006', '2026-01-10', 'Salary', NULL, 20000.00, 2, 2, NULL, NULL, '2026-01-23 23:55:19', '2026-01-23 23:55:19'),
	(106, 13, 'EXP-2601007', '2026-01-26', 'BBox pic', NULL, 10000.00, 2, 2, NULL, NULL, '2026-01-26 00:59:26', '2026-01-26 00:59:26'),
	(107, 13, 'EXP-2601008', '2026-01-20', 'marketing', NULL, 10000.00, 2, 2, NULL, NULL, '2026-01-26 01:00:20', '2026-01-26 01:01:27'),
	(108, 13, 'EXP-2601009', '2026-01-19', 'salary', NULL, 20000.00, 2, 2, NULL, NULL, '2026-01-26 01:00:52', '2026-01-26 01:00:52'),
	(109, 13, 'EXP-2601010', '2026-01-19', 'salary', NULL, 20000.00, 2, 2, NULL, '2026-01-26 01:01:45', '2026-01-26 01:01:03', '2026-01-26 01:01:45'),
	(110, 13, 'EXP-2601011', '2026-01-26', 'salary', NULL, 10000.00, 2, 2, NULL, NULL, '2026-01-26 01:03:04', '2026-01-26 01:03:04'),
	(111, 13, 'EXP-2602001', '2026-02-17', 'Rent', NULL, 20000.00, 2, 2, NULL, NULL, '2026-02-17 12:06:31', '2026-02-17 12:06:31'),
	(112, 13, 'EXP-2602002', '2026-02-04', 'Salary', NULL, 22000.00, 2, 2, NULL, NULL, '2026-02-17 12:07:17', '2026-02-17 12:07:17'),
	(113, 13, 'EXP-2602003', '2026-02-17', 'bill', NULL, 4500.00, 2, 2, NULL, NULL, '2026-02-17 12:07:56', '2026-02-17 12:07:56'),
	(114, 13, 'EXP-2602004', '2026-02-16', 'salary', NULL, 13000.00, 2, 2, NULL, NULL, '2026-02-17 12:09:38', '2026-02-17 12:09:38'),
	(115, 98, 'EXP-2602005', '2026-02-18', 'Wali', NULL, 200.00, 1, 1, NULL, NULL, '2026-02-18 00:58:49', '2026-02-18 00:58:49');

-- Dumping structure for table amar_hostel.expense_items
DROP TABLE IF EXISTS `expense_items`;
CREATE TABLE IF NOT EXISTS `expense_items` (
  `id` bigint unsigned NOT NULL AUTO_INCREMENT,
  `expense_id` bigint unsigned NOT NULL,
  `coa_id` bigint unsigned NOT NULL,
  `amount` decimal(16,2) NOT NULL DEFAULT '0.00',
  `is_distributed` tinyint(1) NOT NULL DEFAULT '0',
  `created_at` timestamp NULL DEFAULT NULL,
  `updated_at` timestamp NULL DEFAULT NULL,
  PRIMARY KEY (`id`),
  KEY `expense_items_expense_id_foreign` (`expense_id`),
  KEY `expense_items_coa_id_foreign` (`coa_id`)
) ENGINE=InnoDB AUTO_INCREMENT=139 DEFAULT CHARSET=utf8mb4 COLLATE=utf8mb4_unicode_ci;

-- Dumping data for table amar_hostel.expense_items: ~114 rows (approximately)
DELETE FROM `expense_items`;
INSERT INTO `expense_items` (`id`, `expense_id`, `coa_id`, `amount`, `is_distributed`, `created_at`, `updated_at`) VALUES
	(1, 1, 93, 152.00, 0, '2025-10-19 03:52:30', '2025-10-19 03:52:30'),
	(2, 2, 93, 120.00, 0, '2025-10-19 03:52:58', '2025-10-19 03:52:58'),
	(3, 3, 93, 136.00, 0, '2025-10-19 03:54:49', '2025-10-19 03:54:49'),
	(4, 4, 93, 300.00, 0, '2025-10-19 03:55:46', '2025-10-19 03:55:46'),
	(5, 5, 93, 628.00, 0, '2025-10-19 03:57:00', '2025-10-19 03:57:00'),
	(6, 6, 93, 724.00, 0, '2025-10-19 03:57:54', '2025-10-19 03:57:54'),
	(7, 7, 93, 176.00, 0, '2025-10-19 03:58:39', '2025-10-19 03:58:39'),
	(8, 8, 93, 118.00, 0, '2025-10-19 03:59:18', '2025-10-19 03:59:18'),
	(9, 9, 93, 596.00, 0, '2025-10-19 04:00:26', '2025-10-19 04:00:26'),
	(10, 10, 93, 116.00, 0, '2025-10-19 04:00:56', '2025-10-19 04:00:56'),
	(11, 11, 93, 518.00, 0, '2025-10-19 04:01:50', '2025-10-19 04:01:50'),
	(13, 13, 93, 702.00, 0, '2025-10-19 04:03:40', '2025-10-19 04:03:40'),
	(14, 12, 93, 596.00, 0, '2025-10-19 04:21:30', '2025-10-19 04:21:30'),
	(18, 14, 95, 20000.00, 0, '2025-10-20 06:27:48', '2025-10-20 06:27:48'),
	(19, 15, 257, 6500.00, 0, '2025-10-20 11:22:45', '2025-10-20 11:22:45'),
	(20, 16, 257, 450.00, 0, '2025-10-21 06:55:03', '2025-10-21 06:55:03'),
	(21, 17, 259, 380.00, 0, '2025-10-21 06:56:23', '2025-10-21 06:56:23'),
	(22, 18, 257, 380.00, 0, '2025-10-22 07:44:21', '2025-10-22 07:44:21'),
	(23, 19, 259, 220.00, 0, '2025-10-22 07:45:44', '2025-10-22 07:45:44'),
	(24, 20, 257, 430.00, 0, '2025-10-23 05:25:37', '2025-10-23 05:25:37'),
	(25, 21, 259, 350.00, 0, '2025-10-23 05:26:33', '2025-10-23 05:26:33'),
	(26, 23, 93, 80.00, 0, '2025-10-29 08:20:05', '2025-10-29 08:20:05'),
	(27, 24, 93, 446.00, 0, '2025-10-29 08:20:45', '2025-10-29 08:20:45'),
	(28, 25, 93, 652.00, 0, '2025-10-29 08:21:25', '2025-10-29 08:21:25'),
	(29, 26, 93, 692.00, 0, '2025-10-29 08:21:58', '2025-10-29 08:21:58'),
	(30, 27, 93, 718.00, 0, '2025-10-29 08:22:38', '2025-10-29 08:22:38'),
	(31, 28, 93, 180.00, 0, '2025-10-29 08:23:24', '2025-10-29 08:23:24'),
	(34, 30, 93, 792.00, 0, '2025-10-30 18:45:47', '2025-10-30 18:45:47'),
	(35, 29, 93, 784.00, 0, '2025-10-30 18:46:24', '2025-10-30 18:46:24'),
	(36, 31, 93, 660.00, 0, '2025-10-30 18:47:04', '2025-10-30 18:47:04'),
	(37, 32, 93, 1040.00, 0, '2025-10-30 18:47:42', '2025-10-30 18:47:42'),
	(38, 33, 93, 1278.00, 0, '2025-10-30 18:48:27', '2025-10-30 18:48:27'),
	(39, 34, 259, 380.00, 0, '2025-11-01 09:45:09', '2025-11-01 09:45:09'),
	(42, 37, 258, 350.00, 0, '2025-11-02 12:13:48', '2025-11-02 12:13:48'),
	(43, 38, 259, 280.00, 0, '2025-11-03 13:04:51', '2025-11-03 13:04:51'),
	(46, 41, 259, 580.00, 0, '2025-11-04 11:53:15', '2025-11-04 11:53:15'),
	(48, 43, 258, 350.00, 0, '2025-11-05 11:54:17', '2025-11-05 11:54:17'),
	(50, 45, 258, 500.00, 0, '2025-11-06 13:20:15', '2025-11-06 13:20:15'),
	(51, 46, 259, 460.00, 0, '2025-11-08 05:27:35', '2025-11-08 05:27:35'),
	(53, 48, 95, 20000.00, 0, '2025-11-09 00:07:54', '2025-11-09 00:07:54'),
	(55, 50, 94, 5500.00, 0, '2025-11-09 00:11:30', '2025-11-09 00:11:30'),
	(56, 51, 259, 460.00, 0, '2025-11-09 11:37:52', '2025-11-09 11:37:52'),
	(57, 52, 258, 500.00, 0, '2025-11-09 11:39:17', '2025-11-09 11:39:17'),
	(59, 54, 258, 700.00, 0, '2025-11-10 13:43:57', '2025-11-10 13:43:57'),
	(60, 55, 259, 550.00, 0, '2025-11-11 13:24:09', '2025-11-11 13:24:09'),
	(63, 58, 258, 500.00, 0, '2025-11-18 12:50:33', '2025-11-18 12:50:33'),
	(65, 60, 258, 550.00, 0, '2025-11-18 12:51:27', '2025-11-18 12:51:27'),
	(67, 62, 258, 500.00, 0, '2025-11-18 12:52:44', '2025-11-18 12:52:44'),
	(70, 65, 259, 780.00, 0, '2025-11-18 12:54:32', '2025-11-18 12:54:32'),
	(71, 35, 93, 436.00, 0, '2025-11-19 03:14:05', '2025-11-19 03:14:05'),
	(72, 36, 259, 676.00, 0, '2025-11-19 03:20:25', '2025-11-19 03:20:25'),
	(73, 39, 93, 688.00, 0, '2025-11-19 03:23:32', '2025-11-19 03:23:32'),
	(74, 40, 93, 788.00, 0, '2025-11-19 03:24:27', '2025-11-19 03:24:27'),
	(75, 42, 93, 1100.00, 0, '2025-11-19 03:30:05', '2025-11-19 03:30:05'),
	(76, 44, 93, 868.00, 0, '2025-11-19 03:31:29', '2025-11-19 03:31:29'),
	(77, 47, 93, 958.00, 0, '2025-11-19 03:32:40', '2025-11-19 03:32:40'),
	(78, 49, 93, 1002.00, 0, '2025-11-19 03:35:41', '2025-11-19 03:35:41'),
	(79, 53, 93, 1080.00, 0, '2025-11-19 03:36:40', '2025-11-19 03:36:40'),
	(80, 56, 93, 774.00, 0, '2025-11-19 03:37:39', '2025-11-19 03:37:39'),
	(81, 57, 93, 1000.00, 0, '2025-11-19 03:38:17', '2025-11-19 03:38:17'),
	(82, 59, 93, 808.00, 0, '2025-11-19 03:39:15', '2025-11-19 03:39:15'),
	(83, 61, 93, 832.00, 0, '2025-11-19 03:40:01', '2025-11-19 03:40:01'),
	(84, 63, 258, 984.00, 0, '2025-11-19 03:40:34', '2025-11-19 03:40:34'),
	(85, 64, 93, 910.00, 0, '2025-11-19 03:41:03', '2025-11-19 03:41:03'),
	(86, 66, 259, 520.00, 0, '2025-11-19 07:03:12', '2025-11-19 07:03:12'),
	(87, 67, 258, 500.00, 0, '2025-11-19 07:03:33', '2025-11-19 07:03:33'),
	(88, 68, 95, 20000.00, 0, '2025-11-19 09:05:29', '2025-11-19 09:05:29'),
	(89, 69, 94, 10000.00, 0, '2025-11-19 09:05:57', '2025-11-19 09:05:57'),
	(90, 70, 257, 3500.00, 0, '2025-11-19 09:06:33', '2025-11-19 09:06:33'),
	(91, 71, 258, 10000.00, 0, '2025-11-19 09:07:16', '2025-11-19 09:07:16'),
	(92, 72, 259, 10800.00, 0, '2025-11-19 09:08:50', '2025-11-19 09:08:50'),
	(93, 73, 257, 4000.00, 0, '2025-11-19 09:10:02', '2025-11-19 09:10:02'),
	(94, 74, 257, 750.00, 0, '2025-11-19 09:13:18', '2025-11-19 09:13:18'),
	(95, 75, 259, 850.00, 0, '2025-11-20 09:57:48', '2025-11-20 09:57:48'),
	(96, 76, 259, 920.00, 0, '2025-11-22 10:39:14', '2025-11-22 10:39:14'),
	(97, 77, 259, 1080.00, 0, '2025-11-23 05:21:30', '2025-11-23 05:21:30'),
	(99, 78, 259, 960.00, 0, '2025-11-24 05:19:28', '2025-11-24 05:19:28'),
	(100, 79, 259, 890.00, 0, '2025-11-25 01:42:41', '2025-11-25 01:42:41'),
	(102, 80, 95, 20000.00, 0, '2025-11-25 09:11:48', '2025-11-25 09:11:48'),
	(103, 81, 259, 920.00, 0, '2025-11-26 03:16:47', '2025-11-26 03:16:47'),
	(104, 82, 259, 870.00, 0, '2025-11-27 04:33:30', '2025-11-27 04:33:30'),
	(105, 83, 259, 950.00, 0, '2025-11-29 04:57:25', '2025-11-29 04:57:25'),
	(106, 84, 259, 970.00, 0, '2025-11-30 05:29:32', '2025-11-30 05:29:32'),
	(107, 85, 259, 880.00, 0, '2025-12-01 11:50:25', '2025-12-01 11:50:25'),
	(108, 86, 259, 1050.00, 0, '2025-12-02 12:03:07', '2025-12-02 12:03:07'),
	(109, 87, 259, 980.00, 0, '2025-12-03 14:09:56', '2025-12-03 14:09:56'),
	(110, 88, 94, 4000.00, 0, '2025-12-04 00:42:38', '2025-12-04 00:42:38'),
	(111, 89, 95, 20000.00, 0, '2025-12-04 00:43:45', '2025-12-04 00:43:45'),
	(112, 90, 259, 1070.00, 0, '2025-12-04 05:53:17', '2025-12-04 05:53:17'),
	(113, 91, 260, 13000.00, 0, '2025-12-17 00:33:14', '2025-12-17 00:33:14'),
	(114, 92, 260, 14000.00, 0, '2025-12-18 23:39:34', '2025-12-18 23:39:34'),
	(115, 93, 260, 5000.00, 0, '2025-12-20 09:16:13', '2025-12-20 09:16:13'),
	(116, 94, 259, 10000.00, 0, '2025-12-20 09:17:34', '2025-12-20 09:17:34'),
	(117, 95, 259, 3300.00, 0, '2025-12-20 09:19:11', '2025-12-20 09:19:11'),
	(118, 96, 260, 13000.00, 0, '2025-12-24 13:23:49', '2025-12-24 13:23:49'),
	(119, 97, 260, 15000.00, 0, '2025-12-24 13:24:58', '2025-12-24 13:24:58'),
	(120, 98, 259, 10000.00, 0, '2025-12-29 09:49:48', '2025-12-29 09:49:48'),
	(121, 99, 260, 14000.00, 0, '2025-12-29 09:51:18', '2025-12-29 09:51:18'),
	(122, 100, 260, 13000.00, 0, '2026-01-13 23:50:31', '2026-01-13 23:50:31'),
	(123, 101, 260, 15000.00, 0, '2026-01-13 23:51:14', '2026-01-13 23:51:14'),
	(124, 102, 95, 20000.00, 0, '2026-01-13 23:56:47', '2026-01-13 23:56:47'),
	(125, 103, 259, 9500.00, 0, '2026-01-13 23:58:20', '2026-01-13 23:58:20'),
	(126, 104, 94, 5000.00, 0, '2026-01-13 23:59:09', '2026-01-13 23:59:09'),
	(127, 105, 260, 20000.00, 0, '2026-01-23 23:55:19', '2026-01-23 23:55:19'),
	(128, 106, 259, 10000.00, 0, '2026-01-26 00:59:26', '2026-01-26 00:59:26'),
	(130, 108, 260, 20000.00, 0, '2026-01-26 01:00:52', '2026-01-26 01:00:52'),
	(131, 109, 260, 20000.00, 0, '2026-01-26 01:01:03', '2026-01-26 01:01:03'),
	(132, 107, 258, 10000.00, 0, '2026-01-26 01:01:27', '2026-01-26 01:01:27'),
	(133, 110, 260, 10000.00, 0, '2026-01-26 01:03:04', '2026-01-26 01:03:04'),
	(134, 111, 95, 20000.00, 0, '2026-02-17 12:06:31', '2026-02-17 12:06:31'),
	(135, 112, 260, 22000.00, 0, '2026-02-17 12:07:17', '2026-02-17 12:07:17'),
	(136, 113, 94, 4500.00, 0, '2026-02-17 12:07:56', '2026-02-17 12:07:56'),
	(137, 114, 260, 13000.00, 0, '2026-02-17 12:09:38', '2026-02-17 12:09:38'),
	(138, 115, 268, 200.00, 0, '2026-02-18 00:58:49', '2026-02-18 00:58:49');

-- Dumping structure for table amar_hostel.failed_jobs
DROP TABLE IF EXISTS `failed_jobs`;
CREATE TABLE IF NOT EXISTS `failed_jobs` (
  `id` bigint unsigned NOT NULL AUTO_INCREMENT,
  `uuid` varchar(255) COLLATE utf8mb4_unicode_ci NOT NULL,
  `connection` text COLLATE utf8mb4_unicode_ci NOT NULL,
  `queue` text COLLATE utf8mb4_unicode_ci NOT NULL,
  `payload` longtext COLLATE utf8mb4_unicode_ci NOT NULL,
  `exception` longtext COLLATE utf8mb4_unicode_ci NOT NULL,
  `failed_at` timestamp NOT NULL DEFAULT CURRENT_TIMESTAMP,
  PRIMARY KEY (`id`),
  UNIQUE KEY `failed_jobs_uuid_unique` (`uuid`)
) ENGINE=InnoDB DEFAULT CHARSET=utf8mb4 COLLATE=utf8mb4_unicode_ci;

-- Dumping data for table amar_hostel.failed_jobs: ~0 rows (approximately)
DELETE FROM `failed_jobs`;

-- Dumping structure for table amar_hostel.investors
DROP TABLE IF EXISTS `investors`;
CREATE TABLE IF NOT EXISTS `investors` (
  `id` bigint unsigned NOT NULL AUTO_INCREMENT,
  `user_id` bigint unsigned NOT NULL,
  `coa_setup_id` bigint unsigned DEFAULT NULL,
  `profit_head` bigint(20) unsigned zerofill DEFAULT NULL,
  `name` varchar(255) COLLATE utf8mb4_unicode_ci NOT NULL,
  `image` varchar(255) COLLATE utf8mb4_unicode_ci DEFAULT NULL,
  `email` varchar(255) COLLATE utf8mb4_unicode_ci DEFAULT NULL,
  `phone` varchar(255) COLLATE utf8mb4_unicode_ci DEFAULT NULL,
  `address` text COLLATE utf8mb4_unicode_ci,
  `nid` varchar(255) COLLATE utf8mb4_unicode_ci DEFAULT NULL,
  `document` varchar(255) COLLATE utf8mb4_unicode_ci DEFAULT NULL,
  `bkash` varchar(255) COLLATE utf8mb4_unicode_ci DEFAULT NULL,
  `rocket` varchar(255) COLLATE utf8mb4_unicode_ci DEFAULT NULL,
  `nagad` varchar(255) COLLATE utf8mb4_unicode_ci DEFAULT NULL,
  `bank` varchar(255) COLLATE utf8mb4_unicode_ci DEFAULT NULL,
  `branch` varchar(255) COLLATE utf8mb4_unicode_ci DEFAULT NULL,
  `account_name` varchar(255) COLLATE utf8mb4_unicode_ci DEFAULT NULL,
  `account_no` varchar(255) COLLATE utf8mb4_unicode_ci DEFAULT NULL,
  `status` tinyint NOT NULL DEFAULT '1',
  `created_by` bigint unsigned DEFAULT NULL,
  `updated_by` bigint unsigned DEFAULT NULL,
  `deleted_by` bigint unsigned DEFAULT NULL,
  `deleted_at` timestamp NULL DEFAULT NULL,
  `created_at` timestamp NULL DEFAULT NULL,
  `updated_at` timestamp NULL DEFAULT NULL,
  PRIMARY KEY (`id`),
  KEY `investors_user_id_foreign` (`user_id`),
  CONSTRAINT `investors_user_id_foreign` FOREIGN KEY (`user_id`) REFERENCES `users` (`id`) ON DELETE CASCADE
) ENGINE=InnoDB AUTO_INCREMENT=3 DEFAULT CHARSET=utf8mb4 COLLATE=utf8mb4_unicode_ci;

-- Dumping data for table amar_hostel.investors: ~2 rows (approximately)
DELETE FROM `investors`;
INSERT INTO `investors` (`id`, `user_id`, `coa_setup_id`, `profit_head`, `name`, `image`, `email`, `phone`, `address`, `nid`, `document`, `bkash`, `rocket`, `nagad`, `bank`, `branch`, `account_name`, `account_no`, `status`, `created_by`, `updated_by`, `deleted_by`, `deleted_at`, `created_at`, `updated_at`) VALUES
	(1, 6, 241, 00000000000000000242, 'Investor 1', NULL, NULL, '01997316189', NULL, NULL, NULL, NULL, NULL, NULL, NULL, NULL, NULL, NULL, 1, 1, NULL, NULL, NULL, '2026-02-09 22:23:41', '2026-02-09 22:23:41'),
	(2, 7, 245, 00000000000000000246, 'Wali', NULL, 'w@gmail.com', '01921588567', NULL, NULL, NULL, NULL, NULL, NULL, NULL, NULL, NULL, NULL, 1, 1, NULL, NULL, NULL, '2026-02-15 04:26:31', '2026-02-15 04:26:31');

-- Dumping structure for table amar_hostel.investor_payments
DROP TABLE IF EXISTS `investor_payments`;
CREATE TABLE IF NOT EXISTS `investor_payments` (
  `id` bigint unsigned NOT NULL AUTO_INCREMENT,
  `investor_id` bigint unsigned NOT NULL,
  `payment_no` varchar(255) COLLATE utf8mb4_unicode_ci NOT NULL,
  `date` date DEFAULT NULL,
  `amount` decimal(16,0) NOT NULL,
  `deposit_type` varchar(255) COLLATE utf8mb4_unicode_ci NOT NULL,
  `bkash` varchar(255) COLLATE utf8mb4_unicode_ci DEFAULT NULL,
  `rocket` varchar(255) COLLATE utf8mb4_unicode_ci DEFAULT NULL,
  `nagad` varchar(255) COLLATE utf8mb4_unicode_ci DEFAULT NULL,
  `bank_account` varchar(255) COLLATE utf8mb4_unicode_ci DEFAULT NULL,
  `remarks` text COLLATE utf8mb4_unicode_ci,
  `data` text COLLATE utf8mb4_unicode_ci NOT NULL,
  `approved` tinyint NOT NULL DEFAULT '0',
  `status` varchar(255) COLLATE utf8mb4_unicode_ci NOT NULL DEFAULT 'Pending',
  `created_by` bigint unsigned DEFAULT NULL,
  `updated_by` bigint unsigned DEFAULT NULL,
  `deleted_by` bigint unsigned DEFAULT NULL,
  `deleted_at` timestamp NULL DEFAULT NULL,
  `created_at` timestamp NULL DEFAULT NULL,
  `updated_at` timestamp NULL DEFAULT NULL,
  PRIMARY KEY (`id`),
  KEY `investor_payments_investor_id_foreign` (`investor_id`),
  CONSTRAINT `investor_payments_investor_id_foreign` FOREIGN KEY (`investor_id`) REFERENCES `investors` (`id`) ON DELETE CASCADE
) ENGINE=InnoDB DEFAULT CHARSET=utf8mb4 COLLATE=utf8mb4_unicode_ci;

-- Dumping data for table amar_hostel.investor_payments: ~0 rows (approximately)
DELETE FROM `investor_payments`;

-- Dumping structure for table amar_hostel.investor_profits
DROP TABLE IF EXISTS `investor_profits`;
CREATE TABLE IF NOT EXISTS `investor_profits` (
  `id` bigint unsigned NOT NULL AUTO_INCREMENT,
  `serial_no` varchar(255) COLLATE utf8mb4_unicode_ci NOT NULL,
  `year` int NOT NULL,
  `month` varchar(255) COLLATE utf8mb4_unicode_ci NOT NULL,
  `date` date DEFAULT NULL,
  `total_profit` decimal(16,0) NOT NULL,
  `investor_percentage` decimal(16,0) NOT NULL,
  `total_share` int NOT NULL,
  `amount` decimal(16,0) NOT NULL,
  `created_by` bigint unsigned DEFAULT NULL,
  `updated_by` bigint unsigned DEFAULT NULL,
  `deleted_by` bigint unsigned DEFAULT NULL,
  `deleted_at` timestamp NULL DEFAULT NULL,
  `created_at` timestamp NULL DEFAULT NULL,
  `updated_at` timestamp NULL DEFAULT NULL,
  PRIMARY KEY (`id`),
  UNIQUE KEY `investor_profits_serial_no_unique` (`serial_no`)
) ENGINE=InnoDB DEFAULT CHARSET=utf8mb4 COLLATE=utf8mb4_unicode_ci;

-- Dumping data for table amar_hostel.investor_profits: ~0 rows (approximately)
DELETE FROM `investor_profits`;

-- Dumping structure for table amar_hostel.investor_profit_lists
DROP TABLE IF EXISTS `investor_profit_lists`;
CREATE TABLE IF NOT EXISTS `investor_profit_lists` (
  `id` bigint unsigned NOT NULL AUTO_INCREMENT,
  `investor_profit_id` bigint unsigned NOT NULL,
  `investor_id` bigint unsigned NOT NULL,
  `share_qty` int NOT NULL,
  `amount` decimal(16,0) NOT NULL,
  `deposited_amount` decimal(16,0) NOT NULL DEFAULT '0',
  `deposited` tinyint NOT NULL DEFAULT '0',
  `deposit_date` date DEFAULT NULL,
  `created_at` timestamp NULL DEFAULT NULL,
  `updated_at` timestamp NULL DEFAULT NULL,
  PRIMARY KEY (`id`),
  KEY `investor_profit_lists_investor_profit_id_foreign` (`investor_profit_id`),
  KEY `investor_profit_lists_investor_id_foreign` (`investor_id`),
  CONSTRAINT `investor_profit_lists_investor_id_foreign` FOREIGN KEY (`investor_id`) REFERENCES `investors` (`id`) ON DELETE CASCADE,
  CONSTRAINT `investor_profit_lists_investor_profit_id_foreign` FOREIGN KEY (`investor_profit_id`) REFERENCES `investor_profits` (`id`) ON DELETE CASCADE
) ENGINE=InnoDB DEFAULT CHARSET=utf8mb4 COLLATE=utf8mb4_unicode_ci;

-- Dumping data for table amar_hostel.investor_profit_lists: ~0 rows (approximately)
DELETE FROM `investor_profit_lists`;

-- Dumping structure for table amar_hostel.invests
DROP TABLE IF EXISTS `invests`;
CREATE TABLE IF NOT EXISTS `invests` (
  `id` bigint unsigned NOT NULL AUTO_INCREMENT,
  `company_id` bigint unsigned NOT NULL,
  `investor_id` bigint unsigned NOT NULL,
  `invest_no` varchar(255) COLLATE utf8mb4_unicode_ci NOT NULL,
  `product_id` int DEFAULT NULL,
  `coa_id` int DEFAULT NULL,
  `date` date DEFAULT NULL,
  `qty` int NOT NULL,
  `amount` decimal(16,0) NOT NULL,
  `deposit_type` varchar(255) COLLATE utf8mb4_unicode_ci NOT NULL,
  `bkash` varchar(255) COLLATE utf8mb4_unicode_ci DEFAULT NULL,
  `rocket` varchar(255) COLLATE utf8mb4_unicode_ci DEFAULT NULL,
  `nagad` varchar(255) COLLATE utf8mb4_unicode_ci DEFAULT NULL,
  `bank_account` varchar(255) COLLATE utf8mb4_unicode_ci DEFAULT NULL,
  `remarks` text COLLATE utf8mb4_unicode_ci,
  `calculate` tinyint(1) NOT NULL DEFAULT '1',
  `approved` tinyint NOT NULL DEFAULT '0',
  `status` varchar(255) COLLATE utf8mb4_unicode_ci NOT NULL DEFAULT 'Pending',
  `sattled` tinyint NOT NULL DEFAULT '0',
  `coa_setup_id` bigint unsigned DEFAULT NULL,
  `created_by` bigint unsigned DEFAULT NULL,
  `updated_by` bigint unsigned DEFAULT NULL,
  `deleted_by` bigint unsigned DEFAULT NULL,
  `deleted_at` timestamp NULL DEFAULT NULL,
  `created_at` timestamp NULL DEFAULT NULL,
  `updated_at` timestamp NULL DEFAULT NULL,
  PRIMARY KEY (`id`),
  KEY `invests_investor_id_foreign` (`investor_id`),
  CONSTRAINT `invests_investor_id_foreign` FOREIGN KEY (`investor_id`) REFERENCES `investors` (`id`) ON DELETE CASCADE
) ENGINE=InnoDB AUTO_INCREMENT=12 DEFAULT CHARSET=utf8mb4 COLLATE=utf8mb4_unicode_ci;

-- Dumping data for table amar_hostel.invests: ~3 rows (approximately)
DELETE FROM `invests`;
INSERT INTO `invests` (`id`, `company_id`, `investor_id`, `invest_no`, `product_id`, `coa_id`, `date`, `qty`, `amount`, `deposit_type`, `bkash`, `rocket`, `nagad`, `bank_account`, `remarks`, `calculate`, `approved`, `status`, `sattled`, `coa_setup_id`, `created_by`, `updated_by`, `deleted_by`, `deleted_at`, `created_at`, `updated_at`) VALUES
	(1, 0, 1, 'FDI2602000001', 1, NULL, '2026-02-10', 14, 140000, '', NULL, NULL, NULL, NULL, NULL, 1, 1, 'Approved', 1, 163, 1, NULL, NULL, NULL, '2026-02-09 22:42:48', '2026-02-17 05:04:48'),
	(10, 0, 2, 'I2602001', 11, 14, '2026-02-16', 15, 150000, '', NULL, NULL, NULL, NULL, NULL, 1, 1, 'Pending', 1, NULL, 1, NULL, NULL, NULL, '2026-02-15 23:59:20', '2026-02-17 04:47:48'),
	(11, 0, 2, 'I2602002', 11, 13, '2026-02-17', 33, 330000, '', NULL, NULL, NULL, NULL, NULL, 1, 1, 'Pending', 1, NULL, 1, NULL, NULL, NULL, '2026-02-17 05:05:32', '2026-02-17 23:58:28');

-- Dumping structure for table amar_hostel.invest_months
DROP TABLE IF EXISTS `invest_months`;
CREATE TABLE IF NOT EXISTS `invest_months` (
  `id` bigint unsigned NOT NULL AUTO_INCREMENT,
  `invest_id` bigint unsigned DEFAULT NULL,
  `investor_id` bigint unsigned NOT NULL,
  `type` varchar(255) COLLATE utf8mb4_unicode_ci NOT NULL DEFAULT 'renew',
  `date` date DEFAULT NULL,
  `invest_month` date DEFAULT NULL,
  `month` varchar(255) COLLATE utf8mb4_unicode_ci NOT NULL,
  `year` varchar(255) COLLATE utf8mb4_unicode_ci NOT NULL,
  `qty` int NOT NULL,
  `amount` decimal(16,0) NOT NULL,
  `distributed` tinyint(1) NOT NULL DEFAULT '0',
  `created_at` timestamp NULL DEFAULT NULL,
  `updated_at` timestamp NULL DEFAULT NULL,
  PRIMARY KEY (`id`),
  KEY `invest_months_invest_id_foreign` (`invest_id`),
  KEY `invest_months_investor_id_foreign` (`investor_id`),
  CONSTRAINT `invest_months_invest_id_foreign` FOREIGN KEY (`invest_id`) REFERENCES `invests` (`id`) ON DELETE CASCADE,
  CONSTRAINT `invest_months_investor_id_foreign` FOREIGN KEY (`investor_id`) REFERENCES `investors` (`id`) ON DELETE CASCADE
) ENGINE=InnoDB AUTO_INCREMENT=2 DEFAULT CHARSET=utf8mb4 COLLATE=utf8mb4_unicode_ci;

-- Dumping data for table amar_hostel.invest_months: ~1 rows (approximately)
DELETE FROM `invest_months`;
INSERT INTO `invest_months` (`id`, `invest_id`, `investor_id`, `type`, `date`, `invest_month`, `month`, `year`, `qty`, `amount`, `distributed`, `created_at`, `updated_at`) VALUES
	(1, 1, 1, 'Invest', '2026-02-10', '2026-02-01', 'February', '2026', 14, 140000, 0, '2026-02-09 22:42:48', '2026-02-15 02:11:04');

-- Dumping structure for table amar_hostel.invest_renews
DROP TABLE IF EXISTS `invest_renews`;
CREATE TABLE IF NOT EXISTS `invest_renews` (
  `id` bigint unsigned NOT NULL AUTO_INCREMENT,
  `company_id` bigint unsigned NOT NULL,
  `serial_no` varchar(255) COLLATE utf8mb4_unicode_ci NOT NULL,
  `month` varchar(255) COLLATE utf8mb4_unicode_ci NOT NULL,
  `year` varchar(255) COLLATE utf8mb4_unicode_ci NOT NULL,
  `date` date DEFAULT NULL,
  `remarks` text COLLATE utf8mb4_unicode_ci,
  `approved` tinyint(1) NOT NULL DEFAULT '0',
  `status` varchar(255) COLLATE utf8mb4_unicode_ci NOT NULL DEFAULT 'Pending',
  `created_by` bigint unsigned DEFAULT NULL,
  `updated_by` bigint unsigned DEFAULT NULL,
  `deleted_by` bigint unsigned DEFAULT NULL,
  `deleted_at` timestamp NULL DEFAULT NULL,
  `created_at` timestamp NULL DEFAULT NULL,
  `updated_at` timestamp NULL DEFAULT NULL,
  PRIMARY KEY (`id`)
) ENGINE=InnoDB DEFAULT CHARSET=utf8mb4 COLLATE=utf8mb4_unicode_ci;

-- Dumping data for table amar_hostel.invest_renews: ~0 rows (approximately)
DELETE FROM `invest_renews`;

-- Dumping structure for table amar_hostel.invest_renew_lists
DROP TABLE IF EXISTS `invest_renew_lists`;
CREATE TABLE IF NOT EXISTS `invest_renew_lists` (
  `id` bigint unsigned NOT NULL AUTO_INCREMENT,
  `invest_renew_id` bigint unsigned NOT NULL,
  `investor_id` bigint unsigned NOT NULL,
  `invest_month_id` bigint unsigned NOT NULL,
  `date` date DEFAULT NULL,
  `invest_month` date DEFAULT NULL,
  `month` varchar(255) COLLATE utf8mb4_unicode_ci NOT NULL,
  `year` varchar(255) COLLATE utf8mb4_unicode_ci NOT NULL,
  `qty` int NOT NULL,
  `amount` decimal(16,0) NOT NULL,
  `created_at` timestamp NULL DEFAULT NULL,
  `updated_at` timestamp NULL DEFAULT NULL,
  PRIMARY KEY (`id`),
  KEY `invest_renew_lists_invest_renew_id_foreign` (`invest_renew_id`),
  KEY `invest_renew_lists_investor_id_foreign` (`investor_id`),
  CONSTRAINT `invest_renew_lists_invest_renew_id_foreign` FOREIGN KEY (`invest_renew_id`) REFERENCES `invest_renews` (`id`) ON DELETE CASCADE,
  CONSTRAINT `invest_renew_lists_investor_id_foreign` FOREIGN KEY (`investor_id`) REFERENCES `investors` (`id`) ON DELETE CASCADE
) ENGINE=InnoDB DEFAULT CHARSET=utf8mb4 COLLATE=utf8mb4_unicode_ci;

-- Dumping data for table amar_hostel.invest_renew_lists: ~0 rows (approximately)
DELETE FROM `invest_renew_lists`;

-- Dumping structure for table amar_hostel.invest_sattlements
DROP TABLE IF EXISTS `invest_sattlements`;
CREATE TABLE IF NOT EXISTS `invest_sattlements` (
  `id` bigint unsigned NOT NULL AUTO_INCREMENT,
  `investor_id` bigint unsigned NOT NULL,
  `coa_id` bigint unsigned NOT NULL,
  `sattlement_no` varchar(255) CHARACTER SET utf8mb4 COLLATE utf8mb4_unicode_ci NOT NULL,
  `date` date NOT NULL,
  `invest_qty` decimal(16,0) NOT NULL,
  `invest_amount` decimal(16,0) NOT NULL,
  `payment` decimal(16,0) NOT NULL,
  `remarks` text CHARACTER SET utf8mb4 COLLATE utf8mb4_unicode_ci,
  `created_by` bigint unsigned DEFAULT NULL,
  `updated_by` bigint unsigned DEFAULT NULL,
  `deleted_by` bigint unsigned DEFAULT NULL,
  `deleted_at` timestamp NULL DEFAULT NULL,
  `created_at` timestamp NULL DEFAULT NULL,
  `updated_at` timestamp NULL DEFAULT NULL,
  PRIMARY KEY (`id`),
  UNIQUE KEY `invest_sattlements_sattlement_no_unique` (`sattlement_no`),
  KEY `invest_sattlements_investor_id_foreign` (`investor_id`),
  KEY `invest_sattlements_coa_id_foreign` (`coa_id`),
  KEY `invest_sattlements_created_by_foreign` (`created_by`),
  KEY `invest_sattlements_updated_by_foreign` (`updated_by`),
  KEY `invest_sattlements_deleted_by_foreign` (`deleted_by`)
) ENGINE=InnoDB AUTO_INCREMENT=26 DEFAULT CHARSET=utf8mb4 COLLATE=utf8mb4_unicode_ci;

-- Dumping data for table amar_hostel.invest_sattlements: ~11 rows (approximately)
DELETE FROM `invest_sattlements`;
INSERT INTO `invest_sattlements` (`id`, `investor_id`, `coa_id`, `sattlement_no`, `date`, `invest_qty`, `invest_amount`, `payment`, `remarks`, `created_by`, `updated_by`, `deleted_by`, `deleted_at`, `created_at`, `updated_at`) VALUES
	(9, 8, 13, 'IS2511004', '2025-11-24', 6, 180000, 180000, NULL, 10, NULL, NULL, NULL, '2025-11-24 21:45:08', '2025-11-24 21:45:08'),
	(12, 9, 13, 'IS2512002', '2025-12-24', 6, 180000, 180000, NULL, 10, NULL, NULL, NULL, '2025-12-23 22:41:04', '2025-12-23 22:41:04'),
	(16, 4, 13, 'IS2512003', '2025-11-23', 1, 30000, 30000, NULL, 10, NULL, NULL, NULL, '2025-12-30 00:33:41', '2025-12-30 00:33:41'),
	(17, 3, 13, 'IS2512004', '2025-11-23', 1, 30000, 30000, NULL, 10, NULL, NULL, NULL, '2025-12-30 00:34:32', '2025-12-30 00:34:32'),
	(18, 5, 13, 'IS2512005', '2025-12-15', 1, 30000, 30000, NULL, 10, NULL, NULL, NULL, '2025-12-30 00:36:19', '2025-12-30 00:36:19'),
	(19, 6, 13, 'IS2512006', '2025-12-29', 1, 30000, 30000, NULL, 10, NULL, NULL, NULL, '2025-12-30 00:36:43', '2025-12-30 00:36:43'),
	(20, 8, 13, 'IS2512007', '2025-12-29', 5, 150000, 150000, NULL, 10, NULL, NULL, NULL, '2025-12-30 00:37:52', '2025-12-30 00:37:52'),
	(21, 15, 13, 'IS2512008', '2025-12-29', 1, 30000, 30000, NULL, 10, NULL, NULL, NULL, '2025-12-30 00:38:20', '2025-12-30 00:38:20'),
	(22, 7, 13, 'IS2512009', '2025-12-30', 2, 60000, 60000, NULL, 10, NULL, NULL, NULL, '2025-12-30 08:22:08', '2025-12-30 08:22:08'),
	(24, 2, 13, 'IS2602001', '2026-02-17', 15, 150000, 150000, NULL, 1, NULL, NULL, NULL, '2026-02-17 04:47:48', '2026-02-17 04:47:48'),
	(25, 1, 14, 'IS2602002', '2026-02-17', 14, 140000, 140000, NULL, 1, NULL, NULL, NULL, '2026-02-17 05:04:48', '2026-02-17 05:04:48');

-- Dumping structure for table amar_hostel.invest_sattlement_lists
DROP TABLE IF EXISTS `invest_sattlement_lists`;
CREATE TABLE IF NOT EXISTS `invest_sattlement_lists` (
  `id` bigint unsigned NOT NULL AUTO_INCREMENT,
  `invest_sattlement_id` bigint unsigned NOT NULL,
  `investor_id` bigint unsigned NOT NULL,
  `invest_id` bigint unsigned NOT NULL,
  `product_id` bigint unsigned NOT NULL,
  `invest_qty` decimal(16,0) NOT NULL,
  `invest_amount` decimal(16,0) NOT NULL,
  `payment` decimal(16,0) NOT NULL,
  `created_at` timestamp NULL DEFAULT NULL,
  `updated_at` timestamp NULL DEFAULT NULL,
  PRIMARY KEY (`id`),
  KEY `invest_sattlement_lists_invest_sattlement_id_foreign` (`invest_sattlement_id`),
  KEY `invest_sattlement_lists_investor_id_foreign` (`investor_id`),
  KEY `invest_sattlement_lists_invest_id_foreign` (`invest_id`),
  KEY `invest_sattlement_lists_product_id_foreign` (`product_id`)
) ENGINE=InnoDB AUTO_INCREMENT=33 DEFAULT CHARSET=utf8mb4 COLLATE=utf8mb4_unicode_ci;

-- Dumping data for table amar_hostel.invest_sattlement_lists: ~13 rows (approximately)
DELETE FROM `invest_sattlement_lists`;
INSERT INTO `invest_sattlement_lists` (`id`, `invest_sattlement_id`, `investor_id`, `invest_id`, `product_id`, `invest_qty`, `invest_amount`, `payment`, `created_at`, `updated_at`) VALUES
	(10, 9, 8, 16, 12, 3, 90000, 90000, '2025-11-24 21:45:08', '2025-11-24 21:45:08'),
	(11, 9, 8, 22, 12, 3, 90000, 90000, '2025-11-24 21:45:08', '2025-11-24 21:45:08'),
	(15, 12, 9, 17, 4, 3, 90000, 90000, '2025-12-23 22:41:04', '2025-12-23 22:41:04'),
	(16, 12, 9, 23, 4, 3, 90000, 90000, '2025-12-23 22:41:04', '2025-12-23 22:41:04'),
	(23, 16, 4, 11, 3, 1, 30000, 30000, '2025-12-30 00:33:41', '2025-12-30 00:33:41'),
	(24, 17, 3, 10, 3, 1, 30000, 30000, '2025-12-30 00:34:32', '2025-12-30 00:34:32'),
	(25, 18, 5, 13, 3, 1, 30000, 30000, '2025-12-30 00:36:19', '2025-12-30 00:36:19'),
	(26, 19, 6, 14, 3, 1, 30000, 30000, '2025-12-30 00:36:43', '2025-12-30 00:36:43'),
	(27, 20, 8, 24, 2, 5, 150000, 150000, '2025-12-30 00:37:52', '2025-12-30 00:37:52'),
	(28, 21, 15, 20, 2, 1, 30000, 30000, '2025-12-30 00:38:20', '2025-12-30 00:38:20'),
	(29, 22, 7, 15, 3, 2, 60000, 60000, '2025-12-30 08:22:08', '2025-12-30 08:22:08'),
	(31, 24, 0, 10, 0, 0, 0, 0, '2026-02-17 04:47:48', '2026-02-17 04:47:48'),
	(32, 25, 0, 1, 0, 0, 0, 0, '2026-02-17 05:04:48', '2026-02-17 05:04:48');

-- Dumping structure for table amar_hostel.jobs
DROP TABLE IF EXISTS `jobs`;
CREATE TABLE IF NOT EXISTS `jobs` (
  `id` bigint unsigned NOT NULL AUTO_INCREMENT,
  `queue` varchar(255) COLLATE utf8mb4_unicode_ci NOT NULL,
  `payload` longtext COLLATE utf8mb4_unicode_ci NOT NULL,
  `attempts` tinyint unsigned NOT NULL,
  `reserved_at` int unsigned DEFAULT NULL,
  `available_at` int unsigned NOT NULL,
  `created_at` int unsigned NOT NULL,
  PRIMARY KEY (`id`),
  KEY `jobs_queue_index` (`queue`)
) ENGINE=InnoDB DEFAULT CHARSET=utf8mb4 COLLATE=utf8mb4_unicode_ci;

-- Dumping data for table amar_hostel.jobs: ~0 rows (approximately)
DELETE FROM `jobs`;

-- Dumping structure for table amar_hostel.job_batches
DROP TABLE IF EXISTS `job_batches`;
CREATE TABLE IF NOT EXISTS `job_batches` (
  `id` varchar(255) COLLATE utf8mb4_unicode_ci NOT NULL,
  `name` varchar(255) COLLATE utf8mb4_unicode_ci NOT NULL,
  `total_jobs` int NOT NULL,
  `pending_jobs` int NOT NULL,
  `failed_jobs` int NOT NULL,
  `failed_job_ids` longtext COLLATE utf8mb4_unicode_ci NOT NULL,
  `options` mediumtext COLLATE utf8mb4_unicode_ci,
  `cancelled_at` int DEFAULT NULL,
  `created_at` int NOT NULL,
  `finished_at` int DEFAULT NULL,
  PRIMARY KEY (`id`)
) ENGINE=InnoDB DEFAULT CHARSET=utf8mb4 COLLATE=utf8mb4_unicode_ci;

-- Dumping data for table amar_hostel.job_batches: ~0 rows (approximately)
DELETE FROM `job_batches`;

-- Dumping structure for table amar_hostel.migrations
DROP TABLE IF EXISTS `migrations`;
CREATE TABLE IF NOT EXISTS `migrations` (
  `id` int unsigned NOT NULL AUTO_INCREMENT,
  `migration` varchar(255) COLLATE utf8mb4_unicode_ci NOT NULL,
  `batch` int NOT NULL,
  PRIMARY KEY (`id`)
) ENGINE=InnoDB AUTO_INCREMENT=32 DEFAULT CHARSET=utf8mb4 COLLATE=utf8mb4_unicode_ci;

-- Dumping data for table amar_hostel.migrations: ~27 rows (approximately)
DELETE FROM `migrations`;
INSERT INTO `migrations` (`id`, `migration`, `batch`) VALUES
	(1, '0001_01_01_000000_create_users_table', 1),
	(2, '0001_01_01_000001_create_cache_table', 1),
	(3, '0001_01_01_000002_create_jobs_table', 1),
	(7, '2026_02_03_114908_create_testimonials_table', 2),
	(8, '2026_02_03_114145_create_rooms_table', 3),
	(9, '2026_02_03_114748_create_bookings_table', 4),
	(11, '2026_02_08_084842_create_categories_table', 5),
	(12, '2023_12_07_101641_create_coa_setups_table', 6),
	(13, '2023_12_10_095150_create_account_transaction_autos_table', 6),
	(14, '2023_12_10_095155_create_account_transactions_table', 6),
	(15, '2024_09_22_145154_create_investors_table', 6),
	(16, '2024_09_22_145251_create_invests_table', 6),
	(17, '2024_09_22_155251_create_invest_months_table', 6),
	(18, '2024_09_22_162233_create_wallets_table', 6),
	(19, '2024_09_22_175429_create_investor_profits_table', 6),
	(20, '2024_09_22_175614_create_investor_profit_lists_table', 6),
	(21, '2024_09_23_095148_create_investor_payments_table', 6),
	(22, '2024_11_06_122025_create_invest_renews_table', 6),
	(23, '2024_11_06_122030_create_invest_renew_lists_table', 6),
	(24, '2024_11_06_190458_create_invest_sattlements_table', 6),
	(25, '2024_11_06_190508_create_invest_sattlement_lists_table', 6),
	(26, '2025_05_07_083259_create_permission_tables', 7),
	(27, '2025_05_07_083431_create_admin_menus_table', 7),
	(28, '2025_05_07_083444_create_admin_menu_actions_table', 7),
	(29, '2025_05_07_084137_create_admin_settings_table', 7),
	(30, '2025_05_07_084409_create_settings_table', 8),
	(31, '2026_02_03_114623_create_services_table', 9);

-- Dumping structure for table amar_hostel.model_has_permissions
DROP TABLE IF EXISTS `model_has_permissions`;
CREATE TABLE IF NOT EXISTS `model_has_permissions` (
  `permission_id` bigint unsigned NOT NULL,
  `model_type` varchar(255) COLLATE utf8mb4_unicode_ci NOT NULL,
  `model_id` bigint unsigned NOT NULL,
  PRIMARY KEY (`permission_id`,`model_id`,`model_type`),
  KEY `model_has_permissions_model_id_model_type_index` (`model_id`,`model_type`),
  CONSTRAINT `model_has_permissions_permission_id_foreign` FOREIGN KEY (`permission_id`) REFERENCES `permissions` (`id`) ON DELETE CASCADE
) ENGINE=InnoDB DEFAULT CHARSET=utf8mb4 COLLATE=utf8mb4_unicode_ci;

-- Dumping data for table amar_hostel.model_has_permissions: ~0 rows (approximately)
DELETE FROM `model_has_permissions`;

-- Dumping structure for table amar_hostel.model_has_roles
DROP TABLE IF EXISTS `model_has_roles`;
CREATE TABLE IF NOT EXISTS `model_has_roles` (
  `role_id` bigint unsigned NOT NULL,
  `model_type` varchar(255) COLLATE utf8mb4_unicode_ci NOT NULL,
  `model_id` bigint unsigned NOT NULL,
  PRIMARY KEY (`role_id`,`model_id`,`model_type`),
  KEY `model_has_roles_model_id_model_type_index` (`model_id`,`model_type`),
  CONSTRAINT `model_has_roles_role_id_foreign` FOREIGN KEY (`role_id`) REFERENCES `roles` (`id`) ON DELETE CASCADE
) ENGINE=InnoDB DEFAULT CHARSET=utf8mb4 COLLATE=utf8mb4_unicode_ci;

-- Dumping data for table amar_hostel.model_has_roles: ~21 rows (approximately)
DELETE FROM `model_has_roles`;
INSERT INTO `model_has_roles` (`role_id`, `model_type`, `model_id`) VALUES
	(1, 'App\\Models\\User', 1),
	(3, 'App\\Models\\User', 4),
	(3, 'App\\Models\\User', 5),
	(3, 'App\\Models\\User', 6),
	(3, 'App\\Models\\User', 7),
	(3, 'App\\Models\\User', 8),
	(3, 'App\\Models\\User', 9),
	(2, 'App\\Models\\User', 10),
	(3, 'App\\Models\\User', 13),
	(3, 'App\\Models\\User', 14),
	(3, 'App\\Models\\User', 15),
	(3, 'App\\Models\\User', 16),
	(3, 'App\\Models\\User', 17),
	(3, 'App\\Models\\User', 18),
	(3, 'App\\Models\\User', 19),
	(3, 'App\\Models\\User', 20),
	(3, 'App\\Models\\User', 21),
	(3, 'App\\Models\\User', 22),
	(3, 'App\\Models\\User', 23),
	(3, 'App\\Models\\User', 24),
	(3, 'App\\Models\\User', 25);

-- Dumping structure for table amar_hostel.password_reset_tokens
DROP TABLE IF EXISTS `password_reset_tokens`;
CREATE TABLE IF NOT EXISTS `password_reset_tokens` (
  `email` varchar(255) COLLATE utf8mb4_unicode_ci NOT NULL,
  `token` varchar(255) COLLATE utf8mb4_unicode_ci NOT NULL,
  `created_at` timestamp NULL DEFAULT NULL,
  PRIMARY KEY (`email`)
) ENGINE=InnoDB DEFAULT CHARSET=utf8mb4 COLLATE=utf8mb4_unicode_ci;

-- Dumping data for table amar_hostel.password_reset_tokens: ~0 rows (approximately)
DELETE FROM `password_reset_tokens`;

-- Dumping structure for table amar_hostel.payments
DROP TABLE IF EXISTS `payments`;
CREATE TABLE IF NOT EXISTS `payments` (
  `id` bigint unsigned NOT NULL AUTO_INCREMENT,
  `investor_id` bigint unsigned NOT NULL,
  `coa_id` bigint unsigned DEFAULT NULL,
  `payment_type` enum('Advance','Payment','Adjust') CHARACTER SET utf8mb4 COLLATE utf8mb4_unicode_ci NOT NULL DEFAULT 'Advance',
  `payment_no` varchar(255) CHARACTER SET utf8mb4 COLLATE utf8mb4_unicode_ci NOT NULL,
  `date` date NOT NULL,
  `amount` decimal(16,0) NOT NULL,
  `remarks` text CHARACTER SET utf8mb4 COLLATE utf8mb4_unicode_ci,
  `created_by` bigint unsigned DEFAULT NULL,
  `updated_by` bigint unsigned DEFAULT NULL,
  `deleted_by` bigint unsigned DEFAULT NULL,
  `deleted_at` timestamp NULL DEFAULT NULL,
  `created_at` timestamp NULL DEFAULT NULL,
  `updated_at` timestamp NULL DEFAULT NULL,
  PRIMARY KEY (`id`),
  UNIQUE KEY `payments_payment_no_unique` (`payment_no`),
  KEY `payments_investor_id_foreign` (`investor_id`),
  KEY `payments_coa_id_foreign` (`coa_id`),
  KEY `payments_created_by_foreign` (`created_by`),
  KEY `payments_updated_by_foreign` (`updated_by`),
  KEY `payments_deleted_by_foreign` (`deleted_by`),
  CONSTRAINT `payments_coa_id_foreign` FOREIGN KEY (`coa_id`) REFERENCES `coas` (`id`) ON DELETE SET NULL,
  CONSTRAINT `payments_created_by_foreign` FOREIGN KEY (`created_by`) REFERENCES `users` (`id`) ON DELETE SET NULL,
  CONSTRAINT `payments_deleted_by_foreign` FOREIGN KEY (`deleted_by`) REFERENCES `users` (`id`) ON DELETE SET NULL,
  CONSTRAINT `payments_investor_id_foreign` FOREIGN KEY (`investor_id`) REFERENCES `investors` (`id`) ON DELETE CASCADE,
  CONSTRAINT `payments_updated_by_foreign` FOREIGN KEY (`updated_by`) REFERENCES `users` (`id`) ON DELETE SET NULL
) ENGINE=InnoDB AUTO_INCREMENT=38 DEFAULT CHARSET=utf8mb4 COLLATE=utf8mb4_unicode_ci;

-- Dumping data for table amar_hostel.payments: ~24 rows (approximately)
DELETE FROM `payments`;
INSERT INTO `payments` (`id`, `investor_id`, `coa_id`, `payment_type`, `payment_no`, `date`, `amount`, `remarks`, `created_by`, `updated_by`, `deleted_by`, `deleted_at`, `created_at`, `updated_at`) VALUES
	(1, 4, 13, 'Advance', 'IP2509001', '2025-11-18', 4000, NULL, 1, 1, 1, '2026-02-17 04:50:02', '2025-08-31 22:51:07', '2026-02-17 04:50:02'),
	(2, 9, 13, 'Advance', 'IP2511001', '2025-11-06', 6000, NULL, 1, NULL, 1, '2026-02-17 04:50:02', '2025-11-18 10:03:54', '2026-02-17 04:50:02'),
	(3, 8, 13, 'Advance', 'IP2511002', '2025-11-18', 48000, NULL, 1, 10, 1, '2026-02-17 04:49:55', '2025-11-18 10:08:46', '2026-02-17 04:49:55'),
	(4, 7, 13, 'Advance', 'IP2511003', '2025-11-18', 6000, NULL, 1, NULL, 1, '2026-02-17 04:49:55', '2025-11-18 10:09:18', '2026-02-17 04:49:55'),
	(5, 6, 13, 'Advance', 'IP2511004', '2025-11-18', 6000, NULL, 1, NULL, 1, '2026-02-17 04:49:55', '2025-11-18 10:10:24', '2026-02-17 04:49:55'),
	(6, 5, 13, 'Advance', 'IP2511005', '2025-11-18', 3000, NULL, 1, NULL, 1, '2026-02-17 04:49:55', '2025-11-18 10:10:52', '2026-02-17 04:49:55'),
	(7, 3, 13, 'Advance', 'IP2511006', '2025-11-18', 4000, NULL, 1, NULL, 1, '2026-02-17 04:49:55', '2025-11-18 10:11:18', '2026-02-17 04:49:55'),
	(12, 7, 13, 'Advance', 'IP2511011', '2025-11-23', 7324, NULL, 10, NULL, 10, '2025-12-30 00:57:32', '2025-11-23 00:56:43', '2025-12-30 00:57:32'),
	(13, 8, NULL, 'Adjust', 'IP2511012', '2025-11-26', 37890, NULL, 10, NULL, 1, '2026-02-17 04:49:55', '2025-11-26 01:23:53', '2026-02-17 04:49:55'),
	(14, 9, 13, 'Payment', 'IP2512001', '2025-12-24', 40368, NULL, 10, NULL, 1, '2026-02-17 04:49:55', '2025-12-23 22:42:14', '2026-02-17 04:49:55'),
	(20, 6, NULL, 'Adjust', 'IP2512003', '2025-12-29', 6000, NULL, 10, NULL, 1, '2026-02-17 04:49:55', '2025-12-30 00:51:26', '2026-02-17 04:49:55'),
	(21, 6, 13, 'Payment', 'IP2512004', '2025-12-29', 585, NULL, 10, 10, 1, '2026-02-17 04:49:55', '2025-12-30 00:51:41', '2026-02-17 04:49:55'),
	(22, 3, NULL, 'Adjust', 'IP2512005', '2025-12-30', 4000, NULL, 10, NULL, 1, '2026-02-17 04:49:55', '2025-12-30 00:53:19', '2026-02-17 04:49:55'),
	(23, 3, 13, 'Payment', 'IP2512006', '2025-12-30', 2585, NULL, 10, NULL, 1, '2026-02-17 04:49:46', '2025-12-30 00:53:35', '2026-02-17 04:49:46'),
	(24, 4, NULL, 'Adjust', 'IP2512007', '2025-12-30', 4000, NULL, 10, NULL, 1, '2026-02-17 04:49:46', '2025-12-30 00:55:03', '2026-02-17 04:49:46'),
	(25, 4, 13, 'Payment', 'IP2512008', '2025-12-30', 2585, NULL, 10, NULL, 1, '2026-02-17 04:49:46', '2025-12-30 00:55:12', '2026-02-17 04:49:46'),
	(26, 5, 13, 'Adjust', 'IP2512009', '2025-12-30', 3000, NULL, 10, NULL, 1, '2026-02-17 04:49:46', '2025-12-30 00:56:41', '2026-02-17 04:49:46'),
	(27, 5, 13, 'Payment', 'IP2512010', '2025-12-30', 3585, NULL, 10, NULL, 1, '2026-02-17 04:49:46', '2025-12-30 00:56:52', '2026-02-17 04:49:46'),
	(28, 7, 13, 'Adjust', 'IP2512011', '2025-12-30', 6000, NULL, 10, NULL, 1, '2026-02-17 04:49:46', '2025-12-30 00:57:52', '2026-02-17 04:49:46'),
	(29, 7, 13, 'Payment', 'IP2512012', '2025-12-30', 7170, NULL, 10, NULL, 1, '2026-02-17 04:49:46', '2025-12-30 00:58:05', '2026-02-17 04:49:46'),
	(30, 8, NULL, 'Adjust', 'IP2512013', '2025-12-30', 10110, NULL, 10, NULL, 1, '2026-02-17 04:49:46', '2025-12-30 00:59:40', '2026-02-17 04:49:46'),
	(31, 8, 13, 'Payment', 'IP2512014', '2025-12-30', 18055, NULL, 10, NULL, 1, '2026-02-17 04:49:46', '2025-12-30 00:59:54', '2026-02-17 04:49:46'),
	(32, 15, 13, 'Payment', 'IP2512015', '2025-12-30', 5633, NULL, 10, NULL, 1, '2026-02-17 04:49:46', '2025-12-30 01:00:38', '2026-02-17 04:49:46'),
	(37, 2, 14, 'Payment', 'IP2602001', '2026-02-18', 100, NULL, 1, NULL, NULL, NULL, '2026-02-18 00:10:08', '2026-02-18 00:10:08');

-- Dumping structure for table amar_hostel.payment_lists
DROP TABLE IF EXISTS `payment_lists`;
CREATE TABLE IF NOT EXISTS `payment_lists` (
  `id` bigint unsigned NOT NULL AUTO_INCREMENT,
  `payment_id` bigint unsigned NOT NULL,
  `distribution_list_id` bigint unsigned NOT NULL,
  `invest_id` bigint unsigned NOT NULL,
  `investor_id` bigint unsigned NOT NULL,
  `amount` decimal(16,0) NOT NULL,
  `created_at` timestamp NULL DEFAULT NULL,
  `updated_at` timestamp NULL DEFAULT NULL,
  PRIMARY KEY (`id`),
  KEY `payment_lists_payment_id_foreign` (`payment_id`),
  KEY `payment_lists_distribution_list_id_foreign` (`distribution_list_id`),
  KEY `payment_lists_invest_id_foreign` (`invest_id`),
  KEY `payment_lists_investor_id_foreign` (`investor_id`),
  CONSTRAINT `payment_lists_distribution_list_id_foreign` FOREIGN KEY (`distribution_list_id`) REFERENCES `profit_distribution_lists` (`id`) ON DELETE CASCADE,
  CONSTRAINT `payment_lists_invest_id_foreign` FOREIGN KEY (`invest_id`) REFERENCES `invests` (`id`) ON DELETE CASCADE,
  CONSTRAINT `payment_lists_investor_id_foreign` FOREIGN KEY (`investor_id`) REFERENCES `investors` (`id`) ON DELETE CASCADE,
  CONSTRAINT `payment_lists_payment_id_foreign` FOREIGN KEY (`payment_id`) REFERENCES `payments` (`id`) ON DELETE CASCADE
) ENGINE=InnoDB AUTO_INCREMENT=33 DEFAULT CHARSET=utf8mb4 COLLATE=utf8mb4_unicode_ci;

-- Dumping data for table amar_hostel.payment_lists: ~18 rows (approximately)
DELETE FROM `payment_lists`;
INSERT INTO `payment_lists` (`id`, `payment_id`, `distribution_list_id`, `invest_id`, `investor_id`, `amount`, `created_at`, `updated_at`) VALUES
	(8, 13, 17, 16, 8, 18945, '2025-11-26 01:23:53', '2025-11-26 01:23:53'),
	(9, 13, 18, 22, 8, 18945, '2025-11-26 01:23:53', '2025-11-26 01:23:53'),
	(10, 14, 19, 17, 9, 20184, '2025-12-23 22:42:14', '2025-12-23 22:42:14'),
	(11, 14, 20, 23, 9, 20184, '2025-12-23 22:42:14', '2025-12-23 22:42:14'),
	(17, 20, 30, 14, 6, 6000, '2025-12-30 00:51:26', '2025-12-30 00:51:26'),
	(19, 22, 27, 10, 3, 4000, '2025-12-30 00:53:19', '2025-12-30 00:53:19'),
	(20, 23, 27, 10, 3, 2585, '2025-12-30 00:53:35', '2025-12-30 00:53:35'),
	(21, 24, 28, 11, 4, 4000, '2025-12-30 00:55:03', '2025-12-30 00:55:03'),
	(22, 25, 28, 11, 4, 2585, '2025-12-30 00:55:12', '2025-12-30 00:55:12'),
	(23, 26, 29, 13, 5, 3000, '2025-12-30 00:56:41', '2025-12-30 00:56:41'),
	(24, 27, 29, 13, 5, 3585, '2025-12-30 00:56:52', '2025-12-30 00:56:52'),
	(25, 28, 31, 15, 7, 6000, '2025-12-30 00:57:52', '2025-12-30 00:57:52'),
	(26, 29, 31, 15, 7, 7170, '2025-12-30 00:58:05', '2025-12-30 00:58:05'),
	(27, 30, 33, 24, 8, 10110, '2025-12-30 00:59:40', '2025-12-30 00:59:40'),
	(28, 31, 33, 24, 8, 18055, '2025-12-30 00:59:54', '2025-12-30 00:59:54'),
	(29, 32, 32, 20, 15, 5633, '2025-12-30 01:00:39', '2025-12-30 01:00:39'),
	(30, 21, 30, 14, 6, 585, '2025-12-31 03:37:38', '2025-12-31 03:37:38'),
	(32, 37, 1, 11, 2, 100, '2026-02-18 00:10:08', '2026-02-18 00:10:08');

-- Dumping structure for table amar_hostel.permissions
DROP TABLE IF EXISTS `permissions`;
CREATE TABLE IF NOT EXISTS `permissions` (
  `id` bigint unsigned NOT NULL AUTO_INCREMENT,
  `name` varchar(255) COLLATE utf8mb4_unicode_ci NOT NULL,
  `guard_name` varchar(255) COLLATE utf8mb4_unicode_ci NOT NULL,
  `created_at` timestamp NULL DEFAULT NULL,
  `updated_at` timestamp NULL DEFAULT NULL,
  PRIMARY KEY (`id`),
  UNIQUE KEY `permissions_name_guard_name_unique` (`name`,`guard_name`)
) ENGINE=InnoDB AUTO_INCREMENT=246 DEFAULT CHARSET=utf8mb4 COLLATE=utf8mb4_unicode_ci;

-- Dumping data for table amar_hostel.permissions: ~170 rows (approximately)
DELETE FROM `permissions`;
INSERT INTO `permissions` (`id`, `name`, `guard_name`, `created_at`, `updated_at`) VALUES
	(1, 'Dashboard', 'web', '2025-06-17 05:07:50', '2025-06-17 05:07:50'),
	(2, 'Admin Setup', 'web', '2025-06-17 05:10:14', '2026-02-18 04:27:22'),
	(3, 'Roles', 'web', '2025-06-17 05:10:36', '2025-06-17 05:10:36'),
	(4, 'Users', 'web', '2025-06-17 05:11:10', '2025-06-17 05:11:10'),
	(5, 'Menu', 'web', '2025-06-17 05:11:51', '2025-06-17 05:11:51'),
	(6, 'Admin Settings', 'web', '2025-06-17 05:12:59', '2025-06-17 05:12:59'),
	(7, 'Investors', 'web', '2025-06-17 05:13:38', '2025-06-17 05:13:38'),
	(8, 'admin.admin-menu.create', 'web', '2025-06-17 05:30:00', '2025-06-17 05:30:00'),
	(9, 'admin.admin-menu.edit', 'web', '2025-06-17 05:30:15', '2025-06-17 05:30:15'),
	(10, 'admin.admin-menu.destroy', 'web', '2025-06-17 05:30:19', '2025-06-17 05:30:19'),
	(11, 'admin.admin-menu-action.index', 'web', '2025-06-17 05:30:59', '2025-06-17 05:30:59'),
	(12, 'admin.admin-menu-action.create', 'web', '2025-06-17 05:31:06', '2025-06-17 05:31:06'),
	(13, 'admin.admin-menu-action.edit', 'web', '2025-06-17 05:31:15', '2025-06-17 05:31:15'),
	(14, 'admin.admin-menu-action.destroy', 'web', '2025-06-17 05:31:21', '2025-06-17 05:31:21'),
	(15, 'admin.role.create', 'web', '2025-06-17 05:32:05', '2025-06-17 05:32:05'),
	(16, 'admin.role.edit', 'web', '2025-06-17 05:32:09', '2025-06-17 05:32:09'),
	(17, 'admin.role.destroy', 'web', '2025-06-17 05:32:15', '2025-06-17 05:32:15'),
	(18, 'admin.role-permission.edit', 'web', '2025-06-17 05:32:50', '2025-06-17 05:32:50'),
	(19, 'admin.user.create', 'web', '2025-06-17 05:33:17', '2025-06-17 05:33:17'),
	(20, 'admin.user.edit', 'web', '2025-06-17 05:33:20', '2025-06-17 05:33:20'),
	(23, 'admin.investor.create', 'web', '2025-06-17 05:34:17', '2025-06-17 05:34:17'),
	(24, 'admin.investor.edit', 'web', '2025-06-17 05:34:20', '2025-06-17 05:34:20'),
	(25, 'admin.investor.destroy', 'web', '2025-06-17 05:34:27', '2025-06-17 05:34:27'),
	(26, 'admin.investor.trash', 'web', '2025-06-17 05:34:33', '2025-06-17 05:34:33'),
	(27, 'Invest Process', 'web', '2025-06-17 05:37:47', '2025-06-17 05:37:47'),
	(28, 'admin.invest.create', 'web', '2025-06-17 05:38:48', '2025-06-17 05:38:48'),
	(29, 'admin.invest.edit', 'web', '2025-06-17 05:38:52', '2025-06-17 05:38:52'),
	(32, 'Sattlement', 'web', '2025-06-17 05:40:52', '2025-06-17 05:40:52'),
	(33, 'admin.invest-sattlement.create', 'web', '2025-06-17 05:41:09', '2025-06-23 04:19:25'),
	(34, 'admin.invest-sattlement.edit', 'web', '2025-06-17 05:41:13', '2025-06-23 04:19:31'),
	(37, 'General Accounting', 'web', '2025-06-17 05:42:20', '2025-06-17 05:42:20'),
	(38, 'Transaction', 'web', '2025-06-17 05:42:51', '2025-06-17 05:42:51'),
	(39, 'Reports', 'web', '2025-06-17 05:43:04', '2025-06-17 05:43:04'),
	(40, 'Chart of Accounts', 'web', '2025-06-17 05:43:37', '2025-06-17 05:43:37'),
	(41, 'admin.coa.create', 'web', '2025-06-17 05:44:10', '2025-06-17 05:44:10'),
	(42, 'admin.coa.edit', 'web', '2025-06-17 05:44:15', '2025-06-17 05:44:15'),
	(43, 'admin.coa.destroy', 'web', '2025-06-17 05:44:20', '2025-06-17 05:44:20'),
	(44, 'Debit Voucher', 'web', '2025-06-17 05:45:02', '2025-06-17 05:45:02'),
	(45, 'admin.debit-voucher.create', 'web', '2025-06-17 05:45:12', '2025-06-17 05:45:12'),
	(46, 'admin.debit-voucher.edit', 'web', '2025-06-17 05:45:17', '2025-06-17 05:45:17'),
	(49, 'Credit Voucher', 'web', '2025-06-17 05:46:11', '2025-06-17 05:46:11'),
	(50, 'admin.credit-voucher.create', 'web', '2025-06-17 05:46:23', '2025-06-17 05:46:23'),
	(51, 'admin.credit-voucher.edit', 'web', '2025-06-17 05:46:27', '2025-06-17 05:46:27'),
	(54, 'Journal Voucher', 'web', '2025-06-17 05:46:57', '2025-06-17 05:46:57'),
	(55, 'admin.journal-voucher.create', 'web', '2025-06-17 05:47:08', '2025-06-17 05:47:08'),
	(56, 'admin.journal-voucher.edit', 'web', '2025-06-17 05:47:13', '2025-06-17 05:47:13'),
	(59, 'admin.voucher-approve.index', 'web', '2025-06-17 05:48:10', '2025-06-17 05:56:08'),
	(60, 'admin.voucher-approve.show', 'web', '2025-06-17 05:48:51', '2025-06-17 05:48:51'),
	(61, 'admin.voucher-approve.edit', 'web', '2025-06-17 05:49:08', '2025-06-17 05:49:08'),
	(62, 'admin.voucher-refuse.index', 'web', '2025-06-17 05:50:19', '2025-06-17 05:56:21'),
	(63, 'admin.voucher-refuse.show', 'web', '2025-06-17 05:50:44', '2025-06-17 05:50:44'),
	(64, 'admin.voucher-refuse.edit', 'web', '2025-06-17 05:50:49', '2025-06-17 05:50:49'),
	(65, 'admin.automation-approve.index', 'web', '2025-06-17 05:51:28', '2025-06-17 05:56:39'),
	(66, 'admin.automation-approve.show', 'web', '2025-06-17 05:51:41', '2025-06-17 05:51:41'),
	(67, 'admin.automation-approve.edit', 'web', '2025-06-17 05:51:52', '2025-06-17 05:51:52'),
	(71, 'Chart of Accounts 1', 'web', '2025-06-17 06:02:09', '2025-06-17 06:02:09'),
	(72, 'Daily Voucher List', 'web', '2025-06-17 06:02:32', '2025-06-17 06:02:32'),
	(73, 'Daily Cash Book', 'web', '2025-06-17 06:03:05', '2025-06-17 06:03:05'),
	(74, 'Bank Book', 'web', '2025-06-17 06:03:16', '2025-06-17 06:03:16'),
	(75, 'Transaction Ledger', 'web', '2025-06-17 06:03:36', '2025-06-17 06:03:36'),
	(76, 'General Ledger', 'web', '2025-06-17 06:03:52', '2025-06-17 06:03:52'),
	(77, 'Cash Flow Statement', 'web', '2025-06-17 06:04:23', '2025-06-17 06:04:23'),
	(78, 'Trial Balance', 'web', '2025-06-17 06:04:35', '2025-06-17 06:04:35'),
	(79, 'Income Statement', 'web', '2025-06-17 06:04:58', '2025-06-17 06:04:58'),
	(81, 'admin.debit-voucher.show', 'web', '2025-06-18 04:03:34', '2025-06-18 04:03:34'),
	(82, 'admin.debit-voucher.print', 'web', '2025-06-18 04:03:38', '2025-06-18 04:03:38'),
	(83, 'admin.debit-voucher.destroy', 'web', '2025-06-18 04:03:43', '2025-06-18 04:03:43'),
	(84, 'admin.debit-voucher.trash', 'web', '2025-06-18 04:03:47', '2025-06-18 04:03:47'),
	(85, 'admin.credit-voucher.show', 'web', '2025-06-18 22:26:47', '2025-06-18 22:26:47'),
	(86, 'admin.credit-voucher.print', 'web', '2025-06-18 22:26:51', '2025-06-18 22:26:51'),
	(87, 'admin.credit-voucher.destroy', 'web', '2025-06-18 22:26:59', '2025-06-18 22:26:59'),
	(88, 'admin.credit-voucher.trash', 'web', '2025-06-18 22:27:02', '2025-06-18 22:27:02'),
	(90, 'admin.invest.destroy', 'web', '2025-06-19 08:47:54', '2025-06-19 08:47:54'),
	(91, 'admin.invest.trash', 'web', '2025-06-19 08:47:58', '2025-06-19 08:47:58'),
	(100, 'admin.settings.index', 'web', '2025-06-22 08:35:45', '2026-02-18 03:59:59'),
	(101, 'admin.product.create', 'web', '2025-06-22 08:36:30', '2025-07-13 02:14:48'),
	(102, 'admin.product.edit', 'web', '2025-06-22 08:36:33', '2025-07-13 02:14:53'),
	(127, 'admin.invest-sattlement.show', 'web', '2025-06-23 04:19:47', '2025-06-23 04:19:47'),
	(128, 'admin.invest-sattlement.destroy', 'web', '2025-06-23 04:19:56', '2025-06-23 04:19:56'),
	(129, 'admin.invest-sattlement.trash', 'web', '2025-06-23 04:20:01', '2025-06-23 04:20:01'),
	(130, 'admin.user.password', 'web', '2025-06-23 22:35:11', '2025-06-23 22:35:11'),
	(131, 'admin.user.destroy', 'web', '2025-06-23 22:35:16', '2025-06-23 22:35:16'),
	(132, 'admin.user.trash', 'web', '2025-06-23 22:35:21', '2025-06-23 22:35:21'),
	(135, 'admin.product-edition.index', 'web', '2025-07-16 22:24:15', '2025-07-17 06:25:16'),
	(138, 'Inventory', 'web', '2025-07-17 04:00:10', '2025-07-17 04:00:10'),
	(139, 'Productions', 'web', '2025-07-17 04:01:15', '2025-07-17 04:01:15'),
	(142, 'admin.product-edition.store', 'web', '2025-07-17 06:27:56', '2025-07-17 06:29:13'),
	(143, 'admin.product-edition.edit', 'web', '2025-07-17 06:28:06', '2025-07-17 06:28:06'),
	(144, 'admin.product-edition.destroy', 'web', '2025-07-17 06:28:19', '2025-07-17 06:28:19'),
	(145, 'admin.product.destroy', 'web', '2025-07-17 06:28:23', '2025-07-17 06:28:23'),
	(146, 'admin.product.trash', 'web', '2025-07-17 06:28:28', '2025-07-17 06:28:28'),
	(147, 'admin.production.create', 'web', '2025-07-18 22:28:23', '2025-07-18 22:28:23'),
	(148, 'admin.production.edit', 'web', '2025-07-18 22:28:27', '2025-07-18 22:28:27'),
	(149, 'admin.production.show', 'web', '2025-07-18 22:28:33', '2025-07-18 22:28:33'),
	(152, 'admin.production.print', 'web', '2025-07-19 04:38:54', '2025-07-19 04:38:54'),
	(153, 'admin.production.destroy', 'web', '2025-07-19 04:38:59', '2025-07-19 04:38:59'),
	(154, 'admin.production.trash', 'web', '2025-07-19 04:39:06', '2025-07-19 04:39:06'),
	(155, 'Sales Management', 'web', '2025-07-19 04:47:23', '2025-07-19 04:47:23'),
	(156, 'admin.client.index', 'web', '2025-07-19 04:49:14', '2026-02-17 04:10:30'),
	(157, 'Sales 1', 'web', '2025-07-19 04:49:37', '2025-07-19 04:49:37'),
	(158, 'admin.client.create', 'web', '2025-07-19 04:49:55', '2025-07-19 04:49:55'),
	(159, 'admin.client.edit', 'web', '2025-07-19 04:50:00', '2025-07-19 04:50:00'),
	(160, 'admin.client.destroy', 'web', '2025-07-19 04:50:07', '2025-07-19 04:50:07'),
	(161, 'admin.client.trash', 'web', '2025-07-19 04:50:11', '2025-07-19 04:50:11'),
	(162, 'admin.sales.create', 'web', '2025-07-19 04:50:26', '2025-07-19 04:50:26'),
	(163, 'admin.sales.edit', 'web', '2025-07-19 04:50:29', '2025-07-19 04:50:29'),
	(164, 'admin.sales.show', 'web', '2025-07-19 04:50:33', '2025-07-20 07:51:18'),
	(166, 'Stock', 'web', '2025-07-19 04:51:17', '2025-07-19 04:51:17'),
	(167, 'System Setup', 'web', '2025-07-19 05:13:16', '2025-07-19 05:13:16'),
	(168, 'Regions', 'web', '2025-07-19 05:14:11', '2025-07-19 05:14:11'),
	(169, 'Area', 'web', '2025-07-19 05:14:30', '2025-07-19 05:14:30'),
	(170, 'Territory', 'web', '2025-07-19 05:14:48', '2025-07-19 05:14:48'),
	(171, 'admin.region.create', 'web', '2025-07-19 06:11:34', '2025-07-19 06:11:34'),
	(172, 'admin.region.edit', 'web', '2025-07-19 06:11:40', '2025-07-19 06:11:40'),
	(173, 'admin.region.destroy', 'web', '2025-07-19 06:11:45', '2025-07-19 06:11:45'),
	(174, 'admin.region.trash', 'web', '2025-07-19 06:11:50', '2025-07-19 06:11:50'),
	(175, 'admin.area.create', 'web', '2025-07-19 06:12:18', '2025-07-19 06:12:18'),
	(176, 'admin.area.edit', 'web', '2025-07-19 06:12:21', '2025-07-19 06:12:21'),
	(177, 'admin.area.destroy', 'web', '2025-07-19 06:12:33', '2025-07-19 06:12:33'),
	(178, 'admin.area.trash', 'web', '2025-07-19 06:12:40', '2025-07-19 06:12:40'),
	(179, 'admin.territory.create', 'web', '2025-07-19 06:12:53', '2025-07-19 06:12:53'),
	(180, 'admin.territory.edit', 'web', '2025-07-19 06:12:56', '2025-07-19 06:12:56'),
	(181, 'admin.territory.destroy', 'web', '2025-07-19 06:13:00', '2025-07-19 06:13:00'),
	(182, 'admin.territory.trash', 'web', '2025-07-19 06:13:06', '2025-07-19 06:13:06'),
	(183, 'Stores', 'web', '2025-07-19 06:14:16', '2025-07-19 06:14:16'),
	(184, 'admin.store.create', 'web', '2025-07-19 06:14:31', '2025-07-19 06:14:31'),
	(185, 'admin.store.edit', 'web', '2025-07-19 06:14:34', '2025-07-19 06:14:34'),
	(186, 'admin.store.destroy', 'web', '2025-07-19 06:14:39', '2025-07-19 06:14:39'),
	(187, 'admin.store.trash', 'web', '2025-07-19 06:14:45', '2025-07-19 06:14:45'),
	(188, 'admin.sales.destroy', 'web', '2025-07-20 07:36:18', '2025-07-20 07:36:18'),
	(189, 'admin.sales.trash', 'web', '2025-07-20 07:36:23', '2025-07-20 07:36:23'),
	(190, 'Collections', 'web', '2025-07-20 07:50:25', '2025-07-20 07:50:25'),
	(191, 'admin.collection.create', 'web', '2025-07-20 07:50:36', '2025-07-20 07:50:36'),
	(192, 'admin.collection.edit', 'web', '2025-07-20 07:50:41', '2025-07-20 07:50:41'),
	(193, 'admin.collection.show', 'web', '2025-07-20 07:50:45', '2025-07-20 07:50:45'),
	(194, 'admin.collection.destroy', 'web', '2025-07-20 07:50:52', '2025-07-20 07:50:52'),
	(195, 'admin.collection.trash', 'web', '2025-07-20 07:50:56', '2025-07-20 07:50:56'),
	(208, 'Profit Distribution', 'web', '2025-07-22 02:47:36', '2025-07-22 02:47:36'),
	(209, 'admin.profit-distribution.create', 'web', '2025-07-22 02:47:59', '2025-07-22 02:47:59'),
	(210, 'admin.profit-distribution.edit', 'web', '2025-07-22 02:48:05', '2025-07-22 02:48:05'),
	(211, 'admin.profit-distribution.show', 'web', '2025-07-22 02:48:09', '2025-07-22 02:48:09'),
	(212, 'admin.profit-distribution.destroy', 'web', '2025-07-22 02:48:16', '2025-07-22 02:48:16'),
	(213, 'admin.profit-distribution.trash', 'web', '2025-07-22 02:48:22', '2025-07-22 02:48:22'),
	(214, 'Investor Payment', 'web', '2025-07-22 06:50:16', '2025-07-22 06:50:16'),
	(215, 'admin.investor-payment.create', 'web', '2025-07-22 06:50:27', '2025-07-22 06:50:27'),
	(216, 'admin.investor-payment.edit', 'web', '2025-07-22 06:50:31', '2025-07-22 06:50:31'),
	(217, 'admin.investor-payment.show', 'web', '2025-07-22 06:50:38', '2025-07-22 06:50:38'),
	(218, 'admin.investor-payment.destroy', 'web', '2025-07-22 06:50:44', '2025-07-22 06:50:44'),
	(219, 'admin.investor-payment.trash', 'web', '2025-07-22 06:50:50', '2025-07-22 06:50:50'),
	(220, 'Investor Statement', 'web', '2025-07-22 22:46:53', '2025-07-22 22:46:53'),
	(221, 'admin.journal-voucher.show', 'web', '2025-08-31 23:33:11', '2025-08-31 23:33:11'),
	(222, 'admin.journal-voucher.print', 'web', '2025-08-31 23:33:17', '2025-08-31 23:33:17'),
	(223, 'admin.journal-voucher.destroy', 'web', '2025-08-31 23:33:21', '2025-08-31 23:33:21'),
	(224, 'admin.journal-voucher.trash', 'web', '2025-08-31 23:34:07', '2025-08-31 23:34:07'),
	(230, 'Rooms Management', 'web', '2026-02-09 01:27:40', '2026-02-09 01:27:40'),
	(231, 'Room Manage', 'web', '2026-02-09 01:29:43', '2026-02-09 01:29:43'),
	(232, 'Room Type Management', 'web', '2026-02-09 01:39:17', '2026-02-09 01:39:17'),
	(233, 'Room Type 1', 'web', '2026-02-09 01:41:19', '2026-02-09 01:41:19'),
	(234, 'Booking Management', 'web', '2026-02-09 05:31:56', '2026-02-09 05:31:56'),
	(235, 'Booking Manage 1', 'web', '2026-02-09 05:33:01', '2026-02-09 05:33:01'),
	(236, 'admin.services.index', 'web', '2026-02-09 22:13:17', '2026-02-14 22:58:10'),
	(237, 'Gallery Manage', 'web', '2026-02-09 22:14:03', '2026-02-09 22:14:03'),
	(238, 'Testimonial Manage', 'web', '2026-02-09 22:14:36', '2026-02-09 22:14:36'),
	(239, 'About Manage', 'web', '2026-02-09 22:15:15', '2026-02-09 22:15:15'),
	(240, 'Expenses', 'web', '2026-02-18 00:45:00', '2026-02-18 00:45:00'),
	(241, 'admin.expense.create', 'web', '2026-02-18 00:53:27', '2026-02-18 00:53:27'),
	(242, 'admin.expense.edit', 'web', '2026-02-18 01:04:00', '2026-02-18 01:04:00'),
	(243, 'admin.expense.show', 'web', '2026-02-18 01:04:26', '2026-02-18 01:04:26'),
	(244, 'Investor Manage', 'web', '2026-02-18 03:44:39', '2026-02-18 03:44:39'),
	(245, 'CMS Setup', 'web', '2026-02-18 04:32:09', '2026-02-18 04:32:09');

-- Dumping structure for table amar_hostel.productions
DROP TABLE IF EXISTS `productions`;
CREATE TABLE IF NOT EXISTS `productions` (
  `id` bigint unsigned NOT NULL AUTO_INCREMENT,
  `store_id` bigint unsigned NOT NULL,
  `production_no` varchar(255) CHARACTER SET utf8mb4 COLLATE utf8mb4_unicode_ci NOT NULL,
  `date` date NOT NULL,
  `total_qty` decimal(16,0) NOT NULL,
  `remarks` text CHARACTER SET utf8mb4 COLLATE utf8mb4_unicode_ci,
  `is_approved` tinyint(1) NOT NULL DEFAULT '0',
  `created_by` bigint unsigned DEFAULT NULL,
  `updated_by` bigint unsigned DEFAULT NULL,
  `deleted_by` bigint unsigned DEFAULT NULL,
  `deleted_at` timestamp NULL DEFAULT NULL,
  `created_at` timestamp NULL DEFAULT NULL,
  `updated_at` timestamp NULL DEFAULT NULL,
  PRIMARY KEY (`id`),
  UNIQUE KEY `productions_production_no_unique` (`production_no`),
  KEY `productions_store_id_foreign` (`store_id`),
  KEY `productions_created_by_foreign` (`created_by`),
  KEY `productions_updated_by_foreign` (`updated_by`),
  KEY `productions_deleted_by_foreign` (`deleted_by`),
  CONSTRAINT `productions_created_by_foreign` FOREIGN KEY (`created_by`) REFERENCES `users` (`id`) ON DELETE SET NULL,
  CONSTRAINT `productions_deleted_by_foreign` FOREIGN KEY (`deleted_by`) REFERENCES `users` (`id`) ON DELETE SET NULL,
  CONSTRAINT `productions_store_id_foreign` FOREIGN KEY (`store_id`) REFERENCES `stores` (`id`) ON DELETE CASCADE,
  CONSTRAINT `productions_updated_by_foreign` FOREIGN KEY (`updated_by`) REFERENCES `users` (`id`) ON DELETE SET NULL
) ENGINE=InnoDB AUTO_INCREMENT=32 DEFAULT CHARSET=utf8mb4 COLLATE=utf8mb4_unicode_ci;

-- Dumping data for table amar_hostel.productions: ~2 rows (approximately)
DELETE FROM `productions`;
INSERT INTO `productions` (`id`, `store_id`, `production_no`, `date`, `total_qty`, `remarks`, `is_approved`, `created_by`, `updated_by`, `deleted_by`, `deleted_at`, `created_at`, `updated_at`) VALUES
	(30, 1, 'PP2602001', '2026-02-17', 7, NULL, 0, 1, 1, NULL, NULL, '2026-02-17 00:58:52', '2026-02-17 01:05:00'),
	(31, 1, 'PP2602002', '2026-02-18', 5, NULL, 0, 1, NULL, NULL, NULL, '2026-02-18 03:16:10', '2026-02-18 03:16:10');

-- Dumping structure for table amar_hostel.production_lists
DROP TABLE IF EXISTS `production_lists`;
CREATE TABLE IF NOT EXISTS `production_lists` (
  `id` bigint unsigned NOT NULL AUTO_INCREMENT,
  `production_id` bigint unsigned NOT NULL,
  `store_id` bigint unsigned NOT NULL,
  `product_id` bigint unsigned NOT NULL,
  `qty` decimal(16,0) NOT NULL,
  `created_at` timestamp NULL DEFAULT NULL,
  `updated_at` timestamp NULL DEFAULT NULL,
  PRIMARY KEY (`id`),
  KEY `production_lists_production_id_foreign` (`production_id`),
  KEY `production_lists_store_id_foreign` (`store_id`),
  KEY `production_lists_product_id_foreign` (`product_id`)
) ENGINE=InnoDB AUTO_INCREMENT=39 DEFAULT CHARSET=utf8mb4 COLLATE=utf8mb4_unicode_ci;

-- Dumping data for table amar_hostel.production_lists: ~3 rows (approximately)
DELETE FROM `production_lists`;
INSERT INTO `production_lists` (`id`, `production_id`, `store_id`, `product_id`, `qty`, `created_at`, `updated_at`) VALUES
	(36, 30, 1, 2, 4, '2026-02-17 01:05:01', '2026-02-17 01:05:01'),
	(37, 30, 1, 9, 3, '2026-02-17 01:05:01', '2026-02-17 01:05:01'),
	(38, 31, 1, 9, 5, '2026-02-18 03:16:10', '2026-02-18 03:16:10');

-- Dumping structure for table amar_hostel.profit_distributions
DROP TABLE IF EXISTS `profit_distributions`;
CREATE TABLE IF NOT EXISTS `profit_distributions` (
  `id` bigint unsigned NOT NULL AUTO_INCREMENT,
  `serial_no` varchar(255) CHARACTER SET utf8mb4 COLLATE utf8mb4_unicode_ci NOT NULL,
  `year` int NOT NULL,
  `month` varchar(255) CHARACTER SET utf8mb4 COLLATE utf8mb4_unicode_ci NOT NULL,
  `date` date NOT NULL,
  `product_id` bigint unsigned DEFAULT NULL,
  `invest_qty` decimal(16,0) NOT NULL,
  `production_qty` int NOT NULL,
  `sales_qty` int NOT NULL,
  `sales_amount` decimal(12,0) NOT NULL,
  `invest_amount` decimal(16,0) NOT NULL,
  `profit_amount` decimal(16,0) NOT NULL,
  `created_by` bigint unsigned DEFAULT NULL,
  `updated_by` bigint unsigned DEFAULT NULL,
  `deleted_by` bigint unsigned DEFAULT NULL,
  `deleted_at` timestamp NULL DEFAULT NULL,
  `created_at` timestamp NULL DEFAULT NULL,
  `updated_at` timestamp NULL DEFAULT NULL,
  PRIMARY KEY (`id`),
  UNIQUE KEY `profit_distributions_serial_no_unique` (`serial_no`),
  KEY `profit_distributions_created_by_foreign` (`created_by`),
  KEY `profit_distributions_updated_by_foreign` (`updated_by`),
  KEY `profit_distributions_deleted_by_foreign` (`deleted_by`)
) ENGINE=InnoDB AUTO_INCREMENT=2 DEFAULT CHARSET=utf8mb4 COLLATE=utf8mb4_unicode_ci;

-- Dumping data for table amar_hostel.profit_distributions: ~1 rows (approximately)
DELETE FROM `profit_distributions`;
INSERT INTO `profit_distributions` (`id`, `serial_no`, `year`, `month`, `date`, `product_id`, `invest_qty`, `production_qty`, `sales_qty`, `sales_amount`, `invest_amount`, `profit_amount`, `created_by`, `updated_by`, `deleted_by`, `deleted_at`, `created_at`, `updated_at`) VALUES
	(1, 'PD2602001', 2026, 'February', '2026-02-18', 11, 33, 55, 3, 99, 330000, 21, 1, NULL, NULL, NULL, '2026-02-17 23:58:28', '2026-02-17 23:58:28');

-- Dumping structure for table amar_hostel.profit_distribution_lists
DROP TABLE IF EXISTS `profit_distribution_lists`;
CREATE TABLE IF NOT EXISTS `profit_distribution_lists` (
  `id` bigint unsigned NOT NULL AUTO_INCREMENT,
  `profit_distribution_id` bigint unsigned NOT NULL,
  `invest_id` bigint unsigned NOT NULL,
  `investor_id` bigint unsigned NOT NULL,
  `product_id` bigint unsigned NOT NULL,
  `profit_per_sale` decimal(16,0) NOT NULL,
  `sales_qty` decimal(16,0) DEFAULT NULL,
  `invest_qty` decimal(16,0) NOT NULL,
  `invest_amount` decimal(16,0) NOT NULL,
  `amount` decimal(16,0) NOT NULL,
  `paid_amount` decimal(16,0) NOT NULL DEFAULT '0',
  `created_at` timestamp NULL DEFAULT NULL,
  `updated_at` timestamp NULL DEFAULT NULL,
  PRIMARY KEY (`id`),
  KEY `profit_distribution_lists_profit_distribution_id_foreign` (`profit_distribution_id`),
  KEY `profit_distribution_lists_invest_id_foreign` (`invest_id`),
  KEY `profit_distribution_lists_investor_id_foreign` (`investor_id`),
  KEY `profit_distribution_lists_product_id_foreign` (`product_id`)
) ENGINE=InnoDB AUTO_INCREMENT=2 DEFAULT CHARSET=utf8mb4 COLLATE=utf8mb4_unicode_ci;

-- Dumping data for table amar_hostel.profit_distribution_lists: ~1 rows (approximately)
DELETE FROM `profit_distribution_lists`;
INSERT INTO `profit_distribution_lists` (`id`, `profit_distribution_id`, `invest_id`, `investor_id`, `product_id`, `profit_per_sale`, `sales_qty`, `invest_qty`, `invest_amount`, `amount`, `paid_amount`, `created_at`, `updated_at`) VALUES
	(1, 1, 11, 2, 11, 7, 3, 33, 330000, 693, 100, '2026-02-17 23:58:28', '2026-02-18 00:10:08');

-- Dumping structure for table amar_hostel.regions
DROP TABLE IF EXISTS `regions`;
CREATE TABLE IF NOT EXISTS `regions` (
  `id` bigint unsigned NOT NULL AUTO_INCREMENT,
  `code` varchar(255) CHARACTER SET utf8mb4 COLLATE utf8mb4_unicode_ci DEFAULT NULL,
  `name` varchar(255) CHARACTER SET utf8mb4 COLLATE utf8mb4_unicode_ci NOT NULL,
  `incharge` varchar(255) CHARACTER SET utf8mb4 COLLATE utf8mb4_unicode_ci DEFAULT NULL,
  `phone` varchar(255) CHARACTER SET utf8mb4 COLLATE utf8mb4_unicode_ci DEFAULT NULL,
  `email` varchar(255) CHARACTER SET utf8mb4 COLLATE utf8mb4_unicode_ci DEFAULT NULL,
  `address` varchar(255) CHARACTER SET utf8mb4 COLLATE utf8mb4_unicode_ci DEFAULT NULL,
  `status` tinyint(1) NOT NULL DEFAULT '1',
  `created_by` bigint unsigned DEFAULT NULL,
  `updated_by` bigint unsigned DEFAULT NULL,
  `deleted_by` bigint unsigned DEFAULT NULL,
  `deleted_at` timestamp NULL DEFAULT NULL,
  `created_at` timestamp NULL DEFAULT NULL,
  `updated_at` timestamp NULL DEFAULT NULL,
  PRIMARY KEY (`id`),
  UNIQUE KEY `regions_code_unique` (`code`),
  KEY `regions_created_by_foreign` (`created_by`),
  KEY `regions_updated_by_foreign` (`updated_by`),
  KEY `regions_deleted_by_foreign` (`deleted_by`),
  CONSTRAINT `regions_created_by_foreign` FOREIGN KEY (`created_by`) REFERENCES `users` (`id`) ON DELETE SET NULL,
  CONSTRAINT `regions_deleted_by_foreign` FOREIGN KEY (`deleted_by`) REFERENCES `users` (`id`) ON DELETE SET NULL,
  CONSTRAINT `regions_updated_by_foreign` FOREIGN KEY (`updated_by`) REFERENCES `users` (`id`) ON DELETE SET NULL
) ENGINE=InnoDB AUTO_INCREMENT=10 DEFAULT CHARSET=utf8mb4 COLLATE=utf8mb4_unicode_ci;

-- Dumping data for table amar_hostel.regions: ~9 rows (approximately)
DELETE FROM `regions`;
INSERT INTO `regions` (`id`, `code`, `name`, `incharge`, `phone`, `email`, `address`, `status`, `created_by`, `updated_by`, `deleted_by`, `deleted_at`, `created_at`, `updated_at`) VALUES
	(1, NULL, 'Dhaka', NULL, NULL, NULL, NULL, 1, 1, 10, NULL, NULL, '2025-07-22 03:18:28', '2025-10-26 00:13:07'),
	(2, NULL, 'Barishal', NULL, NULL, NULL, NULL, 1, 10, NULL, NULL, NULL, '2025-10-25 23:48:53', '2025-10-25 23:48:53'),
	(3, NULL, 'Khulna', NULL, NULL, NULL, NULL, 1, 10, NULL, NULL, NULL, '2025-10-25 23:49:05', '2025-10-25 23:49:05'),
	(4, NULL, 'Mymensingh', NULL, NULL, NULL, NULL, 1, 10, NULL, NULL, NULL, '2025-10-25 23:49:32', '2025-10-25 23:49:32'),
	(5, NULL, 'Rajshahi', NULL, NULL, NULL, NULL, 1, 10, NULL, NULL, NULL, '2025-10-25 23:49:47', '2025-10-25 23:49:47'),
	(6, NULL, 'Rangpur', NULL, NULL, NULL, NULL, 1, 10, NULL, NULL, NULL, '2025-10-25 23:50:31', '2025-10-25 23:50:31'),
	(7, NULL, 'Chattogram', NULL, NULL, NULL, NULL, 1, 10, NULL, NULL, NULL, '2025-10-25 23:50:52', '2025-10-25 23:50:52'),
	(8, NULL, 'Sylhet', NULL, NULL, NULL, NULL, 1, 10, NULL, NULL, NULL, '2025-10-25 23:51:18', '2025-10-25 23:51:18'),
	(9, NULL, 'Region-1', NULL, NULL, NULL, NULL, 0, 10, NULL, NULL, NULL, '2025-10-26 00:18:44', '2025-11-01 01:45:01');

-- Dumping structure for table amar_hostel.roles
DROP TABLE IF EXISTS `roles`;
CREATE TABLE IF NOT EXISTS `roles` (
  `id` bigint unsigned NOT NULL AUTO_INCREMENT,
  `name` varchar(255) COLLATE utf8mb4_unicode_ci NOT NULL,
  `guard_name` varchar(255) COLLATE utf8mb4_unicode_ci NOT NULL,
  `created_at` timestamp NULL DEFAULT NULL,
  `updated_at` timestamp NULL DEFAULT NULL,
  PRIMARY KEY (`id`),
  UNIQUE KEY `roles_name_guard_name_unique` (`name`,`guard_name`)
) ENGINE=InnoDB AUTO_INCREMENT=4 DEFAULT CHARSET=utf8mb4 COLLATE=utf8mb4_unicode_ci;

-- Dumping data for table amar_hostel.roles: ~3 rows (approximately)
DELETE FROM `roles`;
INSERT INTO `roles` (`id`, `name`, `guard_name`, `created_at`, `updated_at`) VALUES
	(1, 'Software Admin', 'web', '2025-06-17 05:01:01', '2025-06-17 05:01:01'),
	(2, 'System Admin', 'web', '2025-06-17 06:06:58', '2025-06-17 06:06:58'),
	(3, 'Investor', 'web', '2025-06-19 05:43:06', '2025-06-19 05:43:06');

-- Dumping structure for table amar_hostel.role_has_permissions
DROP TABLE IF EXISTS `role_has_permissions`;
CREATE TABLE IF NOT EXISTS `role_has_permissions` (
  `permission_id` bigint unsigned NOT NULL,
  `role_id` bigint unsigned NOT NULL,
  PRIMARY KEY (`permission_id`,`role_id`),
  KEY `role_has_permissions_role_id_foreign` (`role_id`),
  CONSTRAINT `role_has_permissions_permission_id_foreign` FOREIGN KEY (`permission_id`) REFERENCES `permissions` (`id`) ON DELETE CASCADE,
  CONSTRAINT `role_has_permissions_role_id_foreign` FOREIGN KEY (`role_id`) REFERENCES `roles` (`id`) ON DELETE CASCADE
) ENGINE=InnoDB DEFAULT CHARSET=utf8mb4 COLLATE=utf8mb4_unicode_ci;

-- Dumping data for table amar_hostel.role_has_permissions: ~302 rows (approximately)
DELETE FROM `role_has_permissions`;
INSERT INTO `role_has_permissions` (`permission_id`, `role_id`) VALUES
	(1, 1),
	(2, 1),
	(3, 1),
	(4, 1),
	(5, 1),
	(6, 1),
	(7, 1),
	(8, 1),
	(9, 1),
	(10, 1),
	(11, 1),
	(12, 1),
	(13, 1),
	(14, 1),
	(15, 1),
	(16, 1),
	(17, 1),
	(18, 1),
	(19, 1),
	(20, 1),
	(23, 1),
	(24, 1),
	(25, 1),
	(26, 1),
	(27, 1),
	(28, 1),
	(29, 1),
	(32, 1),
	(33, 1),
	(34, 1),
	(37, 1),
	(38, 1),
	(39, 1),
	(40, 1),
	(41, 1),
	(42, 1),
	(43, 1),
	(44, 1),
	(45, 1),
	(46, 1),
	(49, 1),
	(50, 1),
	(51, 1),
	(54, 1),
	(55, 1),
	(56, 1),
	(59, 1),
	(60, 1),
	(61, 1),
	(62, 1),
	(63, 1),
	(64, 1),
	(65, 1),
	(66, 1),
	(67, 1),
	(71, 1),
	(72, 1),
	(73, 1),
	(74, 1),
	(75, 1),
	(76, 1),
	(77, 1),
	(78, 1),
	(79, 1),
	(81, 1),
	(82, 1),
	(83, 1),
	(84, 1),
	(85, 1),
	(86, 1),
	(87, 1),
	(88, 1),
	(90, 1),
	(91, 1),
	(100, 1),
	(101, 1),
	(102, 1),
	(127, 1),
	(128, 1),
	(129, 1),
	(130, 1),
	(131, 1),
	(132, 1),
	(135, 1),
	(138, 1),
	(139, 1),
	(142, 1),
	(143, 1),
	(144, 1),
	(145, 1),
	(146, 1),
	(147, 1),
	(148, 1),
	(149, 1),
	(152, 1),
	(153, 1),
	(154, 1),
	(155, 1),
	(156, 1),
	(157, 1),
	(158, 1),
	(159, 1),
	(160, 1),
	(161, 1),
	(162, 1),
	(163, 1),
	(164, 1),
	(166, 1),
	(167, 1),
	(168, 1),
	(169, 1),
	(170, 1),
	(171, 1),
	(172, 1),
	(173, 1),
	(174, 1),
	(175, 1),
	(176, 1),
	(177, 1),
	(178, 1),
	(179, 1),
	(180, 1),
	(181, 1),
	(182, 1),
	(183, 1),
	(184, 1),
	(185, 1),
	(186, 1),
	(187, 1),
	(188, 1),
	(189, 1),
	(190, 1),
	(191, 1),
	(192, 1),
	(193, 1),
	(194, 1),
	(195, 1),
	(208, 1),
	(209, 1),
	(210, 1),
	(211, 1),
	(212, 1),
	(213, 1),
	(214, 1),
	(215, 1),
	(216, 1),
	(217, 1),
	(218, 1),
	(219, 1),
	(220, 1),
	(221, 1),
	(222, 1),
	(223, 1),
	(224, 1),
	(230, 1),
	(231, 1),
	(232, 1),
	(233, 1),
	(234, 1),
	(235, 1),
	(236, 1),
	(237, 1),
	(238, 1),
	(239, 1),
	(240, 1),
	(241, 1),
	(242, 1),
	(243, 1),
	(244, 1),
	(245, 1),
	(1, 2),
	(2, 2),
	(3, 2),
	(6, 2),
	(7, 2),
	(15, 2),
	(16, 2),
	(18, 2),
	(23, 2),
	(24, 2),
	(25, 2),
	(26, 2),
	(27, 2),
	(28, 2),
	(29, 2),
	(32, 2),
	(33, 2),
	(34, 2),
	(37, 2),
	(38, 2),
	(39, 2),
	(40, 2),
	(41, 2),
	(42, 2),
	(43, 2),
	(44, 2),
	(45, 2),
	(46, 2),
	(49, 2),
	(50, 2),
	(51, 2),
	(54, 2),
	(55, 2),
	(56, 2),
	(59, 2),
	(60, 2),
	(61, 2),
	(62, 2),
	(63, 2),
	(64, 2),
	(65, 2),
	(66, 2),
	(67, 2),
	(71, 2),
	(72, 2),
	(73, 2),
	(74, 2),
	(75, 2),
	(76, 2),
	(77, 2),
	(78, 2),
	(79, 2),
	(81, 2),
	(82, 2),
	(83, 2),
	(84, 2),
	(85, 2),
	(86, 2),
	(87, 2),
	(88, 2),
	(90, 2),
	(91, 2),
	(100, 2),
	(101, 2),
	(102, 2),
	(127, 2),
	(128, 2),
	(129, 2),
	(135, 2),
	(142, 2),
	(143, 2),
	(144, 2),
	(145, 2),
	(146, 2),
	(155, 2),
	(156, 2),
	(157, 2),
	(158, 2),
	(159, 2),
	(160, 2),
	(161, 2),
	(162, 2),
	(163, 2),
	(164, 2),
	(167, 2),
	(168, 2),
	(169, 2),
	(170, 2),
	(171, 2),
	(172, 2),
	(173, 2),
	(174, 2),
	(175, 2),
	(176, 2),
	(177, 2),
	(178, 2),
	(179, 2),
	(180, 2),
	(181, 2),
	(182, 2),
	(183, 2),
	(184, 2),
	(185, 2),
	(186, 2),
	(187, 2),
	(188, 2),
	(189, 2),
	(190, 2),
	(191, 2),
	(192, 2),
	(193, 2),
	(194, 2),
	(195, 2),
	(208, 2),
	(209, 2),
	(210, 2),
	(211, 2),
	(212, 2),
	(213, 2),
	(214, 2),
	(215, 2),
	(216, 2),
	(217, 2),
	(218, 2),
	(219, 2),
	(220, 2),
	(221, 2),
	(222, 2),
	(223, 2),
	(224, 2),
	(1, 3),
	(220, 3);

-- Dumping structure for table amar_hostel.rooms
DROP TABLE IF EXISTS `rooms`;
CREATE TABLE IF NOT EXISTS `rooms` (
  `id` bigint unsigned NOT NULL AUTO_INCREMENT,
  `name` varchar(255) COLLATE utf8mb4_unicode_ci NOT NULL,
  `category_id` int DEFAULT NULL,
  `description` text COLLATE utf8mb4_unicode_ci,
  `price` decimal(10,2) NOT NULL,
  `profit` double DEFAULT '0',
  `required_share` double DEFAULT '0',
  `show_dashboard` int DEFAULT '1',
  `serial` int DEFAULT '1',
  `code` varchar(255) COLLATE utf8mb4_unicode_ci DEFAULT NULL,
  `status` int DEFAULT '1',
  `capacity` int NOT NULL,
  `available` int NOT NULL DEFAULT '8',
  `image` varchar(255) COLLATE utf8mb4_unicode_ci DEFAULT NULL,
  `image2` varchar(255) COLLATE utf8mb4_unicode_ci DEFAULT NULL,
  `image3` varchar(255) COLLATE utf8mb4_unicode_ci DEFAULT NULL,
  `image4` varchar(255) COLLATE utf8mb4_unicode_ci DEFAULT NULL,
  `meta_title` varchar(255) COLLATE utf8mb4_unicode_ci DEFAULT NULL,
  `meta_description` text COLLATE utf8mb4_unicode_ci,
  `meta_keywords` varchar(255) COLLATE utf8mb4_unicode_ci DEFAULT NULL,
  `meta_image` varchar(255) COLLATE utf8mb4_unicode_ci DEFAULT NULL,
  `slug` varchar(255) COLLATE utf8mb4_unicode_ci NOT NULL,
  `created_at` timestamp NULL DEFAULT NULL,
  `updated_at` timestamp NULL DEFAULT NULL,
  PRIMARY KEY (`id`),
  UNIQUE KEY `rooms_slug_unique` (`slug`)
) ENGINE=InnoDB AUTO_INCREMENT=14 DEFAULT CHARSET=utf8mb4 COLLATE=utf8mb4_unicode_ci;

-- Dumping data for table amar_hostel.rooms: ~8 rows (approximately)
DELETE FROM `rooms`;
INSERT INTO `rooms` (`id`, `name`, `category_id`, `description`, `price`, `profit`, `required_share`, `show_dashboard`, `serial`, `code`, `status`, `capacity`, `available`, `image`, `image2`, `image3`, `image4`, `meta_title`, `meta_description`, `meta_keywords`, `meta_image`, `slug`, `created_at`, `updated_at`) VALUES
	(2, 'Double Deluxe Room SingleTest1', 1, 'Double Deluxe Room', 22.00, 5, 1, 1, 1, NULL, 1, 8, 7, 'rooms/gKQZ9ERAkiJBua6520o88AgSJrTPvCwZfnYHCKk6.jpg', 'rooms/VryKQgMJ4d3dqJCwyND3wn5rZ8C2uGAgSlFOGhAG.jpg', 'rooms/eZ2bj1wfI9C7jYOUtLe9vLwWKs5F8MtjwL9Pl2XN.jpg', 'rooms/zK4XnNRRz65cuHZEPHcALdgtdakEm66orYj9P7iV.jpg', 'Double Deluxe Room', 'Double Deluxe Room', 'Double Deluxe Room', 'rooms/seo/xlzCxMZis93zTeaqXatfgSi692N3Ex8t4YTUrn3b.jpg', 'double-deluxe-room-singletest1', '2026-02-04 23:55:23', '2026-02-15 22:07:42'),
	(6, 'AM-01-02', 3, 'Single Deluxe Room', 22.00, 55, 2, 1, 1, NULL, 1, 4, 1, 'rooms/jQGC8Up2uQcdsQ485hBHMkwsoFyOR39UkVDE6w7m.jpg', 'rooms/krenxliAQiLbzNdcV6UumxYxqiBOMpSWWOknmxq6.jpg', 'rooms/oGuw0H6HvzCur4VbL3VE2v7mBMcWQLbE14qz4dmU.jpg', 'rooms/brsXiCzeWmd3loFgcAmGG0ArOw7cGVHhsUem4Lvp.jpg', 'Single Deluxe Room', 'Single Deluxe Room', 'Single Deluxe Room', 'rooms/seo/TK8eBehnfFPqOyHtdVbt8XtKfgt5CSJmP9llaX1L.jpg', 'am-01-02', '2026-02-05 00:35:14', '2026-02-10 00:45:41'),
	(8, 'Honeymoon Suit', 2, 'Honeymoon Suit', 44.00, 5, 1, 1, 1, NULL, 1, 4, 2, 'rooms/qJzeXPi69vZw9FmhXtQuMScHPbowl0t03SP12qin.jpg', NULL, NULL, NULL, 'Honeymoon Suit', 'Honeymoon Suit', 'Honeymoon Suit', 'rooms/seo/UR956rfk7fScdUPPuoLHdAB5Qw15asy3kGuPQtwu.jpg', 'honeymoon-suit', '2026-02-05 05:59:41', '2026-02-09 05:37:39'),
	(9, 'Economy Double', 4, 'Economy Double', 45.00, 5, 1, 1, 1, NULL, 1, 4, 0, 'rooms/3KWBC1gjw6q4QEdBYiplMhRynxBVrUpley90z050.jpg', NULL, NULL, NULL, 'Economy Double', 'Economy Double', 'Economy Double', 'rooms/seo/sqSsbp08Msx83HSBx2colnxug0tKawEsdQpLhWMw.jpg', 'economy-double', '2026-02-05 06:00:59', '2026-02-10 04:13:10'),
	(10, 'Economy Double Classic', 2, 'Economy Double Classic', 44.00, 6, 1, 1, 1, NULL, 1, 8, 2, 'rooms/pKEohB8fOkFqhl9n0ubdGVYNSYPH2xqQYNIMIuuK.jpg', NULL, NULL, NULL, 'Economy Double Classic', 'Economy Double Classic', NULL, 'rooms/seo/6XXxiC1a9l3UrstTjRxPyCm8gyCFTAvi9212o8q2.jpg', 'economy-double-classic', '2026-02-05 06:01:57', '2026-02-08 03:43:19'),
	(11, 'Economy Double Classic2', 2, 'Economy Double Classic', 33.00, 7, 1, 1, 1, NULL, 1, 8, 3, 'rooms/K1RVpYBMz2jCCudYVxFg5g3fAJWp7xN1fVJNmueR.jpg', NULL, NULL, NULL, NULL, NULL, NULL, NULL, 'economy-double-classic2', '2026-02-05 06:02:32', '2026-02-10 03:47:54'),
	(12, 'tes', 2, 'asdsa', 22.00, 8, 1, 1, 1, NULL, 1, 8, 3, 'rooms/paLEZRVGbv84UIJTcWRh7xBrjuCWxcGQvDOr644I.jpg', 'rooms/HB3wxWuY4uqS8zGp21FB8TA9fwxmC78bp090i2DP.jpg', 'rooms/qDNH5X6YSTT1jAfwR9Gcnpn1kJSryt5FPBUmsmaV.jpg', 'rooms/e69trXFTaxhrezIeJlfvCmwSeYnjaBFVD4IIXkIo.jpg', NULL, NULL, NULL, NULL, 'tes', '2026-02-10 00:36:07', '2026-02-10 00:36:07'),
	(13, 'Test2', 3, 'asdsasdad', 333.00, 3, 11, 1, 1, NULL, 1, 4, 1, 'rooms/B91NxjsI4oJNZgQNPPTKaeydUZD2kBVM9vGo6TXQ.jpg', 'rooms/lYR3hlMuqA6AwweoiAQ6jVWXzAijPqulRpJpHIXR.jpg', 'rooms/8tMlYvi6n1iuzdwF2mweMQo9o7czr8u29WG1ORvN.jpg', 'rooms/TSr0a7pNltHQNEsu3bcEWRI8LjW4g85SvJadWxwQ.jpg', NULL, NULL, NULL, NULL, 'test2', '2026-02-10 00:41:56', '2026-02-10 00:41:56');

-- Dumping structure for table amar_hostel.sales
DROP TABLE IF EXISTS `sales`;
CREATE TABLE IF NOT EXISTS `sales` (
  `id` bigint unsigned NOT NULL AUTO_INCREMENT,
  `client_id` bigint unsigned NOT NULL,
  `store_id` bigint unsigned DEFAULT NULL,
  `sales_officer_id` bigint unsigned DEFAULT NULL,
  `coa_id` bigint unsigned DEFAULT NULL,
  `sale_type` enum('Credit','Cash') CHARACTER SET utf8mb4 COLLATE utf8mb4_unicode_ci NOT NULL DEFAULT 'Credit',
  `invoice` varchar(255) CHARACTER SET utf8mb4 COLLATE utf8mb4_unicode_ci NOT NULL,
  `date` date NOT NULL,
  `amount` decimal(16,2) NOT NULL,
  `discount` decimal(16,2) NOT NULL DEFAULT '0.00',
  `net_amount` decimal(16,2) NOT NULL,
  `paid` decimal(16,2) NOT NULL DEFAULT '0.00',
  `return_amount` decimal(16,2) NOT NULL DEFAULT '0.00',
  `return_paid` decimal(16,2) NOT NULL DEFAULT '0.00',
  `remarks` text CHARACTER SET utf8mb4 COLLATE utf8mb4_unicode_ci,
  `created_by` bigint unsigned DEFAULT NULL,
  `updated_by` bigint unsigned DEFAULT NULL,
  `deleted_by` bigint unsigned DEFAULT NULL,
  `deleted_at` timestamp NULL DEFAULT NULL,
  `created_at` timestamp NULL DEFAULT NULL,
  `updated_at` timestamp NULL DEFAULT NULL,
  PRIMARY KEY (`id`),
  UNIQUE KEY `sales_invoice_unique` (`invoice`),
  KEY `sales_client_id_foreign` (`client_id`),
  KEY `sales_store_id_foreign` (`store_id`),
  KEY `sales_sales_officer_id_foreign` (`sales_officer_id`),
  KEY `sales_coa_id_foreign` (`coa_id`),
  KEY `sales_created_by_foreign` (`created_by`),
  KEY `sales_updated_by_foreign` (`updated_by`),
  KEY `sales_deleted_by_foreign` (`deleted_by`),
  CONSTRAINT `sales_client_id_foreign` FOREIGN KEY (`client_id`) REFERENCES `clients` (`id`) ON DELETE CASCADE,
  CONSTRAINT `sales_coa_id_foreign` FOREIGN KEY (`coa_id`) REFERENCES `coas` (`id`) ON DELETE SET NULL,
  CONSTRAINT `sales_created_by_foreign` FOREIGN KEY (`created_by`) REFERENCES `users` (`id`) ON DELETE SET NULL,
  CONSTRAINT `sales_deleted_by_foreign` FOREIGN KEY (`deleted_by`) REFERENCES `users` (`id`) ON DELETE SET NULL,
  CONSTRAINT `sales_sales_officer_id_foreign` FOREIGN KEY (`sales_officer_id`) REFERENCES `sales_officers` (`id`) ON DELETE CASCADE,
  CONSTRAINT `sales_store_id_foreign` FOREIGN KEY (`store_id`) REFERENCES `stores` (`id`) ON DELETE CASCADE,
  CONSTRAINT `sales_updated_by_foreign` FOREIGN KEY (`updated_by`) REFERENCES `users` (`id`) ON DELETE SET NULL
) ENGINE=InnoDB AUTO_INCREMENT=5 DEFAULT CHARSET=utf8mb4 COLLATE=utf8mb4_unicode_ci;

-- Dumping data for table amar_hostel.sales: ~3 rows (approximately)
DELETE FROM `sales`;
INSERT INTO `sales` (`id`, `client_id`, `store_id`, `sales_officer_id`, `coa_id`, `sale_type`, `invoice`, `date`, `amount`, `discount`, `net_amount`, `paid`, `return_amount`, `return_paid`, `remarks`, `created_by`, `updated_by`, `deleted_by`, `deleted_at`, `created_at`, `updated_at`) VALUES
	(2, 66, 1, NULL, NULL, 'Credit', 'CS2602001', '2026-02-17', 42.00, 0.00, 42.00, 2.00, 0.00, 0.00, NULL, 1, 1, NULL, NULL, '2026-02-17 03:35:09', '2026-02-17 04:14:30'),
	(3, 5, 1, NULL, NULL, 'Credit', 'CS2602002', '2026-02-18', 22.00, 0.00, 22.00, 10.00, 0.00, 0.00, NULL, 1, NULL, NULL, NULL, '2026-02-17 21:56:03', '2026-02-17 21:57:09'),
	(4, 5, 1, NULL, NULL, 'Credit', 'CS2602003', '2026-02-18', 99.00, 0.00, 99.00, 0.00, 0.00, 0.00, NULL, 1, NULL, NULL, NULL, '2026-02-17 23:41:00', '2026-02-17 23:41:00');

-- Dumping structure for table amar_hostel.sales_lists
DROP TABLE IF EXISTS `sales_lists`;
CREATE TABLE IF NOT EXISTS `sales_lists` (
  `id` bigint unsigned NOT NULL AUTO_INCREMENT,
  `sales_id` bigint unsigned NOT NULL,
  `client_id` bigint unsigned NOT NULL,
  `store_id` bigint unsigned NOT NULL,
  `product_id` bigint unsigned NOT NULL,
  `price` decimal(16,2) NOT NULL,
  `commission` decimal(16,2) NOT NULL DEFAULT '0.00',
  `commission_amount` decimal(16,2) NOT NULL DEFAULT '0.00',
  `rate` decimal(16,2) NOT NULL,
  `qty` decimal(16,2) NOT NULL,
  `amount` decimal(16,2) NOT NULL,
  `discount` decimal(16,2) NOT NULL DEFAULT '0.00',
  `net_amount` decimal(16,2) NOT NULL DEFAULT '0.00',
  `return_qty` decimal(16,2) NOT NULL DEFAULT '0.00',
  `return_amount` decimal(16,2) NOT NULL DEFAULT '0.00',
  `distributed` tinyint(1) NOT NULL DEFAULT '0',
  `created_at` timestamp NULL DEFAULT NULL,
  `updated_at` timestamp NULL DEFAULT NULL,
  PRIMARY KEY (`id`),
  KEY `sales_lists_sales_id_foreign` (`sales_id`),
  KEY `sales_lists_client_id_foreign` (`client_id`),
  KEY `sales_lists_store_id_foreign` (`store_id`),
  KEY `sales_lists_product_id_foreign` (`product_id`)
) ENGINE=InnoDB AUTO_INCREMENT=12 DEFAULT CHARSET=utf8mb4 COLLATE=utf8mb4_unicode_ci;

-- Dumping data for table amar_hostel.sales_lists: ~4 rows (approximately)
DELETE FROM `sales_lists`;
INSERT INTO `sales_lists` (`id`, `sales_id`, `client_id`, `store_id`, `product_id`, `price`, `commission`, `commission_amount`, `rate`, `qty`, `amount`, `discount`, `net_amount`, `return_qty`, `return_amount`, `distributed`, `created_at`, `updated_at`) VALUES
	(8, 2, 66, 1, 2, 22.00, 3.00, 3.00, 21.00, 1.00, 21.00, 0.00, 21.00, 0.00, 0.00, 0, '2026-02-17 04:06:03', '2026-02-17 04:06:03'),
	(9, 2, 66, 1, 6, 22.00, 3.00, 3.00, 21.00, 1.00, 21.00, 0.00, 21.00, 0.00, 0.00, 0, '2026-02-17 04:06:03', '2026-02-17 04:06:03'),
	(10, 3, 5, 1, 6, 22.00, 0.00, 0.00, 22.00, 1.00, 22.00, 0.00, 22.00, 0.00, 0.00, 0, '2026-02-17 21:56:03', '2026-02-17 21:56:03'),
	(11, 4, 5, 1, 11, 33.00, 0.00, 0.00, 33.00, 3.00, 99.00, 0.00, 99.00, 0.00, 0.00, 1, '2026-02-17 23:41:00', '2026-02-17 23:58:28');

-- Dumping structure for table amar_hostel.sales_officers
DROP TABLE IF EXISTS `sales_officers`;
CREATE TABLE IF NOT EXISTS `sales_officers` (
  `id` bigint unsigned NOT NULL AUTO_INCREMENT,
  `code` varchar(255) CHARACTER SET utf8mb4 COLLATE utf8mb4_unicode_ci DEFAULT NULL,
  `name` varchar(255) CHARACTER SET utf8mb4 COLLATE utf8mb4_unicode_ci NOT NULL,
  `phone` varchar(255) CHARACTER SET utf8mb4 COLLATE utf8mb4_unicode_ci DEFAULT NULL,
  `email` varchar(255) CHARACTER SET utf8mb4 COLLATE utf8mb4_unicode_ci DEFAULT NULL,
  `status` tinyint(1) NOT NULL DEFAULT '1',
  `created_by` bigint unsigned DEFAULT NULL,
  `updated_by` bigint unsigned DEFAULT NULL,
  `deleted_by` bigint unsigned DEFAULT NULL,
  `deleted_at` timestamp NULL DEFAULT NULL,
  `created_at` timestamp NULL DEFAULT NULL,
  `updated_at` timestamp NULL DEFAULT NULL,
  PRIMARY KEY (`id`),
  UNIQUE KEY `sales_officers_code_unique` (`code`),
  KEY `sales_officers_created_by_foreign` (`created_by`),
  KEY `sales_officers_updated_by_foreign` (`updated_by`),
  KEY `sales_officers_deleted_by_foreign` (`deleted_by`),
  CONSTRAINT `sales_officers_created_by_foreign` FOREIGN KEY (`created_by`) REFERENCES `users` (`id`) ON DELETE SET NULL,
  CONSTRAINT `sales_officers_deleted_by_foreign` FOREIGN KEY (`deleted_by`) REFERENCES `users` (`id`) ON DELETE SET NULL,
  CONSTRAINT `sales_officers_updated_by_foreign` FOREIGN KEY (`updated_by`) REFERENCES `users` (`id`) ON DELETE SET NULL
) ENGINE=InnoDB AUTO_INCREMENT=6 DEFAULT CHARSET=utf8mb4 COLLATE=utf8mb4_unicode_ci;

-- Dumping data for table amar_hostel.sales_officers: ~4 rows (approximately)
DELETE FROM `sales_officers`;
INSERT INTO `sales_officers` (`id`, `code`, `name`, `phone`, `email`, `status`, `created_by`, `updated_by`, `deleted_by`, `deleted_at`, `created_at`, `updated_at`) VALUES
	(2, NULL, 'Tso Mostafa', NULL, NULL, 1, 10, NULL, NULL, NULL, '2025-11-02 01:54:45', '2025-11-02 01:54:45'),
	(3, NULL, 'Tso Anamul', NULL, NULL, 1, 10, NULL, NULL, NULL, '2025-11-02 01:55:01', '2025-11-02 01:55:01'),
	(4, NULL, 'Ali Ahmed Bahar', NULL, NULL, 1, 10, NULL, NULL, NULL, '2025-11-02 01:55:30', '2025-11-02 01:55:30'),
	(5, NULL, 'Tso Rasel', NULL, NULL, 1, 10, 10, NULL, NULL, '2025-12-21 22:00:16', '2025-12-21 22:01:37');

-- Dumping structure for table amar_hostel.sales_returns
DROP TABLE IF EXISTS `sales_returns`;
CREATE TABLE IF NOT EXISTS `sales_returns` (
  `id` bigint unsigned NOT NULL AUTO_INCREMENT,
  `client_id` bigint unsigned NOT NULL,
  `store_id` bigint unsigned NOT NULL,
  `return_no` varchar(255) CHARACTER SET utf8mb4 COLLATE utf8mb4_unicode_ci NOT NULL,
  `date` date NOT NULL,
  `amount` decimal(16,2) NOT NULL,
  `remarks` varchar(255) CHARACTER SET utf8mb4 COLLATE utf8mb4_unicode_ci DEFAULT NULL,
  `created_by` bigint unsigned DEFAULT NULL,
  `updated_by` bigint unsigned DEFAULT NULL,
  `deleted_by` bigint unsigned DEFAULT NULL,
  `deleted_at` timestamp NULL DEFAULT NULL,
  `created_at` timestamp NULL DEFAULT NULL,
  `updated_at` timestamp NULL DEFAULT NULL,
  PRIMARY KEY (`id`),
  UNIQUE KEY `sales_returns_return_no_unique` (`return_no`),
  KEY `sales_returns_client_id_foreign` (`client_id`),
  KEY `sales_returns_store_id_foreign` (`store_id`),
  KEY `sales_returns_created_by_foreign` (`created_by`),
  KEY `sales_returns_updated_by_foreign` (`updated_by`),
  KEY `sales_returns_deleted_by_foreign` (`deleted_by`),
  CONSTRAINT `sales_returns_client_id_foreign` FOREIGN KEY (`client_id`) REFERENCES `clients` (`id`) ON DELETE CASCADE,
  CONSTRAINT `sales_returns_created_by_foreign` FOREIGN KEY (`created_by`) REFERENCES `users` (`id`) ON DELETE SET NULL,
  CONSTRAINT `sales_returns_deleted_by_foreign` FOREIGN KEY (`deleted_by`) REFERENCES `users` (`id`) ON DELETE SET NULL,
  CONSTRAINT `sales_returns_store_id_foreign` FOREIGN KEY (`store_id`) REFERENCES `stores` (`id`) ON DELETE CASCADE,
  CONSTRAINT `sales_returns_updated_by_foreign` FOREIGN KEY (`updated_by`) REFERENCES `users` (`id`) ON DELETE SET NULL
) ENGINE=InnoDB AUTO_INCREMENT=25 DEFAULT CHARSET=utf8mb4 COLLATE=utf8mb4_unicode_ci;

-- Dumping data for table amar_hostel.sales_returns: ~20 rows (approximately)
DELETE FROM `sales_returns`;
INSERT INTO `sales_returns` (`id`, `client_id`, `store_id`, `return_no`, `date`, `amount`, `remarks`, `created_by`, `updated_by`, `deleted_by`, `deleted_at`, `created_at`, `updated_at`) VALUES
	(2, 33, 1, 'SR2512001', '2025-12-05', 5500.00, NULL, 10, NULL, NULL, NULL, '2025-12-21 22:12:51', '2025-12-21 22:12:51'),
	(4, 31, 1, 'SR2512003', '2025-11-05', 5336.00, NULL, 10, NULL, NULL, NULL, '2025-12-22 01:19:20', '2025-12-22 01:19:20'),
	(5, 12, 1, 'SR2512004', '2025-12-12', 9280.00, NULL, 10, NULL, NULL, NULL, '2025-12-22 01:20:21', '2025-12-22 01:20:21'),
	(6, 11, 1, 'SR2512005', '2025-12-12', 928.00, NULL, 10, NULL, NULL, NULL, '2025-12-22 05:05:06', '2025-12-22 05:05:06'),
	(7, 31, 1, 'SR2512006', '2025-12-05', 4416.00, NULL, 10, NULL, NULL, NULL, '2025-12-22 06:38:30', '2025-12-22 06:38:30'),
	(8, 33, 1, 'SR2512007', '2025-12-05', 3120.00, NULL, 10, NULL, NULL, NULL, '2025-12-22 09:48:08', '2025-12-22 09:48:08'),
	(9, 31, 1, 'SR2512008', '2025-12-12', 4784.00, NULL, 10, NULL, 10, NULL, '2025-12-22 10:40:39', '2025-12-23 09:25:23'),
	(10, 33, 1, 'SR2512009', '2025-12-05', 7200.00, NULL, 10, NULL, NULL, NULL, '2025-12-22 18:32:30', '2025-12-22 18:32:30'),
	(11, 33, 1, 'SR2601001', '2026-01-08', 3120.00, NULL, 28, NULL, NULL, NULL, '2026-01-08 04:44:13', '2026-01-08 04:44:13'),
	(12, 14, 1, 'SR2601002', '2026-01-04', 416.00, NULL, 28, NULL, NULL, NULL, '2026-01-08 04:53:16', '2026-01-08 04:53:16'),
	(13, 14, 1, 'SR2601003', '2026-01-08', 416.00, NULL, 28, NULL, NULL, NULL, '2026-01-08 04:58:16', '2026-01-08 04:58:16'),
	(15, 14, 1, 'SR2601004', '2026-01-03', 2552.00, NULL, 28, NULL, NULL, NULL, '2026-01-08 06:57:36', '2026-01-08 06:57:36'),
	(16, 37, 1, 'SR2601005', '2026-01-03', 2320.00, NULL, 28, NULL, NULL, NULL, '2026-01-08 07:02:02', '2026-01-08 07:02:02'),
	(18, 39, 1, 'SR2601006', '2026-01-05', 2320.00, NULL, 28, NULL, NULL, NULL, '2026-01-08 07:29:58', '2026-01-08 07:29:58'),
	(19, 39, 1, 'SR2601007', '2026-01-05', 2320.00, NULL, 28, NULL, NULL, NULL, '2026-01-08 07:33:24', '2026-01-08 07:33:24'),
	(20, 33, 1, 'SR2601008', '2026-01-13', 3944.00, NULL, 28, NULL, NULL, NULL, '2026-01-12 23:51:01', '2026-01-12 23:51:01'),
	(21, 33, 1, 'SR2601009', '2026-01-13', 3840.00, NULL, 28, NULL, NULL, NULL, '2026-01-12 23:53:26', '2026-01-12 23:53:26'),
	(22, 32, 1, 'SR2601010', '2026-01-13', 576.00, NULL, 28, NULL, NULL, NULL, '2026-01-12 23:57:07', '2026-01-12 23:57:07'),
	(23, 33, 1, 'SR2601011', '2026-01-13', 4160.00, NULL, 28, NULL, NULL, NULL, '2026-01-13 00:02:36', '2026-01-13 00:02:36'),
	(24, 32, 1, 'SR2601012', '2026-01-13', 624.00, NULL, 28, NULL, NULL, NULL, '2026-01-13 00:03:47', '2026-01-13 00:03:47');

-- Dumping structure for table amar_hostel.sales_return_lists
DROP TABLE IF EXISTS `sales_return_lists`;
CREATE TABLE IF NOT EXISTS `sales_return_lists` (
  `id` bigint unsigned NOT NULL AUTO_INCREMENT,
  `sales_return_id` bigint unsigned NOT NULL,
  `client_id` bigint unsigned NOT NULL,
  `store_id` bigint unsigned NOT NULL,
  `sales_id` bigint unsigned NOT NULL,
  `sales_list_id` bigint unsigned NOT NULL,
  `product_id` bigint unsigned NOT NULL,
  `product_edition_id` bigint unsigned DEFAULT NULL,
  `rate` decimal(16,2) NOT NULL,
  `qty` decimal(16,2) NOT NULL,
  `amount` decimal(16,2) NOT NULL,
  `created_at` timestamp NULL DEFAULT NULL,
  `updated_at` timestamp NULL DEFAULT NULL,
  PRIMARY KEY (`id`),
  KEY `sales_return_lists_sales_return_id_foreign` (`sales_return_id`),
  KEY `sales_return_lists_client_id_foreign` (`client_id`),
  KEY `sales_return_lists_store_id_foreign` (`store_id`),
  KEY `sales_return_lists_sales_id_foreign` (`sales_id`),
  KEY `sales_return_lists_sales_list_id_foreign` (`sales_list_id`),
  KEY `sales_return_lists_product_id_foreign` (`product_id`),
  KEY `sales_return_lists_product_edition_id_foreign` (`product_edition_id`),
  CONSTRAINT `sales_return_lists_client_id_foreign` FOREIGN KEY (`client_id`) REFERENCES `clients` (`id`) ON DELETE CASCADE,
  CONSTRAINT `sales_return_lists_product_edition_id_foreign` FOREIGN KEY (`product_edition_id`) REFERENCES `product_editions` (`id`) ON DELETE SET NULL,
  CONSTRAINT `sales_return_lists_product_id_foreign` FOREIGN KEY (`product_id`) REFERENCES `products` (`id`) ON DELETE CASCADE,
  CONSTRAINT `sales_return_lists_sales_id_foreign` FOREIGN KEY (`sales_id`) REFERENCES `sales` (`id`) ON DELETE CASCADE,
  CONSTRAINT `sales_return_lists_sales_list_id_foreign` FOREIGN KEY (`sales_list_id`) REFERENCES `sales_lists` (`id`) ON DELETE CASCADE,
  CONSTRAINT `sales_return_lists_sales_return_id_foreign` FOREIGN KEY (`sales_return_id`) REFERENCES `sales_returns` (`id`) ON DELETE CASCADE,
  CONSTRAINT `sales_return_lists_store_id_foreign` FOREIGN KEY (`store_id`) REFERENCES `stores` (`id`) ON DELETE CASCADE
) ENGINE=InnoDB AUTO_INCREMENT=25 DEFAULT CHARSET=utf8mb4 COLLATE=utf8mb4_unicode_ci;

-- Dumping data for table amar_hostel.sales_return_lists: ~20 rows (approximately)
DELETE FROM `sales_return_lists`;
INSERT INTO `sales_return_lists` (`id`, `sales_return_id`, `client_id`, `store_id`, `sales_id`, `sales_list_id`, `product_id`, `product_edition_id`, `rate`, `qty`, `amount`, `created_at`, `updated_at`) VALUES
	(2, 2, 33, 1, 161, 324, 12, 4, 220.00, 25.00, 5500.00, '2025-12-21 22:12:51', '2025-12-21 22:12:51'),
	(4, 4, 31, 1, 190, 361, 3, 7, 232.00, 23.00, 5336.00, '2025-12-22 01:19:20', '2025-12-22 01:19:20'),
	(5, 5, 12, 1, 164, 327, 3, 7, 232.00, 40.00, 9280.00, '2025-12-22 01:20:21', '2025-12-22 01:20:21'),
	(6, 6, 11, 1, 163, 326, 3, 7, 232.00, 4.00, 928.00, '2025-12-22 05:05:06', '2025-12-22 05:05:06'),
	(7, 7, 31, 1, 224, 403, 2, 3, 192.00, 23.00, 4416.00, '2025-12-22 06:38:30', '2025-12-22 06:38:30'),
	(8, 8, 33, 1, 298, 484, 4, 9, 208.00, 15.00, 3120.00, '2025-12-22 09:48:08', '2025-12-22 09:48:08'),
	(9, 9, 31, 1, 306, 492, 7, 5, 208.00, 23.00, 4784.00, '2025-12-22 10:40:39', '2025-12-22 10:40:39'),
	(10, 10, 33, 1, 355, 543, 16, 10, 240.00, 30.00, 7200.00, '2025-12-22 18:32:30', '2025-12-22 18:32:30'),
	(11, 11, 33, 1, 263, 446, 4, 9, 208.00, 15.00, 3120.00, '2026-01-08 04:44:13', '2026-01-08 04:44:13'),
	(12, 12, 14, 1, 277, 462, 4, 9, 208.00, 2.00, 416.00, '2026-01-08 04:53:16', '2026-01-08 04:53:16'),
	(13, 13, 14, 1, 320, 506, 7, 5, 208.00, 2.00, 416.00, '2026-01-08 04:58:16', '2026-01-08 04:58:16'),
	(15, 15, 14, 1, 165, 328, 3, 7, 232.00, 11.00, 2552.00, '2026-01-08 06:57:36', '2026-01-08 06:57:36'),
	(16, 16, 37, 1, 169, 618, 3, 7, 232.00, 10.00, 2320.00, '2026-01-08 07:02:02', '2026-01-08 07:02:02'),
	(18, 18, 39, 1, 168, 331, 3, 7, 232.00, 10.00, 2320.00, '2026-01-08 07:29:58', '2026-01-08 07:29:58'),
	(19, 19, 39, 1, 168, 331, 3, 7, 232.00, 10.00, 2320.00, '2026-01-08 07:33:24', '2026-01-08 07:33:24'),
	(20, 20, 33, 1, 192, 364, 3, 7, 232.00, 17.00, 3944.00, '2026-01-12 23:51:01', '2026-01-12 23:51:01'),
	(21, 21, 33, 1, 226, 405, 2, 3, 192.00, 20.00, 3840.00, '2026-01-12 23:53:26', '2026-01-12 23:53:26'),
	(22, 22, 32, 1, 225, 404, 2, 3, 192.00, 3.00, 576.00, '2026-01-12 23:57:07', '2026-01-12 23:57:07'),
	(23, 23, 33, 1, 308, 494, 7, 5, 208.00, 20.00, 4160.00, '2026-01-13 00:02:36', '2026-01-13 00:02:36'),
	(24, 24, 32, 1, 307, 493, 7, 5, 208.00, 3.00, 624.00, '2026-01-13 00:03:47', '2026-01-13 00:03:47');

-- Dumping structure for table amar_hostel.sales_return_payments
DROP TABLE IF EXISTS `sales_return_payments`;
CREATE TABLE IF NOT EXISTS `sales_return_payments` (
  `id` bigint unsigned NOT NULL AUTO_INCREMENT,
  `sales_return_id` bigint unsigned NOT NULL,
  `sales_id` bigint unsigned NOT NULL,
  `amount` decimal(16,2) NOT NULL,
  `created_at` timestamp NULL DEFAULT NULL,
  `updated_at` timestamp NULL DEFAULT NULL,
  PRIMARY KEY (`id`),
  KEY `sales_return_payments_sales_return_id_foreign` (`sales_return_id`),
  KEY `sales_return_payments_sales_id_foreign` (`sales_id`),
  CONSTRAINT `sales_return_payments_sales_id_foreign` FOREIGN KEY (`sales_id`) REFERENCES `sales` (`id`) ON DELETE CASCADE,
  CONSTRAINT `sales_return_payments_sales_return_id_foreign` FOREIGN KEY (`sales_return_id`) REFERENCES `sales_returns` (`id`) ON DELETE CASCADE
) ENGINE=InnoDB DEFAULT CHARSET=utf8mb4 COLLATE=utf8mb4_unicode_ci;

-- Dumping data for table amar_hostel.sales_return_payments: ~0 rows (approximately)
DELETE FROM `sales_return_payments`;

-- Dumping structure for table amar_hostel.services
DROP TABLE IF EXISTS `services`;
CREATE TABLE IF NOT EXISTS `services` (
  `id` bigint unsigned NOT NULL AUTO_INCREMENT,
  `room_id` bigint unsigned DEFAULT NULL,
  `type` varchar(255) COLLATE utf8mb4_unicode_ci DEFAULT NULL,
  `image` varchar(255) COLLATE utf8mb4_unicode_ci DEFAULT NULL,
  `name` varchar(255) COLLATE utf8mb4_unicode_ci NOT NULL,
  `description` text COLLATE utf8mb4_unicode_ci,
  `icon` varchar(255) COLLATE utf8mb4_unicode_ci DEFAULT NULL,
  `created_at` timestamp NULL DEFAULT NULL,
  `updated_at` timestamp NULL DEFAULT NULL,
  PRIMARY KEY (`id`),
  KEY `services_room_id_foreign` (`room_id`),
  CONSTRAINT `services_room_id_foreign` FOREIGN KEY (`room_id`) REFERENCES `rooms` (`id`) ON DELETE CASCADE
) ENGINE=InnoDB AUTO_INCREMENT=14 DEFAULT CHARSET=utf8mb4 COLLATE=utf8mb4_unicode_ci;

-- Dumping data for table amar_hostel.services: ~12 rows (approximately)
DELETE FROM `services`;
INSERT INTO `services` (`id`, `room_id`, `type`, `image`, `name`, `description`, `icon`, `created_at`, `updated_at`) VALUES
	(1, 6, 'menu', 'services/bB0yGNVaqiDg7R8NJGbtYN7qAPHeMI3nla3oyNRc.png', 'Bar', 'ASDASD', 'WWWW', '2026-02-14 22:22:07', '2026-02-14 22:39:42'),
	(3, NULL, 'about', 'services/GngBmtmUUKGSjSHG3Zu55cVocWGib6JBBdJQKOGp.jpg', 'About', 'czczccsdsadasd', 'sdsada', '2026-02-14 23:06:28', '2026-02-15 00:57:03'),
	(4, NULL, 'gallery', 'services/Usm4hF3D8jqe1qVknnDJwoaMA1IOdt8qTy9yAGwX.jpg', 'Test', 'as', 'aas', '2026-02-15 00:05:20', '2026-02-15 00:05:20'),
	(5, NULL, 'menu', 'services/97c29VRdoxwJ2SLA60VBzjYsnxoXCTyEHxnF6Wbd.jpg', 'Gym Facilities', 'descrisasas', '1222', '2026-02-15 00:19:02', '2026-02-15 00:19:02'),
	(6, NULL, 'home', 'services/YJPa01QJBQfAnFQrsBsytMviJHsezWtp5wnIejEI.jpg', 'Restaurant', 'Usage of the Internet is becoming more common due to rapid advancement of technology and power.', 'lnr lnr-dinner', '2026-02-15 00:35:51', '2026-02-15 00:37:11'),
	(7, NULL, 'home', 'services/n2VeLYJCqJDwqJebC0ERblWaBIK2Pcn6hFvfYom8.jpg', 'Sports CLub', 'Usage of the Internet is becoming more common due to rapid advancement of technology and power.', 'lnr lnr-bicycle', '2026-02-15 00:41:56', '2026-02-15 00:41:56'),
	(8, NULL, 'home', 'services/ecdBLguVrPU5LxkfhjfQragqXYkCAw76OdngPJNE.jpg', 'Swimming Pool', 'Usage of the Internet is becoming more common due to rapid advancement of technology and power.\r\nUsage of the Internet is becoming more common due to rapid advancement of technology and power.\r\nUsage of the Internet is becoming more common due to rapid advancement of technology and power.\r\nUsage of the Internet is becoming more common due to rapid advancement of technology and power.\r\nUsage of the Internet is becoming more common due to rapid advancement of technology and power.', 'lnr lnr-shirt', '2026-02-15 00:43:55', '2026-02-15 00:52:09'),
	(9, NULL, 'testimonial', 'services/LF1EWw8PmB5rn6JzHEYdyzUQBJWMb1bqOxVn5Oz2.jpg', 'Mr. Fency Tiger', 'Information is structured data, facts, or knowledge conveyed through communication, observation, or research. It reduces uncertainty, informs decisions, and exists in various forms, including text, signals, or patterns. Information is vital for understanding, often distinguished from raw data by its organization and context.', 'as', '2026-02-15 01:00:50', '2026-02-15 01:00:50'),
	(10, NULL, 'testimonial', 'services/OvU7OxlT87gRcyX6XH2FZf3v25ndhxBdaFdrlDo0.jpg', 'Tailor', 'Information is structured data, facts, or knowledge conveyed through communication, observation, or research. It reduces uncertainty, informs decisions, and exists in various forms, including text, signals, or patterns. Information is vital for understanding, often distinguished from raw data by its organization and context.', NULL, '2026-02-15 01:02:30', '2026-02-15 01:02:30'),
	(11, NULL, 'about', 'services/R9P33SVgwLPxSVcHwolkpS7STSNjjjv2cqzfhlu7.jpg', 'Malway', 'Information is structured data, facts, or knowledge conveyed through communication, observation, or research. It reduces uncertainty, informs decisions, and exists in various forms, including text, signals, or patterns. Information is vital for understanding, often distinguished from raw data by its organization and context.', NULL, '2026-02-15 01:02:58', '2026-02-15 01:02:58'),
	(12, NULL, 'footer_col1', 'services/6erjcbZaFXeRJGjsdYKrW6yPPiguH0YaOCOr9ZqA.jpg', 'Refund Policy', 'asdasdad', NULL, '2026-02-15 01:10:54', '2026-02-15 01:10:54'),
	(13, NULL, 'footer_col2', 'services/k02GqwD4e1e3bvkOuwU8wZ9YIV38W9gwUyvd9bvV.jpg', 'Security', 'sfsfsfd', NULL, '2026-02-15 01:11:34', '2026-02-15 01:11:34');

-- Dumping structure for table amar_hostel.sessions
DROP TABLE IF EXISTS `sessions`;
CREATE TABLE IF NOT EXISTS `sessions` (
  `id` varchar(255) COLLATE utf8mb4_unicode_ci NOT NULL,
  `user_id` bigint unsigned DEFAULT NULL,
  `ip_address` varchar(45) COLLATE utf8mb4_unicode_ci DEFAULT NULL,
  `user_agent` text COLLATE utf8mb4_unicode_ci,
  `payload` longtext COLLATE utf8mb4_unicode_ci NOT NULL,
  `last_activity` int NOT NULL,
  PRIMARY KEY (`id`),
  KEY `sessions_user_id_index` (`user_id`),
  KEY `sessions_last_activity_index` (`last_activity`)
) ENGINE=InnoDB DEFAULT CHARSET=utf8mb4 COLLATE=utf8mb4_unicode_ci;

-- Dumping data for table amar_hostel.sessions: ~2 rows (approximately)
DELETE FROM `sessions`;
INSERT INTO `sessions` (`id`, `user_id`, `ip_address`, `user_agent`, `payload`, `last_activity`) VALUES
	('3NW5Gc6nSfEa2hQByI1jNTCwYQ5fEzgkfZkXTgFL', NULL, '127.0.0.1', 'Mozilla/5.0 (Windows NT 10.0; Win64; x64; rv:147.0) Gecko/20100101 Firefox/147.0', 'YTozOntzOjY6Il90b2tlbiI7czo0MDoiMzdDckRVc280eXF3TXU1ak1rbVd1V0NxcVQ5RmF0R3ppS1FocGxhayI7czo5OiJfcHJldmlvdXMiO2E6MTp7czozOiJ1cmwiO3M6Mjc6Imh0dHA6Ly8xMjcuMC4wLjE6ODAwMC9hZG1pbiI7fXM6NjoiX2ZsYXNoIjthOjI6e3M6Mzoib2xkIjthOjA6e31zOjM6Im5ldyI7YTowOnt9fX0=', 1771396359),
	('9bzi7Ha96bl9CwllWWMJ1Yb6wNyrPJSf9v5yGjHy', 1, '127.0.0.1', 'Mozilla/5.0 (Windows NT 10.0; Win64; x64) AppleWebKit/537.36 (KHTML, like Gecko) Chrome/144.0.0.0 Safari/537.36', 'YTo0OntzOjY6Il90b2tlbiI7czo0MDoiRzBBZkIwSG1GQXlqWWZlSXBkSFhLSlE1aDloamEzTVpLSnJVQkRzYyI7czo5OiJfcHJldmlvdXMiO2E6MTp7czozOiJ1cmwiO3M6Mzc6Imh0dHA6Ly8xMjcuMC4wLjE6ODAwMC9hZG1pbi9kYXNoYm9hcmQiO31zOjY6Il9mbGFzaCI7YToyOntzOjM6Im9sZCI7YTowOnt9czozOiJuZXciO2E6MDp7fX1zOjUwOiJsb2dpbl93ZWJfNTliYTM2YWRkYzJiMmY5NDAxNTgwZjAxNGM3ZjU4ZWE0ZTMwOTg5ZCI7aToxO30=', 1771413215);

-- Dumping structure for table amar_hostel.settings
DROP TABLE IF EXISTS `settings`;
CREATE TABLE IF NOT EXISTS `settings` (
  `id` bigint unsigned NOT NULL AUTO_INCREMENT,
  `app_name` varchar(255) COLLATE utf8mb4_unicode_ci DEFAULT NULL,
  `title` varchar(255) COLLATE utf8mb4_unicode_ci DEFAULT NULL,
  `primary_phone` varchar(255) COLLATE utf8mb4_unicode_ci DEFAULT NULL,
  `secondary_phone` varchar(255) COLLATE utf8mb4_unicode_ci DEFAULT NULL,
  `primary_email` varchar(255) COLLATE utf8mb4_unicode_ci DEFAULT NULL,
  `secondary_email` varchar(255) COLLATE utf8mb4_unicode_ci DEFAULT NULL,
  `office_time` varchar(255) COLLATE utf8mb4_unicode_ci DEFAULT NULL,
  `address` text COLLATE utf8mb4_unicode_ci,
  `description` text COLLATE utf8mb4_unicode_ci,
  `banner_one` varchar(255) COLLATE utf8mb4_unicode_ci DEFAULT NULL,
  `banner_one_link` varchar(255) COLLATE utf8mb4_unicode_ci DEFAULT NULL,
  `banner_one_status` tinyint(1) NOT NULL DEFAULT '1',
  `banner_two` varchar(255) COLLATE utf8mb4_unicode_ci DEFAULT NULL,
  `banner_two_link` varchar(255) COLLATE utf8mb4_unicode_ci DEFAULT NULL,
  `banner_two_status` tinyint(1) NOT NULL DEFAULT '1',
  `page_heading_bg` varchar(255) COLLATE utf8mb4_unicode_ci DEFAULT NULL,
  `meta_title` varchar(255) COLLATE utf8mb4_unicode_ci DEFAULT NULL,
  `meta_keyword` text COLLATE utf8mb4_unicode_ci,
  `meta_description` text COLLATE utf8mb4_unicode_ci,
  `meta_image` text COLLATE utf8mb4_unicode_ci,
  `google_map` text COLLATE utf8mb4_unicode_ci,
  `favicon` varchar(255) COLLATE utf8mb4_unicode_ci DEFAULT NULL,
  `logo` varchar(255) COLLATE utf8mb4_unicode_ci DEFAULT NULL,
  `footer_logo` varchar(255) COLLATE utf8mb4_unicode_ci DEFAULT NULL,
  `placeholder` varchar(255) COLLATE utf8mb4_unicode_ci DEFAULT NULL,
  `facebook_page` varchar(255) COLLATE utf8mb4_unicode_ci DEFAULT NULL,
  `facebook_group` varchar(255) COLLATE utf8mb4_unicode_ci DEFAULT NULL,
  `youtube` varchar(255) COLLATE utf8mb4_unicode_ci DEFAULT NULL,
  `twitter` varchar(255) COLLATE utf8mb4_unicode_ci DEFAULT NULL,
  `linkedin` varchar(255) COLLATE utf8mb4_unicode_ci DEFAULT NULL,
  `google` varchar(255) COLLATE utf8mb4_unicode_ci DEFAULT NULL,
  `whatsapp` varchar(255) COLLATE utf8mb4_unicode_ci DEFAULT NULL,
  `instagram` varchar(255) COLLATE utf8mb4_unicode_ci DEFAULT NULL,
  `pinterest` varchar(255) COLLATE utf8mb4_unicode_ci DEFAULT NULL,
  `sms_api_url` json DEFAULT NULL,
  `sms_api_key` json DEFAULT NULL,
  `sms_api_id` json DEFAULT NULL,
  `bkash_status` tinyint(1) NOT NULL DEFAULT '1',
  `nagad_status` tinyint(1) NOT NULL DEFAULT '1',
  `created_at` timestamp NULL DEFAULT NULL,
  `updated_at` timestamp NULL DEFAULT NULL,
  PRIMARY KEY (`id`)
) ENGINE=InnoDB AUTO_INCREMENT=2 DEFAULT CHARSET=utf8mb4 COLLATE=utf8mb4_unicode_ci;

-- Dumping data for table amar_hostel.settings: ~1 rows (approximately)
DELETE FROM `settings`;
INSERT INTO `settings` (`id`, `app_name`, `title`, `primary_phone`, `secondary_phone`, `primary_email`, `secondary_email`, `office_time`, `address`, `description`, `banner_one`, `banner_one_link`, `banner_one_status`, `banner_two`, `banner_two_link`, `banner_two_status`, `page_heading_bg`, `meta_title`, `meta_keyword`, `meta_description`, `meta_image`, `google_map`, `favicon`, `logo`, `footer_logo`, `placeholder`, `facebook_page`, `facebook_group`, `youtube`, `twitter`, `linkedin`, `google`, `whatsapp`, `instagram`, `pinterest`, `sms_api_url`, `sms_api_key`, `sms_api_id`, `bkash_status`, `nagad_status`, `created_at`, `updated_at`) VALUES
	(1, 'Amar Hostel', 'Amar Hostel', '33333', '33333', 'amar@hostel.com', 'amar@hostel.com', NULL, 'dsad', 'dsaddas', NULL, NULL, 1, NULL, NULL, 1, NULL, 'dasd', 'sads', 'dsad', NULL, NULL, 'storage/settings/2026-02-09-wkH0tkT84jkJmtu0033kjVvSl3rAcpimAEPbgCC0.webp', 'storage/settings/2026-02-09-WXI1ydTdwGPz6e9NiIub10XzXUuCNiFVTLdvgubk.webp', NULL, NULL, NULL, NULL, NULL, NULL, NULL, NULL, NULL, NULL, NULL, NULL, NULL, NULL, 1, 1, '2026-02-09 02:27:22', '2026-02-09 02:27:22');

-- Dumping structure for table amar_hostel.stores
DROP TABLE IF EXISTS `stores`;
CREATE TABLE IF NOT EXISTS `stores` (
  `id` bigint unsigned NOT NULL AUTO_INCREMENT,
  `code` varchar(255) CHARACTER SET utf8mb4 COLLATE utf8mb4_unicode_ci DEFAULT NULL,
  `type` varchar(255) CHARACTER SET utf8mb4 COLLATE utf8mb4_unicode_ci DEFAULT NULL,
  `name` varchar(255) CHARACTER SET utf8mb4 COLLATE utf8mb4_unicode_ci NOT NULL,
  `address` text CHARACTER SET utf8mb4 COLLATE utf8mb4_unicode_ci,
  `remarks` text CHARACTER SET utf8mb4 COLLATE utf8mb4_unicode_ci,
  `status` tinyint(1) NOT NULL DEFAULT '1',
  `created_by` bigint unsigned DEFAULT NULL,
  `updated_by` bigint unsigned DEFAULT NULL,
  `deleted_by` bigint unsigned DEFAULT NULL,
  `deleted_at` timestamp NULL DEFAULT NULL,
  `created_at` timestamp NULL DEFAULT NULL,
  `updated_at` timestamp NULL DEFAULT NULL,
  PRIMARY KEY (`id`),
  UNIQUE KEY `stores_code_unique` (`code`),
  KEY `stores_created_by_foreign` (`created_by`),
  KEY `stores_updated_by_foreign` (`updated_by`),
  KEY `stores_deleted_by_foreign` (`deleted_by`),
  CONSTRAINT `stores_created_by_foreign` FOREIGN KEY (`created_by`) REFERENCES `users` (`id`) ON DELETE SET NULL,
  CONSTRAINT `stores_deleted_by_foreign` FOREIGN KEY (`deleted_by`) REFERENCES `users` (`id`) ON DELETE SET NULL,
  CONSTRAINT `stores_updated_by_foreign` FOREIGN KEY (`updated_by`) REFERENCES `users` (`id`) ON DELETE SET NULL
) ENGINE=InnoDB AUTO_INCREMENT=2 DEFAULT CHARSET=utf8mb4 COLLATE=utf8mb4_unicode_ci;

-- Dumping data for table amar_hostel.stores: ~1 rows (approximately)
DELETE FROM `stores`;
INSERT INTO `stores` (`id`, `code`, `type`, `name`, `address`, `remarks`, `status`, `created_by`, `updated_by`, `deleted_by`, `deleted_at`, `created_at`, `updated_at`) VALUES
	(1, NULL, 'Product Stock,Damage Stock', 'Main Store', NULL, NULL, 1, 1, NULL, NULL, NULL, '2025-07-22 03:19:10', '2025-07-22 03:19:10');

-- Dumping structure for table amar_hostel.territories
DROP TABLE IF EXISTS `territories`;
CREATE TABLE IF NOT EXISTS `territories` (
  `id` bigint unsigned NOT NULL AUTO_INCREMENT,
  `region_id` bigint unsigned NOT NULL,
  `area_id` bigint unsigned NOT NULL,
  `code` varchar(255) CHARACTER SET utf8mb4 COLLATE utf8mb4_unicode_ci DEFAULT NULL,
  `name` varchar(255) CHARACTER SET utf8mb4 COLLATE utf8mb4_unicode_ci NOT NULL,
  `incharge` varchar(255) CHARACTER SET utf8mb4 COLLATE utf8mb4_unicode_ci DEFAULT NULL,
  `phone` varchar(255) CHARACTER SET utf8mb4 COLLATE utf8mb4_unicode_ci DEFAULT NULL,
  `email` varchar(255) CHARACTER SET utf8mb4 COLLATE utf8mb4_unicode_ci DEFAULT NULL,
  `address` varchar(255) CHARACTER SET utf8mb4 COLLATE utf8mb4_unicode_ci DEFAULT NULL,
  `status` tinyint(1) NOT NULL DEFAULT '1',
  `created_by` bigint unsigned DEFAULT NULL,
  `updated_by` bigint unsigned DEFAULT NULL,
  `deleted_by` bigint unsigned DEFAULT NULL,
  `deleted_at` timestamp NULL DEFAULT NULL,
  `created_at` timestamp NULL DEFAULT NULL,
  `updated_at` timestamp NULL DEFAULT NULL,
  PRIMARY KEY (`id`),
  UNIQUE KEY `territories_code_unique` (`code`),
  KEY `territories_region_id_foreign` (`region_id`),
  KEY `territories_area_id_foreign` (`area_id`),
  KEY `territories_created_by_foreign` (`created_by`),
  KEY `territories_updated_by_foreign` (`updated_by`),
  KEY `territories_deleted_by_foreign` (`deleted_by`),
  CONSTRAINT `territories_area_id_foreign` FOREIGN KEY (`area_id`) REFERENCES `areas` (`id`) ON DELETE CASCADE,
  CONSTRAINT `territories_created_by_foreign` FOREIGN KEY (`created_by`) REFERENCES `users` (`id`) ON DELETE SET NULL,
  CONSTRAINT `territories_deleted_by_foreign` FOREIGN KEY (`deleted_by`) REFERENCES `users` (`id`) ON DELETE SET NULL,
  CONSTRAINT `territories_region_id_foreign` FOREIGN KEY (`region_id`) REFERENCES `regions` (`id`) ON DELETE CASCADE,
  CONSTRAINT `territories_updated_by_foreign` FOREIGN KEY (`updated_by`) REFERENCES `users` (`id`) ON DELETE SET NULL
) ENGINE=InnoDB AUTO_INCREMENT=55 DEFAULT CHARSET=utf8mb4 COLLATE=utf8mb4_unicode_ci;

-- Dumping data for table amar_hostel.territories: ~54 rows (approximately)
DELETE FROM `territories`;
INSERT INTO `territories` (`id`, `region_id`, `area_id`, `code`, `name`, `incharge`, `phone`, `email`, `address`, `status`, `created_by`, `updated_by`, `deleted_by`, `deleted_at`, `created_at`, `updated_at`) VALUES
	(1, 9, 14, NULL, 'Territory 1', NULL, NULL, NULL, NULL, 1, 1, 10, NULL, NULL, '2025-07-22 03:18:54', '2025-10-26 00:19:55'),
	(2, 5, 15, NULL, 'Territory-1', NULL, NULL, NULL, NULL, 1, 10, 10, NULL, NULL, '2025-10-26 00:31:40', '2025-10-26 00:32:46'),
	(3, 7, 18, NULL, 'Area-1', NULL, NULL, NULL, NULL, 1, 10, NULL, 10, '2025-10-26 01:14:11', '2025-10-26 01:13:55', '2025-10-26 01:14:11'),
	(4, 7, 16, NULL, 'Territory-1', NULL, NULL, NULL, NULL, 1, 10, NULL, NULL, NULL, '2025-10-26 01:16:06', '2025-10-26 01:16:06'),
	(5, 6, 45, NULL, '', NULL, NULL, NULL, NULL, 1, 10, NULL, NULL, NULL, '2025-10-31 22:43:40', '2025-10-31 22:43:40'),
	(6, 6, 45, NULL, '', NULL, NULL, NULL, NULL, 1, 10, NULL, 10, '2025-10-31 22:46:12', '2025-10-31 22:43:41', '2025-10-31 22:46:12'),
	(7, 6, 8, NULL, '', NULL, NULL, NULL, NULL, 1, 10, NULL, NULL, NULL, '2025-10-31 22:52:14', '2025-10-31 22:52:14'),
	(8, 6, 44, NULL, '', NULL, NULL, NULL, NULL, 1, 10, NULL, NULL, NULL, '2025-10-31 23:59:02', '2025-10-31 23:59:02'),
	(9, 5, 3, NULL, '', NULL, NULL, NULL, NULL, 1, 10, NULL, NULL, NULL, '2025-10-31 23:59:48', '2025-10-31 23:59:48'),
	(10, 5, 42, NULL, '', NULL, NULL, NULL, NULL, 1, 10, NULL, NULL, NULL, '2025-11-01 00:00:04', '2025-11-01 00:00:04'),
	(11, 5, 41, NULL, '', NULL, NULL, NULL, NULL, 1, 10, NULL, NULL, NULL, '2025-11-01 00:19:37', '2025-11-01 00:19:37'),
	(12, 5, 40, NULL, '', NULL, NULL, NULL, NULL, 1, 10, NULL, NULL, NULL, '2025-11-01 00:20:38', '2025-11-01 00:20:38'),
	(13, 8, 39, NULL, '', NULL, NULL, NULL, NULL, 1, 10, NULL, NULL, NULL, '2025-11-01 00:21:55', '2025-11-01 00:21:55'),
	(14, 8, 38, NULL, '', NULL, NULL, NULL, NULL, 1, 10, 10, NULL, NULL, '2025-11-01 00:24:39', '2025-11-01 00:25:02'),
	(15, 8, 37, NULL, '', NULL, NULL, NULL, NULL, 1, 10, NULL, NULL, NULL, '2025-11-01 00:25:22', '2025-11-01 00:25:22'),
	(16, 8, 36, NULL, '', NULL, NULL, NULL, NULL, 1, 10, NULL, NULL, NULL, '2025-11-01 00:25:51', '2025-11-01 00:25:51'),
	(17, 7, 35, NULL, '', NULL, NULL, NULL, NULL, 1, 10, NULL, NULL, NULL, '2025-11-01 00:26:10', '2025-11-01 00:26:10'),
	(18, 7, 34, NULL, '', NULL, NULL, NULL, NULL, 1, 10, NULL, NULL, NULL, '2025-11-01 00:26:45', '2025-11-01 00:26:45'),
	(19, 7, 32, NULL, '', NULL, NULL, NULL, NULL, 1, 10, NULL, NULL, NULL, '2025-11-01 00:26:59', '2025-11-01 00:26:59'),
	(20, 7, 33, NULL, '', NULL, NULL, NULL, NULL, 1, 10, NULL, NULL, NULL, '2025-11-01 00:27:40', '2025-11-01 00:27:40'),
	(21, 4, 31, NULL, '', NULL, NULL, NULL, NULL, 1, 10, NULL, NULL, NULL, '2025-11-01 00:27:58', '2025-11-01 00:27:58'),
	(22, 4, 30, NULL, '', NULL, NULL, NULL, NULL, 1, 10, NULL, NULL, NULL, '2025-11-01 00:28:16', '2025-11-01 00:28:16'),
	(23, 4, 29, NULL, '', NULL, NULL, NULL, NULL, 1, 10, NULL, NULL, NULL, '2025-11-01 00:28:31', '2025-11-01 00:28:31'),
	(24, 4, 28, NULL, '', NULL, NULL, NULL, NULL, 1, 10, NULL, NULL, NULL, '2025-11-01 00:28:53', '2025-11-01 00:28:53'),
	(25, 3, 27, NULL, ', ', NULL, NULL, NULL, NULL, 1, 10, NULL, NULL, NULL, '2025-11-01 00:32:05', '2025-11-01 00:32:05'),
	(26, 3, 26, NULL, '', NULL, NULL, NULL, NULL, 1, 10, NULL, NULL, NULL, '2025-11-01 00:32:33', '2025-11-01 00:32:33'),
	(27, 2, 25, NULL, '', NULL, NULL, NULL, NULL, 1, 10, NULL, 10, '2025-11-01 01:03:36', '2025-11-01 00:33:35', '2025-11-01 01:03:36'),
	(28, 2, 24, NULL, '', NULL, NULL, NULL, NULL, 1, 10, NULL, NULL, NULL, '2025-11-01 00:34:00', '2025-11-01 00:34:00'),
	(29, 1, 22, NULL, ' ', NULL, NULL, NULL, NULL, 1, 10, NULL, NULL, NULL, '2025-11-01 00:34:26', '2025-11-01 00:34:26'),
	(30, 1, 21, NULL, '', NULL, NULL, NULL, NULL, 1, 10, 10, NULL, NULL, '2025-11-01 00:35:27', '2025-11-01 01:20:48'),
	(31, 1, 21, NULL, ', ', NULL, NULL, NULL, NULL, 1, 10, NULL, 10, '2025-11-01 00:36:07', '2025-11-01 00:35:27', '2025-11-01 00:36:07'),
	(32, 1, 20, NULL, '', NULL, NULL, NULL, NULL, 1, 10, NULL, NULL, NULL, '2025-11-01 00:35:44', '2025-11-01 00:35:44'),
	(33, 5, 13, NULL, '', NULL, NULL, NULL, NULL, 1, 10, NULL, NULL, NULL, '2025-11-01 00:36:53', '2025-11-01 00:36:53'),
	(34, 5, 13, NULL, '', NULL, NULL, NULL, NULL, 1, 10, NULL, 10, '2025-11-01 00:37:54', '2025-11-01 00:36:53', '2025-11-01 00:37:54'),
	(35, 5, 12, NULL, '', NULL, NULL, NULL, NULL, 1, 10, NULL, NULL, NULL, '2025-11-01 00:38:33', '2025-11-01 00:38:33'),
	(36, 1, 11, NULL, '', NULL, NULL, NULL, NULL, 1, 10, NULL, NULL, NULL, '2025-11-01 00:41:07', '2025-11-01 00:41:07'),
	(37, 6, 10, NULL, '', NULL, NULL, NULL, NULL, 1, 10, NULL, NULL, NULL, '2025-11-01 00:56:07', '2025-11-01 00:56:07'),
	(38, 6, 9, NULL, '', NULL, NULL, NULL, NULL, 1, 10, NULL, NULL, NULL, '2025-11-01 00:56:51', '2025-11-01 00:56:51'),
	(39, 3, 7, NULL, '', NULL, NULL, NULL, NULL, 1, 10, NULL, NULL, NULL, '2025-11-01 00:57:35', '2025-11-01 00:57:35'),
	(40, 4, 6, NULL, '', NULL, NULL, NULL, NULL, 1, 10, NULL, NULL, NULL, '2025-11-01 00:58:05', '2025-11-01 00:58:05'),
	(41, 5, 5, NULL, '', NULL, NULL, NULL, NULL, 1, 10, NULL, NULL, NULL, '2025-11-01 00:58:47', '2025-11-01 00:58:47'),
	(42, 5, 5, NULL, '', NULL, NULL, NULL, NULL, 1, 10, NULL, 10, '2025-11-01 00:59:41', '2025-11-01 00:58:47', '2025-11-01 00:59:41'),
	(43, 1, 11, NULL, '', NULL, NULL, NULL, NULL, 1, 10, NULL, 10, '2025-11-01 01:48:34', '2025-11-01 01:01:40', '2025-11-01 01:48:34'),
	(44, 1, 1, NULL, '', NULL, NULL, NULL, NULL, 1, 10, NULL, NULL, NULL, '2025-11-01 01:02:07', '2025-11-01 01:02:07'),
	(45, 2, 4, NULL, '', NULL, NULL, NULL, NULL, 1, 10, NULL, NULL, NULL, '2025-11-01 01:03:03', '2025-11-01 01:03:03'),
	(46, 2, 25, NULL, '', NULL, NULL, NULL, NULL, 1, 10, NULL, NULL, NULL, '2025-11-01 01:03:25', '2025-11-01 01:03:25'),
	(47, 1, 23, NULL, '', NULL, NULL, NULL, NULL, 1, 10, 10, NULL, NULL, '2025-11-01 01:04:16', '2025-11-01 01:18:42'),
	(48, 2, 2, NULL, '', NULL, NULL, NULL, NULL, 1, 10, NULL, NULL, NULL, '2025-11-01 01:04:56', '2025-11-01 01:04:56'),
	(49, 1, 47, NULL, '', NULL, NULL, NULL, NULL, 1, 10, NULL, NULL, NULL, '2025-11-01 01:08:56', '2025-11-01 01:08:56'),
	(50, 2, 48, NULL, '', NULL, NULL, NULL, NULL, 1, 10, NULL, NULL, NULL, '2025-11-01 01:17:20', '2025-11-01 01:17:20'),
	(51, 1, 49, NULL, '', NULL, NULL, NULL, NULL, 1, 10, NULL, NULL, NULL, '2025-11-01 01:20:33', '2025-11-01 01:20:33'),
	(52, 3, 46, NULL, '', NULL, NULL, NULL, NULL, 1, 10, NULL, NULL, NULL, '2025-11-02 02:42:42', '2025-11-02 02:42:42'),
	(53, 2, 50, NULL, '', NULL, NULL, NULL, NULL, 1, 10, NULL, NULL, NULL, '2025-11-02 03:06:03', '2025-11-02 03:06:03'),
	(54, 1, 51, NULL, ' ', NULL, NULL, NULL, NULL, 1, 1, NULL, NULL, NULL, '2026-01-24 05:22:03', '2026-01-24 05:22:03');

-- Dumping structure for table amar_hostel.testimonials
DROP TABLE IF EXISTS `testimonials`;
CREATE TABLE IF NOT EXISTS `testimonials` (
  `id` bigint unsigned NOT NULL AUTO_INCREMENT,
  `name` varchar(255) COLLATE utf8mb4_unicode_ci NOT NULL,
  `message` text COLLATE utf8mb4_unicode_ci NOT NULL,
  `image` varchar(255) COLLATE utf8mb4_unicode_ci DEFAULT NULL,
  `created_at` timestamp NULL DEFAULT NULL,
  `updated_at` timestamp NULL DEFAULT NULL,
  PRIMARY KEY (`id`)
) ENGINE=InnoDB DEFAULT CHARSET=utf8mb4 COLLATE=utf8mb4_unicode_ci;

-- Dumping data for table amar_hostel.testimonials: ~0 rows (approximately)
DELETE FROM `testimonials`;

-- Dumping structure for table amar_hostel.users
DROP TABLE IF EXISTS `users`;
CREATE TABLE IF NOT EXISTS `users` (
  `id` bigint unsigned NOT NULL AUTO_INCREMENT,
  `name` varchar(255) COLLATE utf8mb4_unicode_ci DEFAULT NULL,
  `user_name` varchar(255) COLLATE utf8mb4_unicode_ci DEFAULT NULL,
  `email` varchar(255) COLLATE utf8mb4_unicode_ci DEFAULT NULL,
  `phone` varchar(255) COLLATE utf8mb4_unicode_ci DEFAULT NULL,
  `address` text COLLATE utf8mb4_unicode_ci,
  `image` varchar(255) COLLATE utf8mb4_unicode_ci DEFAULT NULL,
  `cover_image` varchar(255) COLLATE utf8mb4_unicode_ci DEFAULT NULL,
  `role_status` int NOT NULL DEFAULT '0',
  `status` tinyint(1) NOT NULL DEFAULT '1',
  `email_verified_at` timestamp NULL DEFAULT NULL,
  `otp` varchar(6) COLLATE utf8mb4_unicode_ci DEFAULT NULL,
  `otp_expire` datetime DEFAULT NULL,
  `password` varchar(255) COLLATE utf8mb4_unicode_ci NOT NULL,
  `remember_token` varchar(100) COLLATE utf8mb4_unicode_ci DEFAULT NULL,
  `created_by` bigint unsigned DEFAULT NULL,
  `updated_by` bigint unsigned DEFAULT NULL,
  `deleted_by` bigint unsigned DEFAULT NULL,
  `deleted_at` timestamp NULL DEFAULT NULL,
  `created_at` timestamp NULL DEFAULT NULL,
  `updated_at` timestamp NULL DEFAULT NULL,
  PRIMARY KEY (`id`),
  UNIQUE KEY `users_user_name_unique` (`user_name`),
  UNIQUE KEY `users_email_unique` (`email`),
  KEY `users_created_by_foreign` (`created_by`),
  KEY `users_updated_by_foreign` (`updated_by`),
  KEY `users_deleted_by_foreign` (`deleted_by`),
  CONSTRAINT `users_created_by_foreign` FOREIGN KEY (`created_by`) REFERENCES `users` (`id`) ON DELETE SET NULL,
  CONSTRAINT `users_deleted_by_foreign` FOREIGN KEY (`deleted_by`) REFERENCES `users` (`id`) ON DELETE SET NULL,
  CONSTRAINT `users_updated_by_foreign` FOREIGN KEY (`updated_by`) REFERENCES `users` (`id`) ON DELETE SET NULL
) ENGINE=InnoDB AUTO_INCREMENT=8 DEFAULT CHARSET=utf8mb4 COLLATE=utf8mb4_unicode_ci;

-- Dumping data for table amar_hostel.users: ~4 rows (approximately)
DELETE FROM `users`;
INSERT INTO `users` (`id`, `name`, `user_name`, `email`, `phone`, `address`, `image`, `cover_image`, `role_status`, `status`, `email_verified_at`, `otp`, `otp_expire`, `password`, `remember_token`, `created_by`, `updated_by`, `deleted_by`, `deleted_at`, `created_at`, `updated_at`) VALUES
	(1, 'Admin', 'admin', 'wali@gmail.com', '01711111111', NULL, NULL, NULL, 1, 1, NULL, NULL, NULL, '$2y$12$ZUsjvxfb7txNaFEKaCvFeeMrlJVbVM0Fdmf2c7kOzUeLMkAQJgJ56', NULL, NULL, NULL, NULL, NULL, '2026-02-03 03:19:59', '2026-02-03 03:19:59'),
	(3, 'ww', 'ww', 'wasi@gmail.com', NULL, NULL, NULL, NULL, 0, 1, NULL, NULL, NULL, '$2y$12$iONyaTWlMDUGzmhgZXQ1Cu4vNkUSlqxVA9YuGlBhrrpXjqo3eUh4m', NULL, NULL, NULL, NULL, NULL, '2026-02-07 23:51:00', '2026-02-07 23:51:00'),
	(6, 'Investor 1', '01997316189', NULL, '01997316189', NULL, NULL, NULL, 0, 1, NULL, NULL, NULL, '$2y$12$66yI.icak6oOYd/xksn9pOFuzWgmCx3ZhvCqBEfSg5cqePk6gJCcW', 'sNHEHQr0cc1lCqJ2gUQ34mwdGkTwcJIgrC3BwruwerFBuogV8uDZIUKQVR41', 1, NULL, NULL, NULL, '2026-02-09 22:23:41', '2026-02-09 22:23:41'),
	(7, 'Wali', '01921588567', 'w@gmail.com', '01921588567', NULL, NULL, NULL, 0, 1, NULL, NULL, NULL, '$2y$12$WDaWYQ89vRplC9Do3a2Cd.GHViXk9q0DGVZnI71yU7Zux4/VH3f2O', NULL, 1, NULL, NULL, NULL, '2026-02-15 04:26:31', '2026-02-15 04:26:31');

-- Dumping structure for table amar_hostel.wallets
DROP TABLE IF EXISTS `wallets`;
CREATE TABLE IF NOT EXISTS `wallets` (
  `id` bigint unsigned NOT NULL AUTO_INCREMENT,
  `investor_id` bigint unsigned NOT NULL,
  `invest_id` bigint unsigned DEFAULT NULL,
  `investor_profit_id` bigint unsigned DEFAULT NULL,
  `investor_payment_id` bigint unsigned DEFAULT NULL,
  `sattlement_id` bigint unsigned DEFAULT NULL,
  `date` date DEFAULT NULL,
  `amount_in` decimal(16,0) NOT NULL DEFAULT '0',
  `amount_out` decimal(16,0) NOT NULL DEFAULT '0',
  `type` varchar(255) COLLATE utf8mb4_unicode_ci NOT NULL,
  `approved` tinyint NOT NULL DEFAULT '0',
  `created_by` bigint unsigned DEFAULT NULL,
  `updated_by` bigint unsigned DEFAULT NULL,
  `deleted_by` bigint unsigned DEFAULT NULL,
  `deleted_at` timestamp NULL DEFAULT NULL,
  `created_at` timestamp NULL DEFAULT NULL,
  `updated_at` timestamp NULL DEFAULT NULL,
  PRIMARY KEY (`id`),
  KEY `wallets_investor_id_foreign` (`investor_id`),
  CONSTRAINT `wallets_investor_id_foreign` FOREIGN KEY (`investor_id`) REFERENCES `investors` (`id`) ON DELETE CASCADE
) ENGINE=InnoDB AUTO_INCREMENT=2 DEFAULT CHARSET=utf8mb4 COLLATE=utf8mb4_unicode_ci;

-- Dumping data for table amar_hostel.wallets: ~1 rows (approximately)
DELETE FROM `wallets`;
INSERT INTO `wallets` (`id`, `investor_id`, `invest_id`, `investor_profit_id`, `investor_payment_id`, `sattlement_id`, `date`, `amount_in`, `amount_out`, `type`, `approved`, `created_by`, `updated_by`, `deleted_by`, `deleted_at`, `created_at`, `updated_at`) VALUES
	(1, 1, 1, NULL, NULL, NULL, '2026-02-10', 140000, 0, 'Invest', 1, 1, 1, NULL, NULL, '2026-02-09 22:42:48', '2026-02-15 02:11:04');

/*!40103 SET TIME_ZONE=IFNULL(@OLD_TIME_ZONE, 'system') */;
/*!40101 SET SQL_MODE=IFNULL(@OLD_SQL_MODE, '') */;
/*!40014 SET FOREIGN_KEY_CHECKS=IFNULL(@OLD_FOREIGN_KEY_CHECKS, 1) */;
/*!40101 SET CHARACTER_SET_CLIENT=@OLD_CHARACTER_SET_CLIENT */;
/*!40111 SET SQL_NOTES=IFNULL(@OLD_SQL_NOTES, 1) */;
