-- --------------------------------------------------------
-- Host:                         127.0.0.1
-- Server version:               8.4.3 - MySQL Community Server - GPL
-- Server OS:                    Win64
-- HeidiSQL Version:             12.8.0.6908
-- --------------------------------------------------------

/*!40101 SET @OLD_CHARACTER_SET_CLIENT=@@CHARACTER_SET_CLIENT */;
/*!40101 SET NAMES utf8 */;
/*!50503 SET NAMES utf8mb4 */;
/*!40103 SET @OLD_TIME_ZONE=@@TIME_ZONE */;
/*!40103 SET TIME_ZONE='+00:00' */;
/*!40014 SET @OLD_FOREIGN_KEY_CHECKS=@@FOREIGN_KEY_CHECKS, FOREIGN_KEY_CHECKS=0 */;
/*!40101 SET @OLD_SQL_MODE=@@SQL_MODE, SQL_MODE='NO_AUTO_VALUE_ON_ZERO' */;
/*!40111 SET @OLD_SQL_NOTES=@@SQL_NOTES, SQL_NOTES=0 */;


-- Dumping database structure for amar_hostel
DROP DATABASE IF EXISTS `amar_hostel`;
CREATE DATABASE IF NOT EXISTS `amar_hostel` /*!40100 DEFAULT CHARACTER SET utf8mb4 COLLATE utf8mb4_0900_ai_ci */ /*!80016 DEFAULT ENCRYPTION='N' */;
USE `amar_hostel`;

-- Dumping structure for table amar_hostel.account_transactions
DROP TABLE IF EXISTS `account_transactions`;
CREATE TABLE IF NOT EXISTS `account_transactions` (
  `id` bigint unsigned NOT NULL AUTO_INCREMENT,
  `account_transaction_auto_id` bigint unsigned NOT NULL,
  `voucher_no` varchar(255) COLLATE utf8mb4_unicode_ci NOT NULL,
  `voucher_type` varchar(20) COLLATE utf8mb4_unicode_ci NOT NULL,
  `voucher_date` date NOT NULL,
  `coa_setup_id` bigint unsigned NOT NULL,
  `coa_head_code` bigint NOT NULL,
  `narration` text COLLATE utf8mb4_unicode_ci NOT NULL,
  `debit_amount` decimal(16,2) NOT NULL DEFAULT '0.00',
  `credit_amount` decimal(16,2) NOT NULL DEFAULT '0.00',
  `document` varchar(255) COLLATE utf8mb4_unicode_ci DEFAULT NULL,
  `posted` tinyint(1) NOT NULL DEFAULT '0',
  `approve` tinyint(1) NOT NULL DEFAULT '0',
  `approve_by` bigint unsigned DEFAULT NULL,
  `created_by` bigint unsigned DEFAULT NULL,
  `updated_by` bigint unsigned DEFAULT NULL,
  `deleted_by` bigint unsigned DEFAULT NULL,
  `deleted_at` timestamp NULL DEFAULT NULL,
  `created_at` timestamp NULL DEFAULT NULL,
  `updated_at` timestamp NULL DEFAULT NULL,
  PRIMARY KEY (`id`),
  KEY `account_transactions_account_transaction_auto_id_foreign` (`account_transaction_auto_id`),
  CONSTRAINT `account_transactions_account_transaction_auto_id_foreign` FOREIGN KEY (`account_transaction_auto_id`) REFERENCES `account_transaction_autos` (`id`) ON DELETE CASCADE
) ENGINE=InnoDB DEFAULT CHARSET=utf8mb4 COLLATE=utf8mb4_unicode_ci;

-- Dumping data for table amar_hostel.account_transactions: ~0 rows (approximately)
DELETE FROM `account_transactions`;

-- Dumping structure for table amar_hostel.account_transaction_autos
DROP TABLE IF EXISTS `account_transaction_autos`;
CREATE TABLE IF NOT EXISTS `account_transaction_autos` (
  `id` bigint unsigned NOT NULL AUTO_INCREMENT,
  `voucher_no` varchar(255) COLLATE utf8mb4_unicode_ci NOT NULL,
  `coa_id` int(10) unsigned zerofill DEFAULT NULL,
  `date` date DEFAULT NULL,
  `voucher_type` varchar(20) COLLATE utf8mb4_unicode_ci NOT NULL,
  `voucher_date` date NOT NULL,
  `coa_setup_id` bigint unsigned NOT NULL,
  `coa_head_code` bigint NOT NULL,
  `narration` text COLLATE utf8mb4_unicode_ci NOT NULL,
  `debit_amount` decimal(16,2) NOT NULL DEFAULT '0.00',
  `credit_amount` decimal(16,2) NOT NULL DEFAULT '0.00',
  `document` varchar(255) COLLATE utf8mb4_unicode_ci DEFAULT NULL,
  `posted` tinyint(1) NOT NULL DEFAULT '0',
  `approve` tinyint(1) NOT NULL DEFAULT '0',
  `approve_by` bigint unsigned DEFAULT NULL,
  `created_by` bigint unsigned DEFAULT NULL,
  `updated_by` bigint unsigned DEFAULT NULL,
  `deleted_by` bigint unsigned DEFAULT NULL,
  `deleted_at` timestamp NULL DEFAULT NULL,
  `created_at` timestamp NULL DEFAULT NULL,
  `updated_at` timestamp NULL DEFAULT NULL,
  PRIMARY KEY (`id`)
) ENGINE=InnoDB AUTO_INCREMENT=9 DEFAULT CHARSET=utf8mb4 COLLATE=utf8mb4_unicode_ci;

-- Dumping data for table amar_hostel.account_transaction_autos: ~4 rows (approximately)
DELETE FROM `account_transaction_autos`;
INSERT INTO `account_transaction_autos` (`id`, `voucher_no`, `coa_id`, `date`, `voucher_type`, `voucher_date`, `coa_setup_id`, `coa_head_code`, `narration`, `debit_amount`, `credit_amount`, `document`, `posted`, `approve`, `approve_by`, `created_by`, `updated_by`, `deleted_by`, `deleted_at`, `created_at`, `updated_at`) VALUES
	(5, 'FDI2602000001', NULL, NULL, 'Invest', '2026-02-10', 163, 1010201, 'Invest against Invest No - FDI2602000001', 140000.00, 0.00, NULL, 0, 0, NULL, 1, NULL, NULL, NULL, '2026-02-15 02:11:06', '2026-02-15 02:11:06'),
	(6, 'FDI2602000001', NULL, NULL, 'Invest', '2026-02-10', 241, 20236, 'Invest against Invest No - FDI2602000001', 0.00, 140000.00, NULL, 0, 0, NULL, 1, NULL, NULL, NULL, '2026-02-15 02:11:06', '2026-02-15 02:11:06'),
	(7, 'I2602001', 0000000014, '2026-02-16', 'Invest', '0000-00-00', 0, 1010301, 'Invest against invest no - I2602001', 150000.00, 0.00, NULL, 0, 0, NULL, 1, NULL, NULL, NULL, '2026-02-15 23:59:20', '2026-02-15 23:59:20'),
	(8, 'I2602001', NULL, '2026-02-16', 'Invest', '0000-00-00', 0, 20237, 'Invest against invest no - I2602001', 0.00, 150000.00, NULL, 0, 0, NULL, 1, NULL, NULL, NULL, '2026-02-15 23:59:20', '2026-02-15 23:59:20');

-- Dumping structure for table amar_hostel.admin_menus
DROP TABLE IF EXISTS `admin_menus`;
CREATE TABLE IF NOT EXISTS `admin_menus` (
  `id` bigint unsigned NOT NULL AUTO_INCREMENT,
  `permission_id` bigint unsigned NOT NULL,
  `parent_id` bigint unsigned DEFAULT NULL,
  `name` varchar(255) COLLATE utf8mb4_unicode_ci NOT NULL,
  `route` varchar(255) COLLATE utf8mb4_unicode_ci DEFAULT NULL,
  `icon` varchar(255) COLLATE utf8mb4_unicode_ci DEFAULT NULL,
  `order` int NOT NULL DEFAULT '1',
  `status` tinyint(1) NOT NULL DEFAULT '1',
  `is_deletable` tinyint(1) NOT NULL DEFAULT '1',
  `created_at` timestamp NULL DEFAULT NULL,
  `updated_at` timestamp NULL DEFAULT NULL,
  PRIMARY KEY (`id`),
  KEY `admin_menus_permission_id_foreign` (`permission_id`),
  KEY `admin_menus_parent_id_foreign` (`parent_id`),
  CONSTRAINT `admin_menus_parent_id_foreign` FOREIGN KEY (`parent_id`) REFERENCES `admin_menus` (`id`) ON DELETE CASCADE,
  CONSTRAINT `admin_menus_permission_id_foreign` FOREIGN KEY (`permission_id`) REFERENCES `permissions` (`id`) ON DELETE CASCADE
) ENGINE=InnoDB AUTO_INCREMENT=67 DEFAULT CHARSET=utf8mb4 COLLATE=utf8mb4_unicode_ci;

-- Dumping data for table amar_hostel.admin_menus: ~51 rows (approximately)
DELETE FROM `admin_menus`;
INSERT INTO `admin_menus` (`id`, `permission_id`, `parent_id`, `name`, `route`, `icon`, `order`, `status`, `is_deletable`, `created_at`, `updated_at`) VALUES
	(1, 1, NULL, 'Dashboard', 'admin.dashboard', '<span class="material-symbols-outlined fs-22"> home_app_logo </span>', 1, 1, 1, '2025-06-17 05:07:50', '2025-06-17 05:31:46'),
	(2, 2, NULL, 'System Settings', NULL, '<span class="material-symbols-outlined fs-22"> settings_cinematic_blur </span>', 2, 1, 1, '2025-06-17 05:10:14', '2025-06-17 05:10:14'),
	(3, 3, 2, 'Roles', 'admin.role.index', NULL, 1, 1, 1, '2025-06-17 05:10:36', '2025-06-17 05:10:36'),
	(4, 4, 2, 'Users', 'admin.user.index', NULL, 2, 1, 1, '2025-06-17 05:11:10', '2025-06-17 05:11:10'),
	(5, 5, 2, 'Menu', 'admin.admin-menu.index', NULL, 3, 1, 1, '2025-06-17 05:11:51', '2025-06-17 05:11:51'),
	(6, 6, 2, 'Admin Settings', 'admin.admin-settings.index', NULL, 4, 1, 1, '2025-06-17 05:12:59', '2025-06-17 05:12:59'),
	(7, 7, 2, 'Investors', 'admin.investor.index', NULL, 5, 1, 1, '2025-06-17 05:13:38', '2025-06-17 05:13:38'),
	(8, 27, NULL, 'Invest Process', 'admin.invest.index', '<span class="material-symbols-outlined fs-24"> finance_mode </span>', 6, 1, 1, '2025-06-17 05:37:47', '2025-07-19 04:48:45'),
	(9, 32, NULL, 'Sattlement', 'admin.invest-sattlement.index', '<span class="material-symbols-outlined fs-24"> inventory </span>', 9, 1, 1, '2025-06-17 05:40:52', '2025-07-22 06:49:30'),
	(10, 37, NULL, 'General Accounting', NULL, '<span class="material-symbols-outlined fs-24"> calculate </span>', 11, 1, 1, '2025-06-17 05:42:20', '2025-07-03 03:56:00'),
	(11, 38, 10, 'Transaction', NULL, NULL, 1, 1, 1, '2025-06-17 05:42:51', '2025-06-17 05:42:51'),
	(12, 39, 10, 'Reports', NULL, NULL, 2, 1, 1, '2025-06-17 05:43:04', '2025-06-17 05:43:04'),
	(13, 40, 11, 'Chart of Accounts', 'admin.coa-setup.index', NULL, 1, 1, 1, '2025-06-17 05:43:37', '2026-02-09 22:50:52'),
	(14, 44, 11, 'Debit Voucher', 'admin.debit-voucher.index', NULL, 2, 1, 1, '2025-06-17 05:45:02', '2025-06-17 05:45:02'),
	(15, 49, 11, 'Credit Voucher', 'admin.credit-voucher.index', NULL, 3, 1, 1, '2025-06-17 05:46:11', '2025-06-17 05:46:11'),
	(16, 54, 11, 'Journal Voucher', 'admin.journal-voucher.index', NULL, 4, 1, 1, '2025-06-17 05:46:57', '2025-06-17 05:46:57'),
	(17, 59, 11, 'Voucher Approve', 'admin.voucher-approve.index', NULL, 5, 1, 1, '2025-06-17 05:48:10', '2025-06-17 05:56:08'),
	(18, 62, 11, 'Voucher Refuse', 'admin.voucher-refuse.index', NULL, 6, 1, 1, '2025-06-17 05:50:19', '2025-06-17 05:56:21'),
	(19, 65, 11, 'Automation Approve', 'admin.automation-approve.index', NULL, 7, 1, 1, '2025-06-17 05:51:28', '2025-06-17 05:56:39'),
	(20, 68, 11, 'Automation Refuse', 'admin.automation-refuse.index', NULL, 8, 1, 1, '2025-06-17 05:52:56', '2025-06-17 05:56:47'),
	(21, 71, 12, 'Chart of Accounts', 'admin.coa-list.index', NULL, 1, 1, 1, '2025-06-17 06:02:09', '2025-06-17 06:02:09'),
	(22, 72, 12, 'Daily Voucher List', 'admin.voucher-list.index', NULL, 2, 1, 1, '2025-06-17 06:02:32', '2025-06-17 06:02:32'),
	(23, 73, 12, 'Daily Cash Book', 'admin.cash-book.index', NULL, 3, 1, 1, '2025-06-17 06:03:05', '2025-06-17 06:03:05'),
	(24, 74, 12, 'Bank Book', 'admin.bank-book.index', NULL, 4, 1, 1, '2025-06-17 06:03:16', '2025-06-17 06:03:16'),
	(25, 75, 12, 'Transaction Ledger', 'admin.transaction-ledger.index', NULL, 5, 1, 1, '2025-06-17 06:03:37', '2025-06-17 06:03:37'),
	(26, 76, 12, 'General Ledger', 'admin.general-ledger.index', NULL, 6, 1, 1, '2025-06-17 06:03:52', '2025-06-17 06:03:52'),
	(27, 77, 12, 'Cash Flow Statement', 'admin.cash-flow-statement.index', NULL, 7, 1, 1, '2025-06-17 06:04:23', '2025-06-17 06:04:23'),
	(28, 78, 12, 'Trial Balance', 'admin.trial-balance.index', NULL, 8, 1, 1, '2025-06-17 06:04:35', '2025-06-17 06:04:35'),
	(29, 79, 12, 'Income Statement', 'admin.income-statement.index', NULL, 9, 1, 1, '2025-06-17 06:04:58', '2025-06-17 06:04:58'),
	(30, 80, 12, 'Balance Sheet', 'admin.balance-sheet.index', NULL, 10, 1, 1, '2025-06-17 06:05:13', '2025-06-17 06:05:13'),
	(32, 100, 45, 'Books', 'admin.product.index', '<span class="material-symbols-outlined fs-24"> menu_book </span>', 5, 1, 1, '2025-06-22 08:35:45', '2025-07-19 06:13:58'),
	(39, 138, NULL, 'Inventory', NULL, '<span class="material-symbols-outlined fs-24"> inventory </span>', 4, 1, 1, '2025-07-17 04:00:10', '2025-07-19 05:13:34'),
	(40, 139, 39, 'Productions', 'admin.production.index', NULL, 1, 1, 1, '2025-07-17 04:01:15', '2025-07-17 04:01:15'),
	(41, 155, NULL, 'Sales Management', NULL, '<span class="material-symbols-outlined fs-24"> bar_chart_4_bars </span>', 4, 1, 1, '2025-07-19 04:47:23', '2025-07-19 04:47:23'),
	(42, 156, 41, 'Dealers', 'admin.client.index', NULL, 1, 1, 1, '2025-07-19 04:49:14', '2025-07-19 04:49:14'),
	(43, 157, 41, 'Sales', 'admin.sales.index', NULL, 2, 1, 1, '2025-07-19 04:49:37', '2025-07-19 04:49:37'),
	(44, 166, 39, 'Stock', 'admin.stock-status.index', NULL, 2, 1, 1, '2025-07-19 04:51:17', '2025-07-25 22:53:04'),
	(45, 167, NULL, 'System Setup', NULL, '<span class="material-symbols-outlined fs-24"> api </span>', 3, 1, 1, '2025-07-19 05:13:16', '2025-07-19 05:13:16'),
	(46, 168, 45, 'Regions', 'admin.region.index', NULL, 1, 1, 1, '2025-07-19 05:14:11', '2025-07-19 06:37:03'),
	(47, 169, 45, 'Area', 'admin.area.index', NULL, 2, 1, 1, '2025-07-19 05:14:30', '2025-07-19 05:14:30'),
	(48, 170, 45, 'Territory', 'admin.territory.index', NULL, 3, 1, 1, '2025-07-19 05:14:48', '2025-07-19 05:14:48'),
	(49, 183, 45, 'Stores', 'admin.store.index', NULL, 4, 1, 1, '2025-07-19 06:14:16', '2025-07-19 06:14:22'),
	(50, 190, 41, 'Collections', 'admin.collection.index', NULL, 3, 1, 1, '2025-07-20 07:50:25', '2025-07-20 07:50:25'),
	(51, 196, 41, 'Sales Returns', 'admin.sales-return.index', NULL, 4, 1, 1, '2025-07-21 05:38:18', '2025-07-21 05:38:18'),
	(53, 208, NULL, 'Profit Distribution', 'admin.profit-distribution.index', '<span class="material-symbols-outlined fs-24"> event_repeat </span>', 7, 1, 1, '2025-07-22 02:47:36', '2025-07-22 02:47:49'),
	(54, 214, NULL, 'Investor Payment', 'admin.investor-payment.index', '<span class="material-symbols-outlined fs-24"> add_card </span>', 8, 1, 1, '2025-07-22 06:50:16', '2025-07-22 06:50:16'),
	(55, 220, NULL, 'Investor Statement', 'admin.investor-statement.index', '<span class="material-symbols-outlined fs-24"> contract </span>', 10, 1, 1, '2025-07-22 22:46:53', '2025-07-22 22:46:53'),
	(57, 230, NULL, 'Rooms Management', NULL, '<span class="material-symbols-outlined fs-22">bed</span>', 12, 1, 1, '2026-02-09 01:27:40', '2026-02-09 01:37:25'),
	(58, 231, 57, 'Room Manage', 'admin.rooms', NULL, 1, 1, 1, '2026-02-09 01:29:44', '2026-02-09 01:29:44'),
	(59, 232, NULL, 'Room Type Management', NULL, '<span class="material-symbols-outlined fs-22">category</span>', 12, 1, 1, '2026-02-09 01:39:17', '2026-02-09 01:39:17'),
	(60, 233, 59, 'Room Type', 'admin.categories.index', NULL, 12, 1, 1, '2026-02-09 01:41:19', '2026-02-09 01:41:59'),
	(61, 234, NULL, 'Booking Management', NULL, '<span class="material-symbols-outlined fs-22 text-primary">     event_note </span>', 13, 1, 1, '2026-02-09 05:31:56', '2026-02-09 05:31:56'),
	(62, 235, 61, 'Booking Manage', 'admin.bookings.index', NULL, 1, 1, 1, '2026-02-09 05:33:01', '2026-02-09 05:33:01'),
	(63, 236, NULL, 'Services/Page Manage', 'admin.services.index', '<span class="material-symbols-outlined fs-22"> room_service </span>', 14, 1, 1, '2026-02-09 22:13:18', '2026-02-14 22:58:10'),
	(64, 237, NULL, 'Gallery Manage', NULL, '<span class="material-symbols-outlined fs-22"> photo_library </span>', 15, 1, 1, '2026-02-09 22:14:03', '2026-02-09 22:14:03'),
	(65, 238, NULL, 'Testimonial Manage', NULL, '<span class="material-symbols-outlined fs-22"> reviews </span>', 16, 1, 1, '2026-02-09 22:14:36', '2026-02-09 22:14:36'),
	(66, 239, NULL, 'About Manage', NULL, '<span class="material-symbols-outlined fs-22"> info </span>', 17, 1, 1, '2026-02-09 22:15:15', '2026-02-09 22:15:15');

-- Dumping structure for table amar_hostel.admin_menu_actions
DROP TABLE IF EXISTS `admin_menu_actions`;
CREATE TABLE IF NOT EXISTS `admin_menu_actions` (
  `id` bigint unsigned NOT NULL AUTO_INCREMENT,
  `permission_id` bigint unsigned NOT NULL,
  `admin_menu_id` bigint unsigned NOT NULL,
  `name` varchar(255) COLLATE utf8mb4_unicode_ci DEFAULT NULL,
  `route` varchar(255) COLLATE utf8mb4_unicode_ci NOT NULL,
  `status` tinyint(1) NOT NULL DEFAULT '1',
  `created_at` timestamp NULL DEFAULT NULL,
  `updated_at` timestamp NULL DEFAULT NULL,
  PRIMARY KEY (`id`),
  KEY `admin_menu_actions_permission_id_foreign` (`permission_id`),
  KEY `admin_menu_actions_admin_menu_id_foreign` (`admin_menu_id`),
  CONSTRAINT `admin_menu_actions_admin_menu_id_foreign` FOREIGN KEY (`admin_menu_id`) REFERENCES `admin_menus` (`id`) ON DELETE CASCADE,
  CONSTRAINT `admin_menu_actions_permission_id_foreign` FOREIGN KEY (`permission_id`) REFERENCES `permissions` (`id`) ON DELETE CASCADE
) ENGINE=InnoDB AUTO_INCREMENT=174 DEFAULT CHARSET=utf8mb4 COLLATE=utf8mb4_unicode_ci;

-- Dumping data for table amar_hostel.admin_menu_actions: ~121 rows (approximately)
DELETE FROM `admin_menu_actions`;
INSERT INTO `admin_menu_actions` (`id`, `permission_id`, `admin_menu_id`, `name`, `route`, `status`, `created_at`, `updated_at`) VALUES
	(1, 8, 5, 'create', 'admin.admin-menu.create', 1, '2025-06-17 05:30:00', '2025-06-17 05:30:00'),
	(2, 9, 5, 'edit', 'admin.admin-menu.edit', 1, '2025-06-17 05:30:15', '2025-06-17 05:30:15'),
	(3, 10, 5, 'delete', 'admin.admin-menu.destroy', 1, '2025-06-17 05:30:19', '2025-06-17 05:30:19'),
	(4, 11, 5, 'view actions', 'admin.admin-menu-action.index', 1, '2025-06-17 05:30:59', '2025-06-17 05:30:59'),
	(5, 12, 5, 'create action', 'admin.admin-menu-action.create', 1, '2025-06-17 05:31:06', '2025-06-17 05:31:06'),
	(6, 13, 5, 'edit action', 'admin.admin-menu-action.edit', 1, '2025-06-17 05:31:15', '2025-06-17 05:31:15'),
	(7, 14, 5, 'delete action', 'admin.admin-menu-action.destroy', 1, '2025-06-17 05:31:21', '2025-06-17 05:31:21'),
	(8, 15, 3, 'create', 'admin.role.create', 1, '2025-06-17 05:32:05', '2025-06-17 05:32:05'),
	(9, 16, 3, 'edit', 'admin.role.edit', 1, '2025-06-17 05:32:09', '2025-06-17 05:32:09'),
	(10, 17, 3, 'delete', 'admin.role.destroy', 1, '2025-06-17 05:32:15', '2025-06-17 05:32:15'),
	(11, 18, 3, 'edit permission', 'admin.role-permission.edit', 1, '2025-06-17 05:32:50', '2025-06-17 05:32:50'),
	(12, 19, 4, 'create', 'admin.user.create', 1, '2025-06-17 05:33:17', '2025-06-17 05:33:17'),
	(13, 20, 4, 'edit', 'admin.user.edit', 1, '2025-06-17 05:33:20', '2025-06-17 05:33:20'),
	(16, 23, 7, 'create', 'admin.investor.create', 1, '2025-06-17 05:34:17', '2025-06-17 05:34:17'),
	(17, 24, 7, 'edit', 'admin.investor.edit', 1, '2025-06-17 05:34:20', '2025-06-17 05:34:20'),
	(18, 25, 7, 'delete', 'admin.investor.destroy', 1, '2025-06-17 05:34:27', '2025-06-17 05:34:27'),
	(19, 26, 7, 'trash', 'admin.investor.trash', 1, '2025-06-17 05:34:33', '2025-06-17 05:34:33'),
	(20, 28, 8, 'create', 'admin.invest.create', 1, '2025-06-17 05:38:48', '2025-06-17 05:38:48'),
	(21, 29, 8, 'edit', 'admin.invest.edit', 1, '2025-06-17 05:38:52', '2025-06-17 05:38:52'),
	(24, 33, 9, 'create', 'admin.invest-sattlement.create', 1, '2025-06-17 05:41:09', '2025-06-23 04:19:25'),
	(25, 34, 9, 'edit', 'admin.invest-sattlement.edit', 1, '2025-06-17 05:41:13', '2025-06-23 04:19:31'),
	(28, 41, 13, 'create', 'admin.coa.create', 1, '2025-06-17 05:44:10', '2025-06-17 05:44:10'),
	(29, 42, 13, 'edit', 'admin.coa.edit', 1, '2025-06-17 05:44:15', '2025-06-17 05:44:15'),
	(30, 43, 13, 'delete', 'admin.coa.destroy', 1, '2025-06-17 05:44:20', '2025-06-17 05:44:20'),
	(31, 45, 14, 'create', 'admin.debit-voucher.create', 1, '2025-06-17 05:45:12', '2025-06-17 05:45:12'),
	(32, 46, 14, 'edit', 'admin.debit-voucher.edit', 1, '2025-06-17 05:45:17', '2025-06-17 05:45:17'),
	(35, 50, 15, 'create', 'admin.credit-voucher.create', 1, '2025-06-17 05:46:23', '2025-06-17 05:46:23'),
	(36, 51, 15, 'edit', 'admin.credit-voucher.edit', 1, '2025-06-17 05:46:27', '2025-06-17 05:46:27'),
	(39, 55, 16, 'create', 'admin.journal-voucher.create', 1, '2025-06-17 05:47:08', '2025-06-17 05:47:08'),
	(40, 56, 16, 'edit', 'admin.journal-voucher.edit', 1, '2025-06-17 05:47:13', '2025-06-17 05:47:13'),
	(43, 60, 17, 'view', 'admin.voucher-approve.show', 1, '2025-06-17 05:48:51', '2025-06-17 05:48:51'),
	(44, 61, 17, 'approve', 'admin.voucher-approve.edit', 1, '2025-06-17 05:49:08', '2025-06-17 05:49:08'),
	(45, 63, 18, 'view', 'admin.voucher-refuse.show', 1, '2025-06-17 05:50:44', '2025-06-17 05:50:44'),
	(46, 64, 18, 'approve', 'admin.voucher-refuse.edit', 1, '2025-06-17 05:50:49', '2025-06-17 05:50:49'),
	(47, 66, 19, 'view', 'admin.automation-approve.show', 1, '2025-06-17 05:51:41', '2025-06-17 05:51:41'),
	(48, 67, 19, 'approve', 'admin.automation-approve.edit', 1, '2025-06-17 05:51:52', '2025-06-17 05:51:52'),
	(49, 69, 20, 'view', 'admin.automation-refuse.show', 1, '2025-06-17 05:53:09', '2025-06-17 05:53:09'),
	(50, 70, 20, 'refuse', 'admin.automation-refuse.edit', 1, '2025-06-17 05:53:17', '2025-06-17 05:53:17'),
	(51, 81, 14, 'view', 'admin.debit-voucher.show', 1, '2025-06-18 04:03:34', '2025-06-18 04:03:34'),
	(52, 82, 14, 'print', 'admin.debit-voucher.print', 1, '2025-06-18 04:03:38', '2025-06-18 04:03:38'),
	(53, 83, 14, 'delete', 'admin.debit-voucher.destroy', 1, '2025-06-18 04:03:43', '2025-06-18 04:03:43'),
	(54, 84, 14, 'trash', 'admin.debit-voucher.trash', 1, '2025-06-18 04:03:47', '2025-06-18 04:03:47'),
	(55, 85, 15, 'view', 'admin.credit-voucher.show', 1, '2025-06-18 22:26:47', '2025-06-18 22:26:47'),
	(56, 86, 15, 'print', 'admin.credit-voucher.print', 1, '2025-06-18 22:26:51', '2025-06-18 22:26:51'),
	(57, 87, 15, 'delete', 'admin.credit-voucher.destroy', 1, '2025-06-18 22:26:59', '2025-06-18 22:26:59'),
	(58, 88, 15, 'trash', 'admin.credit-voucher.trash', 1, '2025-06-18 22:27:03', '2025-06-18 22:27:03'),
	(60, 90, 8, 'delete', 'admin.invest.destroy', 1, '2025-06-19 08:47:54', '2025-06-19 08:47:54'),
	(61, 91, 8, 'trash', 'admin.invest.trash', 1, '2025-06-19 08:47:58', '2025-06-19 08:47:58'),
	(69, 101, 32, 'create', 'admin.product.create', 1, '2025-06-22 08:36:30', '2025-07-13 02:14:48'),
	(70, 102, 32, 'edit', 'admin.product.edit', 1, '2025-06-22 08:36:33', '2025-07-13 02:14:53'),
	(91, 127, 9, 'view', 'admin.invest-sattlement.show', 1, '2025-06-23 04:19:48', '2025-06-23 04:19:48'),
	(92, 128, 9, 'delete', 'admin.invest-sattlement.destroy', 1, '2025-06-23 04:19:56', '2025-06-23 04:19:56'),
	(93, 129, 9, 'trash', 'admin.invest-sattlement.trash', 1, '2025-06-23 04:20:01', '2025-06-23 04:20:01'),
	(94, 130, 4, 'change password', 'admin.user.password', 1, '2025-06-23 22:35:11', '2025-06-23 22:35:11'),
	(95, 131, 4, 'delete', 'admin.user.destroy', 1, '2025-06-23 22:35:16', '2025-06-23 22:35:16'),
	(96, 132, 4, 'trash', 'admin.user.trash', 1, '2025-06-23 22:35:21', '2025-06-23 22:35:21'),
	(97, 135, 32, 'view editions', 'admin.product-edition.index', 1, '2025-07-16 22:24:15', '2025-07-17 06:25:16'),
	(102, 142, 32, 'create edition', 'admin.product-edition.store', 1, '2025-07-17 06:27:56', '2025-07-17 06:29:13'),
	(103, 143, 32, 'edit edition', 'admin.product-edition.edit', 1, '2025-07-17 06:28:06', '2025-07-17 06:28:06'),
	(104, 144, 32, 'delete edition', 'admin.product-edition.destroy', 1, '2025-07-17 06:28:19', '2025-07-17 06:28:19'),
	(105, 145, 32, 'delete', 'admin.product.destroy', 1, '2025-07-17 06:28:23', '2025-07-17 06:28:23'),
	(106, 146, 32, 'trash', 'admin.product.trash', 1, '2025-07-17 06:28:28', '2025-07-17 06:28:28'),
	(107, 147, 40, 'create', 'admin.production.create', 1, '2025-07-18 22:28:23', '2025-07-18 22:28:23'),
	(108, 148, 40, 'edit', 'admin.production.edit', 1, '2025-07-18 22:28:27', '2025-07-18 22:28:27'),
	(109, 149, 40, 'view', 'admin.production.show', 1, '2025-07-18 22:28:33', '2025-07-18 22:28:33'),
	(112, 152, 40, 'print', 'admin.production.print', 1, '2025-07-19 04:38:54', '2025-07-19 04:38:54'),
	(113, 153, 40, 'delete', 'admin.production.destroy', 1, '2025-07-19 04:38:59', '2025-07-19 04:38:59'),
	(114, 154, 40, 'trash', 'admin.production.trash', 1, '2025-07-19 04:39:06', '2025-07-19 04:39:06'),
	(115, 158, 42, 'create', 'admin.client.create', 1, '2025-07-19 04:49:55', '2025-07-19 04:49:55'),
	(116, 159, 42, 'edit', 'admin.client.edit', 1, '2025-07-19 04:50:00', '2025-07-19 04:50:00'),
	(117, 160, 42, 'delete', 'admin.client.destroy', 1, '2025-07-19 04:50:07', '2025-07-19 04:50:07'),
	(118, 161, 42, 'trash', 'admin.client.trash', 1, '2025-07-19 04:50:11', '2025-07-19 04:50:11'),
	(119, 162, 43, 'create', 'admin.sales.create', 1, '2025-07-19 04:50:26', '2025-07-19 04:50:26'),
	(120, 163, 43, 'edit', 'admin.sales.edit', 1, '2025-07-19 04:50:29', '2025-07-19 04:50:29'),
	(121, 164, 43, 'print', 'admin.sales.show', 1, '2025-07-19 04:50:33', '2025-07-20 07:51:18'),
	(123, 171, 46, 'create', 'admin.region.create', 1, '2025-07-19 06:11:34', '2025-07-19 06:11:34'),
	(124, 172, 46, 'edit', 'admin.region.edit', 1, '2025-07-19 06:11:40', '2025-07-19 06:11:40'),
	(125, 173, 46, 'delete', 'admin.region.destroy', 1, '2025-07-19 06:11:45', '2025-07-19 06:11:45'),
	(126, 174, 46, 'trash', 'admin.region.trash', 1, '2025-07-19 06:11:50', '2025-07-19 06:11:50'),
	(127, 175, 47, 'create', 'admin.area.create', 1, '2025-07-19 06:12:18', '2025-07-19 06:12:18'),
	(128, 176, 47, 'edit', 'admin.area.edit', 1, '2025-07-19 06:12:21', '2025-07-19 06:12:21'),
	(129, 177, 47, 'delete', 'admin.area.destroy', 1, '2025-07-19 06:12:33', '2025-07-19 06:12:33'),
	(130, 178, 47, 'trash', 'admin.area.trash', 1, '2025-07-19 06:12:40', '2025-07-19 06:12:40'),
	(131, 179, 48, 'create', 'admin.territory.create', 1, '2025-07-19 06:12:53', '2025-07-19 06:12:53'),
	(132, 180, 48, 'edit', 'admin.territory.edit', 1, '2025-07-19 06:12:56', '2025-07-19 06:12:56'),
	(133, 181, 48, 'delete', 'admin.territory.destroy', 1, '2025-07-19 06:13:00', '2025-07-19 06:13:00'),
	(134, 182, 48, 'trash', 'admin.territory.trash', 1, '2025-07-19 06:13:06', '2025-07-19 06:13:06'),
	(135, 184, 49, 'create', 'admin.store.create', 1, '2025-07-19 06:14:31', '2025-07-19 06:14:31'),
	(136, 185, 49, 'edit', 'admin.store.edit', 1, '2025-07-19 06:14:34', '2025-07-19 06:14:34'),
	(137, 186, 49, 'delete', 'admin.store.destroy', 1, '2025-07-19 06:14:39', '2025-07-19 06:14:39'),
	(138, 187, 49, 'trash', 'admin.store.trash', 1, '2025-07-19 06:14:45', '2025-07-19 06:14:45'),
	(139, 188, 43, 'delete', 'admin.sales.destroy', 1, '2025-07-20 07:36:18', '2025-07-20 07:36:18'),
	(140, 189, 43, 'trash', 'admin.sales.trash', 1, '2025-07-20 07:36:23', '2025-07-20 07:36:23'),
	(141, 191, 50, 'create', 'admin.collection.create', 1, '2025-07-20 07:50:36', '2025-07-20 07:50:36'),
	(142, 192, 50, 'edit', 'admin.collection.edit', 1, '2025-07-20 07:50:41', '2025-07-20 07:50:41'),
	(143, 193, 50, 'print', 'admin.collection.show', 1, '2025-07-20 07:50:45', '2025-07-20 07:50:45'),
	(144, 194, 50, 'delete', 'admin.collection.destroy', 1, '2025-07-20 07:50:52', '2025-07-20 07:50:52'),
	(145, 195, 50, 'trash', 'admin.collection.trash', 1, '2025-07-20 07:50:56', '2025-07-20 07:50:56'),
	(146, 197, 51, 'create', 'admin.sales-return.create', 1, '2025-07-21 05:38:34', '2025-07-21 05:38:34'),
	(147, 198, 51, 'edit', 'admin.sales-return.edit', 1, '2025-07-21 05:38:45', '2025-07-21 05:38:45'),
	(148, 199, 51, 'print', 'admin.sales-return.show', 1, '2025-07-21 05:38:49', '2025-07-21 05:38:49'),
	(149, 200, 51, 'delete', 'admin.sales-return.destroy', 1, '2025-07-21 05:38:55', '2025-07-21 05:38:55'),
	(150, 201, 51, 'trash', 'admin.sales-return.trash', 1, '2025-07-21 05:39:07', '2025-07-21 05:39:07'),
	(156, 209, 53, 'create', 'admin.profit-distribution.create', 1, '2025-07-22 02:47:59', '2025-07-22 02:47:59'),
	(157, 210, 53, 'edit', 'admin.profit-distribution.edit', 1, '2025-07-22 02:48:05', '2025-07-22 02:48:05'),
	(158, 211, 53, 'view', 'admin.profit-distribution.show', 1, '2025-07-22 02:48:09', '2025-07-22 02:48:09'),
	(159, 212, 53, 'delete', 'admin.profit-distribution.destroy', 1, '2025-07-22 02:48:16', '2025-07-22 02:48:16'),
	(160, 213, 53, 'trash', 'admin.profit-distribution.trash', 1, '2025-07-22 02:48:22', '2025-07-22 02:48:22'),
	(161, 215, 54, 'create', 'admin.investor-payment.create', 1, '2025-07-22 06:50:27', '2025-07-22 06:50:27'),
	(162, 216, 54, 'edit', 'admin.investor-payment.edit', 1, '2025-07-22 06:50:31', '2025-07-22 06:50:31'),
	(163, 217, 54, 'view', 'admin.investor-payment.show', 1, '2025-07-22 06:50:38', '2025-07-22 06:50:38'),
	(164, 218, 54, 'delete', 'admin.investor-payment.destroy', 1, '2025-07-22 06:50:44', '2025-07-22 06:50:44'),
	(165, 219, 54, 'trash', 'admin.investor-payment.trash', 1, '2025-07-22 06:50:50', '2025-07-22 06:50:50'),
	(166, 221, 16, 'show', 'admin.journal-voucher.show', 1, '2025-08-31 23:33:11', '2025-08-31 23:33:11'),
	(167, 222, 16, 'print', 'admin.journal-voucher.print', 1, '2025-08-31 23:33:17', '2025-08-31 23:33:17'),
	(168, 223, 16, 'delete', 'admin.journal-voucher.destroy', 1, '2025-08-31 23:33:21', '2025-08-31 23:33:21'),
	(169, 224, 16, 'trash', 'admin.journal-voucher.trash', 1, '2025-08-31 23:34:07', '2025-08-31 23:34:07');

-- Dumping structure for table amar_hostel.admin_settings
DROP TABLE IF EXISTS `admin_settings`;
CREATE TABLE IF NOT EXISTS `admin_settings` (
  `id` bigint unsigned NOT NULL AUTO_INCREMENT,
  `logo` varchar(255) COLLATE utf8mb4_unicode_ci DEFAULT NULL,
  `small_logo` varchar(255) COLLATE utf8mb4_unicode_ci DEFAULT NULL,
  `favicon` varchar(255) COLLATE utf8mb4_unicode_ci DEFAULT NULL,
  `invest_value` int DEFAULT NULL,
  `title` varchar(255) COLLATE utf8mb4_unicode_ci DEFAULT NULL,
  `footer_text` varchar(255) COLLATE utf8mb4_unicode_ci DEFAULT NULL,
  `primary_color` varchar(255) COLLATE utf8mb4_unicode_ci DEFAULT NULL,
  `secondary_color` varchar(255) COLLATE utf8mb4_unicode_ci DEFAULT NULL,
  `facebook` varchar(255) COLLATE utf8mb4_unicode_ci DEFAULT NULL,
  `twitter` varchar(255) COLLATE utf8mb4_unicode_ci DEFAULT NULL,
  `linkedin` varchar(255) COLLATE utf8mb4_unicode_ci DEFAULT NULL,
  `whatsapp` varchar(255) COLLATE utf8mb4_unicode_ci DEFAULT NULL,
  `google` varchar(255) COLLATE utf8mb4_unicode_ci DEFAULT NULL,
  `created_at` timestamp NULL DEFAULT NULL,
  `updated_at` timestamp NULL DEFAULT NULL,
  PRIMARY KEY (`id`)
) ENGINE=InnoDB AUTO_INCREMENT=2 DEFAULT CHARSET=utf8mb4 COLLATE=utf8mb4_unicode_ci;

-- Dumping data for table amar_hostel.admin_settings: ~1 rows (approximately)
DELETE FROM `admin_settings`;
INSERT INTO `admin_settings` (`id`, `logo`, `small_logo`, `favicon`, `invest_value`, `title`, `footer_text`, `primary_color`, `secondary_color`, `facebook`, `twitter`, `linkedin`, `whatsapp`, `google`, `created_at`, `updated_at`) VALUES
	(1, 'storage/admin-setting//2026-02-10-quLl7x6LIpOewvLbubTsJtU9vDBuvRatfjvBTaAY.webp', 'storage/admin-setting//2026-02-10-npcVYQ5HMBIhcqH4DAsj5jOFLAkekKGIRl2ZzRSx.webp', 'storage/admin-setting//2026-02-10-uKHdiBUMHBaK5EWxiGoTNqLRKYfMBFDHxrbvwVlu.webp', 10000, 'Amar Hostel', '© 2023 Developed by <a target="_blank" href="http://www.technoparkbd.com/">Techno Park Bangladesh</a>', NULL, NULL, NULL, NULL, NULL, NULL, NULL, '2026-02-09 22:38:23', '2026-02-09 22:38:23');

-- Dumping structure for table amar_hostel.areas
DROP TABLE IF EXISTS `areas`;
CREATE TABLE IF NOT EXISTS `areas` (
  `id` bigint unsigned NOT NULL AUTO_INCREMENT,
  `region_id` bigint unsigned NOT NULL,
  `code` varchar(255) CHARACTER SET utf8mb4 COLLATE utf8mb4_unicode_ci DEFAULT NULL,
  `name` varchar(255) CHARACTER SET utf8mb4 COLLATE utf8mb4_unicode_ci NOT NULL,
  `incharge` varchar(255) CHARACTER SET utf8mb4 COLLATE utf8mb4_unicode_ci DEFAULT NULL,
  `phone` varchar(255) CHARACTER SET utf8mb4 COLLATE utf8mb4_unicode_ci DEFAULT NULL,
  `email` varchar(255) CHARACTER SET utf8mb4 COLLATE utf8mb4_unicode_ci DEFAULT NULL,
  `address` varchar(255) CHARACTER SET utf8mb4 COLLATE utf8mb4_unicode_ci DEFAULT NULL,
  `status` tinyint(1) NOT NULL DEFAULT '1',
  `created_by` bigint unsigned DEFAULT NULL,
  `updated_by` bigint unsigned DEFAULT NULL,
  `deleted_by` bigint unsigned DEFAULT NULL,
  `deleted_at` timestamp NULL DEFAULT NULL,
  `created_at` timestamp NULL DEFAULT NULL,
  `updated_at` timestamp NULL DEFAULT NULL,
  PRIMARY KEY (`id`),
  UNIQUE KEY `areas_code_unique` (`code`),
  KEY `areas_region_id_foreign` (`region_id`),
  KEY `areas_created_by_foreign` (`created_by`),
  KEY `areas_updated_by_foreign` (`updated_by`),
  KEY `areas_deleted_by_foreign` (`deleted_by`),
  CONSTRAINT `areas_created_by_foreign` FOREIGN KEY (`created_by`) REFERENCES `users` (`id`) ON DELETE SET NULL,
  CONSTRAINT `areas_deleted_by_foreign` FOREIGN KEY (`deleted_by`) REFERENCES `users` (`id`) ON DELETE SET NULL,
  CONSTRAINT `areas_region_id_foreign` FOREIGN KEY (`region_id`) REFERENCES `regions` (`id`) ON DELETE CASCADE,
  CONSTRAINT `areas_updated_by_foreign` FOREIGN KEY (`updated_by`) REFERENCES `users` (`id`) ON DELETE SET NULL
) ENGINE=InnoDB AUTO_INCREMENT=52 DEFAULT CHARSET=utf8mb4 COLLATE=utf8mb4_unicode_ci;

-- Dumping data for table amar_hostel.areas: ~51 rows (approximately)
DELETE FROM `areas`;
INSERT INTO `areas` (`id`, `region_id`, `code`, `name`, `incharge`, `phone`, `email`, `address`, `status`, `created_by`, `updated_by`, `deleted_by`, `deleted_at`, `created_at`, `updated_at`) VALUES
	(1, 1, NULL, 'নীলক্ষেত', NULL, NULL, NULL, NULL, 1, 1, 10, NULL, NULL, '2025-07-22 03:18:40', '2025-10-26 00:13:31'),
	(2, 2, NULL, 'ভোলা', NULL, NULL, NULL, NULL, 1, 10, NULL, NULL, NULL, '2025-10-25 23:52:58', '2025-10-25 23:52:58'),
	(3, 5, NULL, 'বগুড়া', NULL, NULL, NULL, NULL, 1, 10, NULL, NULL, NULL, '2025-10-26 00:04:06', '2025-10-26 00:04:06'),
	(4, 2, NULL, 'পটুয়াখালী', NULL, NULL, NULL, NULL, 1, 10, NULL, NULL, NULL, '2025-10-26 00:05:53', '2025-10-26 00:05:53'),
	(5, 5, NULL, 'নওগাঁ', NULL, NULL, NULL, NULL, 1, 10, NULL, NULL, NULL, '2025-10-26 00:07:44', '2025-10-26 00:07:44'),
	(6, 4, NULL, 'শেরপুর', NULL, NULL, NULL, NULL, 1, 10, NULL, NULL, NULL, '2025-10-26 00:08:25', '2025-10-26 00:08:25'),
	(7, 3, NULL, 'কুষ্টিয়া', NULL, NULL, NULL, NULL, 1, 10, NULL, NULL, NULL, '2025-10-26 00:09:43', '2025-10-26 00:09:43'),
	(8, 6, NULL, 'গাইবান্ধা', NULL, NULL, NULL, NULL, 1, 10, NULL, NULL, NULL, '2025-10-26 00:10:24', '2025-10-26 00:10:24'),
	(9, 6, NULL, 'দিনাজপুর', NULL, NULL, NULL, NULL, 1, 10, NULL, NULL, NULL, '2025-10-26 00:14:44', '2025-10-26 00:14:44'),
	(10, 6, NULL, 'লালমনিরহাট', NULL, NULL, NULL, NULL, 1, 10, NULL, NULL, NULL, '2025-10-26 00:15:15', '2025-10-26 00:15:15'),
	(11, 1, NULL, 'নরসিংদী', NULL, NULL, NULL, NULL, 1, 10, NULL, NULL, NULL, '2025-10-26 00:15:47', '2025-10-26 00:15:47'),
	(12, 5, NULL, 'চাঁপাইনবাবগঞ্জ', NULL, NULL, NULL, NULL, 1, 10, NULL, NULL, NULL, '2025-10-26 00:16:47', '2025-10-26 00:16:47'),
	(13, 5, NULL, 'ঈশ্বরদী', NULL, NULL, NULL, NULL, 1, 10, NULL, NULL, NULL, '2025-10-26 00:17:29', '2025-10-26 00:17:29'),
	(14, 9, NULL, 'Area-1', NULL, NULL, NULL, NULL, 1, 10, NULL, NULL, NULL, '2025-10-26 00:19:33', '2025-10-26 00:19:33'),
	(15, 5, NULL, 'Area-1', NULL, NULL, NULL, NULL, 1, 10, NULL, NULL, NULL, '2025-10-26 00:31:22', '2025-10-26 00:31:22'),
	(16, 7, NULL, 'Area-1', NULL, NULL, NULL, NULL, 1, 10, NULL, NULL, NULL, '2025-10-26 01:11:55', '2025-10-26 01:11:55'),
	(17, 7, NULL, 'কুমিল্লা', NULL, NULL, NULL, NULL, 1, 10, NULL, 10, '2025-10-30 05:19:41', '2025-10-26 01:12:36', '2025-10-30 05:19:41'),
	(18, 7, NULL, 'ফেনী', NULL, NULL, NULL, NULL, 1, 10, NULL, 10, '2025-10-30 05:19:47', '2025-10-26 01:12:56', '2025-10-30 05:19:47'),
	(19, 7, NULL, 'চাঁদপুর', NULL, NULL, NULL, NULL, 1, 10, NULL, 10, '2025-10-30 05:19:12', '2025-10-26 01:13:17', '2025-10-30 05:19:12'),
	(20, 1, NULL, 'সাভার', NULL, NULL, NULL, NULL, 1, 10, NULL, NULL, NULL, '2025-10-30 04:29:58', '2025-10-30 04:29:58'),
	(21, 1, NULL, 'মুন্সীগঞ্জ', NULL, NULL, NULL, NULL, 1, 10, 10, NULL, NULL, '2025-10-30 04:34:11', '2025-11-01 01:20:01'),
	(22, 1, NULL, 'মাধবদী,নরসিংদী', NULL, NULL, NULL, NULL, 1, 10, 10, NULL, NULL, '2025-10-30 04:35:11', '2025-11-01 01:26:48'),
	(23, 1, NULL, 'গাজীপুর, মাওনা', NULL, NULL, NULL, NULL, 1, 10, 10, NULL, NULL, '2025-10-30 05:10:16', '2025-10-30 05:10:40'),
	(24, 2, NULL, 'পিরোজপুর', NULL, NULL, NULL, NULL, 1, 10, NULL, NULL, NULL, '2025-10-30 05:11:18', '2025-10-30 05:11:18'),
	(25, 2, NULL, 'বরগুনা', NULL, NULL, NULL, NULL, 1, 10, NULL, NULL, NULL, '2025-10-30 05:11:45', '2025-10-30 05:11:45'),
	(26, 3, NULL, 'যশোর', NULL, NULL, NULL, NULL, 1, 10, NULL, NULL, NULL, '2025-10-30 05:12:55', '2025-10-30 05:12:55'),
	(27, 3, NULL, 'নোয়াপাড়া, খুলনা', NULL, NULL, NULL, NULL, 1, 10, 10, NULL, NULL, '2025-10-30 05:14:38', '2025-11-01 00:30:35'),
	(28, 4, NULL, 'জামালপুর', NULL, NULL, NULL, NULL, 1, 10, NULL, NULL, NULL, '2025-10-30 05:15:09', '2025-10-30 05:15:09'),
	(29, 4, NULL, 'নেত্রকোনা', NULL, NULL, NULL, NULL, 1, 10, NULL, NULL, NULL, '2025-10-30 05:15:31', '2025-10-30 05:15:31'),
	(30, 4, NULL, 'টাঙ্গাইল', NULL, NULL, NULL, NULL, 1, 10, NULL, NULL, NULL, '2025-10-30 05:15:56', '2025-10-30 05:15:56'),
	(31, 4, NULL, 'ময়মনসিংহ', NULL, NULL, NULL, NULL, 1, 10, NULL, NULL, NULL, '2025-10-30 05:17:27', '2025-10-30 05:17:27'),
	(32, 7, NULL, 'কুমিল্লা', NULL, NULL, NULL, NULL, 1, 10, NULL, NULL, NULL, '2025-10-30 05:17:49', '2025-10-30 05:17:49'),
	(33, 7, NULL, 'চট্টগ্রাম', NULL, NULL, NULL, NULL, 1, 10, NULL, NULL, NULL, '2025-10-30 05:18:09', '2025-10-30 05:18:09'),
	(34, 7, NULL, 'ফেনী', NULL, NULL, NULL, NULL, 1, 10, NULL, NULL, NULL, '2025-10-30 05:18:28', '2025-10-30 05:18:28'),
	(35, 7, NULL, 'চাঁদপুর', NULL, NULL, NULL, NULL, 1, 10, NULL, NULL, NULL, '2025-10-30 05:18:42', '2025-10-30 05:18:42'),
	(36, 8, NULL, 'সিলেট', NULL, NULL, NULL, NULL, 1, 10, NULL, NULL, NULL, '2025-10-30 05:20:59', '2025-10-30 05:20:59'),
	(37, 8, NULL, 'হবিগঞ্জ', NULL, NULL, NULL, NULL, 1, 10, NULL, NULL, NULL, '2025-10-30 05:21:36', '2025-10-30 05:21:36'),
	(38, 8, NULL, 'মৌলভীবাজার', NULL, NULL, NULL, NULL, 1, 10, NULL, NULL, NULL, '2025-10-30 05:22:37', '2025-10-30 05:22:37'),
	(39, 8, NULL, 'সুনামগঞ্জ', NULL, NULL, NULL, NULL, 1, 10, NULL, NULL, NULL, '2025-10-30 05:23:16', '2025-10-30 05:23:16'),
	(40, 5, NULL, 'সিরাজগঞ্জ', NULL, NULL, NULL, NULL, 1, 10, NULL, NULL, NULL, '2025-10-30 05:23:36', '2025-10-30 05:23:36'),
	(41, 5, NULL, 'পাবনা', NULL, NULL, NULL, NULL, 1, 10, NULL, NULL, NULL, '2025-10-30 05:23:56', '2025-10-30 05:23:56'),
	(42, 5, NULL, 'রাজশাহী', NULL, NULL, NULL, NULL, 1, 10, NULL, NULL, NULL, '2025-10-30 05:24:37', '2025-10-30 05:24:37'),
	(43, 5, NULL, 'বগুড়া', NULL, NULL, NULL, NULL, 1, 10, NULL, 10, '2025-11-01 01:54:26', '2025-10-30 05:25:11', '2025-11-01 01:54:26'),
	(44, 6, NULL, 'রংপুর', NULL, NULL, NULL, NULL, 1, 10, NULL, NULL, NULL, '2025-10-30 05:25:35', '2025-10-30 05:25:35'),
	(45, 6, NULL, 'পঞ্চগড়', NULL, NULL, NULL, NULL, 1, 10, NULL, NULL, NULL, '2025-10-30 05:26:38', '2025-10-30 05:26:38'),
	(46, 3, NULL, 'খুলনা', NULL, NULL, NULL, NULL, 1, 10, NULL, NULL, NULL, '2025-11-01 00:30:57', '2025-11-01 00:30:57'),
	(47, 1, NULL, 'মালিবাগ', NULL, NULL, NULL, NULL, 1, 10, NULL, NULL, NULL, '2025-11-01 01:08:45', '2025-11-01 01:08:45'),
	(48, 2, NULL, 'ঝালকাঠি', NULL, NULL, NULL, NULL, 1, 10, NULL, NULL, NULL, '2025-11-01 01:17:09', '2025-11-01 01:17:09'),
	(49, 1, NULL, 'নারায়ণগঞ্জ', NULL, NULL, NULL, NULL, 1, 10, NULL, NULL, NULL, '2025-11-01 01:20:16', '2025-11-01 01:20:16'),
	(50, 2, NULL, 'বরিশাল', NULL, NULL, NULL, NULL, 1, 10, NULL, NULL, NULL, '2025-11-02 03:05:45', '2025-11-02 03:05:45'),
	(51, 1, NULL, 'বাংলা বাজার', NULL, NULL, NULL, NULL, 1, 1, NULL, NULL, NULL, '2026-01-24 05:20:36', '2026-01-24 05:20:36');

-- Dumping structure for table amar_hostel.bookings
DROP TABLE IF EXISTS `bookings`;
CREATE TABLE IF NOT EXISTS `bookings` (
  `id` bigint unsigned NOT NULL AUTO_INCREMENT,
  `room_id` bigint unsigned NOT NULL,
  `user_id` bigint unsigned NOT NULL,
  `duration` varchar(255) COLLATE utf8mb4_unicode_ci NOT NULL,
  `check_in` date NOT NULL,
  `check_out` date NOT NULL,
  `guests` int NOT NULL,
  `total_price` decimal(10,2) NOT NULL,
  `status` enum('pending','confirmed','checked_in','checked_out','cancelled') CHARACTER SET utf8mb4 COLLATE utf8mb4_unicode_ci NOT NULL DEFAULT 'pending',
  `created_at` timestamp NULL DEFAULT NULL,
  `updated_at` timestamp NULL DEFAULT NULL,
  PRIMARY KEY (`id`),
  KEY `bookings_room_id_foreign` (`room_id`),
  KEY `bookings_user_id_foreign` (`user_id`),
  CONSTRAINT `bookings_room_id_foreign` FOREIGN KEY (`room_id`) REFERENCES `rooms` (`id`) ON DELETE CASCADE,
  CONSTRAINT `bookings_user_id_foreign` FOREIGN KEY (`user_id`) REFERENCES `users` (`id`) ON DELETE CASCADE
) ENGINE=InnoDB AUTO_INCREMENT=21 DEFAULT CHARSET=utf8mb4 COLLATE=utf8mb4_unicode_ci;

-- Dumping data for table amar_hostel.bookings: ~19 rows (approximately)
DELETE FROM `bookings`;
INSERT INTO `bookings` (`id`, `room_id`, `user_id`, `duration`, `check_in`, `check_out`, `guests`, `total_price`, `status`, `created_at`, `updated_at`) VALUES
	(1, 8, 3, '', '2026-02-08', '2026-02-26', 4, 176.00, 'confirmed', '2026-02-08 04:41:05', '2026-02-09 23:42:24'),
	(2, 6, 3, '', '2026-02-08', '2026-02-09', 2, 44.00, 'checked_out', '2026-02-08 05:01:46', '2026-02-09 23:42:38'),
	(3, 6, 3, '', '2026-02-08', '2026-02-09', 3, 66.00, 'confirmed', '2026-02-08 05:04:37', '2026-02-08 05:04:37'),
	(4, 8, 3, '', '2026-02-08', '2026-02-11', 2, 88.00, 'confirmed', '2026-02-08 05:07:06', '2026-02-08 05:07:06'),
	(5, 6, 3, '', '2026-02-08', '2026-02-10', 2, 44.00, 'checked_out', '2026-02-08 05:09:29', '2026-02-09 04:55:47'),
	(6, 2, 3, '', '2026-02-08', '2026-02-09', 2, 44.00, 'cancelled', '2026-02-08 05:10:38', '2026-02-09 04:55:26'),
	(7, 6, 3, '', '2026-02-08', '2026-02-12', 1, 22.00, 'confirmed', '2026-02-08 05:11:52', '2026-02-08 05:11:52'),
	(8, 6, 3, '', '2026-02-08', '2026-02-19', 2, 44.00, 'confirmed', '2026-02-08 05:18:18', '2026-02-08 05:18:18'),
	(9, 9, 3, '', '2026-02-08', '2026-02-20', 2, 90.00, 'confirmed', '2026-02-08 05:52:44', '2026-02-09 05:28:09'),
	(10, 6, 3, '', '2026-02-08', '2026-02-10', 12, 264.00, 'checked_out', '2026-02-08 05:53:34', '2026-02-09 23:52:46'),
	(11, 8, 3, '', '2026-02-08', '2026-02-09', 1, 44.00, 'pending', '2026-02-08 05:55:54', '2026-02-08 05:55:54'),
	(12, 2, 1, '', '2026-02-09', '2026-02-10', 2, 44.00, 'pending', '2026-02-09 03:15:51', '2026-02-09 03:15:51'),
	(13, 2, 3, '', '2026-02-09', '2026-02-10', 1, 22.00, 'pending', '2026-02-09 04:00:29', '2026-02-09 04:00:29'),
	(14, 2, 1, '', '2026-02-09', '2026-02-11', 3, 66.00, 'pending', '2026-02-09 05:45:01', '2026-02-09 05:45:01'),
	(15, 2, 3, '', '2026-02-09', '2026-02-11', 3, 66.00, 'pending', '2026-02-09 06:21:13', '2026-02-09 06:21:13'),
	(16, 6, 1, '', '2026-02-10', '2026-02-14', 4, 88.00, 'confirmed', '2026-02-09 23:37:59', '2026-02-09 23:40:27'),
	(17, 11, 1, '', '2026-02-10', '2026-02-11', 2, 66.00, 'confirmed', '2026-02-10 01:53:34', '2026-02-16 06:33:37'),
	(18, 2, 1, '', '2026-02-10', '2026-02-11', 5, 110.00, 'checked_out', '2026-02-10 03:19:32', '2026-02-10 03:24:12'),
	(19, 11, 1, '', '2026-02-10', '2026-02-11', 1, 33.00, 'checked_out', '2026-02-10 03:46:45', '2026-02-10 03:47:54'),
	(20, 9, 1, '', '2026-02-10', '2026-02-11', 1, 45.00, 'pending', '2026-02-10 04:13:10', '2026-02-10 04:13:10');

-- Dumping structure for table amar_hostel.cache
DROP TABLE IF EXISTS `cache`;
CREATE TABLE IF NOT EXISTS `cache` (
  `key` varchar(255) COLLATE utf8mb4_unicode_ci NOT NULL,
  `value` mediumtext COLLATE utf8mb4_unicode_ci NOT NULL,
  `expiration` int NOT NULL,
  PRIMARY KEY (`key`)
) ENGINE=InnoDB DEFAULT CHARSET=utf8mb4 COLLATE=utf8mb4_unicode_ci;

-- Dumping data for table amar_hostel.cache: ~4 rows (approximately)
DELETE FROM `cache`;
INSERT INTO `cache` (`key`, `value`, `expiration`) VALUES
	('books_books_cache_admin_menus', 'O:39:"Illuminate\\Database\\Eloquent\\Collection":2:{s:8:"\0*\0items";a:18:{i:0;O:20:"App\\Models\\AdminMenu":33:{s:13:"\0*\0connection";s:5:"mysql";s:8:"\0*\0table";s:11:"admin_menus";s:13:"\0*\0primaryKey";s:2:"id";s:10:"\0*\0keyType";s:3:"int";s:12:"incrementing";b:1;s:7:"\0*\0with";a:0:{}s:12:"\0*\0withCount";a:0:{}s:19:"preventsLazyLoading";b:0;s:10:"\0*\0perPage";i:15;s:6:"exists";b:1;s:18:"wasRecentlyCreated";b:0;s:28:"\0*\0escapeWhenCastingToString";b:0;s:13:"\0*\0attributes";a:11:{s:2:"id";i:1;s:13:"permission_id";i:1;s:9:"parent_id";N;s:4:"name";s:9:"Dashboard";s:5:"route";s:15:"admin.dashboard";s:4:"icon";s:68:"<span class="material-symbols-outlined fs-22"> home_app_logo </span>";s:5:"order";i:1;s:6:"status";i:1;s:12:"is_deletable";i:1;s:10:"created_at";s:19:"2025-06-17 11:07:50";s:10:"updated_at";s:19:"2025-06-17 11:31:46";}s:11:"\0*\0original";a:11:{s:2:"id";i:1;s:13:"permission_id";i:1;s:9:"parent_id";N;s:4:"name";s:9:"Dashboard";s:5:"route";s:15:"admin.dashboard";s:4:"icon";s:68:"<span class="material-symbols-outlined fs-22"> home_app_logo </span>";s:5:"order";i:1;s:6:"status";i:1;s:12:"is_deletable";i:1;s:10:"created_at";s:19:"2025-06-17 11:07:50";s:10:"updated_at";s:19:"2025-06-17 11:31:46";}s:10:"\0*\0changes";a:0:{}s:11:"\0*\0previous";a:0:{}s:8:"\0*\0casts";a:2:{s:6:"status";s:7:"boolean";s:12:"is_deletable";s:7:"boolean";}s:17:"\0*\0classCastCache";a:0:{}s:21:"\0*\0attributeCastCache";a:0:{}s:13:"\0*\0dateFormat";N;s:10:"\0*\0appends";a:0:{}s:19:"\0*\0dispatchesEvents";a:0:{}s:14:"\0*\0observables";a:0:{}s:12:"\0*\0relations";a:2:{s:8:"children";O:39:"Illuminate\\Database\\Eloquent\\Collection":2:{s:8:"\0*\0items";a:0:{}s:28:"\0*\0escapeWhenCastingToString";b:0;}s:7:"actions";O:39:"Illuminate\\Database\\Eloquent\\Collection":2:{s:8:"\0*\0items";a:0:{}s:28:"\0*\0escapeWhenCastingToString";b:0;}}s:10:"\0*\0touches";a:0:{}s:27:"\0*\0relationAutoloadCallback";N;s:26:"\0*\0relationAutoloadContext";N;s:10:"timestamps";b:1;s:13:"usesUniqueIds";b:0;s:9:"\0*\0hidden";a:0:{}s:10:"\0*\0visible";a:0:{}s:11:"\0*\0fillable";a:8:{i:0;s:13:"permission_id";i:1;s:9:"parent_id";i:2;s:4:"name";i:3;s:5:"route";i:4;s:4:"icon";i:5;s:5:"order";i:6;s:6:"status";i:7;s:12:"is_deletable";}s:10:"\0*\0guarded";a:1:{i:0;s:1:"*";}}i:1;O:20:"App\\Models\\AdminMenu":33:{s:13:"\0*\0connection";s:5:"mysql";s:8:"\0*\0table";s:11:"admin_menus";s:13:"\0*\0primaryKey";s:2:"id";s:10:"\0*\0keyType";s:3:"int";s:12:"incrementing";b:1;s:7:"\0*\0with";a:0:{}s:12:"\0*\0withCount";a:0:{}s:19:"preventsLazyLoading";b:0;s:10:"\0*\0perPage";i:15;s:6:"exists";b:1;s:18:"wasRecentlyCreated";b:0;s:28:"\0*\0escapeWhenCastingToString";b:0;s:13:"\0*\0attributes";a:11:{s:2:"id";i:2;s:13:"permission_id";i:2;s:9:"parent_id";N;s:4:"name";s:15:"System Settings";s:5:"route";N;s:4:"icon";s:78:"<span class="material-symbols-outlined fs-22"> settings_cinematic_blur </span>";s:5:"order";i:2;s:6:"status";i:1;s:12:"is_deletable";i:1;s:10:"created_at";s:19:"2025-06-17 11:10:14";s:10:"updated_at";s:19:"2025-06-17 11:10:14";}s:11:"\0*\0original";a:11:{s:2:"id";i:2;s:13:"permission_id";i:2;s:9:"parent_id";N;s:4:"name";s:15:"System Settings";s:5:"route";N;s:4:"icon";s:78:"<span class="material-symbols-outlined fs-22"> settings_cinematic_blur </span>";s:5:"order";i:2;s:6:"status";i:1;s:12:"is_deletable";i:1;s:10:"created_at";s:19:"2025-06-17 11:10:14";s:10:"updated_at";s:19:"2025-06-17 11:10:14";}s:10:"\0*\0changes";a:0:{}s:11:"\0*\0previous";a:0:{}s:8:"\0*\0casts";a:2:{s:6:"status";s:7:"boolean";s:12:"is_deletable";s:7:"boolean";}s:17:"\0*\0classCastCache";a:0:{}s:21:"\0*\0attributeCastCache";a:0:{}s:13:"\0*\0dateFormat";N;s:10:"\0*\0appends";a:0:{}s:19:"\0*\0dispatchesEvents";a:0:{}s:14:"\0*\0observables";a:0:{}s:12:"\0*\0relations";a:2:{s:8:"children";O:39:"Illuminate\\Database\\Eloquent\\Collection":2:{s:8:"\0*\0items";a:5:{i:0;O:20:"App\\Models\\AdminMenu":33:{s:13:"\0*\0connection";s:5:"mysql";s:8:"\0*\0table";s:11:"admin_menus";s:13:"\0*\0primaryKey";s:2:"id";s:10:"\0*\0keyType";s:3:"int";s:12:"incrementing";b:1;s:7:"\0*\0with";a:0:{}s:12:"\0*\0withCount";a:0:{}s:19:"preventsLazyLoading";b:0;s:10:"\0*\0perPage";i:15;s:6:"exists";b:1;s:18:"wasRecentlyCreated";b:0;s:28:"\0*\0escapeWhenCastingToString";b:0;s:13:"\0*\0attributes";a:11:{s:2:"id";i:3;s:13:"permission_id";i:3;s:9:"parent_id";i:2;s:4:"name";s:5:"Roles";s:5:"route";s:16:"admin.role.index";s:4:"icon";N;s:5:"order";i:1;s:6:"status";i:1;s:12:"is_deletable";i:1;s:10:"created_at";s:19:"2025-06-17 11:10:36";s:10:"updated_at";s:19:"2025-06-17 11:10:36";}s:11:"\0*\0original";a:11:{s:2:"id";i:3;s:13:"permission_id";i:3;s:9:"parent_id";i:2;s:4:"name";s:5:"Roles";s:5:"route";s:16:"admin.role.index";s:4:"icon";N;s:5:"order";i:1;s:6:"status";i:1;s:12:"is_deletable";i:1;s:10:"created_at";s:19:"2025-06-17 11:10:36";s:10:"updated_at";s:19:"2025-06-17 11:10:36";}s:10:"\0*\0changes";a:0:{}s:11:"\0*\0previous";a:0:{}s:8:"\0*\0casts";a:2:{s:6:"status";s:7:"boolean";s:12:"is_deletable";s:7:"boolean";}s:17:"\0*\0classCastCache";a:0:{}s:21:"\0*\0attributeCastCache";a:0:{}s:13:"\0*\0dateFormat";N;s:10:"\0*\0appends";a:0:{}s:19:"\0*\0dispatchesEvents";a:0:{}s:14:"\0*\0observables";a:0:{}s:12:"\0*\0relations";a:0:{}s:10:"\0*\0touches";a:0:{}s:27:"\0*\0relationAutoloadCallback";N;s:26:"\0*\0relationAutoloadContext";N;s:10:"timestamps";b:1;s:13:"usesUniqueIds";b:0;s:9:"\0*\0hidden";a:0:{}s:10:"\0*\0visible";a:0:{}s:11:"\0*\0fillable";a:8:{i:0;s:13:"permission_id";i:1;s:9:"parent_id";i:2;s:4:"name";i:3;s:5:"route";i:4;s:4:"icon";i:5;s:5:"order";i:6;s:6:"status";i:7;s:12:"is_deletable";}s:10:"\0*\0guarded";a:1:{i:0;s:1:"*";}}i:1;O:20:"App\\Models\\AdminMenu":33:{s:13:"\0*\0connection";s:5:"mysql";s:8:"\0*\0table";s:11:"admin_menus";s:13:"\0*\0primaryKey";s:2:"id";s:10:"\0*\0keyType";s:3:"int";s:12:"incrementing";b:1;s:7:"\0*\0with";a:0:{}s:12:"\0*\0withCount";a:0:{}s:19:"preventsLazyLoading";b:0;s:10:"\0*\0perPage";i:15;s:6:"exists";b:1;s:18:"wasRecentlyCreated";b:0;s:28:"\0*\0escapeWhenCastingToString";b:0;s:13:"\0*\0attributes";a:11:{s:2:"id";i:4;s:13:"permission_id";i:4;s:9:"parent_id";i:2;s:4:"name";s:5:"Users";s:5:"route";s:16:"admin.user.index";s:4:"icon";N;s:5:"order";i:2;s:6:"status";i:1;s:12:"is_deletable";i:1;s:10:"created_at";s:19:"2025-06-17 11:11:10";s:10:"updated_at";s:19:"2025-06-17 11:11:10";}s:11:"\0*\0original";a:11:{s:2:"id";i:4;s:13:"permission_id";i:4;s:9:"parent_id";i:2;s:4:"name";s:5:"Users";s:5:"route";s:16:"admin.user.index";s:4:"icon";N;s:5:"order";i:2;s:6:"status";i:1;s:12:"is_deletable";i:1;s:10:"created_at";s:19:"2025-06-17 11:11:10";s:10:"updated_at";s:19:"2025-06-17 11:11:10";}s:10:"\0*\0changes";a:0:{}s:11:"\0*\0previous";a:0:{}s:8:"\0*\0casts";a:2:{s:6:"status";s:7:"boolean";s:12:"is_deletable";s:7:"boolean";}s:17:"\0*\0classCastCache";a:0:{}s:21:"\0*\0attributeCastCache";a:0:{}s:13:"\0*\0dateFormat";N;s:10:"\0*\0appends";a:0:{}s:19:"\0*\0dispatchesEvents";a:0:{}s:14:"\0*\0observables";a:0:{}s:12:"\0*\0relations";a:0:{}s:10:"\0*\0touches";a:0:{}s:27:"\0*\0relationAutoloadCallback";N;s:26:"\0*\0relationAutoloadContext";N;s:10:"timestamps";b:1;s:13:"usesUniqueIds";b:0;s:9:"\0*\0hidden";a:0:{}s:10:"\0*\0visible";a:0:{}s:11:"\0*\0fillable";a:8:{i:0;s:13:"permission_id";i:1;s:9:"parent_id";i:2;s:4:"name";i:3;s:5:"route";i:4;s:4:"icon";i:5;s:5:"order";i:6;s:6:"status";i:7;s:12:"is_deletable";}s:10:"\0*\0guarded";a:1:{i:0;s:1:"*";}}i:2;O:20:"App\\Models\\AdminMenu":33:{s:13:"\0*\0connection";s:5:"mysql";s:8:"\0*\0table";s:11:"admin_menus";s:13:"\0*\0primaryKey";s:2:"id";s:10:"\0*\0keyType";s:3:"int";s:12:"incrementing";b:1;s:7:"\0*\0with";a:0:{}s:12:"\0*\0withCount";a:0:{}s:19:"preventsLazyLoading";b:0;s:10:"\0*\0perPage";i:15;s:6:"exists";b:1;s:18:"wasRecentlyCreated";b:0;s:28:"\0*\0escapeWhenCastingToString";b:0;s:13:"\0*\0attributes";a:11:{s:2:"id";i:5;s:13:"permission_id";i:5;s:9:"parent_id";i:2;s:4:"name";s:4:"Menu";s:5:"route";s:22:"admin.admin-menu.index";s:4:"icon";N;s:5:"order";i:3;s:6:"status";i:1;s:12:"is_deletable";i:1;s:10:"created_at";s:19:"2025-06-17 11:11:51";s:10:"updated_at";s:19:"2025-06-17 11:11:51";}s:11:"\0*\0original";a:11:{s:2:"id";i:5;s:13:"permission_id";i:5;s:9:"parent_id";i:2;s:4:"name";s:4:"Menu";s:5:"route";s:22:"admin.admin-menu.index";s:4:"icon";N;s:5:"order";i:3;s:6:"status";i:1;s:12:"is_deletable";i:1;s:10:"created_at";s:19:"2025-06-17 11:11:51";s:10:"updated_at";s:19:"2025-06-17 11:11:51";}s:10:"\0*\0changes";a:0:{}s:11:"\0*\0previous";a:0:{}s:8:"\0*\0casts";a:2:{s:6:"status";s:7:"boolean";s:12:"is_deletable";s:7:"boolean";}s:17:"\0*\0classCastCache";a:0:{}s:21:"\0*\0attributeCastCache";a:0:{}s:13:"\0*\0dateFormat";N;s:10:"\0*\0appends";a:0:{}s:19:"\0*\0dispatchesEvents";a:0:{}s:14:"\0*\0observables";a:0:{}s:12:"\0*\0relations";a:0:{}s:10:"\0*\0touches";a:0:{}s:27:"\0*\0relationAutoloadCallback";N;s:26:"\0*\0relationAutoloadContext";N;s:10:"timestamps";b:1;s:13:"usesUniqueIds";b:0;s:9:"\0*\0hidden";a:0:{}s:10:"\0*\0visible";a:0:{}s:11:"\0*\0fillable";a:8:{i:0;s:13:"permission_id";i:1;s:9:"parent_id";i:2;s:4:"name";i:3;s:5:"route";i:4;s:4:"icon";i:5;s:5:"order";i:6;s:6:"status";i:7;s:12:"is_deletable";}s:10:"\0*\0guarded";a:1:{i:0;s:1:"*";}}i:3;O:20:"App\\Models\\AdminMenu":33:{s:13:"\0*\0connection";s:5:"mysql";s:8:"\0*\0table";s:11:"admin_menus";s:13:"\0*\0primaryKey";s:2:"id";s:10:"\0*\0keyType";s:3:"int";s:12:"incrementing";b:1;s:7:"\0*\0with";a:0:{}s:12:"\0*\0withCount";a:0:{}s:19:"preventsLazyLoading";b:0;s:10:"\0*\0perPage";i:15;s:6:"exists";b:1;s:18:"wasRecentlyCreated";b:0;s:28:"\0*\0escapeWhenCastingToString";b:0;s:13:"\0*\0attributes";a:11:{s:2:"id";i:6;s:13:"permission_id";i:6;s:9:"parent_id";i:2;s:4:"name";s:14:"Admin Settings";s:5:"route";s:26:"admin.admin-settings.index";s:4:"icon";N;s:5:"order";i:4;s:6:"status";i:1;s:12:"is_deletable";i:1;s:10:"created_at";s:19:"2025-06-17 11:12:59";s:10:"updated_at";s:19:"2025-06-17 11:12:59";}s:11:"\0*\0original";a:11:{s:2:"id";i:6;s:13:"permission_id";i:6;s:9:"parent_id";i:2;s:4:"name";s:14:"Admin Settings";s:5:"route";s:26:"admin.admin-settings.index";s:4:"icon";N;s:5:"order";i:4;s:6:"status";i:1;s:12:"is_deletable";i:1;s:10:"created_at";s:19:"2025-06-17 11:12:59";s:10:"updated_at";s:19:"2025-06-17 11:12:59";}s:10:"\0*\0changes";a:0:{}s:11:"\0*\0previous";a:0:{}s:8:"\0*\0casts";a:2:{s:6:"status";s:7:"boolean";s:12:"is_deletable";s:7:"boolean";}s:17:"\0*\0classCastCache";a:0:{}s:21:"\0*\0attributeCastCache";a:0:{}s:13:"\0*\0dateFormat";N;s:10:"\0*\0appends";a:0:{}s:19:"\0*\0dispatchesEvents";a:0:{}s:14:"\0*\0observables";a:0:{}s:12:"\0*\0relations";a:0:{}s:10:"\0*\0touches";a:0:{}s:27:"\0*\0relationAutoloadCallback";N;s:26:"\0*\0relationAutoloadContext";N;s:10:"timestamps";b:1;s:13:"usesUniqueIds";b:0;s:9:"\0*\0hidden";a:0:{}s:10:"\0*\0visible";a:0:{}s:11:"\0*\0fillable";a:8:{i:0;s:13:"permission_id";i:1;s:9:"parent_id";i:2;s:4:"name";i:3;s:5:"route";i:4;s:4:"icon";i:5;s:5:"order";i:6;s:6:"status";i:7;s:12:"is_deletable";}s:10:"\0*\0guarded";a:1:{i:0;s:1:"*";}}i:4;O:20:"App\\Models\\AdminMenu":33:{s:13:"\0*\0connection";s:5:"mysql";s:8:"\0*\0table";s:11:"admin_menus";s:13:"\0*\0primaryKey";s:2:"id";s:10:"\0*\0keyType";s:3:"int";s:12:"incrementing";b:1;s:7:"\0*\0with";a:0:{}s:12:"\0*\0withCount";a:0:{}s:19:"preventsLazyLoading";b:0;s:10:"\0*\0perPage";i:15;s:6:"exists";b:1;s:18:"wasRecentlyCreated";b:0;s:28:"\0*\0escapeWhenCastingToString";b:0;s:13:"\0*\0attributes";a:11:{s:2:"id";i:7;s:13:"permission_id";i:7;s:9:"parent_id";i:2;s:4:"name";s:9:"Investors";s:5:"route";s:20:"admin.investor.index";s:4:"icon";N;s:5:"order";i:5;s:6:"status";i:1;s:12:"is_deletable";i:1;s:10:"created_at";s:19:"2025-06-17 11:13:38";s:10:"updated_at";s:19:"2025-06-17 11:13:38";}s:11:"\0*\0original";a:11:{s:2:"id";i:7;s:13:"permission_id";i:7;s:9:"parent_id";i:2;s:4:"name";s:9:"Investors";s:5:"route";s:20:"admin.investor.index";s:4:"icon";N;s:5:"order";i:5;s:6:"status";i:1;s:12:"is_deletable";i:1;s:10:"created_at";s:19:"2025-06-17 11:13:38";s:10:"updated_at";s:19:"2025-06-17 11:13:38";}s:10:"\0*\0changes";a:0:{}s:11:"\0*\0previous";a:0:{}s:8:"\0*\0casts";a:2:{s:6:"status";s:7:"boolean";s:12:"is_deletable";s:7:"boolean";}s:17:"\0*\0classCastCache";a:0:{}s:21:"\0*\0attributeCastCache";a:0:{}s:13:"\0*\0dateFormat";N;s:10:"\0*\0appends";a:0:{}s:19:"\0*\0dispatchesEvents";a:0:{}s:14:"\0*\0observables";a:0:{}s:12:"\0*\0relations";a:0:{}s:10:"\0*\0touches";a:0:{}s:27:"\0*\0relationAutoloadCallback";N;s:26:"\0*\0relationAutoloadContext";N;s:10:"timestamps";b:1;s:13:"usesUniqueIds";b:0;s:9:"\0*\0hidden";a:0:{}s:10:"\0*\0visible";a:0:{}s:11:"\0*\0fillable";a:8:{i:0;s:13:"permission_id";i:1;s:9:"parent_id";i:2;s:4:"name";i:3;s:5:"route";i:4;s:4:"icon";i:5;s:5:"order";i:6;s:6:"status";i:7;s:12:"is_deletable";}s:10:"\0*\0guarded";a:1:{i:0;s:1:"*";}}}s:28:"\0*\0escapeWhenCastingToString";b:0;}s:7:"actions";O:39:"Illuminate\\Database\\Eloquent\\Collection":2:{s:8:"\0*\0items";a:0:{}s:28:"\0*\0escapeWhenCastingToString";b:0;}}s:10:"\0*\0touches";a:0:{}s:27:"\0*\0relationAutoloadCallback";N;s:26:"\0*\0relationAutoloadContext";N;s:10:"timestamps";b:1;s:13:"usesUniqueIds";b:0;s:9:"\0*\0hidden";a:0:{}s:10:"\0*\0visible";a:0:{}s:11:"\0*\0fillable";a:8:{i:0;s:13:"permission_id";i:1;s:9:"parent_id";i:2;s:4:"name";i:3;s:5:"route";i:4;s:4:"icon";i:5;s:5:"order";i:6;s:6:"status";i:7;s:12:"is_deletable";}s:10:"\0*\0guarded";a:1:{i:0;s:1:"*";}}i:2;O:20:"App\\Models\\AdminMenu":33:{s:13:"\0*\0connection";s:5:"mysql";s:8:"\0*\0table";s:11:"admin_menus";s:13:"\0*\0primaryKey";s:2:"id";s:10:"\0*\0keyType";s:3:"int";s:12:"incrementing";b:1;s:7:"\0*\0with";a:0:{}s:12:"\0*\0withCount";a:0:{}s:19:"preventsLazyLoading";b:0;s:10:"\0*\0perPage";i:15;s:6:"exists";b:1;s:18:"wasRecentlyCreated";b:0;s:28:"\0*\0escapeWhenCastingToString";b:0;s:13:"\0*\0attributes";a:11:{s:2:"id";i:45;s:13:"permission_id";i:167;s:9:"parent_id";N;s:4:"name";s:12:"System Setup";s:5:"route";N;s:4:"icon";s:58:"<span class="material-symbols-outlined fs-24"> api </span>";s:5:"order";i:3;s:6:"status";i:1;s:12:"is_deletable";i:1;s:10:"created_at";s:19:"2025-07-19 11:13:16";s:10:"updated_at";s:19:"2025-07-19 11:13:16";}s:11:"\0*\0original";a:11:{s:2:"id";i:45;s:13:"permission_id";i:167;s:9:"parent_id";N;s:4:"name";s:12:"System Setup";s:5:"route";N;s:4:"icon";s:58:"<span class="material-symbols-outlined fs-24"> api </span>";s:5:"order";i:3;s:6:"status";i:1;s:12:"is_deletable";i:1;s:10:"created_at";s:19:"2025-07-19 11:13:16";s:10:"updated_at";s:19:"2025-07-19 11:13:16";}s:10:"\0*\0changes";a:0:{}s:11:"\0*\0previous";a:0:{}s:8:"\0*\0casts";a:2:{s:6:"status";s:7:"boolean";s:12:"is_deletable";s:7:"boolean";}s:17:"\0*\0classCastCache";a:0:{}s:21:"\0*\0attributeCastCache";a:0:{}s:13:"\0*\0dateFormat";N;s:10:"\0*\0appends";a:0:{}s:19:"\0*\0dispatchesEvents";a:0:{}s:14:"\0*\0observables";a:0:{}s:12:"\0*\0relations";a:2:{s:8:"children";O:39:"Illuminate\\Database\\Eloquent\\Collection":2:{s:8:"\0*\0items";a:5:{i:0;O:20:"App\\Models\\AdminMenu":33:{s:13:"\0*\0connection";s:5:"mysql";s:8:"\0*\0table";s:11:"admin_menus";s:13:"\0*\0primaryKey";s:2:"id";s:10:"\0*\0keyType";s:3:"int";s:12:"incrementing";b:1;s:7:"\0*\0with";a:0:{}s:12:"\0*\0withCount";a:0:{}s:19:"preventsLazyLoading";b:0;s:10:"\0*\0perPage";i:15;s:6:"exists";b:1;s:18:"wasRecentlyCreated";b:0;s:28:"\0*\0escapeWhenCastingToString";b:0;s:13:"\0*\0attributes";a:11:{s:2:"id";i:46;s:13:"permission_id";i:168;s:9:"parent_id";i:45;s:4:"name";s:7:"Regions";s:5:"route";s:18:"admin.region.index";s:4:"icon";N;s:5:"order";i:1;s:6:"status";i:1;s:12:"is_deletable";i:1;s:10:"created_at";s:19:"2025-07-19 11:14:11";s:10:"updated_at";s:19:"2025-07-19 12:37:03";}s:11:"\0*\0original";a:11:{s:2:"id";i:46;s:13:"permission_id";i:168;s:9:"parent_id";i:45;s:4:"name";s:7:"Regions";s:5:"route";s:18:"admin.region.index";s:4:"icon";N;s:5:"order";i:1;s:6:"status";i:1;s:12:"is_deletable";i:1;s:10:"created_at";s:19:"2025-07-19 11:14:11";s:10:"updated_at";s:19:"2025-07-19 12:37:03";}s:10:"\0*\0changes";a:0:{}s:11:"\0*\0previous";a:0:{}s:8:"\0*\0casts";a:2:{s:6:"status";s:7:"boolean";s:12:"is_deletable";s:7:"boolean";}s:17:"\0*\0classCastCache";a:0:{}s:21:"\0*\0attributeCastCache";a:0:{}s:13:"\0*\0dateFormat";N;s:10:"\0*\0appends";a:0:{}s:19:"\0*\0dispatchesEvents";a:0:{}s:14:"\0*\0observables";a:0:{}s:12:"\0*\0relations";a:0:{}s:10:"\0*\0touches";a:0:{}s:27:"\0*\0relationAutoloadCallback";N;s:26:"\0*\0relationAutoloadContext";N;s:10:"timestamps";b:1;s:13:"usesUniqueIds";b:0;s:9:"\0*\0hidden";a:0:{}s:10:"\0*\0visible";a:0:{}s:11:"\0*\0fillable";a:8:{i:0;s:13:"permission_id";i:1;s:9:"parent_id";i:2;s:4:"name";i:3;s:5:"route";i:4;s:4:"icon";i:5;s:5:"order";i:6;s:6:"status";i:7;s:12:"is_deletable";}s:10:"\0*\0guarded";a:1:{i:0;s:1:"*";}}i:1;O:20:"App\\Models\\AdminMenu":33:{s:13:"\0*\0connection";s:5:"mysql";s:8:"\0*\0table";s:11:"admin_menus";s:13:"\0*\0primaryKey";s:2:"id";s:10:"\0*\0keyType";s:3:"int";s:12:"incrementing";b:1;s:7:"\0*\0with";a:0:{}s:12:"\0*\0withCount";a:0:{}s:19:"preventsLazyLoading";b:0;s:10:"\0*\0perPage";i:15;s:6:"exists";b:1;s:18:"wasRecentlyCreated";b:0;s:28:"\0*\0escapeWhenCastingToString";b:0;s:13:"\0*\0attributes";a:11:{s:2:"id";i:47;s:13:"permission_id";i:169;s:9:"parent_id";i:45;s:4:"name";s:4:"Area";s:5:"route";s:16:"admin.area.index";s:4:"icon";N;s:5:"order";i:2;s:6:"status";i:1;s:12:"is_deletable";i:1;s:10:"created_at";s:19:"2025-07-19 11:14:30";s:10:"updated_at";s:19:"2025-07-19 11:14:30";}s:11:"\0*\0original";a:11:{s:2:"id";i:47;s:13:"permission_id";i:169;s:9:"parent_id";i:45;s:4:"name";s:4:"Area";s:5:"route";s:16:"admin.area.index";s:4:"icon";N;s:5:"order";i:2;s:6:"status";i:1;s:12:"is_deletable";i:1;s:10:"created_at";s:19:"2025-07-19 11:14:30";s:10:"updated_at";s:19:"2025-07-19 11:14:30";}s:10:"\0*\0changes";a:0:{}s:11:"\0*\0previous";a:0:{}s:8:"\0*\0casts";a:2:{s:6:"status";s:7:"boolean";s:12:"is_deletable";s:7:"boolean";}s:17:"\0*\0classCastCache";a:0:{}s:21:"\0*\0attributeCastCache";a:0:{}s:13:"\0*\0dateFormat";N;s:10:"\0*\0appends";a:0:{}s:19:"\0*\0dispatchesEvents";a:0:{}s:14:"\0*\0observables";a:0:{}s:12:"\0*\0relations";a:0:{}s:10:"\0*\0touches";a:0:{}s:27:"\0*\0relationAutoloadCallback";N;s:26:"\0*\0relationAutoloadContext";N;s:10:"timestamps";b:1;s:13:"usesUniqueIds";b:0;s:9:"\0*\0hidden";a:0:{}s:10:"\0*\0visible";a:0:{}s:11:"\0*\0fillable";a:8:{i:0;s:13:"permission_id";i:1;s:9:"parent_id";i:2;s:4:"name";i:3;s:5:"route";i:4;s:4:"icon";i:5;s:5:"order";i:6;s:6:"status";i:7;s:12:"is_deletable";}s:10:"\0*\0guarded";a:1:{i:0;s:1:"*";}}i:2;O:20:"App\\Models\\AdminMenu":33:{s:13:"\0*\0connection";s:5:"mysql";s:8:"\0*\0table";s:11:"admin_menus";s:13:"\0*\0primaryKey";s:2:"id";s:10:"\0*\0keyType";s:3:"int";s:12:"incrementing";b:1;s:7:"\0*\0with";a:0:{}s:12:"\0*\0withCount";a:0:{}s:19:"preventsLazyLoading";b:0;s:10:"\0*\0perPage";i:15;s:6:"exists";b:1;s:18:"wasRecentlyCreated";b:0;s:28:"\0*\0escapeWhenCastingToString";b:0;s:13:"\0*\0attributes";a:11:{s:2:"id";i:48;s:13:"permission_id";i:170;s:9:"parent_id";i:45;s:4:"name";s:9:"Territory";s:5:"route";s:21:"admin.territory.index";s:4:"icon";N;s:5:"order";i:3;s:6:"status";i:1;s:12:"is_deletable";i:1;s:10:"created_at";s:19:"2025-07-19 11:14:48";s:10:"updated_at";s:19:"2025-07-19 11:14:48";}s:11:"\0*\0original";a:11:{s:2:"id";i:48;s:13:"permission_id";i:170;s:9:"parent_id";i:45;s:4:"name";s:9:"Territory";s:5:"route";s:21:"admin.territory.index";s:4:"icon";N;s:5:"order";i:3;s:6:"status";i:1;s:12:"is_deletable";i:1;s:10:"created_at";s:19:"2025-07-19 11:14:48";s:10:"updated_at";s:19:"2025-07-19 11:14:48";}s:10:"\0*\0changes";a:0:{}s:11:"\0*\0previous";a:0:{}s:8:"\0*\0casts";a:2:{s:6:"status";s:7:"boolean";s:12:"is_deletable";s:7:"boolean";}s:17:"\0*\0classCastCache";a:0:{}s:21:"\0*\0attributeCastCache";a:0:{}s:13:"\0*\0dateFormat";N;s:10:"\0*\0appends";a:0:{}s:19:"\0*\0dispatchesEvents";a:0:{}s:14:"\0*\0observables";a:0:{}s:12:"\0*\0relations";a:0:{}s:10:"\0*\0touches";a:0:{}s:27:"\0*\0relationAutoloadCallback";N;s:26:"\0*\0relationAutoloadContext";N;s:10:"timestamps";b:1;s:13:"usesUniqueIds";b:0;s:9:"\0*\0hidden";a:0:{}s:10:"\0*\0visible";a:0:{}s:11:"\0*\0fillable";a:8:{i:0;s:13:"permission_id";i:1;s:9:"parent_id";i:2;s:4:"name";i:3;s:5:"route";i:4;s:4:"icon";i:5;s:5:"order";i:6;s:6:"status";i:7;s:12:"is_deletable";}s:10:"\0*\0guarded";a:1:{i:0;s:1:"*";}}i:3;O:20:"App\\Models\\AdminMenu":33:{s:13:"\0*\0connection";s:5:"mysql";s:8:"\0*\0table";s:11:"admin_menus";s:13:"\0*\0primaryKey";s:2:"id";s:10:"\0*\0keyType";s:3:"int";s:12:"incrementing";b:1;s:7:"\0*\0with";a:0:{}s:12:"\0*\0withCount";a:0:{}s:19:"preventsLazyLoading";b:0;s:10:"\0*\0perPage";i:15;s:6:"exists";b:1;s:18:"wasRecentlyCreated";b:0;s:28:"\0*\0escapeWhenCastingToString";b:0;s:13:"\0*\0attributes";a:11:{s:2:"id";i:49;s:13:"permission_id";i:183;s:9:"parent_id";i:45;s:4:"name";s:6:"Stores";s:5:"route";s:17:"admin.store.index";s:4:"icon";N;s:5:"order";i:4;s:6:"status";i:1;s:12:"is_deletable";i:1;s:10:"created_at";s:19:"2025-07-19 12:14:16";s:10:"updated_at";s:19:"2025-07-19 12:14:22";}s:11:"\0*\0original";a:11:{s:2:"id";i:49;s:13:"permission_id";i:183;s:9:"parent_id";i:45;s:4:"name";s:6:"Stores";s:5:"route";s:17:"admin.store.index";s:4:"icon";N;s:5:"order";i:4;s:6:"status";i:1;s:12:"is_deletable";i:1;s:10:"created_at";s:19:"2025-07-19 12:14:16";s:10:"updated_at";s:19:"2025-07-19 12:14:22";}s:10:"\0*\0changes";a:0:{}s:11:"\0*\0previous";a:0:{}s:8:"\0*\0casts";a:2:{s:6:"status";s:7:"boolean";s:12:"is_deletable";s:7:"boolean";}s:17:"\0*\0classCastCache";a:0:{}s:21:"\0*\0attributeCastCache";a:0:{}s:13:"\0*\0dateFormat";N;s:10:"\0*\0appends";a:0:{}s:19:"\0*\0dispatchesEvents";a:0:{}s:14:"\0*\0observables";a:0:{}s:12:"\0*\0relations";a:0:{}s:10:"\0*\0touches";a:0:{}s:27:"\0*\0relationAutoloadCallback";N;s:26:"\0*\0relationAutoloadContext";N;s:10:"timestamps";b:1;s:13:"usesUniqueIds";b:0;s:9:"\0*\0hidden";a:0:{}s:10:"\0*\0visible";a:0:{}s:11:"\0*\0fillable";a:8:{i:0;s:13:"permission_id";i:1;s:9:"parent_id";i:2;s:4:"name";i:3;s:5:"route";i:4;s:4:"icon";i:5;s:5:"order";i:6;s:6:"status";i:7;s:12:"is_deletable";}s:10:"\0*\0guarded";a:1:{i:0;s:1:"*";}}i:4;O:20:"App\\Models\\AdminMenu":33:{s:13:"\0*\0connection";s:5:"mysql";s:8:"\0*\0table";s:11:"admin_menus";s:13:"\0*\0primaryKey";s:2:"id";s:10:"\0*\0keyType";s:3:"int";s:12:"incrementing";b:1;s:7:"\0*\0with";a:0:{}s:12:"\0*\0withCount";a:0:{}s:19:"preventsLazyLoading";b:0;s:10:"\0*\0perPage";i:15;s:6:"exists";b:1;s:18:"wasRecentlyCreated";b:0;s:28:"\0*\0escapeWhenCastingToString";b:0;s:13:"\0*\0attributes";a:11:{s:2:"id";i:32;s:13:"permission_id";i:100;s:9:"parent_id";i:45;s:4:"name";s:5:"Books";s:5:"route";s:19:"admin.product.index";s:4:"icon";s:64:"<span class="material-symbols-outlined fs-24"> menu_book </span>";s:5:"order";i:5;s:6:"status";i:1;s:12:"is_deletable";i:1;s:10:"created_at";s:19:"2025-06-22 14:35:45";s:10:"updated_at";s:19:"2025-07-19 12:13:58";}s:11:"\0*\0original";a:11:{s:2:"id";i:32;s:13:"permission_id";i:100;s:9:"parent_id";i:45;s:4:"name";s:5:"Books";s:5:"route";s:19:"admin.product.index";s:4:"icon";s:64:"<span class="material-symbols-outlined fs-24"> menu_book </span>";s:5:"order";i:5;s:6:"status";i:1;s:12:"is_deletable";i:1;s:10:"created_at";s:19:"2025-06-22 14:35:45";s:10:"updated_at";s:19:"2025-07-19 12:13:58";}s:10:"\0*\0changes";a:0:{}s:11:"\0*\0previous";a:0:{}s:8:"\0*\0casts";a:2:{s:6:"status";s:7:"boolean";s:12:"is_deletable";s:7:"boolean";}s:17:"\0*\0classCastCache";a:0:{}s:21:"\0*\0attributeCastCache";a:0:{}s:13:"\0*\0dateFormat";N;s:10:"\0*\0appends";a:0:{}s:19:"\0*\0dispatchesEvents";a:0:{}s:14:"\0*\0observables";a:0:{}s:12:"\0*\0relations";a:0:{}s:10:"\0*\0touches";a:0:{}s:27:"\0*\0relationAutoloadCallback";N;s:26:"\0*\0relationAutoloadContext";N;s:10:"timestamps";b:1;s:13:"usesUniqueIds";b:0;s:9:"\0*\0hidden";a:0:{}s:10:"\0*\0visible";a:0:{}s:11:"\0*\0fillable";a:8:{i:0;s:13:"permission_id";i:1;s:9:"parent_id";i:2;s:4:"name";i:3;s:5:"route";i:4;s:4:"icon";i:5;s:5:"order";i:6;s:6:"status";i:7;s:12:"is_deletable";}s:10:"\0*\0guarded";a:1:{i:0;s:1:"*";}}}s:28:"\0*\0escapeWhenCastingToString";b:0;}s:7:"actions";O:39:"Illuminate\\Database\\Eloquent\\Collection":2:{s:8:"\0*\0items";a:0:{}s:28:"\0*\0escapeWhenCastingToString";b:0;}}s:10:"\0*\0touches";a:0:{}s:27:"\0*\0relationAutoloadCallback";N;s:26:"\0*\0relationAutoloadContext";N;s:10:"timestamps";b:1;s:13:"usesUniqueIds";b:0;s:9:"\0*\0hidden";a:0:{}s:10:"\0*\0visible";a:0:{}s:11:"\0*\0fillable";a:8:{i:0;s:13:"permission_id";i:1;s:9:"parent_id";i:2;s:4:"name";i:3;s:5:"route";i:4;s:4:"icon";i:5;s:5:"order";i:6;s:6:"status";i:7;s:12:"is_deletable";}s:10:"\0*\0guarded";a:1:{i:0;s:1:"*";}}i:3;O:20:"App\\Models\\AdminMenu":33:{s:13:"\0*\0connection";s:5:"mysql";s:8:"\0*\0table";s:11:"admin_menus";s:13:"\0*\0primaryKey";s:2:"id";s:10:"\0*\0keyType";s:3:"int";s:12:"incrementing";b:1;s:7:"\0*\0with";a:0:{}s:12:"\0*\0withCount";a:0:{}s:19:"preventsLazyLoading";b:0;s:10:"\0*\0perPage";i:15;s:6:"exists";b:1;s:18:"wasRecentlyCreated";b:0;s:28:"\0*\0escapeWhenCastingToString";b:0;s:13:"\0*\0attributes";a:11:{s:2:"id";i:39;s:13:"permission_id";i:138;s:9:"parent_id";N;s:4:"name";s:9:"Inventory";s:5:"route";N;s:4:"icon";s:64:"<span class="material-symbols-outlined fs-24"> inventory </span>";s:5:"order";i:4;s:6:"status";i:1;s:12:"is_deletable";i:1;s:10:"created_at";s:19:"2025-07-17 10:00:10";s:10:"updated_at";s:19:"2025-07-19 11:13:34";}s:11:"\0*\0original";a:11:{s:2:"id";i:39;s:13:"permission_id";i:138;s:9:"parent_id";N;s:4:"name";s:9:"Inventory";s:5:"route";N;s:4:"icon";s:64:"<span class="material-symbols-outlined fs-24"> inventory </span>";s:5:"order";i:4;s:6:"status";i:1;s:12:"is_deletable";i:1;s:10:"created_at";s:19:"2025-07-17 10:00:10";s:10:"updated_at";s:19:"2025-07-19 11:13:34";}s:10:"\0*\0changes";a:0:{}s:11:"\0*\0previous";a:0:{}s:8:"\0*\0casts";a:2:{s:6:"status";s:7:"boolean";s:12:"is_deletable";s:7:"boolean";}s:17:"\0*\0classCastCache";a:0:{}s:21:"\0*\0attributeCastCache";a:0:{}s:13:"\0*\0dateFormat";N;s:10:"\0*\0appends";a:0:{}s:19:"\0*\0dispatchesEvents";a:0:{}s:14:"\0*\0observables";a:0:{}s:12:"\0*\0relations";a:2:{s:8:"children";O:39:"Illuminate\\Database\\Eloquent\\Collection":2:{s:8:"\0*\0items";a:2:{i:0;O:20:"App\\Models\\AdminMenu":33:{s:13:"\0*\0connection";s:5:"mysql";s:8:"\0*\0table";s:11:"admin_menus";s:13:"\0*\0primaryKey";s:2:"id";s:10:"\0*\0keyType";s:3:"int";s:12:"incrementing";b:1;s:7:"\0*\0with";a:0:{}s:12:"\0*\0withCount";a:0:{}s:19:"preventsLazyLoading";b:0;s:10:"\0*\0perPage";i:15;s:6:"exists";b:1;s:18:"wasRecentlyCreated";b:0;s:28:"\0*\0escapeWhenCastingToString";b:0;s:13:"\0*\0attributes";a:11:{s:2:"id";i:40;s:13:"permission_id";i:139;s:9:"parent_id";i:39;s:4:"name";s:11:"Productions";s:5:"route";s:22:"admin.production.index";s:4:"icon";N;s:5:"order";i:1;s:6:"status";i:1;s:12:"is_deletable";i:1;s:10:"created_at";s:19:"2025-07-17 10:01:15";s:10:"updated_at";s:19:"2025-07-17 10:01:15";}s:11:"\0*\0original";a:11:{s:2:"id";i:40;s:13:"permission_id";i:139;s:9:"parent_id";i:39;s:4:"name";s:11:"Productions";s:5:"route";s:22:"admin.production.index";s:4:"icon";N;s:5:"order";i:1;s:6:"status";i:1;s:12:"is_deletable";i:1;s:10:"created_at";s:19:"2025-07-17 10:01:15";s:10:"updated_at";s:19:"2025-07-17 10:01:15";}s:10:"\0*\0changes";a:0:{}s:11:"\0*\0previous";a:0:{}s:8:"\0*\0casts";a:2:{s:6:"status";s:7:"boolean";s:12:"is_deletable";s:7:"boolean";}s:17:"\0*\0classCastCache";a:0:{}s:21:"\0*\0attributeCastCache";a:0:{}s:13:"\0*\0dateFormat";N;s:10:"\0*\0appends";a:0:{}s:19:"\0*\0dispatchesEvents";a:0:{}s:14:"\0*\0observables";a:0:{}s:12:"\0*\0relations";a:0:{}s:10:"\0*\0touches";a:0:{}s:27:"\0*\0relationAutoloadCallback";N;s:26:"\0*\0relationAutoloadContext";N;s:10:"timestamps";b:1;s:13:"usesUniqueIds";b:0;s:9:"\0*\0hidden";a:0:{}s:10:"\0*\0visible";a:0:{}s:11:"\0*\0fillable";a:8:{i:0;s:13:"permission_id";i:1;s:9:"parent_id";i:2;s:4:"name";i:3;s:5:"route";i:4;s:4:"icon";i:5;s:5:"order";i:6;s:6:"status";i:7;s:12:"is_deletable";}s:10:"\0*\0guarded";a:1:{i:0;s:1:"*";}}i:1;O:20:"App\\Models\\AdminMenu":33:{s:13:"\0*\0connection";s:5:"mysql";s:8:"\0*\0table";s:11:"admin_menus";s:13:"\0*\0primaryKey";s:2:"id";s:10:"\0*\0keyType";s:3:"int";s:12:"incrementing";b:1;s:7:"\0*\0with";a:0:{}s:12:"\0*\0withCount";a:0:{}s:19:"preventsLazyLoading";b:0;s:10:"\0*\0perPage";i:15;s:6:"exists";b:1;s:18:"wasRecentlyCreated";b:0;s:28:"\0*\0escapeWhenCastingToString";b:0;s:13:"\0*\0attributes";a:11:{s:2:"id";i:44;s:13:"permission_id";i:166;s:9:"parent_id";i:39;s:4:"name";s:5:"Stock";s:5:"route";s:24:"admin.stock-status.index";s:4:"icon";N;s:5:"order";i:2;s:6:"status";i:1;s:12:"is_deletable";i:1;s:10:"created_at";s:19:"2025-07-19 10:51:17";s:10:"updated_at";s:19:"2025-07-26 04:53:04";}s:11:"\0*\0original";a:11:{s:2:"id";i:44;s:13:"permission_id";i:166;s:9:"parent_id";i:39;s:4:"name";s:5:"Stock";s:5:"route";s:24:"admin.stock-status.index";s:4:"icon";N;s:5:"order";i:2;s:6:"status";i:1;s:12:"is_deletable";i:1;s:10:"created_at";s:19:"2025-07-19 10:51:17";s:10:"updated_at";s:19:"2025-07-26 04:53:04";}s:10:"\0*\0changes";a:0:{}s:11:"\0*\0previous";a:0:{}s:8:"\0*\0casts";a:2:{s:6:"status";s:7:"boolean";s:12:"is_deletable";s:7:"boolean";}s:17:"\0*\0classCastCache";a:0:{}s:21:"\0*\0attributeCastCache";a:0:{}s:13:"\0*\0dateFormat";N;s:10:"\0*\0appends";a:0:{}s:19:"\0*\0dispatchesEvents";a:0:{}s:14:"\0*\0observables";a:0:{}s:12:"\0*\0relations";a:0:{}s:10:"\0*\0touches";a:0:{}s:27:"\0*\0relationAutoloadCallback";N;s:26:"\0*\0relationAutoloadContext";N;s:10:"timestamps";b:1;s:13:"usesUniqueIds";b:0;s:9:"\0*\0hidden";a:0:{}s:10:"\0*\0visible";a:0:{}s:11:"\0*\0fillable";a:8:{i:0;s:13:"permission_id";i:1;s:9:"parent_id";i:2;s:4:"name";i:3;s:5:"route";i:4;s:4:"icon";i:5;s:5:"order";i:6;s:6:"status";i:7;s:12:"is_deletable";}s:10:"\0*\0guarded";a:1:{i:0;s:1:"*";}}}s:28:"\0*\0escapeWhenCastingToString";b:0;}s:7:"actions";O:39:"Illuminate\\Database\\Eloquent\\Collection":2:{s:8:"\0*\0items";a:0:{}s:28:"\0*\0escapeWhenCastingToString";b:0;}}s:10:"\0*\0touches";a:0:{}s:27:"\0*\0relationAutoloadCallback";N;s:26:"\0*\0relationAutoloadContext";N;s:10:"timestamps";b:1;s:13:"usesUniqueIds";b:0;s:9:"\0*\0hidden";a:0:{}s:10:"\0*\0visible";a:0:{}s:11:"\0*\0fillable";a:8:{i:0;s:13:"permission_id";i:1;s:9:"parent_id";i:2;s:4:"name";i:3;s:5:"route";i:4;s:4:"icon";i:5;s:5:"order";i:6;s:6:"status";i:7;s:12:"is_deletable";}s:10:"\0*\0guarded";a:1:{i:0;s:1:"*";}}i:4;O:20:"App\\Models\\AdminMenu":33:{s:13:"\0*\0connection";s:5:"mysql";s:8:"\0*\0table";s:11:"admin_menus";s:13:"\0*\0primaryKey";s:2:"id";s:10:"\0*\0keyType";s:3:"int";s:12:"incrementing";b:1;s:7:"\0*\0with";a:0:{}s:12:"\0*\0withCount";a:0:{}s:19:"preventsLazyLoading";b:0;s:10:"\0*\0perPage";i:15;s:6:"exists";b:1;s:18:"wasRecentlyCreated";b:0;s:28:"\0*\0escapeWhenCastingToString";b:0;s:13:"\0*\0attributes";a:11:{s:2:"id";i:41;s:13:"permission_id";i:155;s:9:"parent_id";N;s:4:"name";s:16:"Sales Management";s:5:"route";N;s:4:"icon";s:71:"<span class="material-symbols-outlined fs-24"> bar_chart_4_bars </span>";s:5:"order";i:4;s:6:"status";i:1;s:12:"is_deletable";i:1;s:10:"created_at";s:19:"2025-07-19 10:47:23";s:10:"updated_at";s:19:"2025-07-19 10:47:23";}s:11:"\0*\0original";a:11:{s:2:"id";i:41;s:13:"permission_id";i:155;s:9:"parent_id";N;s:4:"name";s:16:"Sales Management";s:5:"route";N;s:4:"icon";s:71:"<span class="material-symbols-outlined fs-24"> bar_chart_4_bars </span>";s:5:"order";i:4;s:6:"status";i:1;s:12:"is_deletable";i:1;s:10:"created_at";s:19:"2025-07-19 10:47:23";s:10:"updated_at";s:19:"2025-07-19 10:47:23";}s:10:"\0*\0changes";a:0:{}s:11:"\0*\0previous";a:0:{}s:8:"\0*\0casts";a:2:{s:6:"status";s:7:"boolean";s:12:"is_deletable";s:7:"boolean";}s:17:"\0*\0classCastCache";a:0:{}s:21:"\0*\0attributeCastCache";a:0:{}s:13:"\0*\0dateFormat";N;s:10:"\0*\0appends";a:0:{}s:19:"\0*\0dispatchesEvents";a:0:{}s:14:"\0*\0observables";a:0:{}s:12:"\0*\0relations";a:2:{s:8:"children";O:39:"Illuminate\\Database\\Eloquent\\Collection":2:{s:8:"\0*\0items";a:4:{i:0;O:20:"App\\Models\\AdminMenu":33:{s:13:"\0*\0connection";s:5:"mysql";s:8:"\0*\0table";s:11:"admin_menus";s:13:"\0*\0primaryKey";s:2:"id";s:10:"\0*\0keyType";s:3:"int";s:12:"incrementing";b:1;s:7:"\0*\0with";a:0:{}s:12:"\0*\0withCount";a:0:{}s:19:"preventsLazyLoading";b:0;s:10:"\0*\0perPage";i:15;s:6:"exists";b:1;s:18:"wasRecentlyCreated";b:0;s:28:"\0*\0escapeWhenCastingToString";b:0;s:13:"\0*\0attributes";a:11:{s:2:"id";i:42;s:13:"permission_id";i:156;s:9:"parent_id";i:41;s:4:"name";s:7:"Dealers";s:5:"route";s:18:"admin.client.index";s:4:"icon";N;s:5:"order";i:1;s:6:"status";i:1;s:12:"is_deletable";i:1;s:10:"created_at";s:19:"2025-07-19 10:49:14";s:10:"updated_at";s:19:"2025-07-19 10:49:14";}s:11:"\0*\0original";a:11:{s:2:"id";i:42;s:13:"permission_id";i:156;s:9:"parent_id";i:41;s:4:"name";s:7:"Dealers";s:5:"route";s:18:"admin.client.index";s:4:"icon";N;s:5:"order";i:1;s:6:"status";i:1;s:12:"is_deletable";i:1;s:10:"created_at";s:19:"2025-07-19 10:49:14";s:10:"updated_at";s:19:"2025-07-19 10:49:14";}s:10:"\0*\0changes";a:0:{}s:11:"\0*\0previous";a:0:{}s:8:"\0*\0casts";a:2:{s:6:"status";s:7:"boolean";s:12:"is_deletable";s:7:"boolean";}s:17:"\0*\0classCastCache";a:0:{}s:21:"\0*\0attributeCastCache";a:0:{}s:13:"\0*\0dateFormat";N;s:10:"\0*\0appends";a:0:{}s:19:"\0*\0dispatchesEvents";a:0:{}s:14:"\0*\0observables";a:0:{}s:12:"\0*\0relations";a:0:{}s:10:"\0*\0touches";a:0:{}s:27:"\0*\0relationAutoloadCallback";N;s:26:"\0*\0relationAutoloadContext";N;s:10:"timestamps";b:1;s:13:"usesUniqueIds";b:0;s:9:"\0*\0hidden";a:0:{}s:10:"\0*\0visible";a:0:{}s:11:"\0*\0fillable";a:8:{i:0;s:13:"permission_id";i:1;s:9:"parent_id";i:2;s:4:"name";i:3;s:5:"route";i:4;s:4:"icon";i:5;s:5:"order";i:6;s:6:"status";i:7;s:12:"is_deletable";}s:10:"\0*\0guarded";a:1:{i:0;s:1:"*";}}i:1;O:20:"App\\Models\\AdminMenu":33:{s:13:"\0*\0connection";s:5:"mysql";s:8:"\0*\0table";s:11:"admin_menus";s:13:"\0*\0primaryKey";s:2:"id";s:10:"\0*\0keyType";s:3:"int";s:12:"incrementing";b:1;s:7:"\0*\0with";a:0:{}s:12:"\0*\0withCount";a:0:{}s:19:"preventsLazyLoading";b:0;s:10:"\0*\0perPage";i:15;s:6:"exists";b:1;s:18:"wasRecentlyCreated";b:0;s:28:"\0*\0escapeWhenCastingToString";b:0;s:13:"\0*\0attributes";a:11:{s:2:"id";i:43;s:13:"permission_id";i:157;s:9:"parent_id";i:41;s:4:"name";s:5:"Sales";s:5:"route";s:17:"admin.sales.index";s:4:"icon";N;s:5:"order";i:2;s:6:"status";i:1;s:12:"is_deletable";i:1;s:10:"created_at";s:19:"2025-07-19 10:49:37";s:10:"updated_at";s:19:"2025-07-19 10:49:37";}s:11:"\0*\0original";a:11:{s:2:"id";i:43;s:13:"permission_id";i:157;s:9:"parent_id";i:41;s:4:"name";s:5:"Sales";s:5:"route";s:17:"admin.sales.index";s:4:"icon";N;s:5:"order";i:2;s:6:"status";i:1;s:12:"is_deletable";i:1;s:10:"created_at";s:19:"2025-07-19 10:49:37";s:10:"updated_at";s:19:"2025-07-19 10:49:37";}s:10:"\0*\0changes";a:0:{}s:11:"\0*\0previous";a:0:{}s:8:"\0*\0casts";a:2:{s:6:"status";s:7:"boolean";s:12:"is_deletable";s:7:"boolean";}s:17:"\0*\0classCastCache";a:0:{}s:21:"\0*\0attributeCastCache";a:0:{}s:13:"\0*\0dateFormat";N;s:10:"\0*\0appends";a:0:{}s:19:"\0*\0dispatchesEvents";a:0:{}s:14:"\0*\0observables";a:0:{}s:12:"\0*\0relations";a:0:{}s:10:"\0*\0touches";a:0:{}s:27:"\0*\0relationAutoloadCallback";N;s:26:"\0*\0relationAutoloadContext";N;s:10:"timestamps";b:1;s:13:"usesUniqueIds";b:0;s:9:"\0*\0hidden";a:0:{}s:10:"\0*\0visible";a:0:{}s:11:"\0*\0fillable";a:8:{i:0;s:13:"permission_id";i:1;s:9:"parent_id";i:2;s:4:"name";i:3;s:5:"route";i:4;s:4:"icon";i:5;s:5:"order";i:6;s:6:"status";i:7;s:12:"is_deletable";}s:10:"\0*\0guarded";a:1:{i:0;s:1:"*";}}i:2;O:20:"App\\Models\\AdminMenu":33:{s:13:"\0*\0connection";s:5:"mysql";s:8:"\0*\0table";s:11:"admin_menus";s:13:"\0*\0primaryKey";s:2:"id";s:10:"\0*\0keyType";s:3:"int";s:12:"incrementing";b:1;s:7:"\0*\0with";a:0:{}s:12:"\0*\0withCount";a:0:{}s:19:"preventsLazyLoading";b:0;s:10:"\0*\0perPage";i:15;s:6:"exists";b:1;s:18:"wasRecentlyCreated";b:0;s:28:"\0*\0escapeWhenCastingToString";b:0;s:13:"\0*\0attributes";a:11:{s:2:"id";i:50;s:13:"permission_id";i:190;s:9:"parent_id";i:41;s:4:"name";s:11:"Collections";s:5:"route";s:22:"admin.collection.index";s:4:"icon";N;s:5:"order";i:3;s:6:"status";i:1;s:12:"is_deletable";i:1;s:10:"created_at";s:19:"2025-07-20 13:50:25";s:10:"updated_at";s:19:"2025-07-20 13:50:25";}s:11:"\0*\0original";a:11:{s:2:"id";i:50;s:13:"permission_id";i:190;s:9:"parent_id";i:41;s:4:"name";s:11:"Collections";s:5:"route";s:22:"admin.collection.index";s:4:"icon";N;s:5:"order";i:3;s:6:"status";i:1;s:12:"is_deletable";i:1;s:10:"created_at";s:19:"2025-07-20 13:50:25";s:10:"updated_at";s:19:"2025-07-20 13:50:25";}s:10:"\0*\0changes";a:0:{}s:11:"\0*\0previous";a:0:{}s:8:"\0*\0casts";a:2:{s:6:"status";s:7:"boolean";s:12:"is_deletable";s:7:"boolean";}s:17:"\0*\0classCastCache";a:0:{}s:21:"\0*\0attributeCastCache";a:0:{}s:13:"\0*\0dateFormat";N;s:10:"\0*\0appends";a:0:{}s:19:"\0*\0dispatchesEvents";a:0:{}s:14:"\0*\0observables";a:0:{}s:12:"\0*\0relations";a:0:{}s:10:"\0*\0touches";a:0:{}s:27:"\0*\0relationAutoloadCallback";N;s:26:"\0*\0relationAutoloadContext";N;s:10:"timestamps";b:1;s:13:"usesUniqueIds";b:0;s:9:"\0*\0hidden";a:0:{}s:10:"\0*\0visible";a:0:{}s:11:"\0*\0fillable";a:8:{i:0;s:13:"permission_id";i:1;s:9:"parent_id";i:2;s:4:"name";i:3;s:5:"route";i:4;s:4:"icon";i:5;s:5:"order";i:6;s:6:"status";i:7;s:12:"is_deletable";}s:10:"\0*\0guarded";a:1:{i:0;s:1:"*";}}i:3;O:20:"App\\Models\\AdminMenu":33:{s:13:"\0*\0connection";s:5:"mysql";s:8:"\0*\0table";s:11:"admin_menus";s:13:"\0*\0primaryKey";s:2:"id";s:10:"\0*\0keyType";s:3:"int";s:12:"incrementing";b:1;s:7:"\0*\0with";a:0:{}s:12:"\0*\0withCount";a:0:{}s:19:"preventsLazyLoading";b:0;s:10:"\0*\0perPage";i:15;s:6:"exists";b:1;s:18:"wasRecentlyCreated";b:0;s:28:"\0*\0escapeWhenCastingToString";b:0;s:13:"\0*\0attributes";a:11:{s:2:"id";i:51;s:13:"permission_id";i:196;s:9:"parent_id";i:41;s:4:"name";s:13:"Sales Returns";s:5:"route";s:24:"admin.sales-return.index";s:4:"icon";N;s:5:"order";i:4;s:6:"status";i:1;s:12:"is_deletable";i:1;s:10:"created_at";s:19:"2025-07-21 11:38:18";s:10:"updated_at";s:19:"2025-07-21 11:38:18";}s:11:"\0*\0original";a:11:{s:2:"id";i:51;s:13:"permission_id";i:196;s:9:"parent_id";i:41;s:4:"name";s:13:"Sales Returns";s:5:"route";s:24:"admin.sales-return.index";s:4:"icon";N;s:5:"order";i:4;s:6:"status";i:1;s:12:"is_deletable";i:1;s:10:"created_at";s:19:"2025-07-21 11:38:18";s:10:"updated_at";s:19:"2025-07-21 11:38:18";}s:10:"\0*\0changes";a:0:{}s:11:"\0*\0previous";a:0:{}s:8:"\0*\0casts";a:2:{s:6:"status";s:7:"boolean";s:12:"is_deletable";s:7:"boolean";}s:17:"\0*\0classCastCache";a:0:{}s:21:"\0*\0attributeCastCache";a:0:{}s:13:"\0*\0dateFormat";N;s:10:"\0*\0appends";a:0:{}s:19:"\0*\0dispatchesEvents";a:0:{}s:14:"\0*\0observables";a:0:{}s:12:"\0*\0relations";a:0:{}s:10:"\0*\0touches";a:0:{}s:27:"\0*\0relationAutoloadCallback";N;s:26:"\0*\0relationAutoloadContext";N;s:10:"timestamps";b:1;s:13:"usesUniqueIds";b:0;s:9:"\0*\0hidden";a:0:{}s:10:"\0*\0visible";a:0:{}s:11:"\0*\0fillable";a:8:{i:0;s:13:"permission_id";i:1;s:9:"parent_id";i:2;s:4:"name";i:3;s:5:"route";i:4;s:4:"icon";i:5;s:5:"order";i:6;s:6:"status";i:7;s:12:"is_deletable";}s:10:"\0*\0guarded";a:1:{i:0;s:1:"*";}}}s:28:"\0*\0escapeWhenCastingToString";b:0;}s:7:"actions";O:39:"Illuminate\\Database\\Eloquent\\Collection":2:{s:8:"\0*\0items";a:0:{}s:28:"\0*\0escapeWhenCastingToString";b:0;}}s:10:"\0*\0touches";a:0:{}s:27:"\0*\0relationAutoloadCallback";N;s:26:"\0*\0relationAutoloadContext";N;s:10:"timestamps";b:1;s:13:"usesUniqueIds";b:0;s:9:"\0*\0hidden";a:0:{}s:10:"\0*\0visible";a:0:{}s:11:"\0*\0fillable";a:8:{i:0;s:13:"permission_id";i:1;s:9:"parent_id";i:2;s:4:"name";i:3;s:5:"route";i:4;s:4:"icon";i:5;s:5:"order";i:6;s:6:"status";i:7;s:12:"is_deletable";}s:10:"\0*\0guarded";a:1:{i:0;s:1:"*";}}i:5;O:20:"App\\Models\\AdminMenu":33:{s:13:"\0*\0connection";s:5:"mysql";s:8:"\0*\0table";s:11:"admin_menus";s:13:"\0*\0primaryKey";s:2:"id";s:10:"\0*\0keyType";s:3:"int";s:12:"incrementing";b:1;s:7:"\0*\0with";a:0:{}s:12:"\0*\0withCount";a:0:{}s:19:"preventsLazyLoading";b:0;s:10:"\0*\0perPage";i:15;s:6:"exists";b:1;s:18:"wasRecentlyCreated";b:0;s:28:"\0*\0escapeWhenCastingToString";b:0;s:13:"\0*\0attributes";a:11:{s:2:"id";i:8;s:13:"permission_id";i:27;s:9:"parent_id";N;s:4:"name";s:14:"Invest Process";s:5:"route";s:18:"admin.invest.index";s:4:"icon";s:67:"<span class="material-symbols-outlined fs-24"> finance_mode </span>";s:5:"order";i:6;s:6:"status";i:1;s:12:"is_deletable";i:1;s:10:"created_at";s:19:"2025-06-17 11:37:47";s:10:"updated_at";s:19:"2025-07-19 10:48:45";}s:11:"\0*\0original";a:11:{s:2:"id";i:8;s:13:"permission_id";i:27;s:9:"parent_id";N;s:4:"name";s:14:"Invest Process";s:5:"route";s:18:"admin.invest.index";s:4:"icon";s:67:"<span class="material-symbols-outlined fs-24"> finance_mode </span>";s:5:"order";i:6;s:6:"status";i:1;s:12:"is_deletable";i:1;s:10:"created_at";s:19:"2025-06-17 11:37:47";s:10:"updated_at";s:19:"2025-07-19 10:48:45";}s:10:"\0*\0changes";a:0:{}s:11:"\0*\0previous";a:0:{}s:8:"\0*\0casts";a:2:{s:6:"status";s:7:"boolean";s:12:"is_deletable";s:7:"boolean";}s:17:"\0*\0classCastCache";a:0:{}s:21:"\0*\0attributeCastCache";a:0:{}s:13:"\0*\0dateFormat";N;s:10:"\0*\0appends";a:0:{}s:19:"\0*\0dispatchesEvents";a:0:{}s:14:"\0*\0observables";a:0:{}s:12:"\0*\0relations";a:2:{s:8:"children";O:39:"Illuminate\\Database\\Eloquent\\Collection":2:{s:8:"\0*\0items";a:0:{}s:28:"\0*\0escapeWhenCastingToString";b:0;}s:7:"actions";O:39:"Illuminate\\Database\\Eloquent\\Collection":2:{s:8:"\0*\0items";a:4:{i:0;O:26:"App\\Models\\AdminMenuAction":33:{s:13:"\0*\0connection";s:5:"mysql";s:8:"\0*\0table";s:18:"admin_menu_actions";s:13:"\0*\0primaryKey";s:2:"id";s:10:"\0*\0keyType";s:3:"int";s:12:"incrementing";b:1;s:7:"\0*\0with";a:0:{}s:12:"\0*\0withCount";a:0:{}s:19:"preventsLazyLoading";b:0;s:10:"\0*\0perPage";i:15;s:6:"exists";b:1;s:18:"wasRecentlyCreated";b:0;s:28:"\0*\0escapeWhenCastingToString";b:0;s:13:"\0*\0attributes";a:8:{s:2:"id";i:20;s:13:"permission_id";i:28;s:13:"admin_menu_id";i:8;s:4:"name";s:6:"create";s:5:"route";s:19:"admin.invest.create";s:6:"status";i:1;s:10:"created_at";s:19:"2025-06-17 11:38:48";s:10:"updated_at";s:19:"2025-06-17 11:38:48";}s:11:"\0*\0original";a:8:{s:2:"id";i:20;s:13:"permission_id";i:28;s:13:"admin_menu_id";i:8;s:4:"name";s:6:"create";s:5:"route";s:19:"admin.invest.create";s:6:"status";i:1;s:10:"created_at";s:19:"2025-06-17 11:38:48";s:10:"updated_at";s:19:"2025-06-17 11:38:48";}s:10:"\0*\0changes";a:0:{}s:11:"\0*\0previous";a:0:{}s:8:"\0*\0casts";a:1:{s:6:"status";s:7:"boolean";}s:17:"\0*\0classCastCache";a:0:{}s:21:"\0*\0attributeCastCache";a:0:{}s:13:"\0*\0dateFormat";N;s:10:"\0*\0appends";a:0:{}s:19:"\0*\0dispatchesEvents";a:0:{}s:14:"\0*\0observables";a:0:{}s:12:"\0*\0relations";a:0:{}s:10:"\0*\0touches";a:0:{}s:27:"\0*\0relationAutoloadCallback";N;s:26:"\0*\0relationAutoloadContext";N;s:10:"timestamps";b:1;s:13:"usesUniqueIds";b:0;s:9:"\0*\0hidden";a:0:{}s:10:"\0*\0visible";a:0:{}s:11:"\0*\0fillable";a:5:{i:0;s:13:"permission_id";i:1;s:13:"admin_menu_id";i:2;s:4:"name";i:3;s:5:"route";i:4;s:6:"status";}s:10:"\0*\0guarded";a:1:{i:0;s:1:"*";}}i:1;O:26:"App\\Models\\AdminMenuAction":33:{s:13:"\0*\0connection";s:5:"mysql";s:8:"\0*\0table";s:18:"admin_menu_actions";s:13:"\0*\0primaryKey";s:2:"id";s:10:"\0*\0keyType";s:3:"int";s:12:"incrementing";b:1;s:7:"\0*\0with";a:0:{}s:12:"\0*\0withCount";a:0:{}s:19:"preventsLazyLoading";b:0;s:10:"\0*\0perPage";i:15;s:6:"exists";b:1;s:18:"wasRecentlyCreated";b:0;s:28:"\0*\0escapeWhenCastingToString";b:0;s:13:"\0*\0attributes";a:8:{s:2:"id";i:21;s:13:"permission_id";i:29;s:13:"admin_menu_id";i:8;s:4:"name";s:4:"edit";s:5:"route";s:17:"admin.invest.edit";s:6:"status";i:1;s:10:"created_at";s:19:"2025-06-17 11:38:52";s:10:"updated_at";s:19:"2025-06-17 11:38:52";}s:11:"\0*\0original";a:8:{s:2:"id";i:21;s:13:"permission_id";i:29;s:13:"admin_menu_id";i:8;s:4:"name";s:4:"edit";s:5:"route";s:17:"admin.invest.edit";s:6:"status";i:1;s:10:"created_at";s:19:"2025-06-17 11:38:52";s:10:"updated_at";s:19:"2025-06-17 11:38:52";}s:10:"\0*\0changes";a:0:{}s:11:"\0*\0previous";a:0:{}s:8:"\0*\0casts";a:1:{s:6:"status";s:7:"boolean";}s:17:"\0*\0classCastCache";a:0:{}s:21:"\0*\0attributeCastCache";a:0:{}s:13:"\0*\0dateFormat";N;s:10:"\0*\0appends";a:0:{}s:19:"\0*\0dispatchesEvents";a:0:{}s:14:"\0*\0observables";a:0:{}s:12:"\0*\0relations";a:0:{}s:10:"\0*\0touches";a:0:{}s:27:"\0*\0relationAutoloadCallback";N;s:26:"\0*\0relationAutoloadContext";N;s:10:"timestamps";b:1;s:13:"usesUniqueIds";b:0;s:9:"\0*\0hidden";a:0:{}s:10:"\0*\0visible";a:0:{}s:11:"\0*\0fillable";a:5:{i:0;s:13:"permission_id";i:1;s:13:"admin_menu_id";i:2;s:4:"name";i:3;s:5:"route";i:4;s:6:"status";}s:10:"\0*\0guarded";a:1:{i:0;s:1:"*";}}i:2;O:26:"App\\Models\\AdminMenuAction":33:{s:13:"\0*\0connection";s:5:"mysql";s:8:"\0*\0table";s:18:"admin_menu_actions";s:13:"\0*\0primaryKey";s:2:"id";s:10:"\0*\0keyType";s:3:"int";s:12:"incrementing";b:1;s:7:"\0*\0with";a:0:{}s:12:"\0*\0withCount";a:0:{}s:19:"preventsLazyLoading";b:0;s:10:"\0*\0perPage";i:15;s:6:"exists";b:1;s:18:"wasRecentlyCreated";b:0;s:28:"\0*\0escapeWhenCastingToString";b:0;s:13:"\0*\0attributes";a:8:{s:2:"id";i:60;s:13:"permission_id";i:90;s:13:"admin_menu_id";i:8;s:4:"name";s:6:"delete";s:5:"route";s:20:"admin.invest.destroy";s:6:"status";i:1;s:10:"created_at";s:19:"2025-06-19 14:47:54";s:10:"updated_at";s:19:"2025-06-19 14:47:54";}s:11:"\0*\0original";a:8:{s:2:"id";i:60;s:13:"permission_id";i:90;s:13:"admin_menu_id";i:8;s:4:"name";s:6:"delete";s:5:"route";s:20:"admin.invest.destroy";s:6:"status";i:1;s:10:"created_at";s:19:"2025-06-19 14:47:54";s:10:"updated_at";s:19:"2025-06-19 14:47:54";}s:10:"\0*\0changes";a:0:{}s:11:"\0*\0previous";a:0:{}s:8:"\0*\0casts";a:1:{s:6:"status";s:7:"boolean";}s:17:"\0*\0classCastCache";a:0:{}s:21:"\0*\0attributeCastCache";a:0:{}s:13:"\0*\0dateFormat";N;s:10:"\0*\0appends";a:0:{}s:19:"\0*\0dispatchesEvents";a:0:{}s:14:"\0*\0observables";a:0:{}s:12:"\0*\0relations";a:0:{}s:10:"\0*\0touches";a:0:{}s:27:"\0*\0relationAutoloadCallback";N;s:26:"\0*\0relationAutoloadContext";N;s:10:"timestamps";b:1;s:13:"usesUniqueIds";b:0;s:9:"\0*\0hidden";a:0:{}s:10:"\0*\0visible";a:0:{}s:11:"\0*\0fillable";a:5:{i:0;s:13:"permission_id";i:1;s:13:"admin_menu_id";i:2;s:4:"name";i:3;s:5:"route";i:4;s:6:"status";}s:10:"\0*\0guarded";a:1:{i:0;s:1:"*";}}i:3;O:26:"App\\Models\\AdminMenuAction":33:{s:13:"\0*\0connection";s:5:"mysql";s:8:"\0*\0table";s:18:"admin_menu_actions";s:13:"\0*\0primaryKey";s:2:"id";s:10:"\0*\0keyType";s:3:"int";s:12:"incrementing";b:1;s:7:"\0*\0with";a:0:{}s:12:"\0*\0withCount";a:0:{}s:19:"preventsLazyLoading";b:0;s:10:"\0*\0perPage";i:15;s:6:"exists";b:1;s:18:"wasRecentlyCreated";b:0;s:28:"\0*\0escapeWhenCastingToString";b:0;s:13:"\0*\0attributes";a:8:{s:2:"id";i:61;s:13:"permission_id";i:91;s:13:"admin_menu_id";i:8;s:4:"name";s:5:"trash";s:5:"route";s:18:"admin.invest.trash";s:6:"status";i:1;s:10:"created_at";s:19:"2025-06-19 14:47:58";s:10:"updated_at";s:19:"2025-06-19 14:47:58";}s:11:"\0*\0original";a:8:{s:2:"id";i:61;s:13:"permission_id";i:91;s:13:"admin_menu_id";i:8;s:4:"name";s:5:"trash";s:5:"route";s:18:"admin.invest.trash";s:6:"status";i:1;s:10:"created_at";s:19:"2025-06-19 14:47:58";s:10:"updated_at";s:19:"2025-06-19 14:47:58";}s:10:"\0*\0changes";a:0:{}s:11:"\0*\0previous";a:0:{}s:8:"\0*\0casts";a:1:{s:6:"status";s:7:"boolean";}s:17:"\0*\0classCastCache";a:0:{}s:21:"\0*\0attributeCastCache";a:0:{}s:13:"\0*\0dateFormat";N;s:10:"\0*\0appends";a:0:{}s:19:"\0*\0dispatchesEvents";a:0:{}s:14:"\0*\0observables";a:0:{}s:12:"\0*\0relations";a:0:{}s:10:"\0*\0touches";a:0:{}s:27:"\0*\0relationAutoloadCallback";N;s:26:"\0*\0relationAutoloadContext";N;s:10:"timestamps";b:1;s:13:"usesUniqueIds";b:0;s:9:"\0*\0hidden";a:0:{}s:10:"\0*\0visible";a:0:{}s:11:"\0*\0fillable";a:5:{i:0;s:13:"permission_id";i:1;s:13:"admin_menu_id";i:2;s:4:"name";i:3;s:5:"route";i:4;s:6:"status";}s:10:"\0*\0guarded";a:1:{i:0;s:1:"*";}}}s:28:"\0*\0escapeWhenCastingToString";b:0;}}s:10:"\0*\0touches";a:0:{}s:27:"\0*\0relationAutoloadCallback";N;s:26:"\0*\0relationAutoloadContext";N;s:10:"timestamps";b:1;s:13:"usesUniqueIds";b:0;s:9:"\0*\0hidden";a:0:{}s:10:"\0*\0visible";a:0:{}s:11:"\0*\0fillable";a:8:{i:0;s:13:"permission_id";i:1;s:9:"parent_id";i:2;s:4:"name";i:3;s:5:"route";i:4;s:4:"icon";i:5;s:5:"order";i:6;s:6:"status";i:7;s:12:"is_deletable";}s:10:"\0*\0guarded";a:1:{i:0;s:1:"*";}}i:6;O:20:"App\\Models\\AdminMenu":33:{s:13:"\0*\0connection";s:5:"mysql";s:8:"\0*\0table";s:11:"admin_menus";s:13:"\0*\0primaryKey";s:2:"id";s:10:"\0*\0keyType";s:3:"int";s:12:"incrementing";b:1;s:7:"\0*\0with";a:0:{}s:12:"\0*\0withCount";a:0:{}s:19:"preventsLazyLoading";b:0;s:10:"\0*\0perPage";i:15;s:6:"exists";b:1;s:18:"wasRecentlyCreated";b:0;s:28:"\0*\0escapeWhenCastingToString";b:0;s:13:"\0*\0attributes";a:11:{s:2:"id";i:53;s:13:"permission_id";i:208;s:9:"parent_id";N;s:4:"name";s:19:"Profit Distribution";s:5:"route";s:31:"admin.profit-distribution.index";s:4:"icon";s:67:"<span class="material-symbols-outlined fs-24"> event_repeat </span>";s:5:"order";i:7;s:6:"status";i:1;s:12:"is_deletable";i:1;s:10:"created_at";s:19:"2025-07-22 08:47:36";s:10:"updated_at";s:19:"2025-07-22 08:47:49";}s:11:"\0*\0original";a:11:{s:2:"id";i:53;s:13:"permission_id";i:208;s:9:"parent_id";N;s:4:"name";s:19:"Profit Distribution";s:5:"route";s:31:"admin.profit-distribution.index";s:4:"icon";s:67:"<span class="material-symbols-outlined fs-24"> event_repeat </span>";s:5:"order";i:7;s:6:"status";i:1;s:12:"is_deletable";i:1;s:10:"created_at";s:19:"2025-07-22 08:47:36";s:10:"updated_at";s:19:"2025-07-22 08:47:49";}s:10:"\0*\0changes";a:0:{}s:11:"\0*\0previous";a:0:{}s:8:"\0*\0casts";a:2:{s:6:"status";s:7:"boolean";s:12:"is_deletable";s:7:"boolean";}s:17:"\0*\0classCastCache";a:0:{}s:21:"\0*\0attributeCastCache";a:0:{}s:13:"\0*\0dateFormat";N;s:10:"\0*\0appends";a:0:{}s:19:"\0*\0dispatchesEvents";a:0:{}s:14:"\0*\0observables";a:0:{}s:12:"\0*\0relations";a:2:{s:8:"children";O:39:"Illuminate\\Database\\Eloquent\\Collection":2:{s:8:"\0*\0items";a:0:{}s:28:"\0*\0escapeWhenCastingToString";b:0;}s:7:"actions";O:39:"Illuminate\\Database\\Eloquent\\Collection":2:{s:8:"\0*\0items";a:5:{i:0;O:26:"App\\Models\\AdminMenuAction":33:{s:13:"\0*\0connection";s:5:"mysql";s:8:"\0*\0table";s:18:"admin_menu_actions";s:13:"\0*\0primaryKey";s:2:"id";s:10:"\0*\0keyType";s:3:"int";s:12:"incrementing";b:1;s:7:"\0*\0with";a:0:{}s:12:"\0*\0withCount";a:0:{}s:19:"preventsLazyLoading";b:0;s:10:"\0*\0perPage";i:15;s:6:"exists";b:1;s:18:"wasRecentlyCreated";b:0;s:28:"\0*\0escapeWhenCastingToString";b:0;s:13:"\0*\0attributes";a:8:{s:2:"id";i:156;s:13:"permission_id";i:209;s:13:"admin_menu_id";i:53;s:4:"name";s:6:"create";s:5:"route";s:32:"admin.profit-distribution.create";s:6:"status";i:1;s:10:"created_at";s:19:"2025-07-22 08:47:59";s:10:"updated_at";s:19:"2025-07-22 08:47:59";}s:11:"\0*\0original";a:8:{s:2:"id";i:156;s:13:"permission_id";i:209;s:13:"admin_menu_id";i:53;s:4:"name";s:6:"create";s:5:"route";s:32:"admin.profit-distribution.create";s:6:"status";i:1;s:10:"created_at";s:19:"2025-07-22 08:47:59";s:10:"updated_at";s:19:"2025-07-22 08:47:59";}s:10:"\0*\0changes";a:0:{}s:11:"\0*\0previous";a:0:{}s:8:"\0*\0casts";a:1:{s:6:"status";s:7:"boolean";}s:17:"\0*\0classCastCache";a:0:{}s:21:"\0*\0attributeCastCache";a:0:{}s:13:"\0*\0dateFormat";N;s:10:"\0*\0appends";a:0:{}s:19:"\0*\0dispatchesEvents";a:0:{}s:14:"\0*\0observables";a:0:{}s:12:"\0*\0relations";a:0:{}s:10:"\0*\0touches";a:0:{}s:27:"\0*\0relationAutoloadCallback";N;s:26:"\0*\0relationAutoloadContext";N;s:10:"timestamps";b:1;s:13:"usesUniqueIds";b:0;s:9:"\0*\0hidden";a:0:{}s:10:"\0*\0visible";a:0:{}s:11:"\0*\0fillable";a:5:{i:0;s:13:"permission_id";i:1;s:13:"admin_menu_id";i:2;s:4:"name";i:3;s:5:"route";i:4;s:6:"status";}s:10:"\0*\0guarded";a:1:{i:0;s:1:"*";}}i:1;O:26:"App\\Models\\AdminMenuAction":33:{s:13:"\0*\0connection";s:5:"mysql";s:8:"\0*\0table";s:18:"admin_menu_actions";s:13:"\0*\0primaryKey";s:2:"id";s:10:"\0*\0keyType";s:3:"int";s:12:"incrementing";b:1;s:7:"\0*\0with";a:0:{}s:12:"\0*\0withCount";a:0:{}s:19:"preventsLazyLoading";b:0;s:10:"\0*\0perPage";i:15;s:6:"exists";b:1;s:18:"wasRecentlyCreated";b:0;s:28:"\0*\0escapeWhenCastingToString";b:0;s:13:"\0*\0attributes";a:8:{s:2:"id";i:157;s:13:"permission_id";i:210;s:13:"admin_menu_id";i:53;s:4:"name";s:4:"edit";s:5:"route";s:30:"admin.profit-distribution.edit";s:6:"status";i:1;s:10:"created_at";s:19:"2025-07-22 08:48:05";s:10:"updated_at";s:19:"2025-07-22 08:48:05";}s:11:"\0*\0original";a:8:{s:2:"id";i:157;s:13:"permission_id";i:210;s:13:"admin_menu_id";i:53;s:4:"name";s:4:"edit";s:5:"route";s:30:"admin.profit-distribution.edit";s:6:"status";i:1;s:10:"created_at";s:19:"2025-07-22 08:48:05";s:10:"updated_at";s:19:"2025-07-22 08:48:05";}s:10:"\0*\0changes";a:0:{}s:11:"\0*\0previous";a:0:{}s:8:"\0*\0casts";a:1:{s:6:"status";s:7:"boolean";}s:17:"\0*\0classCastCache";a:0:{}s:21:"\0*\0attributeCastCache";a:0:{}s:13:"\0*\0dateFormat";N;s:10:"\0*\0appends";a:0:{}s:19:"\0*\0dispatchesEvents";a:0:{}s:14:"\0*\0observables";a:0:{}s:12:"\0*\0relations";a:0:{}s:10:"\0*\0touches";a:0:{}s:27:"\0*\0relationAutoloadCallback";N;s:26:"\0*\0relationAutoloadContext";N;s:10:"timestamps";b:1;s:13:"usesUniqueIds";b:0;s:9:"\0*\0hidden";a:0:{}s:10:"\0*\0visible";a:0:{}s:11:"\0*\0fillable";a:5:{i:0;s:13:"permission_id";i:1;s:13:"admin_menu_id";i:2;s:4:"name";i:3;s:5:"route";i:4;s:6:"status";}s:10:"\0*\0guarded";a:1:{i:0;s:1:"*";}}i:2;O:26:"App\\Models\\AdminMenuAction":33:{s:13:"\0*\0connection";s:5:"mysql";s:8:"\0*\0table";s:18:"admin_menu_actions";s:13:"\0*\0primaryKey";s:2:"id";s:10:"\0*\0keyType";s:3:"int";s:12:"incrementing";b:1;s:7:"\0*\0with";a:0:{}s:12:"\0*\0withCount";a:0:{}s:19:"preventsLazyLoading";b:0;s:10:"\0*\0perPage";i:15;s:6:"exists";b:1;s:18:"wasRecentlyCreated";b:0;s:28:"\0*\0escapeWhenCastingToString";b:0;s:13:"\0*\0attributes";a:8:{s:2:"id";i:158;s:13:"permission_id";i:211;s:13:"admin_menu_id";i:53;s:4:"name";s:4:"view";s:5:"route";s:30:"admin.profit-distribution.show";s:6:"status";i:1;s:10:"created_at";s:19:"2025-07-22 08:48:09";s:10:"updated_at";s:19:"2025-07-22 08:48:09";}s:11:"\0*\0original";a:8:{s:2:"id";i:158;s:13:"permission_id";i:211;s:13:"admin_menu_id";i:53;s:4:"name";s:4:"view";s:5:"route";s:30:"admin.profit-distribution.show";s:6:"status";i:1;s:10:"created_at";s:19:"2025-07-22 08:48:09";s:10:"updated_at";s:19:"2025-07-22 08:48:09";}s:10:"\0*\0changes";a:0:{}s:11:"\0*\0previous";a:0:{}s:8:"\0*\0casts";a:1:{s:6:"status";s:7:"boolean";}s:17:"\0*\0classCastCache";a:0:{}s:21:"\0*\0attributeCastCache";a:0:{}s:13:"\0*\0dateFormat";N;s:10:"\0*\0appends";a:0:{}s:19:"\0*\0dispatchesEvents";a:0:{}s:14:"\0*\0observables";a:0:{}s:12:"\0*\0relations";a:0:{}s:10:"\0*\0touches";a:0:{}s:27:"\0*\0relationAutoloadCallback";N;s:26:"\0*\0relationAutoloadContext";N;s:10:"timestamps";b:1;s:13:"usesUniqueIds";b:0;s:9:"\0*\0hidden";a:0:{}s:10:"\0*\0visible";a:0:{}s:11:"\0*\0fillable";a:5:{i:0;s:13:"permission_id";i:1;s:13:"admin_menu_id";i:2;s:4:"name";i:3;s:5:"route";i:4;s:6:"status";}s:10:"\0*\0guarded";a:1:{i:0;s:1:"*";}}i:3;O:26:"App\\Models\\AdminMenuAction":33:{s:13:"\0*\0connection";s:5:"mysql";s:8:"\0*\0table";s:18:"admin_menu_actions";s:13:"\0*\0primaryKey";s:2:"id";s:10:"\0*\0keyType";s:3:"int";s:12:"incrementing";b:1;s:7:"\0*\0with";a:0:{}s:12:"\0*\0withCount";a:0:{}s:19:"preventsLazyLoading";b:0;s:10:"\0*\0perPage";i:15;s:6:"exists";b:1;s:18:"wasRecentlyCreated";b:0;s:28:"\0*\0escapeWhenCastingToString";b:0;s:13:"\0*\0attributes";a:8:{s:2:"id";i:159;s:13:"permission_id";i:212;s:13:"admin_menu_id";i:53;s:4:"name";s:6:"delete";s:5:"route";s:33:"admin.profit-distribution.destroy";s:6:"status";i:1;s:10:"created_at";s:19:"2025-07-22 08:48:16";s:10:"updated_at";s:19:"2025-07-22 08:48:16";}s:11:"\0*\0original";a:8:{s:2:"id";i:159;s:13:"permission_id";i:212;s:13:"admin_menu_id";i:53;s:4:"name";s:6:"delete";s:5:"route";s:33:"admin.profit-distribution.destroy";s:6:"status";i:1;s:10:"created_at";s:19:"2025-07-22 08:48:16";s:10:"updated_at";s:19:"2025-07-22 08:48:16";}s:10:"\0*\0changes";a:0:{}s:11:"\0*\0previous";a:0:{}s:8:"\0*\0casts";a:1:{s:6:"status";s:7:"boolean";}s:17:"\0*\0classCastCache";a:0:{}s:21:"\0*\0attributeCastCache";a:0:{}s:13:"\0*\0dateFormat";N;s:10:"\0*\0appends";a:0:{}s:19:"\0*\0dispatchesEvents";a:0:{}s:14:"\0*\0observables";a:0:{}s:12:"\0*\0relations";a:0:{}s:10:"\0*\0touches";a:0:{}s:27:"\0*\0relationAutoloadCallback";N;s:26:"\0*\0relationAutoloadContext";N;s:10:"timestamps";b:1;s:13:"usesUniqueIds";b:0;s:9:"\0*\0hidden";a:0:{}s:10:"\0*\0visible";a:0:{}s:11:"\0*\0fillable";a:5:{i:0;s:13:"permission_id";i:1;s:13:"admin_menu_id";i:2;s:4:"name";i:3;s:5:"route";i:4;s:6:"status";}s:10:"\0*\0guarded";a:1:{i:0;s:1:"*";}}i:4;O:26:"App\\Models\\AdminMenuAction":33:{s:13:"\0*\0connection";s:5:"mysql";s:8:"\0*\0table";s:18:"admin_menu_actions";s:13:"\0*\0primaryKey";s:2:"id";s:10:"\0*\0keyType";s:3:"int";s:12:"incrementing";b:1;s:7:"\0*\0with";a:0:{}s:12:"\0*\0withCount";a:0:{}s:19:"preventsLazyLoading";b:0;s:10:"\0*\0perPage";i:15;s:6:"exists";b:1;s:18:"wasRecentlyCreated";b:0;s:28:"\0*\0escapeWhenCastingToString";b:0;s:13:"\0*\0attributes";a:8:{s:2:"id";i:160;s:13:"permission_id";i:213;s:13:"admin_menu_id";i:53;s:4:"name";s:5:"trash";s:5:"route";s:31:"admin.profit-distribution.trash";s:6:"status";i:1;s:10:"created_at";s:19:"2025-07-22 08:48:22";s:10:"updated_at";s:19:"2025-07-22 08:48:22";}s:11:"\0*\0original";a:8:{s:2:"id";i:160;s:13:"permission_id";i:213;s:13:"admin_menu_id";i:53;s:4:"name";s:5:"trash";s:5:"route";s:31:"admin.profit-distribution.trash";s:6:"status";i:1;s:10:"created_at";s:19:"2025-07-22 08:48:22";s:10:"updated_at";s:19:"2025-07-22 08:48:22";}s:10:"\0*\0changes";a:0:{}s:11:"\0*\0previous";a:0:{}s:8:"\0*\0casts";a:1:{s:6:"status";s:7:"boolean";}s:17:"\0*\0classCastCache";a:0:{}s:21:"\0*\0attributeCastCache";a:0:{}s:13:"\0*\0dateFormat";N;s:10:"\0*\0appends";a:0:{}s:19:"\0*\0dispatchesEvents";a:0:{}s:14:"\0*\0observables";a:0:{}s:12:"\0*\0relations";a:0:{}s:10:"\0*\0touches";a:0:{}s:27:"\0*\0relationAutoloadCallback";N;s:26:"\0*\0relationAutoloadContext";N;s:10:"timestamps";b:1;s:13:"usesUniqueIds";b:0;s:9:"\0*\0hidden";a:0:{}s:10:"\0*\0visible";a:0:{}s:11:"\0*\0fillable";a:5:{i:0;s:13:"permission_id";i:1;s:13:"admin_menu_id";i:2;s:4:"name";i:3;s:5:"route";i:4;s:6:"status";}s:10:"\0*\0guarded";a:1:{i:0;s:1:"*";}}}s:28:"\0*\0escapeWhenCastingToString";b:0;}}s:10:"\0*\0touches";a:0:{}s:27:"\0*\0relationAutoloadCallback";N;s:26:"\0*\0relationAutoloadContext";N;s:10:"timestamps";b:1;s:13:"usesUniqueIds";b:0;s:9:"\0*\0hidden";a:0:{}s:10:"\0*\0visible";a:0:{}s:11:"\0*\0fillable";a:8:{i:0;s:13:"permission_id";i:1;s:9:"parent_id";i:2;s:4:"name";i:3;s:5:"route";i:4;s:4:"icon";i:5;s:5:"order";i:6;s:6:"status";i:7;s:12:"is_deletable";}s:10:"\0*\0guarded";a:1:{i:0;s:1:"*";}}i:7;O:20:"App\\Models\\AdminMenu":33:{s:13:"\0*\0connection";s:5:"mysql";s:8:"\0*\0table";s:11:"admin_menus";s:13:"\0*\0primaryKey";s:2:"id";s:10:"\0*\0keyType";s:3:"int";s:12:"incrementing";b:1;s:7:"\0*\0with";a:0:{}s:12:"\0*\0withCount";a:0:{}s:19:"preventsLazyLoading";b:0;s:10:"\0*\0perPage";i:15;s:6:"exists";b:1;s:18:"wasRecentlyCreated";b:0;s:28:"\0*\0escapeWhenCastingToString";b:0;s:13:"\0*\0attributes";a:11:{s:2:"id";i:54;s:13:"permission_id";i:214;s:9:"parent_id";N;s:4:"name";s:16:"Investor Payment";s:5:"route";s:28:"admin.investor-payment.index";s:4:"icon";s:63:"<span class="material-symbols-outlined fs-24"> add_card </span>";s:5:"order";i:8;s:6:"status";i:1;s:12:"is_deletable";i:1;s:10:"created_at";s:19:"2025-07-22 12:50:16";s:10:"updated_at";s:19:"2025-07-22 12:50:16";}s:11:"\0*\0original";a:11:{s:2:"id";i:54;s:13:"permission_id";i:214;s:9:"parent_id";N;s:4:"name";s:16:"Investor Payment";s:5:"route";s:28:"admin.investor-payment.index";s:4:"icon";s:63:"<span class="material-symbols-outlined fs-24"> add_card </span>";s:5:"order";i:8;s:6:"status";i:1;s:12:"is_deletable";i:1;s:10:"created_at";s:19:"2025-07-22 12:50:16";s:10:"updated_at";s:19:"2025-07-22 12:50:16";}s:10:"\0*\0changes";a:0:{}s:11:"\0*\0previous";a:0:{}s:8:"\0*\0casts";a:2:{s:6:"status";s:7:"boolean";s:12:"is_deletable";s:7:"boolean";}s:17:"\0*\0classCastCache";a:0:{}s:21:"\0*\0attributeCastCache";a:0:{}s:13:"\0*\0dateFormat";N;s:10:"\0*\0appends";a:0:{}s:19:"\0*\0dispatchesEvents";a:0:{}s:14:"\0*\0observables";a:0:{}s:12:"\0*\0relations";a:2:{s:8:"children";O:39:"Illuminate\\Database\\Eloquent\\Collection":2:{s:8:"\0*\0items";a:0:{}s:28:"\0*\0escapeWhenCastingToString";b:0;}s:7:"actions";O:39:"Illuminate\\Database\\Eloquent\\Collection":2:{s:8:"\0*\0items";a:5:{i:0;O:26:"App\\Models\\AdminMenuAction":33:{s:13:"\0*\0connection";s:5:"mysql";s:8:"\0*\0table";s:18:"admin_menu_actions";s:13:"\0*\0primaryKey";s:2:"id";s:10:"\0*\0keyType";s:3:"int";s:12:"incrementing";b:1;s:7:"\0*\0with";a:0:{}s:12:"\0*\0withCount";a:0:{}s:19:"preventsLazyLoading";b:0;s:10:"\0*\0perPage";i:15;s:6:"exists";b:1;s:18:"wasRecentlyCreated";b:0;s:28:"\0*\0escapeWhenCastingToString";b:0;s:13:"\0*\0attributes";a:8:{s:2:"id";i:161;s:13:"permission_id";i:215;s:13:"admin_menu_id";i:54;s:4:"name";s:6:"create";s:5:"route";s:29:"admin.investor-payment.create";s:6:"status";i:1;s:10:"created_at";s:19:"2025-07-22 12:50:27";s:10:"updated_at";s:19:"2025-07-22 12:50:27";}s:11:"\0*\0original";a:8:{s:2:"id";i:161;s:13:"permission_id";i:215;s:13:"admin_menu_id";i:54;s:4:"name";s:6:"create";s:5:"route";s:29:"admin.investor-payment.create";s:6:"status";i:1;s:10:"created_at";s:19:"2025-07-22 12:50:27";s:10:"updated_at";s:19:"2025-07-22 12:50:27";}s:10:"\0*\0changes";a:0:{}s:11:"\0*\0previous";a:0:{}s:8:"\0*\0casts";a:1:{s:6:"status";s:7:"boolean";}s:17:"\0*\0classCastCache";a:0:{}s:21:"\0*\0attributeCastCache";a:0:{}s:13:"\0*\0dateFormat";N;s:10:"\0*\0appends";a:0:{}s:19:"\0*\0dispatchesEvents";a:0:{}s:14:"\0*\0observables";a:0:{}s:12:"\0*\0relations";a:0:{}s:10:"\0*\0touches";a:0:{}s:27:"\0*\0relationAutoloadCallback";N;s:26:"\0*\0relationAutoloadContext";N;s:10:"timestamps";b:1;s:13:"usesUniqueIds";b:0;s:9:"\0*\0hidden";a:0:{}s:10:"\0*\0visible";a:0:{}s:11:"\0*\0fillable";a:5:{i:0;s:13:"permission_id";i:1;s:13:"admin_menu_id";i:2;s:4:"name";i:3;s:5:"route";i:4;s:6:"status";}s:10:"\0*\0guarded";a:1:{i:0;s:1:"*";}}i:1;O:26:"App\\Models\\AdminMenuAction":33:{s:13:"\0*\0connection";s:5:"mysql";s:8:"\0*\0table";s:18:"admin_menu_actions";s:13:"\0*\0primaryKey";s:2:"id";s:10:"\0*\0keyType";s:3:"int";s:12:"incrementing";b:1;s:7:"\0*\0with";a:0:{}s:12:"\0*\0withCount";a:0:{}s:19:"preventsLazyLoading";b:0;s:10:"\0*\0perPage";i:15;s:6:"exists";b:1;s:18:"wasRecentlyCreated";b:0;s:28:"\0*\0escapeWhenCastingToString";b:0;s:13:"\0*\0attributes";a:8:{s:2:"id";i:162;s:13:"permission_id";i:216;s:13:"admin_menu_id";i:54;s:4:"name";s:4:"edit";s:5:"route";s:27:"admin.investor-payment.edit";s:6:"status";i:1;s:10:"created_at";s:19:"2025-07-22 12:50:31";s:10:"updated_at";s:19:"2025-07-22 12:50:31";}s:11:"\0*\0original";a:8:{s:2:"id";i:162;s:13:"permission_id";i:216;s:13:"admin_menu_id";i:54;s:4:"name";s:4:"edit";s:5:"route";s:27:"admin.investor-payment.edit";s:6:"status";i:1;s:10:"created_at";s:19:"2025-07-22 12:50:31";s:10:"updated_at";s:19:"2025-07-22 12:50:31";}s:10:"\0*\0changes";a:0:{}s:11:"\0*\0previous";a:0:{}s:8:"\0*\0casts";a:1:{s:6:"status";s:7:"boolean";}s:17:"\0*\0classCastCache";a:0:{}s:21:"\0*\0attributeCastCache";a:0:{}s:13:"\0*\0dateFormat";N;s:10:"\0*\0appends";a:0:{}s:19:"\0*\0dispatchesEvents";a:0:{}s:14:"\0*\0observables";a:0:{}s:12:"\0*\0relations";a:0:{}s:10:"\0*\0touches";a:0:{}s:27:"\0*\0relationAutoloadCallback";N;s:26:"\0*\0relationAutoloadContext";N;s:10:"timestamps";b:1;s:13:"usesUniqueIds";b:0;s:9:"\0*\0hidden";a:0:{}s:10:"\0*\0visible";a:0:{}s:11:"\0*\0fillable";a:5:{i:0;s:13:"permission_id";i:1;s:13:"admin_menu_id";i:2;s:4:"name";i:3;s:5:"route";i:4;s:6:"status";}s:10:"\0*\0guarded";a:1:{i:0;s:1:"*";}}i:2;O:26:"App\\Models\\AdminMenuAction":33:{s:13:"\0*\0connection";s:5:"mysql";s:8:"\0*\0table";s:18:"admin_menu_actions";s:13:"\0*\0primaryKey";s:2:"id";s:10:"\0*\0keyType";s:3:"int";s:12:"incrementing";b:1;s:7:"\0*\0with";a:0:{}s:12:"\0*\0withCount";a:0:{}s:19:"preventsLazyLoading";b:0;s:10:"\0*\0perPage";i:15;s:6:"exists";b:1;s:18:"wasRecentlyCreated";b:0;s:28:"\0*\0escapeWhenCastingToString";b:0;s:13:"\0*\0attributes";a:8:{s:2:"id";i:163;s:13:"permission_id";i:217;s:13:"admin_menu_id";i:54;s:4:"name";s:4:"view";s:5:"route";s:27:"admin.investor-payment.show";s:6:"status";i:1;s:10:"created_at";s:19:"2025-07-22 12:50:38";s:10:"updated_at";s:19:"2025-07-22 12:50:38";}s:11:"\0*\0original";a:8:{s:2:"id";i:163;s:13:"permission_id";i:217;s:13:"admin_menu_id";i:54;s:4:"name";s:4:"view";s:5:"route";s:27:"admin.investor-payment.show";s:6:"status";i:1;s:10:"created_at";s:19:"2025-07-22 12:50:38";s:10:"updated_at";s:19:"2025-07-22 12:50:38";}s:10:"\0*\0changes";a:0:{}s:11:"\0*\0previous";a:0:{}s:8:"\0*\0casts";a:1:{s:6:"status";s:7:"boolean";}s:17:"\0*\0classCastCache";a:0:{}s:21:"\0*\0attributeCastCache";a:0:{}s:13:"\0*\0dateFormat";N;s:10:"\0*\0appends";a:0:{}s:19:"\0*\0dispatchesEvents";a:0:{}s:14:"\0*\0observables";a:0:{}s:12:"\0*\0relations";a:0:{}s:10:"\0*\0touches";a:0:{}s:27:"\0*\0relationAutoloadCallback";N;s:26:"\0*\0relationAutoloadContext";N;s:10:"timestamps";b:1;s:13:"usesUniqueIds";b:0;s:9:"\0*\0hidden";a:0:{}s:10:"\0*\0visible";a:0:{}s:11:"\0*\0fillable";a:5:{i:0;s:13:"permission_id";i:1;s:13:"admin_menu_id";i:2;s:4:"name";i:3;s:5:"route";i:4;s:6:"status";}s:10:"\0*\0guarded";a:1:{i:0;s:1:"*";}}i:3;O:26:"App\\Models\\AdminMenuAction":33:{s:13:"\0*\0connection";s:5:"mysql";s:8:"\0*\0table";s:18:"admin_menu_actions";s:13:"\0*\0primaryKey";s:2:"id";s:10:"\0*\0keyType";s:3:"int";s:12:"incrementing";b:1;s:7:"\0*\0with";a:0:{}s:12:"\0*\0withCount";a:0:{}s:19:"preventsLazyLoading";b:0;s:10:"\0*\0perPage";i:15;s:6:"exists";b:1;s:18:"wasRecentlyCreated";b:0;s:28:"\0*\0escapeWhenCastingToString";b:0;s:13:"\0*\0attributes";a:8:{s:2:"id";i:164;s:13:"permission_id";i:218;s:13:"admin_menu_id";i:54;s:4:"name";s:6:"delete";s:5:"route";s:30:"admin.investor-payment.destroy";s:6:"status";i:1;s:10:"created_at";s:19:"2025-07-22 12:50:44";s:10:"updated_at";s:19:"2025-07-22 12:50:44";}s:11:"\0*\0original";a:8:{s:2:"id";i:164;s:13:"permission_id";i:218;s:13:"admin_menu_id";i:54;s:4:"name";s:6:"delete";s:5:"route";s:30:"admin.investor-payment.destroy";s:6:"status";i:1;s:10:"created_at";s:19:"2025-07-22 12:50:44";s:10:"updated_at";s:19:"2025-07-22 12:50:44";}s:10:"\0*\0changes";a:0:{}s:11:"\0*\0previous";a:0:{}s:8:"\0*\0casts";a:1:{s:6:"status";s:7:"boolean";}s:17:"\0*\0classCastCache";a:0:{}s:21:"\0*\0attributeCastCache";a:0:{}s:13:"\0*\0dateFormat";N;s:10:"\0*\0appends";a:0:{}s:19:"\0*\0dispatchesEvents";a:0:{}s:14:"\0*\0observables";a:0:{}s:12:"\0*\0relations";a:0:{}s:10:"\0*\0touches";a:0:{}s:27:"\0*\0relationAutoloadCallback";N;s:26:"\0*\0relationAutoloadContext";N;s:10:"timestamps";b:1;s:13:"usesUniqueIds";b:0;s:9:"\0*\0hidden";a:0:{}s:10:"\0*\0visible";a:0:{}s:11:"\0*\0fillable";a:5:{i:0;s:13:"permission_id";i:1;s:13:"admin_menu_id";i:2;s:4:"name";i:3;s:5:"route";i:4;s:6:"status";}s:10:"\0*\0guarded";a:1:{i:0;s:1:"*";}}i:4;O:26:"App\\Models\\AdminMenuAction":33:{s:13:"\0*\0connection";s:5:"mysql";s:8:"\0*\0table";s:18:"admin_menu_actions";s:13:"\0*\0primaryKey";s:2:"id";s:10:"\0*\0keyType";s:3:"int";s:12:"incrementing";b:1;s:7:"\0*\0with";a:0:{}s:12:"\0*\0withCount";a:0:{}s:19:"preventsLazyLoading";b:0;s:10:"\0*\0perPage";i:15;s:6:"exists";b:1;s:18:"wasRecentlyCreated";b:0;s:28:"\0*\0escapeWhenCastingToString";b:0;s:13:"\0*\0attributes";a:8:{s:2:"id";i:165;s:13:"permission_id";i:219;s:13:"admin_menu_id";i:54;s:4:"name";s:5:"trash";s:5:"route";s:28:"admin.investor-payment.trash";s:6:"status";i:1;s:10:"created_at";s:19:"2025-07-22 12:50:50";s:10:"updated_at";s:19:"2025-07-22 12:50:50";}s:11:"\0*\0original";a:8:{s:2:"id";i:165;s:13:"permission_id";i:219;s:13:"admin_menu_id";i:54;s:4:"name";s:5:"trash";s:5:"route";s:28:"admin.investor-payment.trash";s:6:"status";i:1;s:10:"created_at";s:19:"2025-07-22 12:50:50";s:10:"updated_at";s:19:"2025-07-22 12:50:50";}s:10:"\0*\0changes";a:0:{}s:11:"\0*\0previous";a:0:{}s:8:"\0*\0casts";a:1:{s:6:"status";s:7:"boolean";}s:17:"\0*\0classCastCache";a:0:{}s:21:"\0*\0attributeCastCache";a:0:{}s:13:"\0*\0dateFormat";N;s:10:"\0*\0appends";a:0:{}s:19:"\0*\0dispatchesEvents";a:0:{}s:14:"\0*\0observables";a:0:{}s:12:"\0*\0relations";a:0:{}s:10:"\0*\0touches";a:0:{}s:27:"\0*\0relationAutoloadCallback";N;s:26:"\0*\0relationAutoloadContext";N;s:10:"timestamps";b:1;s:13:"usesUniqueIds";b:0;s:9:"\0*\0hidden";a:0:{}s:10:"\0*\0visible";a:0:{}s:11:"\0*\0fillable";a:5:{i:0;s:13:"permission_id";i:1;s:13:"admin_menu_id";i:2;s:4:"name";i:3;s:5:"route";i:4;s:6:"status";}s:10:"\0*\0guarded";a:1:{i:0;s:1:"*";}}}s:28:"\0*\0escapeWhenCastingToString";b:0;}}s:10:"\0*\0touches";a:0:{}s:27:"\0*\0relationAutoloadCallback";N;s:26:"\0*\0relationAutoloadContext";N;s:10:"timestamps";b:1;s:13:"usesUniqueIds";b:0;s:9:"\0*\0hidden";a:0:{}s:10:"\0*\0visible";a:0:{}s:11:"\0*\0fillable";a:8:{i:0;s:13:"permission_id";i:1;s:9:"parent_id";i:2;s:4:"name";i:3;s:5:"route";i:4;s:4:"icon";i:5;s:5:"order";i:6;s:6:"status";i:7;s:12:"is_deletable";}s:10:"\0*\0guarded";a:1:{i:0;s:1:"*";}}i:8;O:20:"App\\Models\\AdminMenu":33:{s:13:"\0*\0connection";s:5:"mysql";s:8:"\0*\0table";s:11:"admin_menus";s:13:"\0*\0primaryKey";s:2:"id";s:10:"\0*\0keyType";s:3:"int";s:12:"incrementing";b:1;s:7:"\0*\0with";a:0:{}s:12:"\0*\0withCount";a:0:{}s:19:"preventsLazyLoading";b:0;s:10:"\0*\0perPage";i:15;s:6:"exists";b:1;s:18:"wasRecentlyCreated";b:0;s:28:"\0*\0escapeWhenCastingToString";b:0;s:13:"\0*\0attributes";a:11:{s:2:"id";i:9;s:13:"permission_id";i:32;s:9:"parent_id";N;s:4:"name";s:10:"Sattlement";s:5:"route";s:29:"admin.invest-sattlement.index";s:4:"icon";s:64:"<span class="material-symbols-outlined fs-24"> inventory </span>";s:5:"order";i:9;s:6:"status";i:1;s:12:"is_deletable";i:1;s:10:"created_at";s:19:"2025-06-17 11:40:52";s:10:"updated_at";s:19:"2025-07-22 12:49:30";}s:11:"\0*\0original";a:11:{s:2:"id";i:9;s:13:"permission_id";i:32;s:9:"parent_id";N;s:4:"name";s:10:"Sattlement";s:5:"route";s:29:"admin.invest-sattlement.index";s:4:"icon";s:64:"<span class="material-symbols-outlined fs-24"> inventory </span>";s:5:"order";i:9;s:6:"status";i:1;s:12:"is_deletable";i:1;s:10:"created_at";s:19:"2025-06-17 11:40:52";s:10:"updated_at";s:19:"2025-07-22 12:49:30";}s:10:"\0*\0changes";a:0:{}s:11:"\0*\0previous";a:0:{}s:8:"\0*\0casts";a:2:{s:6:"status";s:7:"boolean";s:12:"is_deletable";s:7:"boolean";}s:17:"\0*\0classCastCache";a:0:{}s:21:"\0*\0attributeCastCache";a:0:{}s:13:"\0*\0dateFormat";N;s:10:"\0*\0appends";a:0:{}s:19:"\0*\0dispatchesEvents";a:0:{}s:14:"\0*\0observables";a:0:{}s:12:"\0*\0relations";a:2:{s:8:"children";O:39:"Illuminate\\Database\\Eloquent\\Collection":2:{s:8:"\0*\0items";a:0:{}s:28:"\0*\0escapeWhenCastingToString";b:0;}s:7:"actions";O:39:"Illuminate\\Database\\Eloquent\\Collection":2:{s:8:"\0*\0items";a:5:{i:0;O:26:"App\\Models\\AdminMenuAction":33:{s:13:"\0*\0connection";s:5:"mysql";s:8:"\0*\0table";s:18:"admin_menu_actions";s:13:"\0*\0primaryKey";s:2:"id";s:10:"\0*\0keyType";s:3:"int";s:12:"incrementing";b:1;s:7:"\0*\0with";a:0:{}s:12:"\0*\0withCount";a:0:{}s:19:"preventsLazyLoading";b:0;s:10:"\0*\0perPage";i:15;s:6:"exists";b:1;s:18:"wasRecentlyCreated";b:0;s:28:"\0*\0escapeWhenCastingToString";b:0;s:13:"\0*\0attributes";a:8:{s:2:"id";i:24;s:13:"permission_id";i:33;s:13:"admin_menu_id";i:9;s:4:"name";s:6:"create";s:5:"route";s:30:"admin.invest-sattlement.create";s:6:"status";i:1;s:10:"created_at";s:19:"2025-06-17 11:41:09";s:10:"updated_at";s:19:"2025-06-23 10:19:25";}s:11:"\0*\0original";a:8:{s:2:"id";i:24;s:13:"permission_id";i:33;s:13:"admin_menu_id";i:9;s:4:"name";s:6:"create";s:5:"route";s:30:"admin.invest-sattlement.create";s:6:"status";i:1;s:10:"created_at";s:19:"2025-06-17 11:41:09";s:10:"updated_at";s:19:"2025-06-23 10:19:25";}s:10:"\0*\0changes";a:0:{}s:11:"\0*\0previous";a:0:{}s:8:"\0*\0casts";a:1:{s:6:"status";s:7:"boolean";}s:17:"\0*\0classCastCache";a:0:{}s:21:"\0*\0attributeCastCache";a:0:{}s:13:"\0*\0dateFormat";N;s:10:"\0*\0appends";a:0:{}s:19:"\0*\0dispatchesEvents";a:0:{}s:14:"\0*\0observables";a:0:{}s:12:"\0*\0relations";a:0:{}s:10:"\0*\0touches";a:0:{}s:27:"\0*\0relationAutoloadCallback";N;s:26:"\0*\0relationAutoloadContext";N;s:10:"timestamps";b:1;s:13:"usesUniqueIds";b:0;s:9:"\0*\0hidden";a:0:{}s:10:"\0*\0visible";a:0:{}s:11:"\0*\0fillable";a:5:{i:0;s:13:"permission_id";i:1;s:13:"admin_menu_id";i:2;s:4:"name";i:3;s:5:"route";i:4;s:6:"status";}s:10:"\0*\0guarded";a:1:{i:0;s:1:"*";}}i:1;O:26:"App\\Models\\AdminMenuAction":33:{s:13:"\0*\0connection";s:5:"mysql";s:8:"\0*\0table";s:18:"admin_menu_actions";s:13:"\0*\0primaryKey";s:2:"id";s:10:"\0*\0keyType";s:3:"int";s:12:"incrementing";b:1;s:7:"\0*\0with";a:0:{}s:12:"\0*\0withCount";a:0:{}s:19:"preventsLazyLoading";b:0;s:10:"\0*\0perPage";i:15;s:6:"exists";b:1;s:18:"wasRecentlyCreated";b:0;s:28:"\0*\0escapeWhenCastingToString";b:0;s:13:"\0*\0attributes";a:8:{s:2:"id";i:25;s:13:"permission_id";i:34;s:13:"admin_menu_id";i:9;s:4:"name";s:4:"edit";s:5:"route";s:28:"admin.invest-sattlement.edit";s:6:"status";i:1;s:10:"created_at";s:19:"2025-06-17 11:41:13";s:10:"updated_at";s:19:"2025-06-23 10:19:31";}s:11:"\0*\0original";a:8:{s:2:"id";i:25;s:13:"permission_id";i:34;s:13:"admin_menu_id";i:9;s:4:"name";s:4:"edit";s:5:"route";s:28:"admin.invest-sattlement.edit";s:6:"status";i:1;s:10:"created_at";s:19:"2025-06-17 11:41:13";s:10:"updated_at";s:19:"2025-06-23 10:19:31";}s:10:"\0*\0changes";a:0:{}s:11:"\0*\0previous";a:0:{}s:8:"\0*\0casts";a:1:{s:6:"status";s:7:"boolean";}s:17:"\0*\0classCastCache";a:0:{}s:21:"\0*\0attributeCastCache";a:0:{}s:13:"\0*\0dateFormat";N;s:10:"\0*\0appends";a:0:{}s:19:"\0*\0dispatchesEvents";a:0:{}s:14:"\0*\0observables";a:0:{}s:12:"\0*\0relations";a:0:{}s:10:"\0*\0touches";a:0:{}s:27:"\0*\0relationAutoloadCallback";N;s:26:"\0*\0relationAutoloadContext";N;s:10:"timestamps";b:1;s:13:"usesUniqueIds";b:0;s:9:"\0*\0hidden";a:0:{}s:10:"\0*\0visible";a:0:{}s:11:"\0*\0fillable";a:5:{i:0;s:13:"permission_id";i:1;s:13:"admin_menu_id";i:2;s:4:"name";i:3;s:5:"route";i:4;s:6:"status";}s:10:"\0*\0guarded";a:1:{i:0;s:1:"*";}}i:2;O:26:"App\\Models\\AdminMenuAction":33:{s:13:"\0*\0connection";s:5:"mysql";s:8:"\0*\0table";s:18:"admin_menu_actions";s:13:"\0*\0primaryKey";s:2:"id";s:10:"\0*\0keyType";s:3:"int";s:12:"incrementing";b:1;s:7:"\0*\0with";a:0:{}s:12:"\0*\0withCount";a:0:{}s:19:"preventsLazyLoading";b:0;s:10:"\0*\0perPage";i:15;s:6:"exists";b:1;s:18:"wasRecentlyCreated";b:0;s:28:"\0*\0escapeWhenCastingToString";b:0;s:13:"\0*\0attributes";a:8:{s:2:"id";i:91;s:13:"permission_id";i:127;s:13:"admin_menu_id";i:9;s:4:"name";s:4:"view";s:5:"route";s:28:"admin.invest-sattlement.show";s:6:"status";i:1;s:10:"created_at";s:19:"2025-06-23 10:19:48";s:10:"updated_at";s:19:"2025-06-23 10:19:48";}s:11:"\0*\0original";a:8:{s:2:"id";i:91;s:13:"permission_id";i:127;s:13:"admin_menu_id";i:9;s:4:"name";s:4:"view";s:5:"route";s:28:"admin.invest-sattlement.show";s:6:"status";i:1;s:10:"created_at";s:19:"2025-06-23 10:19:48";s:10:"updated_at";s:19:"2025-06-23 10:19:48";}s:10:"\0*\0changes";a:0:{}s:11:"\0*\0previous";a:0:{}s:8:"\0*\0casts";a:1:{s:6:"status";s:7:"boolean";}s:17:"\0*\0classCastCache";a:0:{}s:21:"\0*\0attributeCastCache";a:0:{}s:13:"\0*\0dateFormat";N;s:10:"\0*\0appends";a:0:{}s:19:"\0*\0dispatchesEvents";a:0:{}s:14:"\0*\0observables";a:0:{}s:12:"\0*\0relations";a:0:{}s:10:"\0*\0touches";a:0:{}s:27:"\0*\0relationAutoloadCallback";N;s:26:"\0*\0relationAutoloadContext";N;s:10:"timestamps";b:1;s:13:"usesUniqueIds";b:0;s:9:"\0*\0hidden";a:0:{}s:10:"\0*\0visible";a:0:{}s:11:"\0*\0fillable";a:5:{i:0;s:13:"permission_id";i:1;s:13:"admin_menu_id";i:2;s:4:"name";i:3;s:5:"route";i:4;s:6:"status";}s:10:"\0*\0guarded";a:1:{i:0;s:1:"*";}}i:3;O:26:"App\\Models\\AdminMenuAction":33:{s:13:"\0*\0connection";s:5:"mysql";s:8:"\0*\0table";s:18:"admin_menu_actions";s:13:"\0*\0primaryKey";s:2:"id";s:10:"\0*\0keyType";s:3:"int";s:12:"incrementing";b:1;s:7:"\0*\0with";a:0:{}s:12:"\0*\0withCount";a:0:{}s:19:"preventsLazyLoading";b:0;s:10:"\0*\0perPage";i:15;s:6:"exists";b:1;s:18:"wasRecentlyCreated";b:0;s:28:"\0*\0escapeWhenCastingToString";b:0;s:13:"\0*\0attributes";a:8:{s:2:"id";i:92;s:13:"permission_id";i:128;s:13:"admin_menu_id";i:9;s:4:"name";s:6:"delete";s:5:"route";s:31:"admin.invest-sattlement.destroy";s:6:"status";i:1;s:10:"created_at";s:19:"2025-06-23 10:19:56";s:10:"updated_at";s:19:"2025-06-23 10:19:56";}s:11:"\0*\0original";a:8:{s:2:"id";i:92;s:13:"permission_id";i:128;s:13:"admin_menu_id";i:9;s:4:"name";s:6:"delete";s:5:"route";s:31:"admin.invest-sattlement.destroy";s:6:"status";i:1;s:10:"created_at";s:19:"2025-06-23 10:19:56";s:10:"updated_at";s:19:"2025-06-23 10:19:56";}s:10:"\0*\0changes";a:0:{}s:11:"\0*\0previous";a:0:{}s:8:"\0*\0casts";a:1:{s:6:"status";s:7:"boolean";}s:17:"\0*\0classCastCache";a:0:{}s:21:"\0*\0attributeCastCache";a:0:{}s:13:"\0*\0dateFormat";N;s:10:"\0*\0appends";a:0:{}s:19:"\0*\0dispatchesEvents";a:0:{}s:14:"\0*\0observables";a:0:{}s:12:"\0*\0relations";a:0:{}s:10:"\0*\0touches";a:0:{}s:27:"\0*\0relationAutoloadCallback";N;s:26:"\0*\0relationAutoloadContext";N;s:10:"timestamps";b:1;s:13:"usesUniqueIds";b:0;s:9:"\0*\0hidden";a:0:{}s:10:"\0*\0visible";a:0:{}s:11:"\0*\0fillable";a:5:{i:0;s:13:"permission_id";i:1;s:13:"admin_menu_id";i:2;s:4:"name";i:3;s:5:"route";i:4;s:6:"status";}s:10:"\0*\0guarded";a:1:{i:0;s:1:"*";}}i:4;O:26:"App\\Models\\AdminMenuAction":33:{s:13:"\0*\0connection";s:5:"mysql";s:8:"\0*\0table";s:18:"admin_menu_actions";s:13:"\0*\0primaryKey";s:2:"id";s:10:"\0*\0keyType";s:3:"int";s:12:"incrementing";b:1;s:7:"\0*\0with";a:0:{}s:12:"\0*\0withCount";a:0:{}s:19:"preventsLazyLoading";b:0;s:10:"\0*\0perPage";i:15;s:6:"exists";b:1;s:18:"wasRecentlyCreated";b:0;s:28:"\0*\0escapeWhenCastingToString";b:0;s:13:"\0*\0attributes";a:8:{s:2:"id";i:93;s:13:"permission_id";i:129;s:13:"admin_menu_id";i:9;s:4:"name";s:5:"trash";s:5:"route";s:29:"admin.invest-sattlement.trash";s:6:"status";i:1;s:10:"created_at";s:19:"2025-06-23 10:20:01";s:10:"updated_at";s:19:"2025-06-23 10:20:01";}s:11:"\0*\0original";a:8:{s:2:"id";i:93;s:13:"permission_id";i:129;s:13:"admin_menu_id";i:9;s:4:"name";s:5:"trash";s:5:"route";s:29:"admin.invest-sattlement.trash";s:6:"status";i:1;s:10:"created_at";s:19:"2025-06-23 10:20:01";s:10:"updated_at";s:19:"2025-06-23 10:20:01";}s:10:"\0*\0changes";a:0:{}s:11:"\0*\0previous";a:0:{}s:8:"\0*\0casts";a:1:{s:6:"status";s:7:"boolean";}s:17:"\0*\0classCastCache";a:0:{}s:21:"\0*\0attributeCastCache";a:0:{}s:13:"\0*\0dateFormat";N;s:10:"\0*\0appends";a:0:{}s:19:"\0*\0dispatchesEvents";a:0:{}s:14:"\0*\0observables";a:0:{}s:12:"\0*\0relations";a:0:{}s:10:"\0*\0touches";a:0:{}s:27:"\0*\0relationAutoloadCallback";N;s:26:"\0*\0relationAutoloadContext";N;s:10:"timestamps";b:1;s:13:"usesUniqueIds";b:0;s:9:"\0*\0hidden";a:0:{}s:10:"\0*\0visible";a:0:{}s:11:"\0*\0fillable";a:5:{i:0;s:13:"permission_id";i:1;s:13:"admin_menu_id";i:2;s:4:"name";i:3;s:5:"route";i:4;s:6:"status";}s:10:"\0*\0guarded";a:1:{i:0;s:1:"*";}}}s:28:"\0*\0escapeWhenCastingToString";b:0;}}s:10:"\0*\0touches";a:0:{}s:27:"\0*\0relationAutoloadCallback";N;s:26:"\0*\0relationAutoloadContext";N;s:10:"timestamps";b:1;s:13:"usesUniqueIds";b:0;s:9:"\0*\0hidden";a:0:{}s:10:"\0*\0visible";a:0:{}s:11:"\0*\0fillable";a:8:{i:0;s:13:"permission_id";i:1;s:9:"parent_id";i:2;s:4:"name";i:3;s:5:"route";i:4;s:4:"icon";i:5;s:5:"order";i:6;s:6:"status";i:7;s:12:"is_deletable";}s:10:"\0*\0guarded";a:1:{i:0;s:1:"*";}}i:9;O:20:"App\\Models\\AdminMenu":33:{s:13:"\0*\0connection";s:5:"mysql";s:8:"\0*\0table";s:11:"admin_menus";s:13:"\0*\0primaryKey";s:2:"id";s:10:"\0*\0keyType";s:3:"int";s:12:"incrementing";b:1;s:7:"\0*\0with";a:0:{}s:12:"\0*\0withCount";a:0:{}s:19:"preventsLazyLoading";b:0;s:10:"\0*\0perPage";i:15;s:6:"exists";b:1;s:18:"wasRecentlyCreated";b:0;s:28:"\0*\0escapeWhenCastingToString";b:0;s:13:"\0*\0attributes";a:11:{s:2:"id";i:55;s:13:"permission_id";i:220;s:9:"parent_id";N;s:4:"name";s:18:"Investor Statement";s:5:"route";s:30:"admin.investor-statement.index";s:4:"icon";s:63:"<span class="material-symbols-outlined fs-24"> contract </span>";s:5:"order";i:10;s:6:"status";i:1;s:12:"is_deletable";i:1;s:10:"created_at";s:19:"2025-07-23 04:46:53";s:10:"updated_at";s:19:"2025-07-23 04:46:53";}s:11:"\0*\0original";a:11:{s:2:"id";i:55;s:13:"permission_id";i:220;s:9:"parent_id";N;s:4:"name";s:18:"Investor Statement";s:5:"route";s:30:"admin.investor-statement.index";s:4:"icon";s:63:"<span class="material-symbols-outlined fs-24"> contract </span>";s:5:"order";i:10;s:6:"status";i:1;s:12:"is_deletable";i:1;s:10:"created_at";s:19:"2025-07-23 04:46:53";s:10:"updated_at";s:19:"2025-07-23 04:46:53";}s:10:"\0*\0changes";a:0:{}s:11:"\0*\0previous";a:0:{}s:8:"\0*\0casts";a:2:{s:6:"status";s:7:"boolean";s:12:"is_deletable";s:7:"boolean";}s:17:"\0*\0classCastCache";a:0:{}s:21:"\0*\0attributeCastCache";a:0:{}s:13:"\0*\0dateFormat";N;s:10:"\0*\0appends";a:0:{}s:19:"\0*\0dispatchesEvents";a:0:{}s:14:"\0*\0observables";a:0:{}s:12:"\0*\0relations";a:2:{s:8:"children";O:39:"Illuminate\\Database\\Eloquent\\Collection":2:{s:8:"\0*\0items";a:0:{}s:28:"\0*\0escapeWhenCastingToString";b:0;}s:7:"actions";O:39:"Illuminate\\Database\\Eloquent\\Collection":2:{s:8:"\0*\0items";a:0:{}s:28:"\0*\0escapeWhenCastingToString";b:0;}}s:10:"\0*\0touches";a:0:{}s:27:"\0*\0relationAutoloadCallback";N;s:26:"\0*\0relationAutoloadContext";N;s:10:"timestamps";b:1;s:13:"usesUniqueIds";b:0;s:9:"\0*\0hidden";a:0:{}s:10:"\0*\0visible";a:0:{}s:11:"\0*\0fillable";a:8:{i:0;s:13:"permission_id";i:1;s:9:"parent_id";i:2;s:4:"name";i:3;s:5:"route";i:4;s:4:"icon";i:5;s:5:"order";i:6;s:6:"status";i:7;s:12:"is_deletable";}s:10:"\0*\0guarded";a:1:{i:0;s:1:"*";}}i:10;O:20:"App\\Models\\AdminMenu":33:{s:13:"\0*\0connection";s:5:"mysql";s:8:"\0*\0table";s:11:"admin_menus";s:13:"\0*\0primaryKey";s:2:"id";s:10:"\0*\0keyType";s:3:"int";s:12:"incrementing";b:1;s:7:"\0*\0with";a:0:{}s:12:"\0*\0withCount";a:0:{}s:19:"preventsLazyLoading";b:0;s:10:"\0*\0perPage";i:15;s:6:"exists";b:1;s:18:"wasRecentlyCreated";b:0;s:28:"\0*\0escapeWhenCastingToString";b:0;s:13:"\0*\0attributes";a:11:{s:2:"id";i:10;s:13:"permission_id";i:37;s:9:"parent_id";N;s:4:"name";s:18:"General Accounting";s:5:"route";N;s:4:"icon";s:64:"<span class="material-symbols-outlined fs-24"> calculate </span>";s:5:"order";i:11;s:6:"status";i:1;s:12:"is_deletable";i:1;s:10:"created_at";s:19:"2025-06-17 11:42:20";s:10:"updated_at";s:19:"2025-07-03 09:56:00";}s:11:"\0*\0original";a:11:{s:2:"id";i:10;s:13:"permission_id";i:37;s:9:"parent_id";N;s:4:"name";s:18:"General Accounting";s:5:"route";N;s:4:"icon";s:64:"<span class="material-symbols-outlined fs-24"> calculate </span>";s:5:"order";i:11;s:6:"status";i:1;s:12:"is_deletable";i:1;s:10:"created_at";s:19:"2025-06-17 11:42:20";s:10:"updated_at";s:19:"2025-07-03 09:56:00";}s:10:"\0*\0changes";a:0:{}s:11:"\0*\0previous";a:0:{}s:8:"\0*\0casts";a:2:{s:6:"status";s:7:"boolean";s:12:"is_deletable";s:7:"boolean";}s:17:"\0*\0classCastCache";a:0:{}s:21:"\0*\0attributeCastCache";a:0:{}s:13:"\0*\0dateFormat";N;s:10:"\0*\0appends";a:0:{}s:19:"\0*\0dispatchesEvents";a:0:{}s:14:"\0*\0observables";a:0:{}s:12:"\0*\0relations";a:2:{s:8:"children";O:39:"Illuminate\\Database\\Eloquent\\Collection":2:{s:8:"\0*\0items";a:2:{i:0;O:20:"App\\Models\\AdminMenu":33:{s:13:"\0*\0connection";s:5:"mysql";s:8:"\0*\0table";s:11:"admin_menus";s:13:"\0*\0primaryKey";s:2:"id";s:10:"\0*\0keyType";s:3:"int";s:12:"incrementing";b:1;s:7:"\0*\0with";a:0:{}s:12:"\0*\0withCount";a:0:{}s:19:"preventsLazyLoading";b:0;s:10:"\0*\0perPage";i:15;s:6:"exists";b:1;s:18:"wasRecentlyCreated";b:0;s:28:"\0*\0escapeWhenCastingToString";b:0;s:13:"\0*\0attributes";a:11:{s:2:"id";i:11;s:13:"permission_id";i:38;s:9:"parent_id";i:10;s:4:"name";s:11:"Transaction";s:5:"route";N;s:4:"icon";N;s:5:"order";i:1;s:6:"status";i:1;s:12:"is_deletable";i:1;s:10:"created_at";s:19:"2025-06-17 11:42:51";s:10:"updated_at";s:19:"2025-06-17 11:42:51";}s:11:"\0*\0original";a:11:{s:2:"id";i:11;s:13:"permission_id";i:38;s:9:"parent_id";i:10;s:4:"name";s:11:"Transaction";s:5:"route";N;s:4:"icon";N;s:5:"order";i:1;s:6:"status";i:1;s:12:"is_deletable";i:1;s:10:"created_at";s:19:"2025-06-17 11:42:51";s:10:"updated_at";s:19:"2025-06-17 11:42:51";}s:10:"\0*\0changes";a:0:{}s:11:"\0*\0previous";a:0:{}s:8:"\0*\0casts";a:2:{s:6:"status";s:7:"boolean";s:12:"is_deletable";s:7:"boolean";}s:17:"\0*\0classCastCache";a:0:{}s:21:"\0*\0attributeCastCache";a:0:{}s:13:"\0*\0dateFormat";N;s:10:"\0*\0appends";a:0:{}s:19:"\0*\0dispatchesEvents";a:0:{}s:14:"\0*\0observables";a:0:{}s:12:"\0*\0relations";a:0:{}s:10:"\0*\0touches";a:0:{}s:27:"\0*\0relationAutoloadCallback";N;s:26:"\0*\0relationAutoloadContext";N;s:10:"timestamps";b:1;s:13:"usesUniqueIds";b:0;s:9:"\0*\0hidden";a:0:{}s:10:"\0*\0visible";a:0:{}s:11:"\0*\0fillable";a:8:{i:0;s:13:"permission_id";i:1;s:9:"parent_id";i:2;s:4:"name";i:3;s:5:"route";i:4;s:4:"icon";i:5;s:5:"order";i:6;s:6:"status";i:7;s:12:"is_deletable";}s:10:"\0*\0guarded";a:1:{i:0;s:1:"*";}}i:1;O:20:"App\\Models\\AdminMenu":33:{s:13:"\0*\0connection";s:5:"mysql";s:8:"\0*\0table";s:11:"admin_menus";s:13:"\0*\0primaryKey";s:2:"id";s:10:"\0*\0keyType";s:3:"int";s:12:"incrementing";b:1;s:7:"\0*\0with";a:0:{}s:12:"\0*\0withCount";a:0:{}s:19:"preventsLazyLoading";b:0;s:10:"\0*\0perPage";i:15;s:6:"exists";b:1;s:18:"wasRecentlyCreated";b:0;s:28:"\0*\0escapeWhenCastingToString";b:0;s:13:"\0*\0attributes";a:11:{s:2:"id";i:12;s:13:"permission_id";i:39;s:9:"parent_id";i:10;s:4:"name";s:7:"Reports";s:5:"route";N;s:4:"icon";N;s:5:"order";i:2;s:6:"status";i:1;s:12:"is_deletable";i:1;s:10:"created_at";s:19:"2025-06-17 11:43:04";s:10:"updated_at";s:19:"2025-06-17 11:43:04";}s:11:"\0*\0original";a:11:{s:2:"id";i:12;s:13:"permission_id";i:39;s:9:"parent_id";i:10;s:4:"name";s:7:"Reports";s:5:"route";N;s:4:"icon";N;s:5:"order";i:2;s:6:"status";i:1;s:12:"is_deletable";i:1;s:10:"created_at";s:19:"2025-06-17 11:43:04";s:10:"updated_at";s:19:"2025-06-17 11:43:04";}s:10:"\0*\0changes";a:0:{}s:11:"\0*\0previous";a:0:{}s:8:"\0*\0casts";a:2:{s:6:"status";s:7:"boolean";s:12:"is_deletable";s:7:"boolean";}s:17:"\0*\0classCastCache";a:0:{}s:21:"\0*\0attributeCastCache";a:0:{}s:13:"\0*\0dateFormat";N;s:10:"\0*\0appends";a:0:{}s:19:"\0*\0dispatchesEvents";a:0:{}s:14:"\0*\0observables";a:0:{}s:12:"\0*\0relations";a:0:{}s:10:"\0*\0touches";a:0:{}s:27:"\0*\0relationAutoloadCallback";N;s:26:"\0*\0relationAutoloadContext";N;s:10:"timestamps";b:1;s:13:"usesUniqueIds";b:0;s:9:"\0*\0hidden";a:0:{}s:10:"\0*\0visible";a:0:{}s:11:"\0*\0fillable";a:8:{i:0;s:13:"permission_id";i:1;s:9:"parent_id";i:2;s:4:"name";i:3;s:5:"route";i:4;s:4:"icon";i:5;s:5:"order";i:6;s:6:"status";i:7;s:12:"is_deletable";}s:10:"\0*\0guarded";a:1:{i:0;s:1:"*";}}}s:28:"\0*\0escapeWhenCastingToString";b:0;}s:7:"actions";O:39:"Illuminate\\Database\\Eloquent\\Collection":2:{s:8:"\0*\0items";a:0:{}s:28:"\0*\0escapeWhenCastingToString";b:0;}}s:10:"\0*\0touches";a:0:{}s:27:"\0*\0relationAutoloadCallback";N;s:26:"\0*\0relationAutoloadContext";N;s:10:"timestamps";b:1;s:13:"usesUniqueIds";b:0;s:9:"\0*\0hidden";a:0:{}s:10:"\0*\0visible";a:0:{}s:11:"\0*\0fillable";a:8:{i:0;s:13:"permission_id";i:1;s:9:"parent_id";i:2;s:4:"name";i:3;s:5:"route";i:4;s:4:"icon";i:5;s:5:"order";i:6;s:6:"status";i:7;s:12:"is_deletable";}s:10:"\0*\0guarded";a:1:{i:0;s:1:"*";}}i:11;O:20:"App\\Models\\AdminMenu":33:{s:13:"\0*\0connection";s:5:"mysql";s:8:"\0*\0table";s:11:"admin_menus";s:13:"\0*\0primaryKey";s:2:"id";s:10:"\0*\0keyType";s:3:"int";s:12:"incrementing";b:1;s:7:"\0*\0with";a:0:{}s:12:"\0*\0withCount";a:0:{}s:19:"preventsLazyLoading";b:0;s:10:"\0*\0perPage";i:15;s:6:"exists";b:1;s:18:"wasRecentlyCreated";b:0;s:28:"\0*\0escapeWhenCastingToString";b:0;s:13:"\0*\0attributes";a:11:{s:2:"id";i:57;s:13:"permission_id";i:230;s:9:"parent_id";N;s:4:"name";s:16:"Rooms Management";s:5:"route";N;s:4:"icon";s:56:"<span class="material-symbols-outlined fs-22">bed</span>";s:5:"order";i:12;s:6:"status";i:1;s:12:"is_deletable";i:1;s:10:"created_at";s:19:"2026-02-09 07:27:40";s:10:"updated_at";s:19:"2026-02-09 07:37:25";}s:11:"\0*\0original";a:11:{s:2:"id";i:57;s:13:"permission_id";i:230;s:9:"parent_id";N;s:4:"name";s:16:"Rooms Management";s:5:"route";N;s:4:"icon";s:56:"<span class="material-symbols-outlined fs-22">bed</span>";s:5:"order";i:12;s:6:"status";i:1;s:12:"is_deletable";i:1;s:10:"created_at";s:19:"2026-02-09 07:27:40";s:10:"updated_at";s:19:"2026-02-09 07:37:25";}s:10:"\0*\0changes";a:0:{}s:11:"\0*\0previous";a:0:{}s:8:"\0*\0casts";a:2:{s:6:"status";s:7:"boolean";s:12:"is_deletable";s:7:"boolean";}s:17:"\0*\0classCastCache";a:0:{}s:21:"\0*\0attributeCastCache";a:0:{}s:13:"\0*\0dateFormat";N;s:10:"\0*\0appends";a:0:{}s:19:"\0*\0dispatchesEvents";a:0:{}s:14:"\0*\0observables";a:0:{}s:12:"\0*\0relations";a:2:{s:8:"children";O:39:"Illuminate\\Database\\Eloquent\\Collection":2:{s:8:"\0*\0items";a:1:{i:0;O:20:"App\\Models\\AdminMenu":33:{s:13:"\0*\0connection";s:5:"mysql";s:8:"\0*\0table";s:11:"admin_menus";s:13:"\0*\0primaryKey";s:2:"id";s:10:"\0*\0keyType";s:3:"int";s:12:"incrementing";b:1;s:7:"\0*\0with";a:0:{}s:12:"\0*\0withCount";a:0:{}s:19:"preventsLazyLoading";b:0;s:10:"\0*\0perPage";i:15;s:6:"exists";b:1;s:18:"wasRecentlyCreated";b:0;s:28:"\0*\0escapeWhenCastingToString";b:0;s:13:"\0*\0attributes";a:11:{s:2:"id";i:58;s:13:"permission_id";i:231;s:9:"parent_id";i:57;s:4:"name";s:11:"Room Manage";s:5:"route";s:11:"admin.rooms";s:4:"icon";N;s:5:"order";i:1;s:6:"status";i:1;s:12:"is_deletable";i:1;s:10:"created_at";s:19:"2026-02-09 07:29:44";s:10:"updated_at";s:19:"2026-02-09 07:29:44";}s:11:"\0*\0original";a:11:{s:2:"id";i:58;s:13:"permission_id";i:231;s:9:"parent_id";i:57;s:4:"name";s:11:"Room Manage";s:5:"route";s:11:"admin.rooms";s:4:"icon";N;s:5:"order";i:1;s:6:"status";i:1;s:12:"is_deletable";i:1;s:10:"created_at";s:19:"2026-02-09 07:29:44";s:10:"updated_at";s:19:"2026-02-09 07:29:44";}s:10:"\0*\0changes";a:0:{}s:11:"\0*\0previous";a:0:{}s:8:"\0*\0casts";a:2:{s:6:"status";s:7:"boolean";s:12:"is_deletable";s:7:"boolean";}s:17:"\0*\0classCastCache";a:0:{}s:21:"\0*\0attributeCastCache";a:0:{}s:13:"\0*\0dateFormat";N;s:10:"\0*\0appends";a:0:{}s:19:"\0*\0dispatchesEvents";a:0:{}s:14:"\0*\0observables";a:0:{}s:12:"\0*\0relations";a:0:{}s:10:"\0*\0touches";a:0:{}s:27:"\0*\0relationAutoloadCallback";N;s:26:"\0*\0relationAutoloadContext";N;s:10:"timestamps";b:1;s:13:"usesUniqueIds";b:0;s:9:"\0*\0hidden";a:0:{}s:10:"\0*\0visible";a:0:{}s:11:"\0*\0fillable";a:8:{i:0;s:13:"permission_id";i:1;s:9:"parent_id";i:2;s:4:"name";i:3;s:5:"route";i:4;s:4:"icon";i:5;s:5:"order";i:6;s:6:"status";i:7;s:12:"is_deletable";}s:10:"\0*\0guarded";a:1:{i:0;s:1:"*";}}}s:28:"\0*\0escapeWhenCastingToString";b:0;}s:7:"actions";O:39:"Illuminate\\Database\\Eloquent\\Collection":2:{s:8:"\0*\0items";a:0:{}s:28:"\0*\0escapeWhenCastingToString";b:0;}}s:10:"\0*\0touches";a:0:{}s:27:"\0*\0relationAutoloadCallback";N;s:26:"\0*\0relationAutoloadContext";N;s:10:"timestamps";b:1;s:13:"usesUniqueIds";b:0;s:9:"\0*\0hidden";a:0:{}s:10:"\0*\0visible";a:0:{}s:11:"\0*\0fillable";a:8:{i:0;s:13:"permission_id";i:1;s:9:"parent_id";i:2;s:4:"name";i:3;s:5:"route";i:4;s:4:"icon";i:5;s:5:"order";i:6;s:6:"status";i:7;s:12:"is_deletable";}s:10:"\0*\0guarded";a:1:{i:0;s:1:"*";}}i:12;O:20:"App\\Models\\AdminMenu":33:{s:13:"\0*\0connection";s:5:"mysql";s:8:"\0*\0table";s:11:"admin_menus";s:13:"\0*\0primaryKey";s:2:"id";s:10:"\0*\0keyType";s:3:"int";s:12:"incrementing";b:1;s:7:"\0*\0with";a:0:{}s:12:"\0*\0withCount";a:0:{}s:19:"preventsLazyLoading";b:0;s:10:"\0*\0perPage";i:15;s:6:"exists";b:1;s:18:"wasRecentlyCreated";b:0;s:28:"\0*\0escapeWhenCastingToString";b:0;s:13:"\0*\0attributes";a:11:{s:2:"id";i:59;s:13:"permission_id";i:232;s:9:"parent_id";N;s:4:"name";s:20:"Room Type Management";s:5:"route";N;s:4:"icon";s:61:"<span class="material-symbols-outlined fs-22">category</span>";s:5:"order";i:12;s:6:"status";i:1;s:12:"is_deletable";i:1;s:10:"created_at";s:19:"2026-02-09 07:39:17";s:10:"updated_at";s:19:"2026-02-09 07:39:17";}s:11:"\0*\0original";a:11:{s:2:"id";i:59;s:13:"permission_id";i:232;s:9:"parent_id";N;s:4:"name";s:20:"Room Type Management";s:5:"route";N;s:4:"icon";s:61:"<span class="material-symbols-outlined fs-22">category</span>";s:5:"order";i:12;s:6:"status";i:1;s:12:"is_deletable";i:1;s:10:"created_at";s:19:"2026-02-09 07:39:17";s:10:"updated_at";s:19:"2026-02-09 07:39:17";}s:10:"\0*\0changes";a:0:{}s:11:"\0*\0previous";a:0:{}s:8:"\0*\0casts";a:2:{s:6:"status";s:7:"boolean";s:12:"is_deletable";s:7:"boolean";}s:17:"\0*\0classCastCache";a:0:{}s:21:"\0*\0attributeCastCache";a:0:{}s:13:"\0*\0dateFormat";N;s:10:"\0*\0appends";a:0:{}s:19:"\0*\0dispatchesEvents";a:0:{}s:14:"\0*\0observables";a:0:{}s:12:"\0*\0relations";a:2:{s:8:"children";O:39:"Illuminate\\Database\\Eloquent\\Collection":2:{s:8:"\0*\0items";a:1:{i:0;O:20:"App\\Models\\AdminMenu":33:{s:13:"\0*\0connection";s:5:"mysql";s:8:"\0*\0table";s:11:"admin_menus";s:13:"\0*\0primaryKey";s:2:"id";s:10:"\0*\0keyType";s:3:"int";s:12:"incrementing";b:1;s:7:"\0*\0with";a:0:{}s:12:"\0*\0withCount";a:0:{}s:19:"preventsLazyLoading";b:0;s:10:"\0*\0perPage";i:15;s:6:"exists";b:1;s:18:"wasRecentlyCreated";b:0;s:28:"\0*\0escapeWhenCastingToString";b:0;s:13:"\0*\0attributes";a:11:{s:2:"id";i:60;s:13:"permission_id";i:233;s:9:"parent_id";i:59;s:4:"name";s:9:"Room Type";s:5:"route";s:22:"admin.categories.index";s:4:"icon";N;s:5:"order";i:12;s:6:"status";i:1;s:12:"is_deletable";i:1;s:10:"created_at";s:19:"2026-02-09 07:41:19";s:10:"updated_at";s:19:"2026-02-09 07:41:59";}s:11:"\0*\0original";a:11:{s:2:"id";i:60;s:13:"permission_id";i:233;s:9:"parent_id";i:59;s:4:"name";s:9:"Room Type";s:5:"route";s:22:"admin.categories.index";s:4:"icon";N;s:5:"order";i:12;s:6:"status";i:1;s:12:"is_deletable";i:1;s:10:"created_at";s:19:"2026-02-09 07:41:19";s:10:"updated_at";s:19:"2026-02-09 07:41:59";}s:10:"\0*\0changes";a:0:{}s:11:"\0*\0previous";a:0:{}s:8:"\0*\0casts";a:2:{s:6:"status";s:7:"boolean";s:12:"is_deletable";s:7:"boolean";}s:17:"\0*\0classCastCache";a:0:{}s:21:"\0*\0attributeCastCache";a:0:{}s:13:"\0*\0dateFormat";N;s:10:"\0*\0appends";a:0:{}s:19:"\0*\0dispatchesEvents";a:0:{}s:14:"\0*\0observables";a:0:{}s:12:"\0*\0relations";a:0:{}s:10:"\0*\0touches";a:0:{}s:27:"\0*\0relationAutoloadCallback";N;s:26:"\0*\0relationAutoloadContext";N;s:10:"timestamps";b:1;s:13:"usesUniqueIds";b:0;s:9:"\0*\0hidden";a:0:{}s:10:"\0*\0visible";a:0:{}s:11:"\0*\0fillable";a:8:{i:0;s:13:"permission_id";i:1;s:9:"parent_id";i:2;s:4:"name";i:3;s:5:"route";i:4;s:4:"icon";i:5;s:5:"order";i:6;s:6:"status";i:7;s:12:"is_deletable";}s:10:"\0*\0guarded";a:1:{i:0;s:1:"*";}}}s:28:"\0*\0escapeWhenCastingToString";b:0;}s:7:"actions";O:39:"Illuminate\\Database\\Eloquent\\Collection":2:{s:8:"\0*\0items";a:0:{}s:28:"\0*\0escapeWhenCastingToString";b:0;}}s:10:"\0*\0touches";a:0:{}s:27:"\0*\0relationAutoloadCallback";N;s:26:"\0*\0relationAutoloadContext";N;s:10:"timestamps";b:1;s:13:"usesUniqueIds";b:0;s:9:"\0*\0hidden";a:0:{}s:10:"\0*\0visible";a:0:{}s:11:"\0*\0fillable";a:8:{i:0;s:13:"permission_id";i:1;s:9:"parent_id";i:2;s:4:"name";i:3;s:5:"route";i:4;s:4:"icon";i:5;s:5:"order";i:6;s:6:"status";i:7;s:12:"is_deletable";}s:10:"\0*\0guarded";a:1:{i:0;s:1:"*";}}i:13;O:20:"App\\Models\\AdminMenu":33:{s:13:"\0*\0connection";s:5:"mysql";s:8:"\0*\0table";s:11:"admin_menus";s:13:"\0*\0primaryKey";s:2:"id";s:10:"\0*\0keyType";s:3:"int";s:12:"incrementing";b:1;s:7:"\0*\0with";a:0:{}s:12:"\0*\0withCount";a:0:{}s:19:"preventsLazyLoading";b:0;s:10:"\0*\0perPage";i:15;s:6:"exists";b:1;s:18:"wasRecentlyCreated";b:0;s:28:"\0*\0escapeWhenCastingToString";b:0;s:13:"\0*\0attributes";a:11:{s:2:"id";i:61;s:13:"permission_id";i:234;s:9:"parent_id";N;s:4:"name";s:18:"Booking Management";s:5:"route";N;s:4:"icon";s:82:"<span class="material-symbols-outlined fs-22 text-primary">     event_note </span>";s:5:"order";i:13;s:6:"status";i:1;s:12:"is_deletable";i:1;s:10:"created_at";s:19:"2026-02-09 11:31:56";s:10:"updated_at";s:19:"2026-02-09 11:31:56";}s:11:"\0*\0original";a:11:{s:2:"id";i:61;s:13:"permission_id";i:234;s:9:"parent_id";N;s:4:"name";s:18:"Booking Management";s:5:"route";N;s:4:"icon";s:82:"<span class="material-symbols-outlined fs-22 text-primary">     event_note </span>";s:5:"order";i:13;s:6:"status";i:1;s:12:"is_deletable";i:1;s:10:"created_at";s:19:"2026-02-09 11:31:56";s:10:"updated_at";s:19:"2026-02-09 11:31:56";}s:10:"\0*\0changes";a:0:{}s:11:"\0*\0previous";a:0:{}s:8:"\0*\0casts";a:2:{s:6:"status";s:7:"boolean";s:12:"is_deletable";s:7:"boolean";}s:17:"\0*\0classCastCache";a:0:{}s:21:"\0*\0attributeCastCache";a:0:{}s:13:"\0*\0dateFormat";N;s:10:"\0*\0appends";a:0:{}s:19:"\0*\0dispatchesEvents";a:0:{}s:14:"\0*\0observables";a:0:{}s:12:"\0*\0relations";a:2:{s:8:"children";O:39:"Illuminate\\Database\\Eloquent\\Collection":2:{s:8:"\0*\0items";a:1:{i:0;O:20:"App\\Models\\AdminMenu":33:{s:13:"\0*\0connection";s:5:"mysql";s:8:"\0*\0table";s:11:"admin_menus";s:13:"\0*\0primaryKey";s:2:"id";s:10:"\0*\0keyType";s:3:"int";s:12:"incrementing";b:1;s:7:"\0*\0with";a:0:{}s:12:"\0*\0withCount";a:0:{}s:19:"preventsLazyLoading";b:0;s:10:"\0*\0perPage";i:15;s:6:"exists";b:1;s:18:"wasRecentlyCreated";b:0;s:28:"\0*\0escapeWhenCastingToString";b:0;s:13:"\0*\0attributes";a:11:{s:2:"id";i:62;s:13:"permission_id";i:235;s:9:"parent_id";i:61;s:4:"name";s:14:"Booking Manage";s:5:"route";s:20:"admin.bookings.index";s:4:"icon";N;s:5:"order";i:1;s:6:"status";i:1;s:12:"is_deletable";i:1;s:10:"created_at";s:19:"2026-02-09 11:33:01";s:10:"updated_at";s:19:"2026-02-09 11:33:01";}s:11:"\0*\0original";a:11:{s:2:"id";i:62;s:13:"permission_id";i:235;s:9:"parent_id";i:61;s:4:"name";s:14:"Booking Manage";s:5:"route";s:20:"admin.bookings.index";s:4:"icon";N;s:5:"order";i:1;s:6:"status";i:1;s:12:"is_deletable";i:1;s:10:"created_at";s:19:"2026-02-09 11:33:01";s:10:"updated_at";s:19:"2026-02-09 11:33:01";}s:10:"\0*\0changes";a:0:{}s:11:"\0*\0previous";a:0:{}s:8:"\0*\0casts";a:2:{s:6:"status";s:7:"boolean";s:12:"is_deletable";s:7:"boolean";}s:17:"\0*\0classCastCache";a:0:{}s:21:"\0*\0attributeCastCache";a:0:{}s:13:"\0*\0dateFormat";N;s:10:"\0*\0appends";a:0:{}s:19:"\0*\0dispatchesEvents";a:0:{}s:14:"\0*\0observables";a:0:{}s:12:"\0*\0relations";a:0:{}s:10:"\0*\0touches";a:0:{}s:27:"\0*\0relationAutoloadCallback";N;s:26:"\0*\0relationAutoloadContext";N;s:10:"timestamps";b:1;s:13:"usesUniqueIds";b:0;s:9:"\0*\0hidden";a:0:{}s:10:"\0*\0visible";a:0:{}s:11:"\0*\0fillable";a:8:{i:0;s:13:"permission_id";i:1;s:9:"parent_id";i:2;s:4:"name";i:3;s:5:"route";i:4;s:4:"icon";i:5;s:5:"order";i:6;s:6:"status";i:7;s:12:"is_deletable";}s:10:"\0*\0guarded";a:1:{i:0;s:1:"*";}}}s:28:"\0*\0escapeWhenCastingToString";b:0;}s:7:"actions";O:39:"Illuminate\\Database\\Eloquent\\Collection":2:{s:8:"\0*\0items";a:0:{}s:28:"\0*\0escapeWhenCastingToString";b:0;}}s:10:"\0*\0touches";a:0:{}s:27:"\0*\0relationAutoloadCallback";N;s:26:"\0*\0relationAutoloadContext";N;s:10:"timestamps";b:1;s:13:"usesUniqueIds";b:0;s:9:"\0*\0hidden";a:0:{}s:10:"\0*\0visible";a:0:{}s:11:"\0*\0fillable";a:8:{i:0;s:13:"permission_id";i:1;s:9:"parent_id";i:2;s:4:"name";i:3;s:5:"route";i:4;s:4:"icon";i:5;s:5:"order";i:6;s:6:"status";i:7;s:12:"is_deletable";}s:10:"\0*\0guarded";a:1:{i:0;s:1:"*";}}i:14;O:20:"App\\Models\\AdminMenu":33:{s:13:"\0*\0connection";s:5:"mysql";s:8:"\0*\0table";s:11:"admin_menus";s:13:"\0*\0primaryKey";s:2:"id";s:10:"\0*\0keyType";s:3:"int";s:12:"incrementing";b:1;s:7:"\0*\0with";a:0:{}s:12:"\0*\0withCount";a:0:{}s:19:"preventsLazyLoading";b:0;s:10:"\0*\0perPage";i:15;s:6:"exists";b:1;s:18:"wasRecentlyCreated";b:0;s:28:"\0*\0escapeWhenCastingToString";b:0;s:13:"\0*\0attributes";a:11:{s:2:"id";i:63;s:13:"permission_id";i:236;s:9:"parent_id";N;s:4:"name";s:20:"Services/Page Manage";s:5:"route";s:20:"admin.services.index";s:4:"icon";s:67:"<span class="material-symbols-outlined fs-22"> room_service </span>";s:5:"order";i:14;s:6:"status";i:1;s:12:"is_deletable";i:1;s:10:"created_at";s:19:"2026-02-10 04:13:18";s:10:"updated_at";s:19:"2026-02-15 04:58:10";}s:11:"\0*\0original";a:11:{s:2:"id";i:63;s:13:"permission_id";i:236;s:9:"parent_id";N;s:4:"name";s:20:"Services/Page Manage";s:5:"route";s:20:"admin.services.index";s:4:"icon";s:67:"<span class="material-symbols-outlined fs-22"> room_service </span>";s:5:"order";i:14;s:6:"status";i:1;s:12:"is_deletable";i:1;s:10:"created_at";s:19:"2026-02-10 04:13:18";s:10:"updated_at";s:19:"2026-02-15 04:58:10";}s:10:"\0*\0changes";a:0:{}s:11:"\0*\0previous";a:0:{}s:8:"\0*\0casts";a:2:{s:6:"status";s:7:"boolean";s:12:"is_deletable";s:7:"boolean";}s:17:"\0*\0classCastCache";a:0:{}s:21:"\0*\0attributeCastCache";a:0:{}s:13:"\0*\0dateFormat";N;s:10:"\0*\0appends";a:0:{}s:19:"\0*\0dispatchesEvents";a:0:{}s:14:"\0*\0observables";a:0:{}s:12:"\0*\0relations";a:2:{s:8:"children";O:39:"Illuminate\\Database\\Eloquent\\Collection":2:{s:8:"\0*\0items";a:0:{}s:28:"\0*\0escapeWhenCastingToString";b:0;}s:7:"actions";O:39:"Illuminate\\Database\\Eloquent\\Collection":2:{s:8:"\0*\0items";a:0:{}s:28:"\0*\0escapeWhenCastingToString";b:0;}}s:10:"\0*\0touches";a:0:{}s:27:"\0*\0relationAutoloadCallback";N;s:26:"\0*\0relationAutoloadContext";N;s:10:"timestamps";b:1;s:13:"usesUniqueIds";b:0;s:9:"\0*\0hidden";a:0:{}s:10:"\0*\0visible";a:0:{}s:11:"\0*\0fillable";a:8:{i:0;s:13:"permission_id";i:1;s:9:"parent_id";i:2;s:4:"name";i:3;s:5:"route";i:4;s:4:"icon";i:5;s:5:"order";i:6;s:6:"status";i:7;s:12:"is_deletable";}s:10:"\0*\0guarded";a:1:{i:0;s:1:"*";}}i:15;O:20:"App\\Models\\AdminMenu":33:{s:13:"\0*\0connection";s:5:"mysql";s:8:"\0*\0table";s:11:"admin_menus";s:13:"\0*\0primaryKey";s:2:"id";s:10:"\0*\0keyType";s:3:"int";s:12:"incrementing";b:1;s:7:"\0*\0with";a:0:{}s:12:"\0*\0withCount";a:0:{}s:19:"preventsLazyLoading";b:0;s:10:"\0*\0perPage";i:15;s:6:"exists";b:1;s:18:"wasRecentlyCreated";b:0;s:28:"\0*\0escapeWhenCastingToString";b:0;s:13:"\0*\0attributes";a:11:{s:2:"id";i:64;s:13:"permission_id";i:237;s:9:"parent_id";N;s:4:"name";s:14:"Gallery Manage";s:5:"route";N;s:4:"icon";s:68:"<span class="material-symbols-outlined fs-22"> photo_library </span>";s:5:"order";i:15;s:6:"status";i:1;s:12:"is_deletable";i:1;s:10:"created_at";s:19:"2026-02-10 04:14:03";s:10:"updated_at";s:19:"2026-02-10 04:14:03";}s:11:"\0*\0original";a:11:{s:2:"id";i:64;s:13:"permission_id";i:237;s:9:"parent_id";N;s:4:"name";s:14:"Gallery Manage";s:5:"route";N;s:4:"icon";s:68:"<span class="material-symbols-outlined fs-22"> photo_library </span>";s:5:"order";i:15;s:6:"status";i:1;s:12:"is_deletable";i:1;s:10:"created_at";s:19:"2026-02-10 04:14:03";s:10:"updated_at";s:19:"2026-02-10 04:14:03";}s:10:"\0*\0changes";a:0:{}s:11:"\0*\0previous";a:0:{}s:8:"\0*\0casts";a:2:{s:6:"status";s:7:"boolean";s:12:"is_deletable";s:7:"boolean";}s:17:"\0*\0classCastCache";a:0:{}s:21:"\0*\0attributeCastCache";a:0:{}s:13:"\0*\0dateFormat";N;s:10:"\0*\0appends";a:0:{}s:19:"\0*\0dispatchesEvents";a:0:{}s:14:"\0*\0observables";a:0:{}s:12:"\0*\0relations";a:2:{s:8:"children";O:39:"Illuminate\\Database\\Eloquent\\Collection":2:{s:8:"\0*\0items";a:0:{}s:28:"\0*\0escapeWhenCastingToString";b:0;}s:7:"actions";O:39:"Illuminate\\Database\\Eloquent\\Collection":2:{s:8:"\0*\0items";a:0:{}s:28:"\0*\0escapeWhenCastingToString";b:0;}}s:10:"\0*\0touches";a:0:{}s:27:"\0*\0relationAutoloadCallback";N;s:26:"\0*\0relationAutoloadContext";N;s:10:"timestamps";b:1;s:13:"usesUniqueIds";b:0;s:9:"\0*\0hidden";a:0:{}s:10:"\0*\0visible";a:0:{}s:11:"\0*\0fillable";a:8:{i:0;s:13:"permission_id";i:1;s:9:"parent_id";i:2;s:4:"name";i:3;s:5:"route";i:4;s:4:"icon";i:5;s:5:"order";i:6;s:6:"status";i:7;s:12:"is_deletable";}s:10:"\0*\0guarded";a:1:{i:0;s:1:"*";}}i:16;O:20:"App\\Models\\AdminMenu":33:{s:13:"\0*\0connection";s:5:"mysql";s:8:"\0*\0table";s:11:"admin_menus";s:13:"\0*\0primaryKey";s:2:"id";s:10:"\0*\0keyType";s:3:"int";s:12:"incrementing";b:1;s:7:"\0*\0with";a:0:{}s:12:"\0*\0withCount";a:0:{}s:19:"preventsLazyLoading";b:0;s:10:"\0*\0perPage";i:15;s:6:"exists";b:1;s:18:"wasRecentlyCreated";b:0;s:28:"\0*\0escapeWhenCastingToString";b:0;s:13:"\0*\0attributes";a:11:{s:2:"id";i:65;s:13:"permission_id";i:238;s:9:"parent_id";N;s:4:"name";s:18:"Testimonial Manage";s:5:"route";N;s:4:"icon";s:62:"<span class="material-symbols-outlined fs-22"> reviews </span>";s:5:"order";i:16;s:6:"status";i:1;s:12:"is_deletable";i:1;s:10:"created_at";s:19:"2026-02-10 04:14:36";s:10:"updated_at";s:19:"2026-02-10 04:14:36";}s:11:"\0*\0original";a:11:{s:2:"id";i:65;s:13:"permission_id";i:238;s:9:"parent_id";N;s:4:"name";s:18:"Testimonial Manage";s:5:"route";N;s:4:"icon";s:62:"<span class="material-symbols-outlined fs-22"> reviews </span>";s:5:"order";i:16;s:6:"status";i:1;s:12:"is_deletable";i:1;s:10:"created_at";s:19:"2026-02-10 04:14:36";s:10:"updated_at";s:19:"2026-02-10 04:14:36";}s:10:"\0*\0changes";a:0:{}s:11:"\0*\0previous";a:0:{}s:8:"\0*\0casts";a:2:{s:6:"status";s:7:"boolean";s:12:"is_deletable";s:7:"boolean";}s:17:"\0*\0classCastCache";a:0:{}s:21:"\0*\0attributeCastCache";a:0:{}s:13:"\0*\0dateFormat";N;s:10:"\0*\0appends";a:0:{}s:19:"\0*\0dispatchesEvents";a:0:{}s:14:"\0*\0observables";a:0:{}s:12:"\0*\0relations";a:2:{s:8:"children";O:39:"Illuminate\\Database\\Eloquent\\Collection":2:{s:8:"\0*\0items";a:0:{}s:28:"\0*\0escapeWhenCastingToString";b:0;}s:7:"actions";O:39:"Illuminate\\Database\\Eloquent\\Collection":2:{s:8:"\0*\0items";a:0:{}s:28:"\0*\0escapeWhenCastingToString";b:0;}}s:10:"\0*\0touches";a:0:{}s:27:"\0*\0relationAutoloadCallback";N;s:26:"\0*\0relationAutoloadContext";N;s:10:"timestamps";b:1;s:13:"usesUniqueIds";b:0;s:9:"\0*\0hidden";a:0:{}s:10:"\0*\0visible";a:0:{}s:11:"\0*\0fillable";a:8:{i:0;s:13:"permission_id";i:1;s:9:"parent_id";i:2;s:4:"name";i:3;s:5:"route";i:4;s:4:"icon";i:5;s:5:"order";i:6;s:6:"status";i:7;s:12:"is_deletable";}s:10:"\0*\0guarded";a:1:{i:0;s:1:"*";}}i:17;O:20:"App\\Models\\AdminMenu":33:{s:13:"\0*\0connection";s:5:"mysql";s:8:"\0*\0table";s:11:"admin_menus";s:13:"\0*\0primaryKey";s:2:"id";s:10:"\0*\0keyType";s:3:"int";s:12:"incrementing";b:1;s:7:"\0*\0with";a:0:{}s:12:"\0*\0withCount";a:0:{}s:19:"preventsLazyLoading";b:0;s:10:"\0*\0perPage";i:15;s:6:"exists";b:1;s:18:"wasRecentlyCreated";b:0;s:28:"\0*\0escapeWhenCastingToString";b:0;s:13:"\0*\0attributes";a:11:{s:2:"id";i:66;s:13:"permission_id";i:239;s:9:"parent_id";N;s:4:"name";s:12:"About Manage";s:5:"route";N;s:4:"icon";s:59:"<span class="material-symbols-outlined fs-22"> info </span>";s:5:"order";i:17;s:6:"status";i:1;s:12:"is_deletable";i:1;s:10:"created_at";s:19:"2026-02-10 04:15:15";s:10:"updated_at";s:19:"2026-02-10 04:15:15";}s:11:"\0*\0original";a:11:{s:2:"id";i:66;s:13:"permission_id";i:239;s:9:"parent_id";N;s:4:"name";s:12:"About Manage";s:5:"route";N;s:4:"icon";s:59:"<span class="material-symbols-outlined fs-22"> info </span>";s:5:"order";i:17;s:6:"status";i:1;s:12:"is_deletable";i:1;s:10:"created_at";s:19:"2026-02-10 04:15:15";s:10:"updated_at";s:19:"2026-02-10 04:15:15";}s:10:"\0*\0changes";a:0:{}s:11:"\0*\0previous";a:0:{}s:8:"\0*\0casts";a:2:{s:6:"status";s:7:"boolean";s:12:"is_deletable";s:7:"boolean";}s:17:"\0*\0classCastCache";a:0:{}s:21:"\0*\0attributeCastCache";a:0:{}s:13:"\0*\0dateFormat";N;s:10:"\0*\0appends";a:0:{}s:19:"\0*\0dispatchesEvents";a:0:{}s:14:"\0*\0observables";a:0:{}s:12:"\0*\0relations";a:2:{s:8:"children";O:39:"Illuminate\\Database\\Eloquent\\Collection":2:{s:8:"\0*\0items";a:0:{}s:28:"\0*\0escapeWhenCastingToString";b:0;}s:7:"actions";O:39:"Illuminate\\Database\\Eloquent\\Collection":2:{s:8:"\0*\0items";a:0:{}s:28:"\0*\0escapeWhenCastingToString";b:0;}}s:10:"\0*\0touches";a:0:{}s:27:"\0*\0relationAutoloadCallback";N;s:26:"\0*\0relationAutoloadContext";N;s:10:"timestamps";b:1;s:13:"usesUniqueIds";b:0;s:9:"\0*\0hidden";a:0:{}s:10:"\0*\0visible";a:0:{}s:11:"\0*\0fillable";a:8:{i:0;s:13:"permission_id";i:1;s:9:"parent_id";i:2;s:4:"name";i:3;s:5:"route";i:4;s:4:"icon";i:5;s:5:"order";i:6;s:6:"status";i:7;s:12:"is_deletable";}s:10:"\0*\0guarded";a:1:{i:0;s:1:"*";}}}s:28:"\0*\0escapeWhenCastingToString";b:0;}', 1771319344),
	('books_books_cache_admin_setting', 'O:23:"App\\Models\\AdminSetting":33:{s:13:"\0*\0connection";s:5:"mysql";s:8:"\0*\0table";s:14:"admin_settings";s:13:"\0*\0primaryKey";s:2:"id";s:10:"\0*\0keyType";s:3:"int";s:12:"incrementing";b:1;s:7:"\0*\0with";a:0:{}s:12:"\0*\0withCount";a:0:{}s:19:"preventsLazyLoading";b:0;s:10:"\0*\0perPage";i:15;s:6:"exists";b:1;s:18:"wasRecentlyCreated";b:0;s:28:"\0*\0escapeWhenCastingToString";b:0;s:13:"\0*\0attributes";a:16:{s:2:"id";i:1;s:4:"logo";s:79:"storage/admin-setting//2026-02-10-quLl7x6LIpOewvLbubTsJtU9vDBuvRatfjvBTaAY.webp";s:10:"small_logo";s:79:"storage/admin-setting//2026-02-10-npcVYQ5HMBIhcqH4DAsj5jOFLAkekKGIRl2ZzRSx.webp";s:7:"favicon";s:79:"storage/admin-setting//2026-02-10-uKHdiBUMHBaK5EWxiGoTNqLRKYfMBFDHxrbvwVlu.webp";s:12:"invest_value";i:10000;s:5:"title";s:11:"Amar Hostel";s:11:"footer_text";s:102:"© 2023 Developed by <a target="_blank" href="http://www.technoparkbd.com/">Techno Park Bangladesh</a>";s:13:"primary_color";N;s:15:"secondary_color";N;s:8:"facebook";N;s:7:"twitter";N;s:8:"linkedin";N;s:8:"whatsapp";N;s:6:"google";N;s:10:"created_at";s:19:"2026-02-10 04:38:23";s:10:"updated_at";s:19:"2026-02-10 04:38:23";}s:11:"\0*\0original";a:16:{s:2:"id";i:1;s:4:"logo";s:79:"storage/admin-setting//2026-02-10-quLl7x6LIpOewvLbubTsJtU9vDBuvRatfjvBTaAY.webp";s:10:"small_logo";s:79:"storage/admin-setting//2026-02-10-npcVYQ5HMBIhcqH4DAsj5jOFLAkekKGIRl2ZzRSx.webp";s:7:"favicon";s:79:"storage/admin-setting//2026-02-10-uKHdiBUMHBaK5EWxiGoTNqLRKYfMBFDHxrbvwVlu.webp";s:12:"invest_value";i:10000;s:5:"title";s:11:"Amar Hostel";s:11:"footer_text";s:102:"© 2023 Developed by <a target="_blank" href="http://www.technoparkbd.com/">Techno Park Bangladesh</a>";s:13:"primary_color";N;s:15:"secondary_color";N;s:8:"facebook";N;s:7:"twitter";N;s:8:"linkedin";N;s:8:"whatsapp";N;s:6:"google";N;s:10:"created_at";s:19:"2026-02-10 04:38:23";s:10:"updated_at";s:19:"2026-02-10 04:38:23";}s:10:"\0*\0changes";a:0:{}s:11:"\0*\0previous";a:0:{}s:8:"\0*\0casts";a:0:{}s:17:"\0*\0classCastCache";a:0:{}s:21:"\0*\0attributeCastCache";a:0:{}s:13:"\0*\0dateFormat";N;s:10:"\0*\0appends";a:0:{}s:19:"\0*\0dispatchesEvents";a:0:{}s:14:"\0*\0observables";a:0:{}s:12:"\0*\0relations";a:0:{}s:10:"\0*\0touches";a:0:{}s:27:"\0*\0relationAutoloadCallback";N;s:26:"\0*\0relationAutoloadContext";N;s:10:"timestamps";b:1;s:13:"usesUniqueIds";b:0;s:9:"\0*\0hidden";a:0:{}s:10:"\0*\0visible";a:0:{}s:11:"\0*\0fillable";a:13:{i:0;s:4:"logo";i:1;s:10:"small_logo";i:2;s:7:"favicon";i:3;s:5:"title";i:4;s:11:"footer_text";i:5;s:13:"primary_color";i:6;s:15:"secondary_color";i:7;s:12:"invest_value";i:8;s:8:"facebook";i:9;s:7:"twitter";i:10;s:8:"linkedin";i:11;s:8:"whatsapp";i:12;s:6:"google";}s:10:"\0*\0guarded";a:1:{i:0;s:1:"*";}}', 1771319345),
	('books_books_cache_setting', 'O:18:"App\\Models\\Setting":33:{s:13:"\0*\0connection";s:5:"mysql";s:8:"\0*\0table";s:8:"settings";s:13:"\0*\0primaryKey";s:2:"id";s:10:"\0*\0keyType";s:3:"int";s:12:"incrementing";b:1;s:7:"\0*\0with";a:0:{}s:12:"\0*\0withCount";a:0:{}s:19:"preventsLazyLoading";b:0;s:10:"\0*\0perPage";i:15;s:6:"exists";b:1;s:18:"wasRecentlyCreated";b:0;s:28:"\0*\0escapeWhenCastingToString";b:0;s:13:"\0*\0attributes";a:42:{s:2:"id";i:1;s:8:"app_name";s:11:"Amar Hostel";s:5:"title";s:11:"Amar Hostel";s:13:"primary_phone";s:5:"33333";s:15:"secondary_phone";s:5:"33333";s:13:"primary_email";s:15:"amar@hostel.com";s:15:"secondary_email";s:15:"amar@hostel.com";s:11:"office_time";N;s:7:"address";s:4:"dsad";s:11:"description";s:7:"dsaddas";s:10:"banner_one";N;s:15:"banner_one_link";N;s:17:"banner_one_status";i:1;s:10:"banner_two";N;s:15:"banner_two_link";N;s:17:"banner_two_status";i:1;s:15:"page_heading_bg";N;s:10:"meta_title";s:4:"dasd";s:12:"meta_keyword";s:4:"sads";s:16:"meta_description";s:4:"dsad";s:10:"meta_image";N;s:10:"google_map";N;s:7:"favicon";s:73:"storage/settings/2026-02-09-wkH0tkT84jkJmtu0033kjVvSl3rAcpimAEPbgCC0.webp";s:4:"logo";s:73:"storage/settings/2026-02-09-WXI1ydTdwGPz6e9NiIub10XzXUuCNiFVTLdvgubk.webp";s:11:"footer_logo";N;s:11:"placeholder";N;s:13:"facebook_page";N;s:14:"facebook_group";N;s:7:"youtube";N;s:7:"twitter";N;s:8:"linkedin";N;s:6:"google";N;s:8:"whatsapp";N;s:9:"instagram";N;s:9:"pinterest";N;s:11:"sms_api_url";N;s:11:"sms_api_key";N;s:10:"sms_api_id";N;s:12:"bkash_status";i:1;s:12:"nagad_status";i:1;s:10:"created_at";s:19:"2026-02-09 08:27:22";s:10:"updated_at";s:19:"2026-02-09 08:27:22";}s:11:"\0*\0original";a:42:{s:2:"id";i:1;s:8:"app_name";s:11:"Amar Hostel";s:5:"title";s:11:"Amar Hostel";s:13:"primary_phone";s:5:"33333";s:15:"secondary_phone";s:5:"33333";s:13:"primary_email";s:15:"amar@hostel.com";s:15:"secondary_email";s:15:"amar@hostel.com";s:11:"office_time";N;s:7:"address";s:4:"dsad";s:11:"description";s:7:"dsaddas";s:10:"banner_one";N;s:15:"banner_one_link";N;s:17:"banner_one_status";i:1;s:10:"banner_two";N;s:15:"banner_two_link";N;s:17:"banner_two_status";i:1;s:15:"page_heading_bg";N;s:10:"meta_title";s:4:"dasd";s:12:"meta_keyword";s:4:"sads";s:16:"meta_description";s:4:"dsad";s:10:"meta_image";N;s:10:"google_map";N;s:7:"favicon";s:73:"storage/settings/2026-02-09-wkH0tkT84jkJmtu0033kjVvSl3rAcpimAEPbgCC0.webp";s:4:"logo";s:73:"storage/settings/2026-02-09-WXI1ydTdwGPz6e9NiIub10XzXUuCNiFVTLdvgubk.webp";s:11:"footer_logo";N;s:11:"placeholder";N;s:13:"facebook_page";N;s:14:"facebook_group";N;s:7:"youtube";N;s:7:"twitter";N;s:8:"linkedin";N;s:6:"google";N;s:8:"whatsapp";N;s:9:"instagram";N;s:9:"pinterest";N;s:11:"sms_api_url";N;s:11:"sms_api_key";N;s:10:"sms_api_id";N;s:12:"bkash_status";i:1;s:12:"nagad_status";i:1;s:10:"created_at";s:19:"2026-02-09 08:27:22";s:10:"updated_at";s:19:"2026-02-09 08:27:22";}s:10:"\0*\0changes";a:0:{}s:11:"\0*\0previous";a:0:{}s:8:"\0*\0casts";a:0:{}s:17:"\0*\0classCastCache";a:0:{}s:21:"\0*\0attributeCastCache";a:0:{}s:13:"\0*\0dateFormat";N;s:10:"\0*\0appends";a:0:{}s:19:"\0*\0dispatchesEvents";a:0:{}s:14:"\0*\0observables";a:0:{}s:12:"\0*\0relations";a:0:{}s:10:"\0*\0touches";a:0:{}s:27:"\0*\0relationAutoloadCallback";N;s:26:"\0*\0relationAutoloadContext";N;s:10:"timestamps";b:1;s:13:"usesUniqueIds";b:0;s:9:"\0*\0hidden";a:0:{}s:10:"\0*\0visible";a:0:{}s:11:"\0*\0fillable";a:39:{i:0;s:8:"app_name";i:1;s:5:"title";i:2;s:13:"primary_phone";i:3;s:15:"secondary_phone";i:4;s:13:"primary_email";i:5;s:15:"secondary_email";i:6;s:11:"office_time";i:7;s:7:"address";i:8;s:11:"description";i:9;s:10:"banner_one";i:10;s:15:"banner_one_link";i:11;s:17:"banner_one_status";i:12;s:10:"banner_two";i:13;s:15:"banner_two_link";i:14;s:17:"banner_two_status";i:15;s:15:"page_heading_bg";i:16;s:10:"meta_title";i:17;s:12:"meta_keyword";i:18;s:16:"meta_description";i:19;s:10:"meta_image";i:20;s:10:"google_map";i:21;s:7:"favicon";i:22;s:4:"logo";i:23;s:11:"footer_logo";i:24;s:11:"placeholder";i:25;s:13:"facebook_page";i:26;s:14:"facebook_group";i:27;s:7:"youtube";i:28;s:7:"twitter";i:29;s:8:"linkedin";i:30;s:6:"google";i:31;s:8:"whatsapp";i:32;s:9:"instagram";i:33;s:9:"pinterest";i:34;s:11:"sms_api_url";i:35;s:11:"sms_api_key";i:36;s:10:"sms_api_id";i:37;s:12:"bkash_status";i:38;s:12:"nagad_status";}s:10:"\0*\0guarded";a:1:{i:0;s:1:"*";}}', 1771319346),
	('books_books_cache_spatie.permission.cache', 'a:3:{s:5:"alias";a:4:{s:1:"a";s:2:"id";s:1:"b";s:4:"name";s:1:"c";s:10:"guard_name";s:1:"r";s:5:"roles";}s:11:"permissions";a:174:{i:0;a:4:{s:1:"a";i:1;s:1:"b";s:9:"Dashboard";s:1:"c";s:3:"web";s:1:"r";a:3:{i:0;i:1;i:1;i:2;i:2;i:3;}}i:1;a:4:{s:1:"a";i:2;s:1:"b";s:15:"System Settings";s:1:"c";s:3:"web";s:1:"r";a:2:{i:0;i:1;i:1;i:2;}}i:2;a:4:{s:1:"a";i:3;s:1:"b";s:5:"Roles";s:1:"c";s:3:"web";s:1:"r";a:2:{i:0;i:1;i:1;i:2;}}i:3;a:4:{s:1:"a";i:4;s:1:"b";s:5:"Users";s:1:"c";s:3:"web";s:1:"r";a:1:{i:0;i:1;}}i:4;a:4:{s:1:"a";i:5;s:1:"b";s:4:"Menu";s:1:"c";s:3:"web";s:1:"r";a:1:{i:0;i:1;}}i:5;a:4:{s:1:"a";i:6;s:1:"b";s:14:"Admin Settings";s:1:"c";s:3:"web";s:1:"r";a:2:{i:0;i:1;i:1;i:2;}}i:6;a:4:{s:1:"a";i:7;s:1:"b";s:9:"Investors";s:1:"c";s:3:"web";s:1:"r";a:2:{i:0;i:1;i:1;i:2;}}i:7;a:4:{s:1:"a";i:8;s:1:"b";s:23:"admin.admin-menu.create";s:1:"c";s:3:"web";s:1:"r";a:1:{i:0;i:1;}}i:8;a:4:{s:1:"a";i:9;s:1:"b";s:21:"admin.admin-menu.edit";s:1:"c";s:3:"web";s:1:"r";a:1:{i:0;i:1;}}i:9;a:4:{s:1:"a";i:10;s:1:"b";s:24:"admin.admin-menu.destroy";s:1:"c";s:3:"web";s:1:"r";a:1:{i:0;i:1;}}i:10;a:4:{s:1:"a";i:11;s:1:"b";s:29:"admin.admin-menu-action.index";s:1:"c";s:3:"web";s:1:"r";a:1:{i:0;i:1;}}i:11;a:4:{s:1:"a";i:12;s:1:"b";s:30:"admin.admin-menu-action.create";s:1:"c";s:3:"web";s:1:"r";a:1:{i:0;i:1;}}i:12;a:4:{s:1:"a";i:13;s:1:"b";s:28:"admin.admin-menu-action.edit";s:1:"c";s:3:"web";s:1:"r";a:1:{i:0;i:1;}}i:13;a:4:{s:1:"a";i:14;s:1:"b";s:31:"admin.admin-menu-action.destroy";s:1:"c";s:3:"web";s:1:"r";a:1:{i:0;i:1;}}i:14;a:4:{s:1:"a";i:15;s:1:"b";s:17:"admin.role.create";s:1:"c";s:3:"web";s:1:"r";a:2:{i:0;i:1;i:1;i:2;}}i:15;a:4:{s:1:"a";i:16;s:1:"b";s:15:"admin.role.edit";s:1:"c";s:3:"web";s:1:"r";a:2:{i:0;i:1;i:1;i:2;}}i:16;a:4:{s:1:"a";i:17;s:1:"b";s:18:"admin.role.destroy";s:1:"c";s:3:"web";s:1:"r";a:1:{i:0;i:1;}}i:17;a:4:{s:1:"a";i:18;s:1:"b";s:26:"admin.role-permission.edit";s:1:"c";s:3:"web";s:1:"r";a:2:{i:0;i:1;i:1;i:2;}}i:18;a:4:{s:1:"a";i:19;s:1:"b";s:17:"admin.user.create";s:1:"c";s:3:"web";s:1:"r";a:1:{i:0;i:1;}}i:19;a:4:{s:1:"a";i:20;s:1:"b";s:15:"admin.user.edit";s:1:"c";s:3:"web";s:1:"r";a:1:{i:0;i:1;}}i:20;a:4:{s:1:"a";i:23;s:1:"b";s:21:"admin.investor.create";s:1:"c";s:3:"web";s:1:"r";a:2:{i:0;i:1;i:1;i:2;}}i:21;a:4:{s:1:"a";i:24;s:1:"b";s:19:"admin.investor.edit";s:1:"c";s:3:"web";s:1:"r";a:2:{i:0;i:1;i:1;i:2;}}i:22;a:4:{s:1:"a";i:25;s:1:"b";s:22:"admin.investor.destroy";s:1:"c";s:3:"web";s:1:"r";a:2:{i:0;i:1;i:1;i:2;}}i:23;a:4:{s:1:"a";i:26;s:1:"b";s:20:"admin.investor.trash";s:1:"c";s:3:"web";s:1:"r";a:2:{i:0;i:1;i:1;i:2;}}i:24;a:4:{s:1:"a";i:27;s:1:"b";s:14:"Invest Process";s:1:"c";s:3:"web";s:1:"r";a:2:{i:0;i:1;i:1;i:2;}}i:25;a:4:{s:1:"a";i:28;s:1:"b";s:19:"admin.invest.create";s:1:"c";s:3:"web";s:1:"r";a:2:{i:0;i:1;i:1;i:2;}}i:26;a:4:{s:1:"a";i:29;s:1:"b";s:17:"admin.invest.edit";s:1:"c";s:3:"web";s:1:"r";a:2:{i:0;i:1;i:1;i:2;}}i:27;a:4:{s:1:"a";i:32;s:1:"b";s:10:"Sattlement";s:1:"c";s:3:"web";s:1:"r";a:2:{i:0;i:1;i:1;i:2;}}i:28;a:4:{s:1:"a";i:33;s:1:"b";s:30:"admin.invest-sattlement.create";s:1:"c";s:3:"web";s:1:"r";a:2:{i:0;i:1;i:1;i:2;}}i:29;a:4:{s:1:"a";i:34;s:1:"b";s:28:"admin.invest-sattlement.edit";s:1:"c";s:3:"web";s:1:"r";a:2:{i:0;i:1;i:1;i:2;}}i:30;a:4:{s:1:"a";i:37;s:1:"b";s:18:"General Accounting";s:1:"c";s:3:"web";s:1:"r";a:2:{i:0;i:1;i:1;i:2;}}i:31;a:4:{s:1:"a";i:38;s:1:"b";s:11:"Transaction";s:1:"c";s:3:"web";s:1:"r";a:2:{i:0;i:1;i:1;i:2;}}i:32;a:4:{s:1:"a";i:39;s:1:"b";s:7:"Reports";s:1:"c";s:3:"web";s:1:"r";a:2:{i:0;i:1;i:1;i:2;}}i:33;a:4:{s:1:"a";i:40;s:1:"b";s:17:"Chart of Accounts";s:1:"c";s:3:"web";s:1:"r";a:2:{i:0;i:1;i:1;i:2;}}i:34;a:4:{s:1:"a";i:41;s:1:"b";s:16:"admin.coa.create";s:1:"c";s:3:"web";s:1:"r";a:2:{i:0;i:1;i:1;i:2;}}i:35;a:4:{s:1:"a";i:42;s:1:"b";s:14:"admin.coa.edit";s:1:"c";s:3:"web";s:1:"r";a:2:{i:0;i:1;i:1;i:2;}}i:36;a:4:{s:1:"a";i:43;s:1:"b";s:17:"admin.coa.destroy";s:1:"c";s:3:"web";s:1:"r";a:2:{i:0;i:1;i:1;i:2;}}i:37;a:4:{s:1:"a";i:44;s:1:"b";s:13:"Debit Voucher";s:1:"c";s:3:"web";s:1:"r";a:2:{i:0;i:1;i:1;i:2;}}i:38;a:4:{s:1:"a";i:45;s:1:"b";s:26:"admin.debit-voucher.create";s:1:"c";s:3:"web";s:1:"r";a:2:{i:0;i:1;i:1;i:2;}}i:39;a:4:{s:1:"a";i:46;s:1:"b";s:24:"admin.debit-voucher.edit";s:1:"c";s:3:"web";s:1:"r";a:2:{i:0;i:1;i:1;i:2;}}i:40;a:4:{s:1:"a";i:49;s:1:"b";s:14:"Credit Voucher";s:1:"c";s:3:"web";s:1:"r";a:2:{i:0;i:1;i:1;i:2;}}i:41;a:4:{s:1:"a";i:50;s:1:"b";s:27:"admin.credit-voucher.create";s:1:"c";s:3:"web";s:1:"r";a:2:{i:0;i:1;i:1;i:2;}}i:42;a:4:{s:1:"a";i:51;s:1:"b";s:25:"admin.credit-voucher.edit";s:1:"c";s:3:"web";s:1:"r";a:2:{i:0;i:1;i:1;i:2;}}i:43;a:4:{s:1:"a";i:54;s:1:"b";s:15:"Journal Voucher";s:1:"c";s:3:"web";s:1:"r";a:2:{i:0;i:1;i:1;i:2;}}i:44;a:4:{s:1:"a";i:55;s:1:"b";s:28:"admin.journal-voucher.create";s:1:"c";s:3:"web";s:1:"r";a:2:{i:0;i:1;i:1;i:2;}}i:45;a:4:{s:1:"a";i:56;s:1:"b";s:26:"admin.journal-voucher.edit";s:1:"c";s:3:"web";s:1:"r";a:2:{i:0;i:1;i:1;i:2;}}i:46;a:4:{s:1:"a";i:59;s:1:"b";s:27:"admin.voucher-approve.index";s:1:"c";s:3:"web";s:1:"r";a:2:{i:0;i:1;i:1;i:2;}}i:47;a:4:{s:1:"a";i:60;s:1:"b";s:26:"admin.voucher-approve.show";s:1:"c";s:3:"web";s:1:"r";a:2:{i:0;i:1;i:1;i:2;}}i:48;a:4:{s:1:"a";i:61;s:1:"b";s:26:"admin.voucher-approve.edit";s:1:"c";s:3:"web";s:1:"r";a:2:{i:0;i:1;i:1;i:2;}}i:49;a:4:{s:1:"a";i:62;s:1:"b";s:26:"admin.voucher-refuse.index";s:1:"c";s:3:"web";s:1:"r";a:2:{i:0;i:1;i:1;i:2;}}i:50;a:4:{s:1:"a";i:63;s:1:"b";s:25:"admin.voucher-refuse.show";s:1:"c";s:3:"web";s:1:"r";a:2:{i:0;i:1;i:1;i:2;}}i:51;a:4:{s:1:"a";i:64;s:1:"b";s:25:"admin.voucher-refuse.edit";s:1:"c";s:3:"web";s:1:"r";a:2:{i:0;i:1;i:1;i:2;}}i:52;a:4:{s:1:"a";i:65;s:1:"b";s:30:"admin.automation-approve.index";s:1:"c";s:3:"web";s:1:"r";a:2:{i:0;i:1;i:1;i:2;}}i:53;a:4:{s:1:"a";i:66;s:1:"b";s:29:"admin.automation-approve.show";s:1:"c";s:3:"web";s:1:"r";a:2:{i:0;i:1;i:1;i:2;}}i:54;a:4:{s:1:"a";i:67;s:1:"b";s:29:"admin.automation-approve.edit";s:1:"c";s:3:"web";s:1:"r";a:2:{i:0;i:1;i:1;i:2;}}i:55;a:4:{s:1:"a";i:68;s:1:"b";s:29:"admin.automation-refuse.index";s:1:"c";s:3:"web";s:1:"r";a:2:{i:0;i:1;i:1;i:2;}}i:56;a:4:{s:1:"a";i:69;s:1:"b";s:28:"admin.automation-refuse.show";s:1:"c";s:3:"web";s:1:"r";a:2:{i:0;i:1;i:1;i:2;}}i:57;a:4:{s:1:"a";i:70;s:1:"b";s:28:"admin.automation-refuse.edit";s:1:"c";s:3:"web";s:1:"r";a:2:{i:0;i:1;i:1;i:2;}}i:58;a:4:{s:1:"a";i:71;s:1:"b";s:19:"Chart of Accounts 1";s:1:"c";s:3:"web";s:1:"r";a:2:{i:0;i:1;i:1;i:2;}}i:59;a:4:{s:1:"a";i:72;s:1:"b";s:18:"Daily Voucher List";s:1:"c";s:3:"web";s:1:"r";a:2:{i:0;i:1;i:1;i:2;}}i:60;a:4:{s:1:"a";i:73;s:1:"b";s:15:"Daily Cash Book";s:1:"c";s:3:"web";s:1:"r";a:2:{i:0;i:1;i:1;i:2;}}i:61;a:4:{s:1:"a";i:74;s:1:"b";s:9:"Bank Book";s:1:"c";s:3:"web";s:1:"r";a:2:{i:0;i:1;i:1;i:2;}}i:62;a:4:{s:1:"a";i:75;s:1:"b";s:18:"Transaction Ledger";s:1:"c";s:3:"web";s:1:"r";a:2:{i:0;i:1;i:1;i:2;}}i:63;a:4:{s:1:"a";i:76;s:1:"b";s:14:"General Ledger";s:1:"c";s:3:"web";s:1:"r";a:2:{i:0;i:1;i:1;i:2;}}i:64;a:4:{s:1:"a";i:77;s:1:"b";s:19:"Cash Flow Statement";s:1:"c";s:3:"web";s:1:"r";a:2:{i:0;i:1;i:1;i:2;}}i:65;a:4:{s:1:"a";i:78;s:1:"b";s:13:"Trial Balance";s:1:"c";s:3:"web";s:1:"r";a:2:{i:0;i:1;i:1;i:2;}}i:66;a:4:{s:1:"a";i:79;s:1:"b";s:16:"Income Statement";s:1:"c";s:3:"web";s:1:"r";a:2:{i:0;i:1;i:1;i:2;}}i:67;a:4:{s:1:"a";i:80;s:1:"b";s:13:"Balance Sheet";s:1:"c";s:3:"web";s:1:"r";a:2:{i:0;i:1;i:1;i:2;}}i:68;a:4:{s:1:"a";i:81;s:1:"b";s:24:"admin.debit-voucher.show";s:1:"c";s:3:"web";s:1:"r";a:2:{i:0;i:1;i:1;i:2;}}i:69;a:4:{s:1:"a";i:82;s:1:"b";s:25:"admin.debit-voucher.print";s:1:"c";s:3:"web";s:1:"r";a:2:{i:0;i:1;i:1;i:2;}}i:70;a:4:{s:1:"a";i:83;s:1:"b";s:27:"admin.debit-voucher.destroy";s:1:"c";s:3:"web";s:1:"r";a:2:{i:0;i:1;i:1;i:2;}}i:71;a:4:{s:1:"a";i:84;s:1:"b";s:25:"admin.debit-voucher.trash";s:1:"c";s:3:"web";s:1:"r";a:2:{i:0;i:1;i:1;i:2;}}i:72;a:4:{s:1:"a";i:85;s:1:"b";s:25:"admin.credit-voucher.show";s:1:"c";s:3:"web";s:1:"r";a:2:{i:0;i:1;i:1;i:2;}}i:73;a:4:{s:1:"a";i:86;s:1:"b";s:26:"admin.credit-voucher.print";s:1:"c";s:3:"web";s:1:"r";a:2:{i:0;i:1;i:1;i:2;}}i:74;a:4:{s:1:"a";i:87;s:1:"b";s:28:"admin.credit-voucher.destroy";s:1:"c";s:3:"web";s:1:"r";a:2:{i:0;i:1;i:1;i:2;}}i:75;a:4:{s:1:"a";i:88;s:1:"b";s:26:"admin.credit-voucher.trash";s:1:"c";s:3:"web";s:1:"r";a:2:{i:0;i:1;i:1;i:2;}}i:76;a:4:{s:1:"a";i:90;s:1:"b";s:20:"admin.invest.destroy";s:1:"c";s:3:"web";s:1:"r";a:2:{i:0;i:1;i:1;i:2;}}i:77;a:4:{s:1:"a";i:91;s:1:"b";s:18:"admin.invest.trash";s:1:"c";s:3:"web";s:1:"r";a:2:{i:0;i:1;i:1;i:2;}}i:78;a:4:{s:1:"a";i:100;s:1:"b";s:19:"admin.product.index";s:1:"c";s:3:"web";s:1:"r";a:2:{i:0;i:1;i:1;i:2;}}i:79;a:4:{s:1:"a";i:101;s:1:"b";s:20:"admin.product.create";s:1:"c";s:3:"web";s:1:"r";a:2:{i:0;i:1;i:1;i:2;}}i:80;a:4:{s:1:"a";i:102;s:1:"b";s:18:"admin.product.edit";s:1:"c";s:3:"web";s:1:"r";a:2:{i:0;i:1;i:1;i:2;}}i:81;a:4:{s:1:"a";i:127;s:1:"b";s:28:"admin.invest-sattlement.show";s:1:"c";s:3:"web";s:1:"r";a:2:{i:0;i:1;i:1;i:2;}}i:82;a:4:{s:1:"a";i:128;s:1:"b";s:31:"admin.invest-sattlement.destroy";s:1:"c";s:3:"web";s:1:"r";a:2:{i:0;i:1;i:1;i:2;}}i:83;a:4:{s:1:"a";i:129;s:1:"b";s:29:"admin.invest-sattlement.trash";s:1:"c";s:3:"web";s:1:"r";a:2:{i:0;i:1;i:1;i:2;}}i:84;a:4:{s:1:"a";i:130;s:1:"b";s:19:"admin.user.password";s:1:"c";s:3:"web";s:1:"r";a:1:{i:0;i:1;}}i:85;a:4:{s:1:"a";i:131;s:1:"b";s:18:"admin.user.destroy";s:1:"c";s:3:"web";s:1:"r";a:1:{i:0;i:1;}}i:86;a:4:{s:1:"a";i:132;s:1:"b";s:16:"admin.user.trash";s:1:"c";s:3:"web";s:1:"r";a:1:{i:0;i:1;}}i:87;a:4:{s:1:"a";i:135;s:1:"b";s:27:"admin.product-edition.index";s:1:"c";s:3:"web";s:1:"r";a:2:{i:0;i:1;i:1;i:2;}}i:88;a:4:{s:1:"a";i:138;s:1:"b";s:9:"Inventory";s:1:"c";s:3:"web";s:1:"r";a:1:{i:0;i:1;}}i:89;a:4:{s:1:"a";i:139;s:1:"b";s:11:"Productions";s:1:"c";s:3:"web";s:1:"r";a:1:{i:0;i:1;}}i:90;a:4:{s:1:"a";i:142;s:1:"b";s:27:"admin.product-edition.store";s:1:"c";s:3:"web";s:1:"r";a:2:{i:0;i:1;i:1;i:2;}}i:91;a:4:{s:1:"a";i:143;s:1:"b";s:26:"admin.product-edition.edit";s:1:"c";s:3:"web";s:1:"r";a:2:{i:0;i:1;i:1;i:2;}}i:92;a:4:{s:1:"a";i:144;s:1:"b";s:29:"admin.product-edition.destroy";s:1:"c";s:3:"web";s:1:"r";a:2:{i:0;i:1;i:1;i:2;}}i:93;a:4:{s:1:"a";i:145;s:1:"b";s:21:"admin.product.destroy";s:1:"c";s:3:"web";s:1:"r";a:2:{i:0;i:1;i:1;i:2;}}i:94;a:4:{s:1:"a";i:146;s:1:"b";s:19:"admin.product.trash";s:1:"c";s:3:"web";s:1:"r";a:2:{i:0;i:1;i:1;i:2;}}i:95;a:4:{s:1:"a";i:147;s:1:"b";s:23:"admin.production.create";s:1:"c";s:3:"web";s:1:"r";a:1:{i:0;i:1;}}i:96;a:4:{s:1:"a";i:148;s:1:"b";s:21:"admin.production.edit";s:1:"c";s:3:"web";s:1:"r";a:1:{i:0;i:1;}}i:97;a:4:{s:1:"a";i:149;s:1:"b";s:21:"admin.production.show";s:1:"c";s:3:"web";s:1:"r";a:1:{i:0;i:1;}}i:98;a:4:{s:1:"a";i:152;s:1:"b";s:22:"admin.production.print";s:1:"c";s:3:"web";s:1:"r";a:1:{i:0;i:1;}}i:99;a:4:{s:1:"a";i:153;s:1:"b";s:24:"admin.production.destroy";s:1:"c";s:3:"web";s:1:"r";a:1:{i:0;i:1;}}i:100;a:4:{s:1:"a";i:154;s:1:"b";s:22:"admin.production.trash";s:1:"c";s:3:"web";s:1:"r";a:1:{i:0;i:1;}}i:101;a:4:{s:1:"a";i:155;s:1:"b";s:16:"Sales Management";s:1:"c";s:3:"web";s:1:"r";a:2:{i:0;i:1;i:1;i:2;}}i:102;a:4:{s:1:"a";i:156;s:1:"b";s:7:"Dealers";s:1:"c";s:3:"web";s:1:"r";a:2:{i:0;i:1;i:1;i:2;}}i:103;a:4:{s:1:"a";i:157;s:1:"b";s:7:"Sales 1";s:1:"c";s:3:"web";s:1:"r";a:2:{i:0;i:1;i:1;i:2;}}i:104;a:4:{s:1:"a";i:158;s:1:"b";s:19:"admin.client.create";s:1:"c";s:3:"web";s:1:"r";a:2:{i:0;i:1;i:1;i:2;}}i:105;a:4:{s:1:"a";i:159;s:1:"b";s:17:"admin.client.edit";s:1:"c";s:3:"web";s:1:"r";a:2:{i:0;i:1;i:1;i:2;}}i:106;a:4:{s:1:"a";i:160;s:1:"b";s:20:"admin.client.destroy";s:1:"c";s:3:"web";s:1:"r";a:2:{i:0;i:1;i:1;i:2;}}i:107;a:4:{s:1:"a";i:161;s:1:"b";s:18:"admin.client.trash";s:1:"c";s:3:"web";s:1:"r";a:2:{i:0;i:1;i:1;i:2;}}i:108;a:4:{s:1:"a";i:162;s:1:"b";s:18:"admin.sales.create";s:1:"c";s:3:"web";s:1:"r";a:2:{i:0;i:1;i:1;i:2;}}i:109;a:4:{s:1:"a";i:163;s:1:"b";s:16:"admin.sales.edit";s:1:"c";s:3:"web";s:1:"r";a:2:{i:0;i:1;i:1;i:2;}}i:110;a:4:{s:1:"a";i:164;s:1:"b";s:16:"admin.sales.show";s:1:"c";s:3:"web";s:1:"r";a:2:{i:0;i:1;i:1;i:2;}}i:111;a:4:{s:1:"a";i:166;s:1:"b";s:5:"Stock";s:1:"c";s:3:"web";s:1:"r";a:1:{i:0;i:1;}}i:112;a:4:{s:1:"a";i:167;s:1:"b";s:12:"System Setup";s:1:"c";s:3:"web";s:1:"r";a:2:{i:0;i:1;i:1;i:2;}}i:113;a:4:{s:1:"a";i:168;s:1:"b";s:7:"Regions";s:1:"c";s:3:"web";s:1:"r";a:2:{i:0;i:1;i:1;i:2;}}i:114;a:4:{s:1:"a";i:169;s:1:"b";s:4:"Area";s:1:"c";s:3:"web";s:1:"r";a:2:{i:0;i:1;i:1;i:2;}}i:115;a:4:{s:1:"a";i:170;s:1:"b";s:9:"Territory";s:1:"c";s:3:"web";s:1:"r";a:2:{i:0;i:1;i:1;i:2;}}i:116;a:4:{s:1:"a";i:171;s:1:"b";s:19:"admin.region.create";s:1:"c";s:3:"web";s:1:"r";a:2:{i:0;i:1;i:1;i:2;}}i:117;a:4:{s:1:"a";i:172;s:1:"b";s:17:"admin.region.edit";s:1:"c";s:3:"web";s:1:"r";a:2:{i:0;i:1;i:1;i:2;}}i:118;a:4:{s:1:"a";i:173;s:1:"b";s:20:"admin.region.destroy";s:1:"c";s:3:"web";s:1:"r";a:2:{i:0;i:1;i:1;i:2;}}i:119;a:4:{s:1:"a";i:174;s:1:"b";s:18:"admin.region.trash";s:1:"c";s:3:"web";s:1:"r";a:2:{i:0;i:1;i:1;i:2;}}i:120;a:4:{s:1:"a";i:175;s:1:"b";s:17:"admin.area.create";s:1:"c";s:3:"web";s:1:"r";a:2:{i:0;i:1;i:1;i:2;}}i:121;a:4:{s:1:"a";i:176;s:1:"b";s:15:"admin.area.edit";s:1:"c";s:3:"web";s:1:"r";a:2:{i:0;i:1;i:1;i:2;}}i:122;a:4:{s:1:"a";i:177;s:1:"b";s:18:"admin.area.destroy";s:1:"c";s:3:"web";s:1:"r";a:2:{i:0;i:1;i:1;i:2;}}i:123;a:4:{s:1:"a";i:178;s:1:"b";s:16:"admin.area.trash";s:1:"c";s:3:"web";s:1:"r";a:2:{i:0;i:1;i:1;i:2;}}i:124;a:4:{s:1:"a";i:179;s:1:"b";s:22:"admin.territory.create";s:1:"c";s:3:"web";s:1:"r";a:2:{i:0;i:1;i:1;i:2;}}i:125;a:4:{s:1:"a";i:180;s:1:"b";s:20:"admin.territory.edit";s:1:"c";s:3:"web";s:1:"r";a:2:{i:0;i:1;i:1;i:2;}}i:126;a:4:{s:1:"a";i:181;s:1:"b";s:23:"admin.territory.destroy";s:1:"c";s:3:"web";s:1:"r";a:2:{i:0;i:1;i:1;i:2;}}i:127;a:4:{s:1:"a";i:182;s:1:"b";s:21:"admin.territory.trash";s:1:"c";s:3:"web";s:1:"r";a:2:{i:0;i:1;i:1;i:2;}}i:128;a:4:{s:1:"a";i:183;s:1:"b";s:6:"Stores";s:1:"c";s:3:"web";s:1:"r";a:2:{i:0;i:1;i:1;i:2;}}i:129;a:4:{s:1:"a";i:184;s:1:"b";s:18:"admin.store.create";s:1:"c";s:3:"web";s:1:"r";a:2:{i:0;i:1;i:1;i:2;}}i:130;a:4:{s:1:"a";i:185;s:1:"b";s:16:"admin.store.edit";s:1:"c";s:3:"web";s:1:"r";a:2:{i:0;i:1;i:1;i:2;}}i:131;a:4:{s:1:"a";i:186;s:1:"b";s:19:"admin.store.destroy";s:1:"c";s:3:"web";s:1:"r";a:2:{i:0;i:1;i:1;i:2;}}i:132;a:4:{s:1:"a";i:187;s:1:"b";s:17:"admin.store.trash";s:1:"c";s:3:"web";s:1:"r";a:2:{i:0;i:1;i:1;i:2;}}i:133;a:4:{s:1:"a";i:188;s:1:"b";s:19:"admin.sales.destroy";s:1:"c";s:3:"web";s:1:"r";a:2:{i:0;i:1;i:1;i:2;}}i:134;a:4:{s:1:"a";i:189;s:1:"b";s:17:"admin.sales.trash";s:1:"c";s:3:"web";s:1:"r";a:2:{i:0;i:1;i:1;i:2;}}i:135;a:4:{s:1:"a";i:190;s:1:"b";s:11:"Collections";s:1:"c";s:3:"web";s:1:"r";a:2:{i:0;i:1;i:1;i:2;}}i:136;a:4:{s:1:"a";i:191;s:1:"b";s:23:"admin.collection.create";s:1:"c";s:3:"web";s:1:"r";a:2:{i:0;i:1;i:1;i:2;}}i:137;a:4:{s:1:"a";i:192;s:1:"b";s:21:"admin.collection.edit";s:1:"c";s:3:"web";s:1:"r";a:2:{i:0;i:1;i:1;i:2;}}i:138;a:4:{s:1:"a";i:193;s:1:"b";s:21:"admin.collection.show";s:1:"c";s:3:"web";s:1:"r";a:2:{i:0;i:1;i:1;i:2;}}i:139;a:4:{s:1:"a";i:194;s:1:"b";s:24:"admin.collection.destroy";s:1:"c";s:3:"web";s:1:"r";a:2:{i:0;i:1;i:1;i:2;}}i:140;a:4:{s:1:"a";i:195;s:1:"b";s:22:"admin.collection.trash";s:1:"c";s:3:"web";s:1:"r";a:2:{i:0;i:1;i:1;i:2;}}i:141;a:4:{s:1:"a";i:196;s:1:"b";s:13:"Sales Returns";s:1:"c";s:3:"web";s:1:"r";a:2:{i:0;i:1;i:1;i:2;}}i:142;a:4:{s:1:"a";i:197;s:1:"b";s:25:"admin.sales-return.create";s:1:"c";s:3:"web";s:1:"r";a:2:{i:0;i:1;i:1;i:2;}}i:143;a:4:{s:1:"a";i:198;s:1:"b";s:23:"admin.sales-return.edit";s:1:"c";s:3:"web";s:1:"r";a:2:{i:0;i:1;i:1;i:2;}}i:144;a:4:{s:1:"a";i:199;s:1:"b";s:23:"admin.sales-return.show";s:1:"c";s:3:"web";s:1:"r";a:2:{i:0;i:1;i:1;i:2;}}i:145;a:4:{s:1:"a";i:200;s:1:"b";s:26:"admin.sales-return.destroy";s:1:"c";s:3:"web";s:1:"r";a:2:{i:0;i:1;i:1;i:2;}}i:146;a:4:{s:1:"a";i:201;s:1:"b";s:24:"admin.sales-return.trash";s:1:"c";s:3:"web";s:1:"r";a:2:{i:0;i:1;i:1;i:2;}}i:147;a:4:{s:1:"a";i:208;s:1:"b";s:19:"Profit Distribution";s:1:"c";s:3:"web";s:1:"r";a:2:{i:0;i:1;i:1;i:2;}}i:148;a:4:{s:1:"a";i:209;s:1:"b";s:32:"admin.profit-distribution.create";s:1:"c";s:3:"web";s:1:"r";a:2:{i:0;i:1;i:1;i:2;}}i:149;a:4:{s:1:"a";i:210;s:1:"b";s:30:"admin.profit-distribution.edit";s:1:"c";s:3:"web";s:1:"r";a:2:{i:0;i:1;i:1;i:2;}}i:150;a:4:{s:1:"a";i:211;s:1:"b";s:30:"admin.profit-distribution.show";s:1:"c";s:3:"web";s:1:"r";a:2:{i:0;i:1;i:1;i:2;}}i:151;a:4:{s:1:"a";i:212;s:1:"b";s:33:"admin.profit-distribution.destroy";s:1:"c";s:3:"web";s:1:"r";a:2:{i:0;i:1;i:1;i:2;}}i:152;a:4:{s:1:"a";i:213;s:1:"b";s:31:"admin.profit-distribution.trash";s:1:"c";s:3:"web";s:1:"r";a:2:{i:0;i:1;i:1;i:2;}}i:153;a:4:{s:1:"a";i:214;s:1:"b";s:16:"Investor Payment";s:1:"c";s:3:"web";s:1:"r";a:2:{i:0;i:1;i:1;i:2;}}i:154;a:4:{s:1:"a";i:215;s:1:"b";s:29:"admin.investor-payment.create";s:1:"c";s:3:"web";s:1:"r";a:2:{i:0;i:1;i:1;i:2;}}i:155;a:4:{s:1:"a";i:216;s:1:"b";s:27:"admin.investor-payment.edit";s:1:"c";s:3:"web";s:1:"r";a:2:{i:0;i:1;i:1;i:2;}}i:156;a:4:{s:1:"a";i:217;s:1:"b";s:27:"admin.investor-payment.show";s:1:"c";s:3:"web";s:1:"r";a:2:{i:0;i:1;i:1;i:2;}}i:157;a:4:{s:1:"a";i:218;s:1:"b";s:30:"admin.investor-payment.destroy";s:1:"c";s:3:"web";s:1:"r";a:2:{i:0;i:1;i:1;i:2;}}i:158;a:4:{s:1:"a";i:219;s:1:"b";s:28:"admin.investor-payment.trash";s:1:"c";s:3:"web";s:1:"r";a:2:{i:0;i:1;i:1;i:2;}}i:159;a:4:{s:1:"a";i:220;s:1:"b";s:18:"Investor Statement";s:1:"c";s:3:"web";s:1:"r";a:3:{i:0;i:1;i:1;i:2;i:2;i:3;}}i:160;a:4:{s:1:"a";i:221;s:1:"b";s:26:"admin.journal-voucher.show";s:1:"c";s:3:"web";s:1:"r";a:2:{i:0;i:1;i:1;i:2;}}i:161;a:4:{s:1:"a";i:222;s:1:"b";s:27:"admin.journal-voucher.print";s:1:"c";s:3:"web";s:1:"r";a:2:{i:0;i:1;i:1;i:2;}}i:162;a:4:{s:1:"a";i:223;s:1:"b";s:29:"admin.journal-voucher.destroy";s:1:"c";s:3:"web";s:1:"r";a:2:{i:0;i:1;i:1;i:2;}}i:163;a:4:{s:1:"a";i:224;s:1:"b";s:27:"admin.journal-voucher.trash";s:1:"c";s:3:"web";s:1:"r";a:2:{i:0;i:1;i:1;i:2;}}i:164;a:4:{s:1:"a";i:230;s:1:"b";s:16:"Rooms Management";s:1:"c";s:3:"web";s:1:"r";a:1:{i:0;i:1;}}i:165;a:4:{s:1:"a";i:231;s:1:"b";s:11:"Room Manage";s:1:"c";s:3:"web";s:1:"r";a:1:{i:0;i:1;}}i:166;a:4:{s:1:"a";i:232;s:1:"b";s:20:"Room Type Management";s:1:"c";s:3:"web";s:1:"r";a:1:{i:0;i:1;}}i:167;a:4:{s:1:"a";i:233;s:1:"b";s:11:"Room Type 1";s:1:"c";s:3:"web";s:1:"r";a:1:{i:0;i:1;}}i:168;a:4:{s:1:"a";i:234;s:1:"b";s:18:"Booking Management";s:1:"c";s:3:"web";s:1:"r";a:1:{i:0;i:1;}}i:169;a:4:{s:1:"a";i:235;s:1:"b";s:16:"Booking Manage 1";s:1:"c";s:3:"web";s:1:"r";a:1:{i:0;i:1;}}i:170;a:4:{s:1:"a";i:236;s:1:"b";s:20:"admin.services.index";s:1:"c";s:3:"web";s:1:"r";a:1:{i:0;i:1;}}i:171;a:4:{s:1:"a";i:237;s:1:"b";s:14:"Gallery Manage";s:1:"c";s:3:"web";s:1:"r";a:1:{i:0;i:1;}}i:172;a:4:{s:1:"a";i:238;s:1:"b";s:18:"Testimonial Manage";s:1:"c";s:3:"web";s:1:"r";a:1:{i:0;i:1;}}i:173;a:4:{s:1:"a";i:239;s:1:"b";s:12:"About Manage";s:1:"c";s:3:"web";s:1:"r";a:1:{i:0;i:1;}}}s:5:"roles";a:3:{i:0;a:3:{s:1:"a";i:1;s:1:"b";s:14:"Software Admin";s:1:"c";s:3:"web";}i:1;a:3:{s:1:"a";i:2;s:1:"b";s:12:"System Admin";s:1:"c";s:3:"web";}i:2;a:3:{s:1:"a";i:3;s:1:"b";s:8:"Investor";s:1:"c";s:3:"web";}}}', 1771389842);

-- Dumping structure for table amar_hostel.cache_locks
DROP TABLE IF EXISTS `cache_locks`;
CREATE TABLE IF NOT EXISTS `cache_locks` (
  `key` varchar(255) COLLATE utf8mb4_unicode_ci NOT NULL,
  `owner` varchar(255) COLLATE utf8mb4_unicode_ci NOT NULL,
  `expiration` int NOT NULL,
  PRIMARY KEY (`key`)
) ENGINE=InnoDB DEFAULT CHARSET=utf8mb4 COLLATE=utf8mb4_unicode_ci;

-- Dumping data for table amar_hostel.cache_locks: ~0 rows (approximately)
DELETE FROM `cache_locks`;

-- Dumping structure for table amar_hostel.categories
DROP TABLE IF EXISTS `categories`;
CREATE TABLE IF NOT EXISTS `categories` (
  `id` bigint unsigned NOT NULL AUTO_INCREMENT,
  `name` varchar(255) COLLATE utf8mb4_unicode_ci NOT NULL,
  `created_at` timestamp NULL DEFAULT NULL,
  `updated_at` timestamp NULL DEFAULT NULL,
  PRIMARY KEY (`id`)
) ENGINE=InnoDB AUTO_INCREMENT=5 DEFAULT CHARSET=utf8mb4 COLLATE=utf8mb4_unicode_ci;

-- Dumping data for table amar_hostel.categories: ~4 rows (approximately)
DELETE FROM `categories`;
INSERT INTO `categories` (`id`, `name`, `created_at`, `updated_at`) VALUES
	(1, 'Single', '2026-02-08 03:21:14', '2026-02-08 03:23:49'),
	(2, 'Double', '2026-02-08 03:23:00', '2026-02-08 03:23:00'),
	(3, 'Deluxe Twin', '2026-02-08 03:23:42', '2026-02-08 03:23:42'),
	(4, 'Dormitory', '2026-02-08 03:24:07', '2026-02-08 03:24:07');

-- Dumping structure for table amar_hostel.clients
DROP TABLE IF EXISTS `clients`;
CREATE TABLE IF NOT EXISTS `clients` (
  `id` bigint unsigned NOT NULL AUTO_INCREMENT,
  `coa_id` bigint unsigned DEFAULT NULL,
  `region_id` bigint unsigned DEFAULT NULL,
  `area_id` bigint unsigned DEFAULT NULL,
  `territory_id` bigint unsigned DEFAULT NULL,
  `code` varchar(255) CHARACTER SET utf8mb4 COLLATE utf8mb4_unicode_ci DEFAULT NULL,
  `name` varchar(255) CHARACTER SET utf8mb4 COLLATE utf8mb4_unicode_ci NOT NULL,
  `contact_person` varchar(255) CHARACTER SET utf8mb4 COLLATE utf8mb4_unicode_ci DEFAULT NULL,
  `phone` varchar(255) CHARACTER SET utf8mb4 COLLATE utf8mb4_unicode_ci DEFAULT NULL,
  `email` varchar(255) CHARACTER SET utf8mb4 COLLATE utf8mb4_unicode_ci DEFAULT NULL,
  `address` varchar(255) CHARACTER SET utf8mb4 COLLATE utf8mb4_unicode_ci DEFAULT NULL,
  `credit_limit` decimal(16,0) DEFAULT NULL,
  `bin_no` varchar(255) CHARACTER SET utf8mb4 COLLATE utf8mb4_unicode_ci DEFAULT NULL,
  `status` tinyint(1) NOT NULL DEFAULT '1',
  `created_by` bigint unsigned DEFAULT NULL,
  `updated_by` bigint unsigned DEFAULT NULL,
  `deleted_by` bigint unsigned DEFAULT NULL,
  `deleted_at` timestamp NULL DEFAULT NULL,
  `created_at` timestamp NULL DEFAULT NULL,
  `updated_at` timestamp NULL DEFAULT NULL,
  PRIMARY KEY (`id`),
  UNIQUE KEY `clients_code_unique` (`code`),
  KEY `clients_coa_id_foreign` (`coa_id`),
  KEY `clients_region_id_foreign` (`region_id`),
  KEY `clients_area_id_foreign` (`area_id`),
  KEY `clients_territory_id_foreign` (`territory_id`),
  KEY `clients_created_by_foreign` (`created_by`),
  KEY `clients_updated_by_foreign` (`updated_by`),
  KEY `clients_deleted_by_foreign` (`deleted_by`),
  CONSTRAINT `clients_area_id_foreign` FOREIGN KEY (`area_id`) REFERENCES `areas` (`id`) ON DELETE SET NULL,
  CONSTRAINT `clients_coa_id_foreign` FOREIGN KEY (`coa_id`) REFERENCES `coas` (`id`) ON DELETE SET NULL,
  CONSTRAINT `clients_created_by_foreign` FOREIGN KEY (`created_by`) REFERENCES `users` (`id`) ON DELETE SET NULL,
  CONSTRAINT `clients_deleted_by_foreign` FOREIGN KEY (`deleted_by`) REFERENCES `users` (`id`) ON DELETE SET NULL,
  CONSTRAINT `clients_region_id_foreign` FOREIGN KEY (`region_id`) REFERENCES `regions` (`id`) ON DELETE SET NULL,
  CONSTRAINT `clients_territory_id_foreign` FOREIGN KEY (`territory_id`) REFERENCES `territories` (`id`) ON DELETE SET NULL,
  CONSTRAINT `clients_updated_by_foreign` FOREIGN KEY (`updated_by`) REFERENCES `users` (`id`) ON DELETE SET NULL
) ENGINE=InnoDB AUTO_INCREMENT=68 DEFAULT CHARSET=utf8mb4 COLLATE=utf8mb4_unicode_ci;

-- Dumping data for table amar_hostel.clients: ~64 rows (approximately)
DELETE FROM `clients`;
INSERT INTO `clients` (`id`, `coa_id`, `region_id`, `area_id`, `territory_id`, `code`, `name`, `contact_person`, `phone`, `email`, `address`, `credit_limit`, `bin_no`, `status`, `created_by`, `updated_by`, `deleted_by`, `deleted_at`, `created_at`, `updated_at`) VALUES
	(3, 127, 1, 1, 1, NULL, 'Apon Library', 'Deen Mohammad', NULL, NULL, NULL, NULL, NULL, 1, 10, NULL, NULL, NULL, '2025-10-25 00:36:24', '2025-10-25 00:36:24'),
	(4, 128, 9, 14, 1, NULL, 'Saiful Shaheb', NULL, NULL, NULL, NULL, NULL, NULL, 0, 10, NULL, NULL, NULL, '2025-10-26 00:26:48', '2025-11-01 02:01:21'),
	(5, 129, 9, 14, 1, NULL, 'Ali Ahammad Bahar', NULL, NULL, NULL, NULL, NULL, NULL, 1, 10, NULL, NULL, NULL, '2025-10-26 00:28:32', '2025-11-01 02:01:18'),
	(6, 130, 9, 14, 1, NULL, 'Tso Mostafa', NULL, NULL, NULL, NULL, NULL, NULL, 0, 10, NULL, NULL, NULL, '2025-10-26 00:29:20', '2025-11-01 02:01:17'),
	(7, 131, 5, 15, 2, NULL, 'Moonlight Library', NULL, NULL, NULL, NULL, NULL, NULL, 1, 10, 10, NULL, NULL, '2025-10-26 00:30:53', '2025-11-01 02:01:15'),
	(9, 141, 7, 16, 4, NULL, 'Tso Anamul', NULL, NULL, NULL, NULL, NULL, NULL, 0, 10, NULL, NULL, NULL, '2025-10-26 03:04:53', '2025-11-01 02:01:13'),
	(10, 142, 9, 14, 1, NULL, 'Tso Bahar', NULL, NULL, NULL, NULL, NULL, NULL, 0, 10, NULL, NULL, NULL, '2025-10-26 03:13:58', '2025-11-01 02:01:12'),
	(11, 143, 1, 47, 49, NULL, 'কারেন্ট লাইব্রেরী মালিবাগ', NULL, NULL, NULL, NULL, NULL, NULL, 1, 10, 10, NULL, NULL, '2025-10-29 23:19:00', '2025-11-01 01:09:24'),
	(12, 144, 1, 1, 44, NULL, 'ইউনিটি বুক সাপ্লাই নীলক্ষেত (M)', NULL, NULL, NULL, NULL, NULL, NULL, 1, 10, 10, NULL, NULL, '2025-10-29 23:23:27', '2025-11-01 01:06:57'),
	(13, 145, 1, 23, 47, NULL, 'গাজীপুর, মাওনা', NULL, NULL, NULL, NULL, NULL, NULL, 1, 10, NULL, 10, '2025-11-01 01:12:16', '2025-11-01 01:12:07', '2025-11-01 01:12:16'),
	(14, 146, 1, 23, 47, NULL, 'গাজীপুর, মাওনা', NULL, NULL, NULL, NULL, NULL, NULL, 1, 10, NULL, NULL, NULL, '2025-11-01 01:12:07', '2025-11-01 01:12:07'),
	(15, 147, 1, 20, 32, NULL, 'সাভার', NULL, NULL, NULL, NULL, NULL, NULL, 1, 10, NULL, NULL, NULL, '2025-11-01 01:12:54', '2025-11-01 01:12:54'),
	(16, 148, 2, 24, 28, NULL, 'পিরোজপুর', NULL, NULL, NULL, NULL, NULL, NULL, 1, 10, NULL, NULL, NULL, '2025-11-01 01:24:22', '2025-11-01 01:24:22'),
	(17, 149, 2, 4, 45, NULL, 'পটুয়াখালী', NULL, NULL, NULL, NULL, NULL, NULL, 1, 10, NULL, NULL, NULL, '2025-11-01 01:24:55', '2025-11-01 01:24:55'),
	(18, 150, 2, 25, 46, NULL, 'বরগুনা', NULL, NULL, NULL, NULL, NULL, NULL, 1, 10, NULL, NULL, NULL, '2025-11-01 01:30:07', '2025-11-01 01:30:07'),
	(19, 151, 3, 26, 26, NULL, 'যশোর', NULL, NULL, NULL, NULL, NULL, NULL, 1, 10, NULL, NULL, NULL, '2025-11-01 01:32:05', '2025-11-01 01:32:05'),
	(20, 152, 3, 27, 25, NULL, 'নোয়াপাড়া', NULL, NULL, NULL, NULL, NULL, NULL, 1, 10, NULL, NULL, NULL, '2025-11-01 01:32:49', '2025-11-01 01:32:49'),
	(21, 153, 4, 6, 40, NULL, 'শেরপুর', NULL, NULL, NULL, NULL, NULL, NULL, 1, 10, NULL, NULL, NULL, '2025-11-01 01:33:32', '2025-11-01 01:33:32'),
	(22, 154, 4, 28, 24, NULL, 'জামালপুর', NULL, NULL, NULL, NULL, NULL, NULL, 1, 10, NULL, NULL, NULL, '2025-11-01 01:34:07', '2025-11-01 01:34:07'),
	(23, 155, 4, 29, 23, NULL, 'নেত্রকোনা', NULL, NULL, NULL, NULL, NULL, NULL, 1, 10, NULL, NULL, NULL, '2025-11-01 01:34:30', '2025-11-01 01:34:30'),
	(24, 156, 4, 30, 22, NULL, 'টাঙ্গাইল', NULL, NULL, NULL, NULL, NULL, NULL, 1, 10, NULL, NULL, NULL, '2025-11-01 01:35:09', '2025-11-01 01:35:09'),
	(25, 157, 4, 31, 21, NULL, 'ময়মনসিংহ', NULL, NULL, NULL, NULL, NULL, NULL, 1, 10, NULL, NULL, NULL, '2025-11-01 01:36:08', '2025-11-01 01:36:08'),
	(26, 158, 7, 35, 17, NULL, 'চাঁদপুর', NULL, NULL, NULL, NULL, NULL, NULL, 1, 10, NULL, NULL, NULL, '2025-11-01 01:36:45', '2025-11-01 01:36:45'),
	(27, 159, 7, 32, 19, NULL, 'কুমিল্লা', NULL, NULL, NULL, NULL, NULL, NULL, 1, 10, NULL, NULL, NULL, '2025-11-01 01:37:12', '2025-11-01 01:37:12'),
	(28, 160, 7, 33, 20, NULL, 'চট্টগ্রাম', NULL, NULL, NULL, NULL, NULL, NULL, 1, 10, NULL, NULL, NULL, '2025-11-01 01:37:41', '2025-11-01 01:37:41'),
	(29, 161, 7, 34, 18, NULL, 'ফেনী', NULL, NULL, NULL, NULL, NULL, NULL, 1, 10, NULL, NULL, NULL, '2025-11-01 01:38:15', '2025-11-01 01:38:15'),
	(30, 162, 8, 36, 16, NULL, 'সিলেট', NULL, NULL, NULL, NULL, NULL, NULL, 1, 10, NULL, NULL, NULL, '2025-11-01 01:39:40', '2025-11-01 01:39:40'),
	(31, 163, 8, 37, 15, NULL, 'হবিগঞ্জ', NULL, NULL, NULL, NULL, NULL, NULL, 1, 10, NULL, NULL, NULL, '2025-11-01 01:40:24', '2025-11-01 01:40:24'),
	(32, 164, 8, 38, 14, NULL, 'মৌলভীবাজার', NULL, NULL, NULL, NULL, NULL, NULL, 1, 10, NULL, NULL, NULL, '2025-11-01 01:44:44', '2025-11-01 01:44:44'),
	(33, 165, 8, 39, 13, NULL, 'সুনামগঞ্জ', NULL, NULL, NULL, NULL, NULL, NULL, 1, 10, NULL, NULL, NULL, '2025-11-01 01:45:35', '2025-11-01 01:45:35'),
	(34, 166, 2, 48, 50, NULL, 'ঝালকাঠি', NULL, NULL, NULL, NULL, NULL, NULL, 1, 10, NULL, NULL, NULL, '2025-11-01 01:46:31', '2025-11-01 01:46:31'),
	(35, 167, 2, 2, 48, NULL, 'ভোলা', NULL, NULL, NULL, NULL, NULL, NULL, 1, 10, NULL, NULL, NULL, '2025-11-01 01:47:19', '2025-11-01 01:47:19'),
	(36, 168, 1, 1, 44, NULL, 'নীলক্ষেত', NULL, NULL, NULL, NULL, NULL, NULL, 1, 10, NULL, NULL, NULL, '2025-11-01 01:47:43', '2025-11-01 01:47:43'),
	(37, 169, 1, 11, 36, NULL, 'নরসিংদী', NULL, NULL, NULL, NULL, NULL, NULL, 1, 10, NULL, NULL, NULL, '2025-11-01 01:48:14', '2025-11-01 01:48:14'),
	(38, 170, 1, 22, 29, NULL, 'মাধবদী, নরসিংদী', NULL, NULL, NULL, NULL, NULL, NULL, 1, 10, NULL, NULL, NULL, '2025-11-01 01:49:38', '2025-11-01 01:49:38'),
	(39, 171, 1, 21, 30, NULL, 'মুন্সীগঞ্জ,', NULL, NULL, NULL, NULL, NULL, NULL, 1, 10, NULL, NULL, NULL, '2025-11-01 01:50:07', '2025-11-01 01:50:07'),
	(40, 172, 1, 49, 51, NULL, 'নারায়ণগঞ্জ', NULL, NULL, NULL, NULL, NULL, NULL, 1, 10, NULL, NULL, NULL, '2025-11-01 01:50:46', '2025-11-01 01:50:46'),
	(41, 173, 5, 40, 12, NULL, 'সিরাজগঞ্জ', NULL, NULL, NULL, NULL, NULL, NULL, 1, 10, NULL, NULL, NULL, '2025-11-01 01:52:22', '2025-11-01 01:52:22'),
	(42, 174, 5, 41, 11, NULL, 'পাবনা', NULL, NULL, NULL, NULL, NULL, NULL, 1, 10, NULL, NULL, NULL, '2025-11-01 01:52:57', '2025-11-01 01:52:57'),
	(43, 175, 5, 42, 10, NULL, 'রাজশাহী', NULL, NULL, NULL, NULL, NULL, NULL, 1, 10, NULL, NULL, NULL, '2025-11-01 01:53:28', '2025-11-01 01:53:28'),
	(44, 176, 5, 3, 9, NULL, 'বগুড়া', NULL, NULL, NULL, NULL, NULL, NULL, 1, 10, NULL, NULL, NULL, '2025-11-01 01:54:07', '2025-11-01 01:54:07'),
	(45, 177, 5, 13, 33, NULL, 'ঈশ্বরদী', NULL, NULL, NULL, NULL, NULL, NULL, 1, 10, NULL, NULL, NULL, '2025-11-01 01:55:02', '2025-11-01 01:55:02'),
	(46, 178, 5, 12, 35, NULL, 'চাঁপাইনবাবগঞ্জ', NULL, NULL, NULL, NULL, NULL, NULL, 1, 10, NULL, NULL, NULL, '2025-11-01 01:55:34', '2025-11-01 01:55:34'),
	(47, 179, 5, 12, 35, NULL, 'চাঁপাইনবাবগঞ্জ', NULL, NULL, NULL, NULL, NULL, NULL, 1, 10, NULL, 10, '2025-11-01 01:55:58', '2025-11-01 01:55:34', '2025-11-01 01:55:58'),
	(48, 180, 5, 5, 41, NULL, 'নওগাঁ', NULL, NULL, NULL, NULL, NULL, NULL, 1, 10, NULL, NULL, NULL, '2025-11-01 01:56:49', '2025-11-01 01:56:49'),
	(49, 181, 6, 44, 8, NULL, 'রংপুর', NULL, NULL, NULL, NULL, NULL, NULL, 1, 10, NULL, NULL, NULL, '2025-11-01 01:57:25', '2025-11-01 01:57:25'),
	(50, 182, 6, 45, 5, NULL, 'পঞ্চগড়', NULL, NULL, NULL, NULL, NULL, NULL, 1, 10, NULL, NULL, NULL, '2025-11-01 01:57:51', '2025-11-01 01:57:51'),
	(51, 183, 6, 9, 38, NULL, 'দিনাজপুর', NULL, NULL, NULL, NULL, NULL, NULL, 1, 10, NULL, NULL, NULL, '2025-11-01 01:58:55', '2025-11-01 01:58:55'),
	(52, 184, 6, 8, 7, NULL, 'গাইবান্ধা', NULL, NULL, NULL, NULL, NULL, NULL, 1, 10, NULL, NULL, NULL, '2025-11-01 01:59:28', '2025-11-01 01:59:28'),
	(53, 185, 6, 10, 37, NULL, 'লালমনিরহাট', NULL, NULL, NULL, NULL, NULL, NULL, 1, 10, NULL, NULL, NULL, '2025-11-01 01:59:46', '2025-11-01 01:59:46'),
	(54, 186, 3, 7, 39, NULL, 'কুষ্টিয়া', NULL, NULL, NULL, NULL, NULL, NULL, 1, 10, NULL, NULL, NULL, '2025-11-01 02:00:34', '2025-11-01 02:00:34'),
	(55, 187, 3, 46, 52, NULL, 'সোহাগ বুক ডিপো', NULL, NULL, NULL, NULL, NULL, NULL, 1, 10, NULL, NULL, NULL, '2025-11-02 02:43:36', '2025-11-02 02:43:36'),
	(56, 188, 3, 46, 52, NULL, 'খুলনা', NULL, NULL, NULL, NULL, NULL, NULL, 1, 10, NULL, NULL, NULL, '2025-11-02 03:01:26', '2025-11-02 03:01:26'),
	(57, 189, 2, 50, 53, NULL, 'বরিশাল', NULL, NULL, NULL, NULL, NULL, NULL, 1, 10, NULL, NULL, NULL, '2025-11-02 03:06:19', '2025-11-02 03:06:19'),
	(58, 228, 3, 46, 52, NULL, 'ঝিনাইদাহ', NULL, NULL, NULL, NULL, NULL, NULL, 1, 10, NULL, NULL, NULL, '2025-12-21 21:52:04', '2025-12-21 21:52:04'),
	(59, 229, 1, 47, 49, NULL, 'মীরপুর (১০)', NULL, NULL, NULL, NULL, NULL, NULL, 1, 10, NULL, NULL, NULL, '2025-12-21 21:54:34', '2025-12-21 21:54:34'),
	(60, 230, 1, 11, 36, NULL, 'মীরপুর (2)', NULL, NULL, NULL, NULL, NULL, NULL, 1, 10, NULL, NULL, NULL, '2025-12-21 21:54:52', '2025-12-21 21:54:52'),
	(61, 231, 1, 11, 36, NULL, 'ফার্মগেট', NULL, NULL, NULL, NULL, NULL, NULL, 1, 10, NULL, NULL, NULL, '2025-12-21 21:55:10', '2025-12-21 21:55:10'),
	(62, 232, 1, 1, 44, NULL, 'নেক্সাস', NULL, NULL, NULL, NULL, NULL, NULL, 1, 10, NULL, NULL, NULL, '2025-12-23 21:46:21', '2025-12-23 21:46:21'),
	(63, 269, 1, 51, 54, NULL, 'রকমারি', NULL, NULL, NULL, NULL, NULL, NULL, 1, 1, NULL, NULL, NULL, '2026-01-24 05:23:13', '2026-01-24 05:23:13'),
	(64, 270, 5, 3, 9, NULL, 'নাটোর', NULL, NULL, NULL, NULL, NULL, NULL, 1, 1, NULL, NULL, NULL, '2026-01-30 09:35:18', '2026-01-30 09:35:18'),
	(65, 271, 4, 31, 21, NULL, 'পপুলার লাইব্রেরী ক্তাগাছা, ময়মনসিংহ', NULL, NULL, NULL, NULL, NULL, NULL, 1, 1, NULL, NULL, NULL, '2026-01-30 09:52:50', '2026-01-30 09:52:50'),
	(66, 272, 4, 31, 21, NULL, 'আরাফাত লাইব্রেরী ক্তাগাছা, ময়মনসিংহ', NULL, NULL, NULL, NULL, NULL, NULL, 1, 1, NULL, NULL, NULL, '2026-01-30 09:53:11', '2026-01-30 09:53:11'),
	(67, 273, 6, 45, 5, NULL, 'ঠাকুর গাঁও', NULL, NULL, NULL, NULL, NULL, NULL, 1, 1, NULL, NULL, NULL, '2026-02-04 05:38:55', '2026-02-04 05:38:55');

-- Dumping structure for table amar_hostel.coas
DROP TABLE IF EXISTS `coas`;
CREATE TABLE IF NOT EXISTS `coas` (
  `id` bigint unsigned NOT NULL AUTO_INCREMENT,
  `parent_id` bigint unsigned DEFAULT NULL,
  `head_code` bigint NOT NULL,
  `head_name` varchar(255) CHARACTER SET utf8mb4 COLLATE utf8mb4_unicode_ci NOT NULL,
  `transaction` tinyint(1) NOT NULL DEFAULT '0',
  `general` tinyint(1) NOT NULL DEFAULT '0',
  `head_type` varchar(255) CHARACTER SET utf8mb4 COLLATE utf8mb4_unicode_ci NOT NULL,
  `status` tinyint(1) NOT NULL DEFAULT '1',
  `updateable` tinyint(1) NOT NULL DEFAULT '1',
  `created_by` bigint unsigned DEFAULT NULL,
  `updated_by` bigint unsigned DEFAULT NULL,
  `deleted_by` bigint unsigned DEFAULT NULL,
  `deleted_at` timestamp NULL DEFAULT NULL,
  `created_at` timestamp NULL DEFAULT NULL,
  `updated_at` timestamp NULL DEFAULT NULL,
  PRIMARY KEY (`id`),
  UNIQUE KEY `coas_head_code_unique` (`head_code`),
  KEY `coas_parent_id_foreign` (`parent_id`),
  KEY `coas_created_by_foreign` (`created_by`),
  KEY `coas_updated_by_foreign` (`updated_by`),
  KEY `coas_deleted_by_foreign` (`deleted_by`),
  CONSTRAINT `coas_created_by_foreign` FOREIGN KEY (`created_by`) REFERENCES `users` (`id`) ON DELETE SET NULL,
  CONSTRAINT `coas_deleted_by_foreign` FOREIGN KEY (`deleted_by`) REFERENCES `users` (`id`) ON DELETE SET NULL,
  CONSTRAINT `coas_parent_id_foreign` FOREIGN KEY (`parent_id`) REFERENCES `coas` (`id`) ON DELETE SET NULL,
  CONSTRAINT `coas_updated_by_foreign` FOREIGN KEY (`updated_by`) REFERENCES `users` (`id`) ON DELETE SET NULL
) ENGINE=InnoDB AUTO_INCREMENT=275 DEFAULT CHARSET=utf8mb4 COLLATE=utf8mb4_unicode_ci;

-- Dumping data for table amar_hostel.coas: ~212 rows (approximately)
DELETE FROM `coas`;
INSERT INTO `coas` (`id`, `parent_id`, `head_code`, `head_name`, `transaction`, `general`, `head_type`, `status`, `updateable`, `created_by`, `updated_by`, `deleted_by`, `deleted_at`, `created_at`, `updated_at`) VALUES
	(1, NULL, 1, 'Assets', 0, 0, 'A', 1, 0, 1, NULL, NULL, NULL, '2025-06-17 12:32:17', '2025-06-17 12:32:17'),
	(2, NULL, 2, 'Liabilities', 0, 0, 'L', 1, 0, 1, NULL, NULL, NULL, '2025-06-17 12:32:17', '2025-06-17 12:32:17'),
	(3, NULL, 3, 'Income', 0, 0, 'I', 1, 0, 1, NULL, NULL, NULL, '2025-06-17 12:34:45', '2025-06-17 12:34:45'),
	(4, NULL, 4, 'Expense', 0, 0, 'E', 1, 0, 1, NULL, NULL, NULL, '2025-06-17 12:34:45', '2025-06-17 12:34:45'),
	(5, 1, 101, 'Current Asset', 0, 0, 'A', 1, 0, 1, NULL, NULL, NULL, '2025-06-17 06:41:07', '2025-06-17 06:41:07'),
	(6, 1, 102, 'Fixed Asset', 0, 0, 'A', 1, 0, 1, NULL, NULL, NULL, '2025-06-17 06:48:44', '2025-06-17 06:48:44'),
	(7, 5, 10101, 'Cash Receivable', 0, 1, 'A', 1, 0, 1, NULL, NULL, NULL, '2025-06-17 06:48:58', '2025-06-17 06:48:58'),
	(8, 5, 10102, 'Cash In Hand', 0, 1, 'A', 1, 0, 1, NULL, NULL, NULL, '2025-06-17 06:49:12', '2025-06-17 06:49:12'),
	(9, 5, 10103, 'Cash at Bank', 0, 1, 'A', 1, 0, 1, NULL, NULL, NULL, '2025-06-17 06:49:30', '2025-06-17 06:49:30'),
	(10, 2, 201, 'Cash Payable', 0, 1, 'L', 1, 0, 1, NULL, NULL, NULL, '2025-06-17 06:50:27', '2025-06-17 06:50:27'),
	(11, 2, 202, 'Investor Capital', 0, 1, 'L', 1, 0, 1, NULL, NULL, NULL, '2025-06-17 06:50:42', '2025-06-17 06:50:42'),
	(13, 8, 1010201, 'Cash at Fattah', 1, 0, 'A', 1, 1, 1, NULL, NULL, NULL, '2025-06-18 00:10:11', '2025-06-18 00:10:11'),
	(14, 9, 1010301, 'UCB Bank (33217)', 1, 0, 'A', 1, 1, 1, NULL, NULL, NULL, '2025-06-18 00:10:23', '2025-06-18 00:10:23'),
	(26, 3, 301, 'Project Income', 0, 1, 'I', 1, 0, 1, NULL, NULL, NULL, '2025-06-22 22:49:53', '2025-06-22 22:49:53'),
	(27, 4, 401, 'Project Expense', 0, 1, 'E', 1, 0, 1, NULL, NULL, NULL, '2025-06-22 22:50:06', '2025-06-22 22:50:06'),
	(42, 4, 402, 'Investor Profit', 0, 1, 'E', 1, 1, 1, NULL, NULL, NULL, '2025-07-01 21:56:15', '2025-07-01 21:56:15'),
	(62, 3, 302, 'Direct Income', 0, 1, 'I', 1, 1, 1, NULL, NULL, NULL, '2025-07-20 06:35:32', '2025-07-20 06:35:32'),
	(63, 62, 30201, 'Product Sales', 1, 0, 'I', 1, 1, 1, NULL, NULL, NULL, '2025-07-20 06:35:37', '2025-07-20 06:35:37'),
	(64, 62, 30202, 'Sales Return', 1, 0, 'I', 1, 1, 1, NULL, NULL, NULL, '2025-07-21 07:01:16', '2025-07-21 07:01:16'),
	(70, 11, 20202, 'Faysal Ovi', 1, 0, 'L', 1, 0, 1, NULL, NULL, NULL, '2025-07-26 05:54:59', '2025-07-26 05:54:59'),
	(71, 42, 40202, 'Faysal Ovi - Profit', 1, 0, 'E', 1, 0, 1, NULL, NULL, NULL, '2025-07-26 05:54:59', '2025-07-26 05:54:59'),
	(72, 11, 20203, 'SK Turag', 1, 0, 'L', 1, 0, 1, NULL, NULL, NULL, '2025-07-26 05:56:27', '2025-07-26 05:56:27'),
	(73, 42, 40203, 'SK Turag - Profit', 1, 0, 'E', 1, 0, 1, NULL, NULL, NULL, '2025-07-26 05:56:27', '2025-07-26 05:56:27'),
	(74, 11, 20204, 'Ibrahim Kholil', 1, 0, 'L', 1, 0, 1, NULL, NULL, NULL, '2025-08-03 06:26:44', '2025-08-03 06:26:44'),
	(75, 42, 40204, 'Ibrahim Kholil - Profit', 1, 0, 'E', 1, 0, 1, NULL, NULL, NULL, '2025-08-03 06:26:44', '2025-08-03 06:26:44'),
	(77, 11, 20205, 'Rana Ibrahim', 1, 0, 'L', 1, 0, 1, NULL, NULL, NULL, '2025-08-04 00:29:56', '2025-08-04 00:29:56'),
	(78, 42, 40205, 'Rana Ibrahim - Profit', 1, 0, 'E', 1, 0, 1, NULL, NULL, NULL, '2025-08-04 00:29:56', '2025-08-04 00:29:56'),
	(79, 11, 20206, 'Kartik Biswas', 1, 0, 'L', 1, 0, 1, NULL, NULL, NULL, '2025-08-13 02:44:17', '2025-08-13 02:44:17'),
	(80, 42, 40206, 'Kartik Biswas - Profit', 1, 0, 'E', 1, 0, 1, NULL, NULL, NULL, '2025-08-13 02:44:17', '2025-08-13 02:44:17'),
	(81, 2, 203, 'Share Equity', 0, 1, 'L', 1, 1, 1, 1, NULL, NULL, '2025-08-31 21:49:37', '2025-08-31 21:49:40'),
	(82, 81, 20301, 'Business Box', 1, 0, 'L', 1, 1, 1, NULL, NULL, NULL, '2025-08-31 21:49:55', '2025-08-31 21:49:55'),
	(83, 11, 20207, 'Mamunur Rashid', 1, 0, 'L', 1, 0, 1, NULL, NULL, NULL, '2025-08-31 22:36:09', '2025-08-31 22:36:09'),
	(84, 42, 40207, 'Mamunur Rashid - Profit', 1, 0, 'E', 1, 0, 1, NULL, NULL, NULL, '2025-08-31 22:36:09', '2025-08-31 22:36:09'),
	(85, 4, 403, 'Operational Exp.', 0, 1, 'E', 1, 1, 1, NULL, NULL, NULL, '2025-08-31 22:58:16', '2025-08-31 22:58:16'),
	(86, 4, 404, 'Documentation Exp.', 0, 1, 'E', 1, 1, 1, NULL, NULL, NULL, '2025-08-31 22:59:00', '2025-08-31 22:59:00'),
	(87, 86, 40401, 'Agreement Prepare & Notery', 1, 0, 'E', 1, 1, 1, NULL, NULL, NULL, '2025-08-31 22:59:10', '2025-08-31 22:59:10'),
	(89, 6, 10201, 'Electronics & Devices', 0, 1, 'A', 1, 1, 1, NULL, NULL, NULL, '2025-08-31 22:59:50', '2025-08-31 22:59:50'),
	(90, 4, 405, 'Salary & Remunaration', 0, 1, 'E', 1, 1, 1, 1, NULL, NULL, '2025-08-31 23:00:06', '2025-08-31 23:00:17'),
	(91, 89, 1020101, 'Computer, Laptop, Printer', 1, 0, 'A', 1, 1, 1, 1, NULL, NULL, '2025-08-31 23:00:46', '2025-08-31 23:01:09'),
	(92, 27, 40101, 'Book Publication', 1, 0, 'E', 1, 1, 1, NULL, NULL, NULL, '2025-08-31 23:08:37', '2025-08-31 23:08:37'),
	(93, 85, 40301, 'Stationary Equipment', 1, 0, 'E', 1, 1, 1, NULL, NULL, NULL, '2025-08-31 23:19:14', '2025-08-31 23:19:14'),
	(94, 85, 40302, 'Books load unload', 1, 0, 'E', 1, 1, 1, NULL, NULL, NULL, '2025-08-31 23:20:30', '2025-08-31 23:20:30'),
	(95, 85, 40303, 'Office Rent', 1, 0, 'E', 1, 1, 1, NULL, NULL, NULL, '2025-08-31 23:23:35', '2025-08-31 23:23:35'),
	(96, 11, 20208, 'Abdullah Faysal', 1, 0, 'L', 1, 0, 1, NULL, NULL, NULL, '2025-09-08 03:55:39', '2025-09-08 03:55:39'),
	(97, 42, 40208, 'Abdullah Faysal - Profit', 1, 0, 'E', 1, 0, 1, NULL, NULL, NULL, '2025-09-08 03:55:39', '2025-09-08 03:55:39'),
	(98, 8, 1010202, 'Cash at CEO Sir', 1, 0, 'A', 1, 1, 1, NULL, NULL, NULL, '2025-09-13 23:36:20', '2025-09-13 23:36:20'),
	(99, 89, 1020102, 'Mobile Purchase', 1, 0, 'A', 1, 1, 1, NULL, NULL, NULL, '2025-09-18 04:29:43', '2025-09-18 04:29:43'),
	(100, 85, 40304, 'Book Purchase', 1, 0, 'E', 1, 1, 1, NULL, NULL, NULL, '2025-09-18 04:41:25', '2025-09-18 04:41:25'),
	(101, 85, 40305, 'Food Expense', 1, 0, 'E', 1, 1, 1, NULL, NULL, NULL, '2025-09-18 04:58:36', '2025-09-18 04:58:36'),
	(102, 85, 40306, 'Compose Expense', 1, 0, 'E', 1, 1, 1, NULL, NULL, NULL, '2025-09-18 05:02:35', '2025-09-18 05:02:35'),
	(103, 85, 40307, 'Writer Expnese', 1, 0, 'E', 1, 1, 1, NULL, NULL, NULL, '2025-09-18 05:02:50', '2025-09-18 05:02:50'),
	(104, 85, 40308, 'Proof Expense', 1, 0, 'E', 1, 1, 1, NULL, NULL, NULL, '2025-09-18 05:03:04', '2025-09-18 05:03:04'),
	(105, 85, 40309, 'Conveyance Exp.', 1, 0, 'E', 1, 1, 1, NULL, NULL, NULL, '2025-09-18 05:12:55', '2025-09-18 05:12:55'),
	(106, 85, 40310, 'Mobile Recharge', 1, 0, 'E', 1, 1, 1, NULL, NULL, NULL, '2025-09-18 05:13:20', '2025-09-18 05:13:20'),
	(107, 85, 40311, 'Bkash Charge', 1, 0, 'E', 1, 1, 1, NULL, NULL, NULL, '2025-09-18 05:13:32', '2025-09-18 05:13:32'),
	(108, 85, 40312, 'Miscellaneous Expenses', 1, 0, 'E', 1, 1, 1, NULL, NULL, NULL, '2025-09-18 05:14:31', '2025-09-18 05:14:31'),
	(109, 85, 40313, 'Keyboard Purchase', 1, 0, 'E', 1, 1, 1, NULL, NULL, NULL, '2025-09-18 05:27:32', '2025-09-18 05:27:32'),
	(110, 85, 40314, 'Packaging Expense', 1, 0, 'E', 1, 1, 10, NULL, NULL, NULL, '2025-09-19 23:33:12', '2025-09-19 23:33:12'),
	(111, 85, 40315, 'Computer Servicing', 1, 0, 'E', 1, 1, 10, NULL, NULL, NULL, '2025-09-20 00:44:36', '2025-09-20 00:44:36'),
	(112, 85, 40316, 'Print Expense', 1, 0, 'E', 1, 1, 10, NULL, NULL, NULL, '2025-09-20 00:48:44', '2025-09-20 00:48:44'),
	(113, 90, 40501, 'zakir saheb salary', 1, 0, 'E', 1, 1, 10, NULL, NULL, NULL, '2025-09-20 00:54:26', '2025-09-20 00:54:26'),
	(114, 85, 40317, 'Accessories Purchase', 1, 0, 'E', 1, 1, 10, 10, NULL, NULL, '2025-09-20 01:28:52', '2025-09-20 01:29:08'),
	(115, 85, 40318, 'Make up Expense', 1, 0, 'E', 1, 1, 10, NULL, NULL, NULL, '2025-09-20 01:40:00', '2025-09-20 01:40:00'),
	(116, 85, 40319, 'Pen Drive', 1, 0, 'E', 1, 1, 10, NULL, NULL, NULL, '2025-09-20 01:59:02', '2025-09-20 01:59:02'),
	(117, 85, 40320, 'Book Cover Designer', 1, 0, 'E', 1, 1, 10, NULL, NULL, NULL, '2025-09-20 03:01:06', '2025-09-20 03:01:06'),
	(118, 85, 40321, 'Shaju salary', 1, 0, 'E', 1, 1, 10, NULL, NULL, NULL, '2025-09-20 03:10:43', '2025-09-20 03:10:43'),
	(119, 85, 40322, 'Jahangir salary', 1, 0, 'E', 1, 1, 10, NULL, NULL, NULL, '2025-09-22 02:12:05', '2025-09-22 02:12:05'),
	(120, 85, 40323, 'Telephone and Internet', 1, 0, 'E', 1, 1, 10, NULL, NULL, NULL, '2025-09-22 02:38:24', '2025-09-22 02:38:24'),
	(121, 85, 40324, 'courier', 1, 0, 'E', 1, 1, 10, NULL, NULL, NULL, '2025-09-22 04:30:25', '2025-09-22 04:30:25'),
	(122, 85, 40325, 'TSO Mostofa', 1, 0, 'E', 1, 1, 10, NULL, NULL, NULL, '2025-09-22 04:46:23', '2025-09-22 04:46:23'),
	(123, 85, 40326, 'TSO Ali Ahmed', 1, 0, 'E', 1, 1, 10, NULL, NULL, NULL, '2025-09-22 04:57:01', '2025-09-22 04:57:01'),
	(124, 5, 10104, 'Loan/Advance', 0, 1, 'A', 1, 1, 10, NULL, NULL, NULL, '2025-10-13 00:04:24', '2025-10-13 00:04:24'),
	(125, 124, 1010401, 'Loan Zakir Saheb', 1, 0, 'A', 1, 1, 10, NULL, NULL, NULL, '2025-10-13 00:04:51', '2025-10-13 00:04:51'),
	(126, 124, 1010402, 'Loan Delowar Sir', 1, 0, 'A', 1, 1, 10, NULL, NULL, NULL, '2025-10-13 00:05:04', '2025-10-13 00:05:04'),
	(127, 7, 1010102, 'Apon Library', 1, 0, 'A', 1, 0, 10, NULL, NULL, NULL, '2025-10-25 00:36:24', '2025-10-25 00:36:24'),
	(128, 7, 1010103, 'Saiful Shaheb', 1, 0, 'A', 1, 0, 10, NULL, NULL, NULL, '2025-10-26 00:26:48', '2025-10-26 00:26:48'),
	(129, 7, 1010104, 'Ali Ahammad Bahar', 1, 0, 'A', 1, 0, 10, NULL, NULL, NULL, '2025-10-26 00:28:32', '2025-10-26 00:28:32'),
	(130, 7, 1010105, 'Tso Mostafa', 1, 0, 'A', 1, 0, 10, NULL, NULL, NULL, '2025-10-26 00:29:20', '2025-10-26 00:29:20'),
	(131, 7, 1010106, 'Moonlight Library', 1, 0, 'A', 1, 0, 10, 10, NULL, NULL, '2025-10-26 00:30:53', '2025-10-26 00:31:59'),
	(141, 7, 1010107, 'Tso Anamul', 1, 0, 'A', 1, 0, 10, NULL, NULL, NULL, '2025-10-26 03:04:53', '2025-10-26 03:04:53'),
	(142, 7, 1010108, 'Tso Bahar', 1, 0, 'A', 1, 0, 10, NULL, NULL, NULL, '2025-10-26 03:13:58', '2025-10-26 03:13:58'),
	(143, 7, 1010109, 'কারেন্ট লাইব্রেরী মালিবাগ', 1, 0, 'A', 1, 0, 10, 10, NULL, NULL, '2025-10-29 23:19:00', '2025-11-01 01:09:24'),
	(144, 7, 1010110, 'ইউনিটি বুক সাপ্লাই নীলক্ষেত (M)', 1, 0, 'A', 1, 0, 10, 10, NULL, NULL, '2025-10-29 23:23:27', '2025-11-01 01:06:57'),
	(145, 7, 1010111, 'গাজীপুর, মাওনা', 1, 0, 'A', 1, 0, 10, NULL, 10, '2025-11-01 01:12:16', '2025-11-01 01:12:07', '2025-11-01 01:12:16'),
	(146, 7, 1010112, 'গাজীপুর, মাওনা', 1, 0, 'A', 1, 0, 10, NULL, NULL, NULL, '2025-11-01 01:12:07', '2025-11-01 01:12:07'),
	(147, 7, 1010113, 'সাভার', 1, 0, 'A', 1, 0, 10, NULL, NULL, NULL, '2025-11-01 01:12:54', '2025-11-01 01:12:54'),
	(148, 7, 1010114, 'পিরোজপুর', 1, 0, 'A', 1, 0, 10, NULL, NULL, NULL, '2025-11-01 01:24:22', '2025-11-01 01:24:22'),
	(149, 7, 1010115, 'পটুয়াখালী', 1, 0, 'A', 1, 0, 10, NULL, NULL, NULL, '2025-11-01 01:24:55', '2025-11-01 01:24:55'),
	(150, 7, 1010116, 'বরগুনা', 1, 0, 'A', 1, 0, 10, NULL, NULL, NULL, '2025-11-01 01:30:07', '2025-11-01 01:30:07'),
	(151, 7, 1010117, 'যশোর', 1, 0, 'A', 1, 0, 10, NULL, NULL, NULL, '2025-11-01 01:32:05', '2025-11-01 01:32:05'),
	(152, 7, 1010118, 'নোয়াপাড়া', 1, 0, 'A', 1, 0, 10, NULL, NULL, NULL, '2025-11-01 01:32:49', '2025-11-01 01:32:49'),
	(153, 7, 1010119, 'শেরপুর', 1, 0, 'A', 1, 0, 10, NULL, NULL, NULL, '2025-11-01 01:33:32', '2025-11-01 01:33:32'),
	(154, 7, 1010120, 'জামালপুর', 1, 0, 'A', 1, 0, 10, NULL, NULL, NULL, '2025-11-01 01:34:07', '2025-11-01 01:34:07'),
	(155, 7, 1010121, 'নেত্রকোনা', 1, 0, 'A', 1, 0, 10, NULL, NULL, NULL, '2025-11-01 01:34:30', '2025-11-01 01:34:30'),
	(156, 7, 1010122, 'টাঙ্গাইল', 1, 0, 'A', 1, 0, 10, NULL, NULL, NULL, '2025-11-01 01:35:09', '2025-11-01 01:35:09'),
	(157, 7, 1010123, 'ময়মনসিংহ', 1, 0, 'A', 1, 0, 10, NULL, NULL, NULL, '2025-11-01 01:36:08', '2025-11-01 01:36:08'),
	(158, 7, 1010124, 'চাঁদপুর', 1, 0, 'A', 1, 0, 10, NULL, NULL, NULL, '2025-11-01 01:36:45', '2025-11-01 01:36:45'),
	(159, 7, 1010125, 'কুমিল্লা', 1, 0, 'A', 1, 0, 10, NULL, NULL, NULL, '2025-11-01 01:37:12', '2025-11-01 01:37:12'),
	(160, 7, 1010126, 'চট্টগ্রাম', 1, 0, 'A', 1, 0, 10, NULL, NULL, NULL, '2025-11-01 01:37:41', '2025-11-01 01:37:41'),
	(161, 7, 1010127, 'ফেনী', 1, 0, 'A', 1, 0, 10, NULL, NULL, NULL, '2025-11-01 01:38:15', '2025-11-01 01:38:15'),
	(162, 7, 1010128, 'সিলেট', 1, 0, 'A', 1, 0, 10, NULL, NULL, NULL, '2025-11-01 01:39:40', '2025-11-01 01:39:40'),
	(163, 7, 1010129, 'হবিগঞ্জ', 1, 0, 'A', 1, 0, 10, NULL, NULL, NULL, '2025-11-01 01:40:24', '2025-11-01 01:40:24'),
	(164, 7, 1010130, 'মৌলভীবাজার', 1, 0, 'A', 1, 0, 10, NULL, NULL, NULL, '2025-11-01 01:44:44', '2025-11-01 01:44:44'),
	(165, 7, 1010131, 'সুনামগঞ্জ', 1, 0, 'A', 1, 0, 10, NULL, NULL, NULL, '2025-11-01 01:45:35', '2025-11-01 01:45:35'),
	(166, 7, 1010132, 'ঝালকাঠি', 1, 0, 'A', 1, 0, 10, NULL, NULL, NULL, '2025-11-01 01:46:31', '2025-11-01 01:46:31'),
	(167, 7, 1010133, 'ভোলা', 1, 0, 'A', 1, 0, 10, NULL, NULL, NULL, '2025-11-01 01:47:19', '2025-11-01 01:47:19'),
	(168, 7, 1010134, 'নীলক্ষেত', 1, 0, 'A', 1, 0, 10, NULL, NULL, NULL, '2025-11-01 01:47:43', '2025-11-01 01:47:43'),
	(169, 7, 1010135, 'নরসিংদী', 1, 0, 'A', 1, 0, 10, NULL, NULL, NULL, '2025-11-01 01:48:14', '2025-11-01 01:48:14'),
	(170, 7, 1010136, 'মাধবদী, নরসিংদী', 1, 0, 'A', 1, 0, 10, NULL, NULL, NULL, '2025-11-01 01:49:38', '2025-11-01 01:49:38'),
	(171, 7, 1010137, 'মুন্সীগঞ্জ,', 1, 0, 'A', 1, 0, 10, NULL, NULL, NULL, '2025-11-01 01:50:07', '2025-11-01 01:50:07'),
	(172, 7, 1010138, 'নারায়ণগঞ্জ', 1, 0, 'A', 1, 0, 10, NULL, NULL, NULL, '2025-11-01 01:50:46', '2025-11-01 01:50:46'),
	(173, 7, 1010139, 'সিরাজগঞ্জ', 1, 0, 'A', 1, 0, 10, NULL, NULL, NULL, '2025-11-01 01:52:22', '2025-11-01 01:52:22'),
	(174, 7, 1010140, 'পাবনা', 1, 0, 'A', 1, 0, 10, NULL, NULL, NULL, '2025-11-01 01:52:57', '2025-11-01 01:52:57'),
	(175, 7, 1010141, 'রাজশাহী', 1, 0, 'A', 1, 0, 10, NULL, NULL, NULL, '2025-11-01 01:53:28', '2025-11-01 01:53:28'),
	(176, 7, 1010142, 'বগুড়া', 1, 0, 'A', 1, 0, 10, NULL, NULL, NULL, '2025-11-01 01:54:07', '2025-11-01 01:54:07'),
	(177, 7, 1010143, 'ঈশ্বরদী', 1, 0, 'A', 1, 0, 10, NULL, NULL, NULL, '2025-11-01 01:55:02', '2025-11-01 01:55:02'),
	(178, 7, 1010144, 'চাঁপাইনবাবগঞ্জ', 1, 0, 'A', 1, 0, 10, NULL, NULL, NULL, '2025-11-01 01:55:34', '2025-11-01 01:55:34'),
	(179, 7, 1010145, 'চাঁপাইনবাবগঞ্জ', 1, 0, 'A', 1, 0, 10, NULL, 10, '2025-11-01 01:55:58', '2025-11-01 01:55:34', '2025-11-01 01:55:58'),
	(180, 7, 1010146, 'নওগাঁ', 1, 0, 'A', 1, 0, 10, NULL, NULL, NULL, '2025-11-01 01:56:49', '2025-11-01 01:56:49'),
	(181, 7, 1010147, 'রংপুর', 1, 0, 'A', 1, 0, 10, NULL, NULL, NULL, '2025-11-01 01:57:25', '2025-11-01 01:57:25'),
	(182, 7, 1010148, 'পঞ্চগড়', 1, 0, 'A', 1, 0, 10, NULL, NULL, NULL, '2025-11-01 01:57:51', '2025-11-01 01:57:51'),
	(183, 7, 1010149, 'দিনাজপুর', 1, 0, 'A', 1, 0, 10, NULL, NULL, NULL, '2025-11-01 01:58:55', '2025-11-01 01:58:55'),
	(184, 7, 1010150, 'গাইবান্ধা', 1, 0, 'A', 1, 0, 10, NULL, NULL, NULL, '2025-11-01 01:59:28', '2025-11-01 01:59:28'),
	(185, 7, 1010151, 'লালমনিরহাট', 1, 0, 'A', 1, 0, 10, NULL, NULL, NULL, '2025-11-01 01:59:46', '2025-11-01 01:59:46'),
	(186, 7, 1010152, 'কুষ্টিয়া', 1, 0, 'A', 1, 0, 10, NULL, NULL, NULL, '2025-11-01 02:00:34', '2025-11-01 02:00:34'),
	(187, 7, 1010153, 'সোহাগ বুক ডিপো', 1, 0, 'A', 1, 0, 10, NULL, NULL, NULL, '2025-11-02 02:43:36', '2025-11-02 02:43:36'),
	(188, 7, 1010154, 'খুলনা', 1, 0, 'A', 1, 0, 10, NULL, NULL, NULL, '2025-11-02 03:01:26', '2025-11-02 03:01:26'),
	(189, 7, 1010155, 'বরিশাল', 1, 0, 'A', 1, 0, 10, NULL, NULL, NULL, '2025-11-02 03:06:19', '2025-11-02 03:06:19'),
	(190, 6, 10202, 'Funtiture', 0, 1, 'A', 1, 1, 1, NULL, NULL, NULL, '2025-11-18 09:49:02', '2025-11-18 09:49:02'),
	(191, 190, 1020201, 'Funtiture Purchase', 1, 0, 'A', 1, 1, 1, 1, NULL, NULL, '2025-11-18 09:49:27', '2025-11-18 09:49:43'),
	(192, 85, 40327, 'Software', 1, 0, 'E', 1, 1, 1, NULL, NULL, NULL, '2025-11-18 09:55:25', '2025-11-18 09:55:25'),
	(193, 85, 40328, 'Domain & Hosting Bill', 1, 0, 'E', 1, 1, 1, NULL, NULL, NULL, '2025-11-18 09:59:44', '2025-11-18 09:59:44'),
	(194, 27, 40102, 'Bad Depth', 1, 0, 'E', 1, 1, 10, 10, NULL, NULL, '2025-11-19 00:57:57', '2025-12-31 05:55:44'),
	(195, 11, 20209, 'Mehedi Khan', 1, 0, 'L', 1, 0, 10, NULL, NULL, NULL, '2025-11-22 22:29:00', '2025-11-22 22:29:00'),
	(196, 42, 40209, 'Mehedi Khan - Profit', 1, 0, 'E', 1, 0, 10, NULL, NULL, NULL, '2025-11-22 22:29:00', '2025-11-22 22:29:00'),
	(197, 11, 20210, 'Al Emran', 1, 0, 'L', 1, 0, 10, NULL, NULL, NULL, '2025-11-22 23:09:01', '2025-11-22 23:09:01'),
	(198, 42, 40210, 'Al Emran - Profit', 1, 0, 'E', 1, 0, 10, NULL, NULL, NULL, '2025-11-22 23:09:01', '2025-11-22 23:09:01'),
	(199, 11, 20211, 'Subal Mahato Rahul', 1, 0, 'L', 1, 0, 10, NULL, NULL, NULL, '2025-11-22 23:10:18', '2025-11-22 23:10:18'),
	(200, 42, 40211, 'Subal Mahato Rahul - Profit', 1, 0, 'E', 1, 0, 10, NULL, NULL, NULL, '2025-11-22 23:10:18', '2025-11-22 23:10:18'),
	(201, 11, 20212, 'মুফতি মাওলানা আব্দুল্লাহ', 1, 0, 'L', 1, 0, 10, NULL, NULL, NULL, '2025-11-22 23:11:49', '2025-11-22 23:11:49'),
	(202, 42, 40212, 'মুফতি মাওলানা আব্দুল্লাহ - Profit', 1, 0, 'E', 1, 0, 10, NULL, NULL, NULL, '2025-11-22 23:11:49', '2025-11-22 23:11:49'),
	(203, 11, 20213, 'Islam Zahirul', 1, 0, 'L', 1, 0, 10, NULL, NULL, NULL, '2025-11-23 00:05:32', '2025-11-23 00:05:32'),
	(204, 42, 40213, 'Islam Zahirul - Profit', 1, 0, 'E', 1, 0, 10, NULL, NULL, NULL, '2025-11-23 00:05:32', '2025-11-23 00:05:32'),
	(205, 89, 1020103, 'Plate Purchase', 1, 0, 'A', 1, 1, 10, NULL, NULL, NULL, '2025-11-24 00:24:23', '2025-11-24 00:24:23'),
	(206, 6, 10203, 'Books Plate', 0, 1, 'A', 1, 1, 10, NULL, NULL, NULL, '2025-11-24 00:37:57', '2025-11-24 00:37:57'),
	(207, 11, 20214, 'Abeda Sultana', 1, 0, 'L', 1, 0, 10, NULL, NULL, NULL, '2025-11-24 00:39:55', '2025-11-24 00:39:55'),
	(208, 42, 40214, 'Abeda Sultana - Profit', 1, 0, 'E', 1, 0, 10, NULL, NULL, NULL, '2025-11-24 00:39:55', '2025-11-24 00:39:55'),
	(209, 206, 1020301, 'বিদ্যুৎ বিভাগ নিয়োগ সহায়ীকা', 1, 0, 'A', 1, 1, 10, NULL, NULL, NULL, '2025-11-24 00:42:46', '2025-11-24 00:42:46'),
	(210, 4, 406, 'Marketing Expense', 0, 1, 'E', 1, 1, 10, NULL, NULL, NULL, '2025-11-24 01:21:27', '2025-11-24 01:21:27'),
	(211, 210, 40601, 'বিদ্যুৎ বিভাগ নিয়োগ সহায়ীকা', 1, 0, 'E', 1, 1, 10, 10, NULL, NULL, '2025-11-24 01:21:38', '2025-11-24 01:21:55'),
	(212, 206, 1020302, 'বিজিবি নিয়োগ সহায়ীকা', 1, 0, 'A', 1, 1, 10, NULL, NULL, NULL, '2025-11-24 03:33:46', '2025-11-24 03:33:46'),
	(213, 210, 40602, 'বিজিবি নিয়োগ সহায়ীকা', 1, 0, 'E', 1, 1, 10, NULL, NULL, NULL, '2025-11-24 03:33:53', '2025-11-24 03:33:53'),
	(214, 85, 40329, 'Comp. Correction Makeup', 1, 0, 'E', 1, 1, 10, NULL, NULL, NULL, '2025-11-24 03:40:49', '2025-11-24 03:40:49'),
	(215, 206, 1020303, 'সাস্থ সহকারী নিয়োগ সহায়ীকা', 1, 0, 'A', 1, 1, 10, NULL, NULL, NULL, '2025-11-24 03:47:08', '2025-11-24 03:47:08'),
	(216, 210, 40603, 'সাস্থ সহকারী নিয়োগ সহায়ীকা', 1, 0, 'E', 1, 1, 10, NULL, NULL, NULL, '2025-11-24 03:47:19', '2025-11-24 03:47:19'),
	(217, 206, 1020304, 'পানি উন্নয়ন বোর্ড নিয়োগ সহায়ীকা', 1, 0, 'A', 1, 1, 10, NULL, NULL, NULL, '2025-11-24 03:52:23', '2025-11-24 03:52:23'),
	(218, 210, 40604, 'পানি উন্নয়ন বোর্ড নিয়োগ সহায়ীকা', 1, 0, 'E', 1, 1, 10, NULL, NULL, NULL, '2025-11-24 03:52:32', '2025-11-24 03:52:32'),
	(219, 210, 40605, 'পুলিশ নিয়োগ সহায়ীকা', 1, 0, 'E', 1, 1, 10, NULL, NULL, NULL, '2025-11-24 04:48:08', '2025-11-24 04:48:08'),
	(220, 206, 1020305, 'নৌ, সেনা, বিমান নিয়োগ সহায়ীকা', 1, 0, 'A', 1, 1, 10, NULL, NULL, NULL, '2025-11-25 00:34:36', '2025-11-25 00:34:36'),
	(221, 210, 40606, 'নৌ, সেনা, বিমান নিয়োগ সহায়ীকা', 1, 0, 'E', 1, 1, 10, NULL, NULL, NULL, '2025-11-25 00:34:42', '2025-11-25 00:34:42'),
	(222, 206, 1020306, 'প্রাথমিক শিক্ষক নিয়োগ সহায়ীকা', 1, 0, 'A', 1, 1, 10, 10, NULL, NULL, '2025-11-25 04:17:56', '2025-11-25 04:18:16'),
	(223, 210, 40607, 'প্রাথমিক শিক্ষক নিয়োগ সহায়ীকা', 1, 0, 'E', 1, 1, 10, NULL, NULL, NULL, '2025-11-25 04:18:22', '2025-11-25 04:18:22'),
	(224, 7, 1010156, 'Unkown Sales', 1, 0, 'A', 1, 1, 10, NULL, NULL, NULL, '2025-11-25 04:26:13', '2025-11-25 04:26:13'),
	(225, 11, 20215, 'Ahmedul Haq', 1, 0, 'L', 1, 0, 10, NULL, NULL, NULL, '2025-11-25 23:04:21', '2025-11-25 23:04:21'),
	(226, 42, 40215, 'Ahmedul Haq - Profit', 1, 0, 'E', 1, 0, 10, NULL, NULL, NULL, '2025-11-25 23:04:21', '2025-11-25 23:04:21'),
	(227, 210, 40608, 'Branding & Promotion Expense', 1, 0, 'E', 1, 1, 10, NULL, NULL, NULL, '2025-12-10 06:31:47', '2025-12-10 06:31:47'),
	(228, 7, 1010157, 'ঝিনাইদাহ', 1, 0, 'A', 1, 0, 10, NULL, NULL, NULL, '2025-12-21 21:52:04', '2025-12-21 21:52:04'),
	(229, 7, 1010158, 'মীরপুর (১০)', 1, 0, 'A', 1, 0, 10, NULL, NULL, NULL, '2025-12-21 21:54:34', '2025-12-21 21:54:34'),
	(230, 7, 1010159, 'মীরপুর (2)', 1, 0, 'A', 1, 0, 10, NULL, NULL, NULL, '2025-12-21 21:54:52', '2025-12-21 21:54:52'),
	(231, 7, 1010160, 'ফার্মগেট', 1, 0, 'A', 1, 0, 10, NULL, NULL, NULL, '2025-12-21 21:55:10', '2025-12-21 21:55:10'),
	(232, 7, 1010161, 'নেক্সাস', 1, 0, 'A', 1, 0, 10, NULL, NULL, NULL, '2025-12-23 21:46:21', '2025-12-23 21:46:21'),
	(233, 6, 10204, 'Documentation', 0, 1, 'A', 1, 1, 10, NULL, NULL, NULL, '2025-12-31 05:16:26', '2025-12-31 05:16:26'),
	(234, 233, 1020401, 'Membership Fee', 1, 0, 'A', 1, 1, 10, NULL, NULL, NULL, '2025-12-31 05:17:04', '2025-12-31 05:17:04'),
	(235, 233, 1020402, 'Trade License', 1, 0, 'A', 1, 1, 10, NULL, NULL, NULL, '2025-12-31 05:27:17', '2025-12-31 05:27:17'),
	(236, 7, 1010162, 'Saiful Shaheb', 1, 0, 'A', 1, 1, 10, NULL, NULL, NULL, '2025-12-31 05:55:24', '2025-12-31 05:55:24'),
	(237, 206, 1020307, 'পুলিশ কনস্টেবল নিয়োগ সহায়িকা', 1, 0, 'A', 1, 1, 10, NULL, NULL, NULL, '2025-12-31 06:14:48', '2025-12-31 06:14:48'),
	(238, 206, 1020308, 'Cover Plate', 1, 0, 'A', 1, 1, 10, NULL, NULL, NULL, '2025-12-31 06:24:03', '2025-12-31 06:24:03'),
	(239, 210, 40609, 'Paper Expense', 1, 0, 'E', 1, 1, 10, NULL, NULL, NULL, '2025-12-31 06:26:54', '2025-12-31 06:26:54'),
	(240, 210, 40610, 'Cover Board', 1, 0, 'E', 1, 1, 10, NULL, NULL, NULL, '2025-12-31 06:28:41', '2025-12-31 06:28:41'),
	(241, 210, 40611, 'Cover Print', 1, 0, 'E', 1, 1, 10, NULL, NULL, NULL, '2025-12-31 06:28:51', '2025-12-31 06:28:51'),
	(242, 210, 40612, 'Cover Lamination', 1, 0, 'E', 1, 1, 10, NULL, NULL, NULL, '2025-12-31 06:29:05', '2025-12-31 06:29:05'),
	(243, 210, 40613, 'Forma Print', 1, 0, 'E', 1, 1, 10, NULL, NULL, NULL, '2025-12-31 06:29:30', '2025-12-31 06:29:30'),
	(244, 85, 40330, 'Binding', 1, 0, 'E', 1, 1, 10, NULL, NULL, NULL, '2025-12-31 06:29:49', '2025-12-31 06:29:49'),
	(245, 85, 40331, 'Salary Expense', 1, 0, 'E', 1, 1, 10, NULL, NULL, NULL, '2025-12-31 09:51:16', '2025-12-31 09:51:16'),
	(246, 210, 40614, 'Marketing', 1, 0, 'E', 1, 1, 10, 10, NULL, NULL, '2025-12-31 09:52:37', '2025-12-31 09:52:46'),
	(247, 85, 40332, 'Rokomari Ad', 1, 0, 'E', 1, 1, 10, NULL, NULL, NULL, '2025-12-31 09:53:01', '2025-12-31 09:53:01'),
	(248, 210, 40615, 'Business Card/ Pad', 1, 0, 'E', 1, 1, 10, NULL, NULL, NULL, '2025-12-31 09:54:56', '2025-12-31 09:54:56'),
	(249, 210, 40616, 'Poster', 1, 0, 'E', 1, 1, 10, NULL, NULL, NULL, '2025-12-31 09:55:09', '2025-12-31 09:55:09'),
	(250, 85, 40333, 'Office Expense', 1, 0, 'E', 1, 1, 10, NULL, NULL, NULL, '2025-12-31 09:55:25', '2025-12-31 09:55:25'),
	(252, 85, 40334, 'Printing Paper', 1, 0, 'E', 1, 1, 10, NULL, NULL, NULL, '2025-12-31 09:59:53', '2025-12-31 09:59:53'),
	(253, 85, 40335, 'Faisal Printing', 1, 0, 'E', 1, 1, 10, NULL, NULL, NULL, '2025-12-31 10:00:12', '2025-12-31 10:00:12'),
	(254, 85, 40336, 'Compose/Proof etc', 1, 0, 'E', 1, 1, 10, NULL, NULL, NULL, '2025-12-31 10:00:52', '2025-12-31 10:00:52'),
	(255, 210, 40617, 'transport', 1, 0, 'E', 1, 1, 28, NULL, NULL, NULL, '2026-01-01 01:28:13', '2026-01-01 01:28:13'),
	(256, 11, 20216, 'Ashfaque Rahman', 1, 0, 'L', 1, 0, 1, NULL, NULL, NULL, '2026-01-01 01:45:27', '2026-01-01 01:45:27'),
	(257, 42, 40216, 'Ashfaque Rahman - Profit', 1, 0, 'E', 1, 0, 1, NULL, NULL, NULL, '2026-01-01 01:45:27', '2026-01-01 01:45:27'),
	(258, 11, 20217, 'Md. Zakir Hossain suny', 1, 0, 'L', 1, 0, 1, NULL, NULL, NULL, '2026-01-08 00:50:14', '2026-01-08 00:50:14'),
	(259, 42, 40217, 'Md. Zakir Hossain suny - Profit', 1, 0, 'E', 1, 0, 1, NULL, NULL, NULL, '2026-01-08 00:50:14', '2026-01-08 00:50:14'),
	(260, 85, 40337, 'Tso Enamul Haque', 1, 0, 'E', 1, 1, 28, NULL, NULL, NULL, '2026-01-11 09:25:24', '2026-01-11 09:25:24'),
	(261, 85, 40338, 'TSO Enamul Haque Salary', 1, 0, 'E', 1, 1, 28, NULL, NULL, NULL, '2026-01-11 09:27:07', '2026-01-11 09:27:07'),
	(262, 85, 40339, 'Crockeries', 1, 0, 'E', 1, 1, 28, 28, NULL, NULL, '2026-01-12 01:14:19', '2026-01-12 01:15:34'),
	(263, 85, 40340, 'Furniture Purchese', 1, 0, 'E', 1, 1, 28, NULL, NULL, NULL, '2026-01-14 09:56:20', '2026-01-14 09:56:20'),
	(264, 206, 1020309, 'জেনারেল নলেজ', 1, 0, 'A', 1, 1, 1, NULL, NULL, NULL, '2026-01-14 23:18:14', '2026-01-14 23:18:14'),
	(265, 206, 1020310, 'Inner Plate (4 books)', 1, 0, 'A', 1, 1, 1, NULL, NULL, NULL, '2026-01-19 09:16:09', '2026-01-19 09:16:09'),
	(266, 85, 40341, 'Internet Connection', 1, 0, 'E', 1, 1, 1, NULL, NULL, NULL, '2026-01-20 22:01:23', '2026-01-20 22:01:23'),
	(267, 85, 40342, 'Stove', 1, 0, 'E', 1, 1, 1, NULL, NULL, NULL, '2026-01-20 22:01:56', '2026-01-20 22:01:56'),
	(268, 85, 40343, 'carpet', 1, 0, 'E', 1, 1, 1, NULL, NULL, NULL, '2026-01-20 22:02:45', '2026-01-20 22:02:45'),
	(269, 7, 1010163, 'রকমারি', 1, 0, 'A', 1, 0, 1, NULL, NULL, NULL, '2026-01-24 05:23:13', '2026-01-24 05:23:13'),
	(270, 7, 1010164, 'নাটোর', 1, 0, 'A', 1, 0, 1, NULL, NULL, NULL, '2026-01-30 09:35:18', '2026-01-30 09:35:18'),
	(271, 7, 1010165, 'পপুলার লাইব্রেরী ক্তাগাছা, ময়মনসিংহ', 1, 0, 'A', 1, 0, 1, NULL, NULL, NULL, '2026-01-30 09:52:50', '2026-01-30 09:52:50'),
	(272, 7, 1010166, 'আরাফাত লাইব্রেরী ক্তাগাছা, ময়মনসিংহ', 1, 0, 'A', 1, 0, 1, NULL, NULL, NULL, '2026-01-30 09:53:11', '2026-01-30 09:53:11'),
	(273, 7, 1010167, 'ঠাকুর গাঁও', 1, 0, 'A', 1, 0, 1, NULL, NULL, NULL, '2026-02-04 05:38:55', '2026-02-04 05:38:55'),
	(274, 85, 40344, 'bKash Charge', 1, 0, 'E', 1, 1, 10, NULL, NULL, NULL, '2026-02-14 09:47:03', '2026-02-14 09:47:03');

-- Dumping structure for table amar_hostel.coa_setups
DROP TABLE IF EXISTS `coa_setups`;
CREATE TABLE IF NOT EXISTS `coa_setups` (
  `id` bigint unsigned NOT NULL AUTO_INCREMENT,
  `parent_id` bigint unsigned DEFAULT NULL,
  `head_code` bigint NOT NULL,
  `head_name` varchar(255) COLLATE utf8mb4_unicode_ci NOT NULL,
  `transaction` tinyint NOT NULL DEFAULT '0',
  `general` tinyint NOT NULL DEFAULT '0',
  `head_type` varchar(255) COLLATE utf8mb4_unicode_ci NOT NULL,
  `status` tinyint NOT NULL DEFAULT '1',
  `updateable` tinyint NOT NULL DEFAULT '1',
  `created_by` bigint unsigned DEFAULT NULL,
  `updated_by` bigint unsigned DEFAULT NULL,
  `deleted_by` bigint unsigned DEFAULT NULL,
  `deleted_at` timestamp NULL DEFAULT NULL,
  `created_at` timestamp NULL DEFAULT NULL,
  `updated_at` timestamp NULL DEFAULT NULL,
  PRIMARY KEY (`id`)
) ENGINE=InnoDB AUTO_INCREMENT=247 DEFAULT CHARSET=utf8mb4 COLLATE=utf8mb4_unicode_ci;

-- Dumping data for table amar_hostel.coa_setups: ~105 rows (approximately)
DELETE FROM `coa_setups`;
INSERT INTO `coa_setups` (`id`, `parent_id`, `head_code`, `head_name`, `transaction`, `general`, `head_type`, `status`, `updateable`, `created_by`, `updated_by`, `deleted_by`, `deleted_at`, `created_at`, `updated_at`) VALUES
	(1, NULL, 1, 'Assets', 0, 0, 'A', 1, 0, 1, NULL, NULL, NULL, '2023-12-07 07:14:30', '2023-12-07 07:14:30'),
	(2, NULL, 2, 'Liabilities', 0, 0, 'L', 1, 0, 1, 1, NULL, NULL, '2023-12-07 07:14:59', '2023-12-07 10:24:11'),
	(3, NULL, 3, 'Income', 0, 0, 'I', 1, 0, 1, NULL, NULL, NULL, '2023-12-07 07:17:15', '2023-12-07 07:17:15'),
	(4, NULL, 4, 'Expense', 0, 0, 'E', 1, 0, 1, 2, NULL, NULL, '2023-12-07 07:17:44', '2024-02-29 13:56:50'),
	(18, 1, 101, 'Current Asset', 0, 0, 'A', 1, 0, 1, 2, NULL, NULL, '2023-12-12 14:10:35', '2024-02-28 15:15:38'),
	(19, 18, 10101, 'Cash Receivable', 0, 1, 'A', 1, 0, 1, 1, NULL, NULL, '2023-12-12 14:12:01', '2026-02-09 22:52:05'),
	(23, 18, 10102, 'Cash In Hand', 0, 1, 'A', 1, 0, 1, 4, NULL, NULL, '2023-12-13 03:34:03', '2024-10-07 20:28:30'),
	(24, 18, 10103, 'Cash at Bank', 0, 1, 'A', 1, 0, 1, 1, NULL, NULL, '2023-12-13 12:55:18', '2026-02-09 22:53:18'),
	(36, 1, 102, 'Fixed Asset', 0, 0, 'A', 1, 0, 2, NULL, NULL, NULL, '2023-12-30 06:44:47', '2023-12-30 06:44:47'),
	(128, 4, 401, 'Food Expense', 0, 1, 'E', 1, 1, 4, 4, NULL, NULL, '2024-09-29 06:32:17', '2024-10-05 13:58:46'),
	(129, 4, 402, 'Operational Expense', 0, 1, 'E', 1, 1, 4, NULL, NULL, NULL, '2024-09-29 06:38:57', '2024-09-29 06:38:57'),
	(130, 4, 403, 'Fixed Expense', 0, 1, 'E', 1, 1, 4, NULL, NULL, NULL, '2024-09-29 06:39:53', '2024-09-29 06:39:53'),
	(131, 4, 404, 'Marketing Expense', 0, 1, 'E', 1, 1, 4, NULL, NULL, NULL, '2024-09-29 06:40:09', '2024-09-29 06:40:09'),
	(136, 3, 301, 'CASH BY INVESTMENT', 1, 1, 'I', 1, 1, 4, 4, NULL, NULL, '2024-10-04 15:52:58', '2024-10-05 01:22:55'),
	(137, 128, 40101, 'CHAL, DAL, TEL, MUDI MAL', 1, 0, 'E', 1, 1, 4, 4, NULL, NULL, '2024-10-05 13:59:06', '2024-10-06 17:44:12'),
	(138, 128, 40102, 'MACH, MANGSO, DIM', 1, 0, 'E', 1, 1, 4, 4, NULL, NULL, '2024-10-05 13:59:26', '2024-10-06 17:44:25'),
	(139, 2, 201, 'Cash Payable', 0, 1, 'L', 1, 1, 1, NULL, NULL, NULL, '2024-10-06 16:07:48', '2024-10-06 16:07:48'),
	(140, 2, 202, 'Investor Capital', 0, 1, 'L', 1, 1, 1, 4, NULL, NULL, '2024-10-06 16:08:12', '2024-10-06 18:54:34'),
	(141, 140, 20201, 'Abu Faysal', 0, 0, 'L', 1, 1, 1, 1, NULL, NULL, '2024-10-06 16:08:27', '2025-07-01 18:05:17'),
	(142, 140, 20202, 'Mostafizur Rahman', 0, 0, 'L', 1, 1, 1, 1, NULL, NULL, '2024-10-06 16:09:39', '2025-07-01 18:05:16'),
	(143, 140, 20203, 'Islam Zahirul', 0, 0, 'L', 1, 1, 1, 1, NULL, NULL, '2024-10-06 16:10:30', '2025-07-01 18:05:08'),
	(144, 128, 40103, 'ADHA KACHA MAL', 1, 0, 'E', 1, 1, 4, NULL, NULL, NULL, '2024-10-06 17:44:42', '2024-10-06 17:44:42'),
	(145, 128, 40104, 'KACHA MAL', 1, 0, 'E', 1, 1, 4, NULL, NULL, NULL, '2024-10-06 17:44:53', '2024-10-06 17:44:53'),
	(146, 128, 40105, 'OTHERS DAILY BAZAR', 1, 0, 'E', 1, 1, 4, NULL, NULL, NULL, '2024-10-06 17:45:30', '2024-10-06 17:45:30'),
	(153, 131, 40401, 'BOOSTING COST', 1, 0, 'E', 1, 1, 4, NULL, NULL, NULL, '2024-10-06 17:49:36', '2024-10-06 17:49:36'),
	(155, 130, 40301, 'OFFICE RENT', 1, 0, 'E', 1, 1, 4, NULL, NULL, NULL, '2024-10-06 17:50:09', '2024-10-06 17:50:09'),
	(156, 130, 40302, 'KITCHEN RENT', 1, 0, 'E', 1, 1, 4, NULL, NULL, NULL, '2024-10-06 17:50:23', '2024-10-06 17:50:23'),
	(157, 130, 40303, 'RADHUNI SALARY', 1, 0, 'E', 1, 1, 4, NULL, NULL, NULL, '2024-10-06 17:50:54', '2024-10-06 17:50:54'),
	(158, 130, 40304, 'DELIVERYMAN SALARY', 1, 0, 'E', 1, 1, 4, NULL, NULL, NULL, '2024-10-06 17:51:04', '2024-10-06 17:51:04'),
	(159, 130, 40305, 'STAFF SALARY', 1, 0, 'E', 1, 1, 4, NULL, NULL, NULL, '2024-10-06 17:51:14', '2024-10-06 17:51:14'),
	(160, 140, 20204, 'Md Nazmul Hossen Sumon', 0, 0, 'L', 1, 1, 4, 1, NULL, NULL, '2024-10-06 18:55:20', '2025-07-01 18:05:10'),
	(161, 140, 20205, 'Syedul Alam Chowdhury', 0, 0, 'L', 1, 1, 4, 1, NULL, NULL, '2024-10-06 18:55:39', '2025-07-01 18:05:04'),
	(162, 140, 20206, 'Khandokar Jewel', 0, 0, 'L', 1, 1, 4, 1, NULL, NULL, '2024-10-07 20:20:55', '2025-07-01 18:05:14'),
	(163, 23, 1010201, 'Cash at Niloy', 1, 0, 'A', 1, 1, 4, 4, NULL, NULL, '2024-10-07 20:28:50', '2025-09-28 09:53:34'),
	(164, 131, 40402, 'AGENCY FEE', 1, 0, 'E', 1, 1, 4, NULL, NULL, NULL, '2024-10-07 20:58:34', '2024-10-07 20:58:34'),
	(165, 129, 40201, 'DAILY TRANSPORTATION', 1, 0, 'E', 1, 1, 4, NULL, NULL, NULL, '2024-10-07 20:59:05', '2024-10-07 20:59:05'),
	(166, 128, 40106, 'GAS', 1, 0, 'E', 1, 1, 4, NULL, NULL, NULL, '2024-10-20 14:43:20', '2024-10-20 14:43:20'),
	(167, 128, 40107, 'DESSERT', 1, 0, 'E', 1, 1, 4, 4, NULL, NULL, '2024-10-22 21:16:28', '2024-10-22 21:16:53'),
	(168, 129, 40202, 'OTHERS OPERATIONAL COST', 1, 0, 'E', 1, 1, 4, NULL, NULL, NULL, '2024-10-23 00:05:00', '2024-10-23 00:05:00'),
	(169, 140, 20207, 'Md Nazmur Rahim Raza', 0, 0, 'L', 1, 1, 4, 1, NULL, NULL, '2024-11-02 16:02:16', '2025-07-01 18:05:12'),
	(170, 140, 20208, 'Moshiur Rahman', 0, 0, 'L', 1, 1, 4, 1, NULL, NULL, '2024-11-12 10:35:30', '2025-07-01 18:04:59'),
	(171, 140, 20209, 'Saddam Rupali', 0, 0, 'L', 1, 1, 4, 1, NULL, NULL, '2024-11-12 10:37:30', '2025-07-01 18:04:37'),
	(172, 129, 40203, 'ONE-TIME BOX', 1, 0, 'E', 1, 1, 4, NULL, NULL, NULL, '2024-12-18 15:09:33', '2024-12-18 15:09:33'),
	(173, 140, 20210, 'Sajedul Islam Sumon', 0, 0, 'L', 1, 1, 4, 1, NULL, NULL, '2025-01-12 18:49:10', '2025-07-01 18:04:33'),
	(174, 3, 302, 'Bill Collection', 0, 1, 'I', 1, 1, 4, 3, NULL, NULL, '2025-01-28 11:32:14', '2026-02-09 00:18:36'),
	(175, 140, 20211, 'Riadul Bijoy', 0, 0, 'L', 1, 1, 4, 1, NULL, NULL, '2025-02-02 17:27:52', '2025-07-01 18:03:53'),
	(176, 140, 20212, 'Tanvir', 1, 0, 'L', 1, 1, 4, 1, NULL, NULL, '2025-06-04 08:36:26', '2025-07-01 18:03:48'),
	(177, 140, 20213, 'Razia Sultana', 1, 0, 'L', 1, 1, 1, 1, NULL, NULL, '2025-07-01 13:09:14', '2025-07-03 14:57:50'),
	(178, 140, 20214, 'Symoon Maruf', 1, 0, 'L', 1, 1, 1, 1, NULL, NULL, '2025-07-01 13:12:15', '2025-07-01 18:03:42'),
	(179, 140, 20215, 'SK Turag', 1, 0, 'L', 1, 1, 1, 1, NULL, NULL, '2025-07-01 13:13:13', '2025-07-03 14:57:29'),
	(180, 140, 20216, 'Shaiful Islam', 1, 0, 'L', 1, 1, 1, 1, NULL, NULL, '2025-07-01 13:14:59', '2025-07-01 18:03:36'),
	(181, 140, 20217, 'Moshiujjaman Sumon', 1, 0, 'L', 1, 1, 1, 1, NULL, NULL, '2025-07-01 13:16:22', '2025-07-01 18:03:32'),
	(182, 140, 20218, 'Moonmoon Gulshan', 1, 0, 'L', 1, 1, 1, 1, NULL, NULL, '2025-07-01 14:45:16', '2025-07-01 18:03:27'),
	(183, 140, 20219, 'Mohabbat Ullah', 1, 0, 'L', 1, 1, 1, 1, NULL, NULL, '2025-07-01 14:53:38', '2025-07-01 18:03:20'),
	(184, 140, 20220, 'Sayid Ahmed', 0, 0, 'L', 1, 1, 1, 4, NULL, NULL, '2025-07-01 14:54:59', '2025-07-30 14:48:16'),
	(185, 4, 405, 'Investor Profit', 0, 1, 'E', 1, 1, 1, NULL, NULL, NULL, '2025-07-01 18:02:35', '2025-07-01 18:02:35'),
	(186, 185, 40501, 'Sayid Ahmed - Profit', 0, 0, 'E', 1, 1, 1, 4, NULL, NULL, '2025-07-01 18:03:16', '2025-07-17 17:11:10'),
	(187, 185, 40502, 'Mohabbat Ullah - Profit', 0, 0, 'E', 1, 1, 1, 4, NULL, NULL, '2025-07-01 18:03:20', '2025-07-17 17:11:20'),
	(188, 185, 40503, 'Moonmoon Gulshan - Profit', 0, 0, 'E', 1, 1, 1, 4, NULL, NULL, '2025-07-01 18:03:27', '2025-07-17 17:11:33'),
	(189, 185, 40504, 'Moshiujjaman Sumon - Profit', 1, 0, 'E', 1, 1, 1, 1, NULL, NULL, '2025-07-01 18:03:32', '2025-07-02 23:28:37'),
	(190, 185, 40505, 'Shaiful Islam - Profit', 1, 0, 'E', 1, 1, 1, 1, NULL, NULL, '2025-07-01 18:03:36', '2025-07-02 23:28:39'),
	(191, 185, 40506, 'SK Turag - Profit', 1, 0, 'E', 1, 1, 1, 1, NULL, NULL, '2025-07-01 18:03:39', '2025-07-03 14:57:29'),
	(192, 185, 40507, 'Symoon Maruf - Profit', 1, 0, 'E', 1, 1, 1, 1, NULL, NULL, '2025-07-01 18:03:42', '2025-07-02 23:28:43'),
	(193, 185, 40508, 'Razia Sultana - Profit', 1, 0, 'E', 1, 1, 1, 1, NULL, NULL, '2025-07-01 18:03:45', '2025-07-03 14:57:50'),
	(194, 185, 40509, 'Tanvir - Profit', 1, 0, 'E', 1, 1, 1, 1, NULL, NULL, '2025-07-01 18:03:48', '2025-07-02 23:28:48'),
	(195, 185, 40510, 'Riadul Bijoy - Profit', 1, 0, 'E', 1, 1, 1, 1, NULL, NULL, '2025-07-01 18:03:53', '2025-07-02 23:28:50'),
	(196, 185, 40511, 'Sajedul Islam Sumon - Profit', 1, 0, 'E', 1, 1, 1, 1, NULL, NULL, '2025-07-01 18:04:33', '2025-07-02 23:28:54'),
	(197, 185, 40512, 'Saddam Rupali - Profit', 1, 0, 'E', 1, 1, 1, 1, NULL, NULL, '2025-07-01 18:04:37', '2025-07-02 23:28:55'),
	(198, 185, 40513, 'Moshiur Rahman - Profit', 1, 0, 'E', 1, 1, 1, 1, NULL, NULL, '2025-07-01 18:04:59', '2025-07-02 23:28:57'),
	(199, 185, 40514, 'Syedul Alam Chowdhury - Profit', 1, 0, 'E', 1, 1, 1, 1, NULL, NULL, '2025-07-01 18:05:04', '2025-07-02 23:28:58'),
	(200, 185, 40515, 'Islam Zahirul - Profit', 1, 0, 'E', 1, 1, 1, 1, NULL, NULL, '2025-07-01 18:05:08', '2025-07-02 23:29:01'),
	(201, 185, 40516, 'Md Nazmul Hossen Sumon - Profit', 1, 0, 'E', 1, 1, 1, 1, NULL, NULL, '2025-07-01 18:05:10', '2025-07-02 23:29:03'),
	(202, 185, 40517, 'Md Nazmur Rahim Raza - Profit', 1, 0, 'E', 1, 1, 1, 1, NULL, NULL, '2025-07-01 18:05:12', '2025-07-02 23:29:04'),
	(203, 185, 40518, 'Khandokar Jewel - Profit', 1, 0, 'E', 1, 1, 1, 1, NULL, NULL, '2025-07-01 18:05:14', '2025-07-02 23:29:05'),
	(204, 185, 40519, 'Mostafizur Rahman - Profit', 1, 0, 'E', 1, 1, 1, 1, NULL, NULL, '2025-07-01 18:05:16', '2025-07-02 23:29:07'),
	(205, 185, 40520, 'Abu Faysal - Profit', 1, 0, 'E', 1, 1, 1, 1, NULL, NULL, '2025-07-01 18:05:17', '2025-07-02 23:28:52'),
	(206, 140, 20221, 'Md Tofajjel Hossain', 1, 0, 'L', 1, 1, 1, NULL, NULL, NULL, '2025-09-18 07:05:43', '2025-09-18 07:05:43'),
	(207, 185, 40521, 'Md Tofajjel Hossain - Profit', 1, 0, 'E', 1, 1, 1, NULL, NULL, NULL, '2025-09-18 07:05:43', '2025-09-18 07:05:43'),
	(210, 140, 20223, 'Al Emran', 1, 0, 'L', 1, 1, 1, NULL, NULL, NULL, '2025-09-18 07:06:16', '2025-09-18 07:06:16'),
	(211, 185, 40523, 'Al Emran - Profit', 1, 0, 'E', 1, 1, 1, NULL, NULL, NULL, '2025-09-18 07:06:16', '2025-09-18 07:06:16'),
	(212, 140, 20224, 'Sayid Ahmed', 1, 0, 'L', 1, 1, 1, NULL, NULL, NULL, '2025-09-18 07:06:29', '2025-09-18 07:06:29'),
	(213, 185, 40524, 'Sayid Ahmed - Profit', 1, 0, 'E', 1, 1, 1, NULL, NULL, NULL, '2025-09-18 07:06:29', '2025-09-18 07:06:29'),
	(214, 140, 20225, 'Rana Ibrahim', 1, 0, 'L', 1, 1, 1, NULL, NULL, NULL, '2025-09-18 07:06:47', '2025-09-18 07:06:47'),
	(215, 185, 40525, 'Rana Ibrahim - Profit', 1, 0, 'E', 1, 1, 1, NULL, NULL, NULL, '2025-09-18 07:06:47', '2025-09-18 07:06:47'),
	(216, 140, 20226, 'Md Ariful Islam', 1, 0, 'L', 1, 1, 1, NULL, NULL, NULL, '2025-09-18 07:07:15', '2025-09-18 07:07:15'),
	(217, 185, 40526, 'Md Ariful Islam - Profit', 1, 0, 'E', 1, 1, 1, NULL, NULL, NULL, '2025-09-18 07:07:15', '2025-09-18 07:07:15'),
	(218, 140, 20227, 'MD ATIQUZZAMAN', 1, 0, 'L', 1, 1, 1, NULL, NULL, NULL, '2025-09-18 07:07:31', '2025-09-18 07:07:31'),
	(219, 185, 40527, 'MD ATIQUZZAMAN - Profit', 1, 0, 'E', 1, 1, 1, NULL, NULL, NULL, '2025-09-18 07:07:31', '2025-09-18 07:07:31'),
	(220, 140, 20228, 'Mahir Wasif', 1, 0, 'L', 1, 1, 1, NULL, NULL, NULL, '2025-09-18 07:07:46', '2025-09-18 07:07:46'),
	(221, 185, 40528, 'Mahir Wasif - Profit', 1, 0, 'E', 1, 1, 1, NULL, NULL, NULL, '2025-09-18 07:07:46', '2025-09-18 07:07:46'),
	(222, 140, 20229, 'Mamunur Rashid', 1, 0, 'L', 1, 1, 1, NULL, NULL, NULL, '2025-09-18 07:08:00', '2025-09-18 07:08:00'),
	(223, 185, 40529, 'Mamunur Rashid - Profit', 1, 0, 'E', 1, 1, 1, NULL, NULL, NULL, '2025-09-18 07:08:00', '2025-09-18 07:08:00'),
	(224, 140, 20230, 'Shaiful Islam', 1, 0, 'L', 1, 1, 4, NULL, NULL, NULL, '2025-09-28 10:03:52', '2025-09-28 10:03:52'),
	(225, 185, 40530, 'Shaiful Islam - Profit', 1, 0, 'E', 1, 1, 4, NULL, NULL, NULL, '2025-09-28 10:03:52', '2025-09-28 10:03:52'),
	(226, 140, 20231, 'Miraj Habib', 1, 0, 'L', 1, 1, 4, NULL, NULL, NULL, '2025-09-28 10:10:11', '2025-09-28 10:10:11'),
	(227, 185, 40531, 'Miraj Habib - Profit', 1, 0, 'E', 1, 1, 4, NULL, NULL, NULL, '2025-09-28 10:10:11', '2025-09-28 10:10:11'),
	(228, 140, 20232, 'Mahbub Alam', 1, 0, 'L', 1, 1, 4, NULL, NULL, NULL, '2025-09-28 10:19:07', '2025-09-28 10:19:07'),
	(229, 185, 40532, 'Mahbub Alam - Profit', 1, 0, 'E', 1, 1, 4, NULL, NULL, NULL, '2025-09-28 10:19:07', '2025-09-28 10:19:07'),
	(230, 140, 20233, 'Tanvir', 1, 0, 'L', 1, 1, 4, NULL, NULL, NULL, '2025-09-28 10:19:51', '2025-09-28 10:19:51'),
	(231, 185, 40533, 'Tanvir - Profit', 1, 0, 'E', 1, 1, 4, NULL, NULL, NULL, '2025-09-28 10:19:51', '2025-09-28 10:19:51'),
	(232, 140, 20234, 'Md saymon(vr-298)', 1, 0, 'L', 1, 1, 4, NULL, NULL, NULL, '2025-09-28 10:20:59', '2025-09-28 10:20:59'),
	(233, 185, 40534, 'Md saymon(vr-298) - Profit', 1, 0, 'E', 1, 1, 4, NULL, NULL, NULL, '2025-09-28 10:20:59', '2025-09-28 10:20:59'),
	(234, 23, 1010202, 'Cash at Fattah', 1, 0, 'A', 1, 1, 4, NULL, NULL, NULL, '2025-09-28 10:21:38', '2025-09-28 10:21:38'),
	(235, 140, 20235, 'Islam Zohirul', 1, 0, 'L', 1, 1, 1, NULL, NULL, NULL, '2025-09-29 05:20:44', '2025-09-29 05:20:44'),
	(236, 185, 40535, 'Islam Zohirul - Profit', 1, 0, 'E', 1, 1, 1, NULL, NULL, NULL, '2025-09-29 05:20:44', '2025-09-29 05:20:44'),
	(241, 140, 20236, 'Investor 1', 1, 0, 'L', 1, 1, 1, NULL, NULL, NULL, '2026-02-09 22:23:41', '2026-02-09 22:23:41'),
	(242, 185, 40536, 'Investor 1 - Profit', 1, 0, 'E', 1, 1, 1, NULL, NULL, NULL, '2026-02-09 22:23:41', '2026-02-09 22:23:41'),
	(243, 19, 1010101, 'Seat Booking', 1, 0, 'A', 1, 1, 1, NULL, NULL, NULL, '2026-02-09 22:52:47', '2026-02-09 22:52:47'),
	(244, 24, 1010301, 'UCBL', 1, 0, 'A', 1, 1, 1, NULL, NULL, NULL, '2026-02-09 22:53:31', '2026-02-09 22:53:31'),
	(245, 140, 20237, 'Wali', 1, 0, 'L', 1, 1, 1, NULL, NULL, NULL, '2026-02-15 04:26:31', '2026-02-15 04:26:31'),
	(246, 185, 40537, 'Wali - Profit', 1, 0, 'E', 1, 1, 1, NULL, NULL, NULL, '2026-02-15 04:26:31', '2026-02-15 04:26:31');

-- Dumping structure for table amar_hostel.collections
DROP TABLE IF EXISTS `collections`;
CREATE TABLE IF NOT EXISTS `collections` (
  `id` bigint unsigned NOT NULL AUTO_INCREMENT,
  `client_id` bigint unsigned NOT NULL,
  `coa_id` bigint unsigned DEFAULT NULL,
  `sales_id` bigint unsigned DEFAULT NULL,
  `sales_return_id` bigint unsigned DEFAULT NULL,
  `payment_no` varchar(255) CHARACTER SET utf8mb4 COLLATE utf8mb4_unicode_ci NOT NULL,
  `date` date NOT NULL,
  `payment_type` varchar(255) CHARACTER SET utf8mb4 COLLATE utf8mb4_unicode_ci NOT NULL,
  `collection_type` varchar(255) CHARACTER SET utf8mb4 COLLATE utf8mb4_unicode_ci NOT NULL,
  `amount` decimal(16,2) NOT NULL,
  `remarks` varchar(255) CHARACTER SET utf8mb4 COLLATE utf8mb4_unicode_ci DEFAULT NULL,
  `created_by` bigint unsigned DEFAULT NULL,
  `updated_by` bigint unsigned DEFAULT NULL,
  `deleted_by` bigint unsigned DEFAULT NULL,
  `deleted_at` timestamp NULL DEFAULT NULL,
  `created_at` timestamp NULL DEFAULT NULL,
  `updated_at` timestamp NULL DEFAULT NULL,
  PRIMARY KEY (`id`),
  UNIQUE KEY `collections_payment_no_unique` (`payment_no`),
  KEY `collections_client_id_foreign` (`client_id`),
  KEY `collections_coa_id_foreign` (`coa_id`),
  KEY `collections_sales_id_foreign` (`sales_id`),
  KEY `collections_sales_return_id_foreign` (`sales_return_id`),
  KEY `collections_created_by_foreign` (`created_by`),
  KEY `collections_updated_by_foreign` (`updated_by`),
  KEY `collections_deleted_by_foreign` (`deleted_by`),
  CONSTRAINT `collections_client_id_foreign` FOREIGN KEY (`client_id`) REFERENCES `clients` (`id`) ON DELETE CASCADE,
  CONSTRAINT `collections_coa_id_foreign` FOREIGN KEY (`coa_id`) REFERENCES `coas` (`id`) ON DELETE SET NULL,
  CONSTRAINT `collections_created_by_foreign` FOREIGN KEY (`created_by`) REFERENCES `users` (`id`) ON DELETE SET NULL,
  CONSTRAINT `collections_deleted_by_foreign` FOREIGN KEY (`deleted_by`) REFERENCES `users` (`id`) ON DELETE SET NULL,
  CONSTRAINT `collections_sales_id_foreign` FOREIGN KEY (`sales_id`) REFERENCES `sales` (`id`) ON DELETE CASCADE,
  CONSTRAINT `collections_sales_return_id_foreign` FOREIGN KEY (`sales_return_id`) REFERENCES `sales_returns` (`id`) ON DELETE CASCADE,
  CONSTRAINT `collections_updated_by_foreign` FOREIGN KEY (`updated_by`) REFERENCES `users` (`id`) ON DELETE SET NULL
) ENGINE=InnoDB AUTO_INCREMENT=13 DEFAULT CHARSET=utf8mb4 COLLATE=utf8mb4_unicode_ci;

-- Dumping data for table amar_hostel.collections: ~11 rows (approximately)
DELETE FROM `collections`;
INSERT INTO `collections` (`id`, `client_id`, `coa_id`, `sales_id`, `sales_return_id`, `payment_no`, `date`, `payment_type`, `collection_type`, `amount`, `remarks`, `created_by`, `updated_by`, `deleted_by`, `deleted_at`, `created_at`, `updated_at`) VALUES
	(1, 40, 98, NULL, NULL, 'CC2601001', '2026-01-05', 'Cash', 'Payment', 680.00, NULL, 28, NULL, NULL, NULL, '2026-01-11 08:57:19', '2026-01-11 08:57:19'),
	(2, 61, 14, NULL, NULL, 'CC2601002', '2026-01-08', 'Bank', 'Payment', 7171.00, NULL, 28, NULL, NULL, NULL, '2026-01-11 09:17:37', '2026-01-11 09:17:37'),
	(3, 61, 98, NULL, NULL, 'CC2601003', '2026-01-04', 'Cash', 'Payment', 500.00, NULL, 28, NULL, NULL, NULL, '2026-01-11 23:56:50', '2026-01-11 23:56:50'),
	(4, 37, 98, NULL, NULL, 'CC2601004', '2026-01-04', 'Cash', 'Payment', 2500.00, NULL, 28, NULL, NULL, NULL, '2026-01-11 23:57:57', '2026-01-11 23:57:57'),
	(5, 14, 98, NULL, NULL, 'CC2601005', '2026-01-04', 'Cash', 'Payment', 2500.00, NULL, 28, NULL, NULL, NULL, '2026-01-11 23:58:48', '2026-01-11 23:58:48'),
	(6, 25, 98, NULL, NULL, 'CC2602001', '2026-01-28', 'Cash', 'Payment', 6500.00, NULL, 28, 28, NULL, NULL, '2026-02-04 06:59:37', '2026-02-04 07:00:08'),
	(7, 22, 98, NULL, NULL, 'CC2602002', '2026-01-29', 'Cash', 'Payment', 5000.00, NULL, 28, NULL, NULL, NULL, '2026-02-04 07:01:56', '2026-02-04 07:01:56'),
	(8, 44, 98, NULL, NULL, 'CC2602003', '2026-02-01', 'Cash', 'Payment', 4000.00, NULL, 28, 28, NULL, NULL, '2026-02-04 07:04:51', '2026-02-04 07:05:13'),
	(9, 48, 98, NULL, NULL, 'CC2602004', '2026-02-03', 'Cash', 'Payment', 16000.00, NULL, 28, NULL, NULL, NULL, '2026-02-04 07:06:24', '2026-02-04 07:06:24'),
	(10, 53, 98, NULL, NULL, 'CC2602005', '2026-02-04', 'Cash', 'Payment', 8000.00, NULL, 28, NULL, NULL, NULL, '2026-02-04 07:07:32', '2026-02-04 07:07:32'),
	(11, 67, 98, NULL, NULL, 'CC2602006', '2026-02-07', 'Cash', 'Payment', 6000.00, NULL, 28, NULL, NULL, NULL, '2026-02-09 05:22:29', '2026-02-09 05:22:29'),
	(12, 63, 14, NULL, NULL, 'CC2602007', '2026-02-09', 'Bank', 'Payment', 1827.00, NULL, 28, NULL, NULL, NULL, '2026-02-09 05:24:46', '2026-02-09 05:24:46');

-- Dumping structure for table amar_hostel.collection_lists
DROP TABLE IF EXISTS `collection_lists`;
CREATE TABLE IF NOT EXISTS `collection_lists` (
  `id` bigint unsigned NOT NULL AUTO_INCREMENT,
  `collection_id` bigint unsigned NOT NULL,
  `sales_id` bigint unsigned NOT NULL,
  `amount` decimal(16,2) NOT NULL,
  `created_at` timestamp NULL DEFAULT NULL,
  `updated_at` timestamp NULL DEFAULT NULL,
  PRIMARY KEY (`id`),
  KEY `collection_lists_collection_id_foreign` (`collection_id`),
  KEY `collection_lists_sales_id_foreign` (`sales_id`),
  CONSTRAINT `collection_lists_collection_id_foreign` FOREIGN KEY (`collection_id`) REFERENCES `collections` (`id`) ON DELETE CASCADE,
  CONSTRAINT `collection_lists_sales_id_foreign` FOREIGN KEY (`sales_id`) REFERENCES `sales` (`id`) ON DELETE CASCADE
) ENGINE=InnoDB AUTO_INCREMENT=31 DEFAULT CHARSET=utf8mb4 COLLATE=utf8mb4_unicode_ci;

-- Dumping data for table amar_hostel.collection_lists: ~25 rows (approximately)
DELETE FROM `collection_lists`;
INSERT INTO `collection_lists` (`id`, `collection_id`, `sales_id`, `amount`, `created_at`, `updated_at`) VALUES
	(1, 1, 414, 680.00, '2026-01-11 08:57:19', '2026-01-11 08:57:19'),
	(2, 2, 153, 4180.00, '2026-01-11 09:17:37', '2026-01-11 09:17:37'),
	(3, 2, 236, 1344.00, '2026-01-11 09:17:37', '2026-01-11 09:17:37'),
	(4, 2, 238, 1647.00, '2026-01-11 09:17:37', '2026-01-11 09:17:37'),
	(5, 3, 238, 81.00, '2026-01-11 23:56:50', '2026-01-11 23:56:50'),
	(6, 3, 274, 419.00, '2026-01-11 23:56:50', '2026-01-11 23:56:50'),
	(7, 4, 157, 2500.00, '2026-01-11 23:57:57', '2026-01-11 23:57:57'),
	(8, 5, 165, 2500.00, '2026-01-11 23:58:48', '2026-01-11 23:58:48'),
	(13, 6, 183, 5800.00, '2026-02-04 07:00:08', '2026-02-04 07:00:08'),
	(14, 6, 184, 700.00, '2026-02-04 07:00:08', '2026-02-04 07:00:08'),
	(15, 7, 143, 5000.00, '2026-02-04 07:01:56', '2026-02-04 07:01:56'),
	(17, 8, 196, 4000.00, '2026-02-04 07:05:13', '2026-02-04 07:05:13'),
	(18, 9, 201, 2320.00, '2026-02-04 07:06:24', '2026-02-04 07:06:24'),
	(19, 9, 235, 3840.00, '2026-02-04 07:06:24', '2026-02-04 07:06:24'),
	(20, 9, 272, 5200.00, '2026-02-04 07:06:24', '2026-02-04 07:06:24'),
	(21, 9, 317, 4640.00, '2026-02-04 07:06:24', '2026-02-04 07:06:24'),
	(22, 10, 154, 6600.00, '2026-02-04 07:07:32', '2026-02-04 07:07:32'),
	(23, 10, 241, 1400.00, '2026-02-04 07:07:32', '2026-02-04 07:07:32'),
	(24, 11, 439, 6000.00, '2026-02-09 05:22:29', '2026-02-09 05:22:29'),
	(25, 12, 418, 192.00, '2026-02-09 05:24:46', '2026-02-09 05:24:46'),
	(26, 12, 419, 192.00, '2026-02-09 05:24:46', '2026-02-09 05:24:46'),
	(27, 12, 435, 946.00, '2026-02-09 05:24:46', '2026-02-09 05:24:46'),
	(28, 12, 442, 178.00, '2026-02-09 05:24:46', '2026-02-09 05:24:46'),
	(29, 12, 443, 178.00, '2026-02-09 05:24:46', '2026-02-09 05:24:46'),
	(30, 12, 444, 141.00, '2026-02-09 05:24:46', '2026-02-09 05:24:46');

-- Dumping structure for table amar_hostel.failed_jobs
DROP TABLE IF EXISTS `failed_jobs`;
CREATE TABLE IF NOT EXISTS `failed_jobs` (
  `id` bigint unsigned NOT NULL AUTO_INCREMENT,
  `uuid` varchar(255) COLLATE utf8mb4_unicode_ci NOT NULL,
  `connection` text COLLATE utf8mb4_unicode_ci NOT NULL,
  `queue` text COLLATE utf8mb4_unicode_ci NOT NULL,
  `payload` longtext COLLATE utf8mb4_unicode_ci NOT NULL,
  `exception` longtext COLLATE utf8mb4_unicode_ci NOT NULL,
  `failed_at` timestamp NOT NULL DEFAULT CURRENT_TIMESTAMP,
  PRIMARY KEY (`id`),
  UNIQUE KEY `failed_jobs_uuid_unique` (`uuid`)
) ENGINE=InnoDB DEFAULT CHARSET=utf8mb4 COLLATE=utf8mb4_unicode_ci;

-- Dumping data for table amar_hostel.failed_jobs: ~0 rows (approximately)
DELETE FROM `failed_jobs`;

-- Dumping structure for table amar_hostel.investors
DROP TABLE IF EXISTS `investors`;
CREATE TABLE IF NOT EXISTS `investors` (
  `id` bigint unsigned NOT NULL AUTO_INCREMENT,
  `user_id` bigint unsigned NOT NULL,
  `coa_setup_id` bigint unsigned DEFAULT NULL,
  `profit_head` bigint(20) unsigned zerofill DEFAULT NULL,
  `name` varchar(255) COLLATE utf8mb4_unicode_ci NOT NULL,
  `image` varchar(255) COLLATE utf8mb4_unicode_ci DEFAULT NULL,
  `email` varchar(255) COLLATE utf8mb4_unicode_ci DEFAULT NULL,
  `phone` varchar(255) COLLATE utf8mb4_unicode_ci DEFAULT NULL,
  `address` text COLLATE utf8mb4_unicode_ci,
  `nid` varchar(255) COLLATE utf8mb4_unicode_ci DEFAULT NULL,
  `document` varchar(255) COLLATE utf8mb4_unicode_ci DEFAULT NULL,
  `bkash` varchar(255) COLLATE utf8mb4_unicode_ci DEFAULT NULL,
  `rocket` varchar(255) COLLATE utf8mb4_unicode_ci DEFAULT NULL,
  `nagad` varchar(255) COLLATE utf8mb4_unicode_ci DEFAULT NULL,
  `bank` varchar(255) COLLATE utf8mb4_unicode_ci DEFAULT NULL,
  `branch` varchar(255) COLLATE utf8mb4_unicode_ci DEFAULT NULL,
  `account_name` varchar(255) COLLATE utf8mb4_unicode_ci DEFAULT NULL,
  `account_no` varchar(255) COLLATE utf8mb4_unicode_ci DEFAULT NULL,
  `status` tinyint NOT NULL DEFAULT '1',
  `created_by` bigint unsigned DEFAULT NULL,
  `updated_by` bigint unsigned DEFAULT NULL,
  `deleted_by` bigint unsigned DEFAULT NULL,
  `deleted_at` timestamp NULL DEFAULT NULL,
  `created_at` timestamp NULL DEFAULT NULL,
  `updated_at` timestamp NULL DEFAULT NULL,
  PRIMARY KEY (`id`),
  KEY `investors_user_id_foreign` (`user_id`),
  CONSTRAINT `investors_user_id_foreign` FOREIGN KEY (`user_id`) REFERENCES `users` (`id`) ON DELETE CASCADE
) ENGINE=InnoDB AUTO_INCREMENT=3 DEFAULT CHARSET=utf8mb4 COLLATE=utf8mb4_unicode_ci;

-- Dumping data for table amar_hostel.investors: ~0 rows (approximately)
DELETE FROM `investors`;
INSERT INTO `investors` (`id`, `user_id`, `coa_setup_id`, `profit_head`, `name`, `image`, `email`, `phone`, `address`, `nid`, `document`, `bkash`, `rocket`, `nagad`, `bank`, `branch`, `account_name`, `account_no`, `status`, `created_by`, `updated_by`, `deleted_by`, `deleted_at`, `created_at`, `updated_at`) VALUES
	(1, 6, 241, 00000000000000000242, 'Investor 1', NULL, NULL, '01997316189', NULL, NULL, NULL, NULL, NULL, NULL, NULL, NULL, NULL, NULL, 1, 1, NULL, NULL, NULL, '2026-02-09 22:23:41', '2026-02-09 22:23:41'),
	(2, 7, 245, 00000000000000000246, 'Wali', NULL, 'w@gmail.com', '01921588567', NULL, NULL, NULL, NULL, NULL, NULL, NULL, NULL, NULL, NULL, 1, 1, NULL, NULL, NULL, '2026-02-15 04:26:31', '2026-02-15 04:26:31');

-- Dumping structure for table amar_hostel.investor_payments
DROP TABLE IF EXISTS `investor_payments`;
CREATE TABLE IF NOT EXISTS `investor_payments` (
  `id` bigint unsigned NOT NULL AUTO_INCREMENT,
  `investor_id` bigint unsigned NOT NULL,
  `payment_no` varchar(255) COLLATE utf8mb4_unicode_ci NOT NULL,
  `date` date DEFAULT NULL,
  `amount` decimal(16,0) NOT NULL,
  `deposit_type` varchar(255) COLLATE utf8mb4_unicode_ci NOT NULL,
  `bkash` varchar(255) COLLATE utf8mb4_unicode_ci DEFAULT NULL,
  `rocket` varchar(255) COLLATE utf8mb4_unicode_ci DEFAULT NULL,
  `nagad` varchar(255) COLLATE utf8mb4_unicode_ci DEFAULT NULL,
  `bank_account` varchar(255) COLLATE utf8mb4_unicode_ci DEFAULT NULL,
  `remarks` text COLLATE utf8mb4_unicode_ci,
  `data` text COLLATE utf8mb4_unicode_ci NOT NULL,
  `approved` tinyint NOT NULL DEFAULT '0',
  `status` varchar(255) COLLATE utf8mb4_unicode_ci NOT NULL DEFAULT 'Pending',
  `created_by` bigint unsigned DEFAULT NULL,
  `updated_by` bigint unsigned DEFAULT NULL,
  `deleted_by` bigint unsigned DEFAULT NULL,
  `deleted_at` timestamp NULL DEFAULT NULL,
  `created_at` timestamp NULL DEFAULT NULL,
  `updated_at` timestamp NULL DEFAULT NULL,
  PRIMARY KEY (`id`),
  KEY `investor_payments_investor_id_foreign` (`investor_id`),
  CONSTRAINT `investor_payments_investor_id_foreign` FOREIGN KEY (`investor_id`) REFERENCES `investors` (`id`) ON DELETE CASCADE
) ENGINE=InnoDB DEFAULT CHARSET=utf8mb4 COLLATE=utf8mb4_unicode_ci;

-- Dumping data for table amar_hostel.investor_payments: ~0 rows (approximately)
DELETE FROM `investor_payments`;

-- Dumping structure for table amar_hostel.investor_profits
DROP TABLE IF EXISTS `investor_profits`;
CREATE TABLE IF NOT EXISTS `investor_profits` (
  `id` bigint unsigned NOT NULL AUTO_INCREMENT,
  `serial_no` varchar(255) COLLATE utf8mb4_unicode_ci NOT NULL,
  `year` int NOT NULL,
  `month` varchar(255) COLLATE utf8mb4_unicode_ci NOT NULL,
  `date` date DEFAULT NULL,
  `total_profit` decimal(16,0) NOT NULL,
  `investor_percentage` decimal(16,0) NOT NULL,
  `total_share` int NOT NULL,
  `amount` decimal(16,0) NOT NULL,
  `created_by` bigint unsigned DEFAULT NULL,
  `updated_by` bigint unsigned DEFAULT NULL,
  `deleted_by` bigint unsigned DEFAULT NULL,
  `deleted_at` timestamp NULL DEFAULT NULL,
  `created_at` timestamp NULL DEFAULT NULL,
  `updated_at` timestamp NULL DEFAULT NULL,
  PRIMARY KEY (`id`),
  UNIQUE KEY `investor_profits_serial_no_unique` (`serial_no`)
) ENGINE=InnoDB DEFAULT CHARSET=utf8mb4 COLLATE=utf8mb4_unicode_ci;

-- Dumping data for table amar_hostel.investor_profits: ~0 rows (approximately)
DELETE FROM `investor_profits`;

-- Dumping structure for table amar_hostel.investor_profit_lists
DROP TABLE IF EXISTS `investor_profit_lists`;
CREATE TABLE IF NOT EXISTS `investor_profit_lists` (
  `id` bigint unsigned NOT NULL AUTO_INCREMENT,
  `investor_profit_id` bigint unsigned NOT NULL,
  `investor_id` bigint unsigned NOT NULL,
  `share_qty` int NOT NULL,
  `amount` decimal(16,0) NOT NULL,
  `deposited_amount` decimal(16,0) NOT NULL DEFAULT '0',
  `deposited` tinyint NOT NULL DEFAULT '0',
  `deposit_date` date DEFAULT NULL,
  `created_at` timestamp NULL DEFAULT NULL,
  `updated_at` timestamp NULL DEFAULT NULL,
  PRIMARY KEY (`id`),
  KEY `investor_profit_lists_investor_profit_id_foreign` (`investor_profit_id`),
  KEY `investor_profit_lists_investor_id_foreign` (`investor_id`),
  CONSTRAINT `investor_profit_lists_investor_id_foreign` FOREIGN KEY (`investor_id`) REFERENCES `investors` (`id`) ON DELETE CASCADE,
  CONSTRAINT `investor_profit_lists_investor_profit_id_foreign` FOREIGN KEY (`investor_profit_id`) REFERENCES `investor_profits` (`id`) ON DELETE CASCADE
) ENGINE=InnoDB DEFAULT CHARSET=utf8mb4 COLLATE=utf8mb4_unicode_ci;

-- Dumping data for table amar_hostel.investor_profit_lists: ~0 rows (approximately)
DELETE FROM `investor_profit_lists`;

-- Dumping structure for table amar_hostel.invests
DROP TABLE IF EXISTS `invests`;
CREATE TABLE IF NOT EXISTS `invests` (
  `id` bigint unsigned NOT NULL AUTO_INCREMENT,
  `company_id` bigint unsigned NOT NULL,
  `investor_id` bigint unsigned NOT NULL,
  `invest_no` varchar(255) COLLATE utf8mb4_unicode_ci NOT NULL,
  `product_id` int DEFAULT NULL,
  `coa_id` int DEFAULT NULL,
  `date` date DEFAULT NULL,
  `qty` int NOT NULL,
  `amount` decimal(16,0) NOT NULL,
  `deposit_type` varchar(255) COLLATE utf8mb4_unicode_ci NOT NULL,
  `bkash` varchar(255) COLLATE utf8mb4_unicode_ci DEFAULT NULL,
  `rocket` varchar(255) COLLATE utf8mb4_unicode_ci DEFAULT NULL,
  `nagad` varchar(255) COLLATE utf8mb4_unicode_ci DEFAULT NULL,
  `bank_account` varchar(255) COLLATE utf8mb4_unicode_ci DEFAULT NULL,
  `remarks` text COLLATE utf8mb4_unicode_ci,
  `calculate` tinyint(1) NOT NULL DEFAULT '1',
  `approved` tinyint NOT NULL DEFAULT '0',
  `status` varchar(255) COLLATE utf8mb4_unicode_ci NOT NULL DEFAULT 'Pending',
  `sattled` tinyint NOT NULL DEFAULT '0',
  `coa_setup_id` bigint unsigned DEFAULT NULL,
  `created_by` bigint unsigned DEFAULT NULL,
  `updated_by` bigint unsigned DEFAULT NULL,
  `deleted_by` bigint unsigned DEFAULT NULL,
  `deleted_at` timestamp NULL DEFAULT NULL,
  `created_at` timestamp NULL DEFAULT NULL,
  `updated_at` timestamp NULL DEFAULT NULL,
  PRIMARY KEY (`id`),
  KEY `invests_investor_id_foreign` (`investor_id`),
  CONSTRAINT `invests_investor_id_foreign` FOREIGN KEY (`investor_id`) REFERENCES `investors` (`id`) ON DELETE CASCADE
) ENGINE=InnoDB AUTO_INCREMENT=11 DEFAULT CHARSET=utf8mb4 COLLATE=utf8mb4_unicode_ci;

-- Dumping data for table amar_hostel.invests: ~2 rows (approximately)
DELETE FROM `invests`;
INSERT INTO `invests` (`id`, `company_id`, `investor_id`, `invest_no`, `product_id`, `coa_id`, `date`, `qty`, `amount`, `deposit_type`, `bkash`, `rocket`, `nagad`, `bank_account`, `remarks`, `calculate`, `approved`, `status`, `sattled`, `coa_setup_id`, `created_by`, `updated_by`, `deleted_by`, `deleted_at`, `created_at`, `updated_at`) VALUES
	(1, 0, 1, 'FDI2602000001', 1, NULL, '2026-02-10', 14, 140000, '', NULL, NULL, NULL, NULL, NULL, 1, 1, 'Approved', 0, 163, 1, NULL, NULL, NULL, '2026-02-09 22:42:48', '2026-02-15 02:11:04'),
	(10, 0, 2, 'I2602001', 11, 14, '2026-02-16', 15, 150000, '', NULL, NULL, NULL, NULL, NULL, 1, 1, 'Pending', 0, NULL, 1, NULL, NULL, NULL, '2026-02-15 23:59:20', '2026-02-15 23:59:20');

-- Dumping structure for table amar_hostel.invest_months
DROP TABLE IF EXISTS `invest_months`;
CREATE TABLE IF NOT EXISTS `invest_months` (
  `id` bigint unsigned NOT NULL AUTO_INCREMENT,
  `invest_id` bigint unsigned DEFAULT NULL,
  `investor_id` bigint unsigned NOT NULL,
  `type` varchar(255) COLLATE utf8mb4_unicode_ci NOT NULL DEFAULT 'renew',
  `date` date DEFAULT NULL,
  `invest_month` date DEFAULT NULL,
  `month` varchar(255) COLLATE utf8mb4_unicode_ci NOT NULL,
  `year` varchar(255) COLLATE utf8mb4_unicode_ci NOT NULL,
  `qty` int NOT NULL,
  `amount` decimal(16,0) NOT NULL,
  `distributed` tinyint(1) NOT NULL DEFAULT '0',
  `created_at` timestamp NULL DEFAULT NULL,
  `updated_at` timestamp NULL DEFAULT NULL,
  PRIMARY KEY (`id`),
  KEY `invest_months_invest_id_foreign` (`invest_id`),
  KEY `invest_months_investor_id_foreign` (`investor_id`),
  CONSTRAINT `invest_months_invest_id_foreign` FOREIGN KEY (`invest_id`) REFERENCES `invests` (`id`) ON DELETE CASCADE,
  CONSTRAINT `invest_months_investor_id_foreign` FOREIGN KEY (`investor_id`) REFERENCES `investors` (`id`) ON DELETE CASCADE
) ENGINE=InnoDB AUTO_INCREMENT=2 DEFAULT CHARSET=utf8mb4 COLLATE=utf8mb4_unicode_ci;

-- Dumping data for table amar_hostel.invest_months: ~0 rows (approximately)
DELETE FROM `invest_months`;
INSERT INTO `invest_months` (`id`, `invest_id`, `investor_id`, `type`, `date`, `invest_month`, `month`, `year`, `qty`, `amount`, `distributed`, `created_at`, `updated_at`) VALUES
	(1, 1, 1, 'Invest', '2026-02-10', '2026-02-01', 'February', '2026', 14, 140000, 0, '2026-02-09 22:42:48', '2026-02-15 02:11:04');

-- Dumping structure for table amar_hostel.invest_renews
DROP TABLE IF EXISTS `invest_renews`;
CREATE TABLE IF NOT EXISTS `invest_renews` (
  `id` bigint unsigned NOT NULL AUTO_INCREMENT,
  `company_id` bigint unsigned NOT NULL,
  `serial_no` varchar(255) COLLATE utf8mb4_unicode_ci NOT NULL,
  `month` varchar(255) COLLATE utf8mb4_unicode_ci NOT NULL,
  `year` varchar(255) COLLATE utf8mb4_unicode_ci NOT NULL,
  `date` date DEFAULT NULL,
  `remarks` text COLLATE utf8mb4_unicode_ci,
  `approved` tinyint(1) NOT NULL DEFAULT '0',
  `status` varchar(255) COLLATE utf8mb4_unicode_ci NOT NULL DEFAULT 'Pending',
  `created_by` bigint unsigned DEFAULT NULL,
  `updated_by` bigint unsigned DEFAULT NULL,
  `deleted_by` bigint unsigned DEFAULT NULL,
  `deleted_at` timestamp NULL DEFAULT NULL,
  `created_at` timestamp NULL DEFAULT NULL,
  `updated_at` timestamp NULL DEFAULT NULL,
  PRIMARY KEY (`id`)
) ENGINE=InnoDB DEFAULT CHARSET=utf8mb4 COLLATE=utf8mb4_unicode_ci;

-- Dumping data for table amar_hostel.invest_renews: ~0 rows (approximately)
DELETE FROM `invest_renews`;

-- Dumping structure for table amar_hostel.invest_renew_lists
DROP TABLE IF EXISTS `invest_renew_lists`;
CREATE TABLE IF NOT EXISTS `invest_renew_lists` (
  `id` bigint unsigned NOT NULL AUTO_INCREMENT,
  `invest_renew_id` bigint unsigned NOT NULL,
  `investor_id` bigint unsigned NOT NULL,
  `invest_month_id` bigint unsigned NOT NULL,
  `date` date DEFAULT NULL,
  `invest_month` date DEFAULT NULL,
  `month` varchar(255) COLLATE utf8mb4_unicode_ci NOT NULL,
  `year` varchar(255) COLLATE utf8mb4_unicode_ci NOT NULL,
  `qty` int NOT NULL,
  `amount` decimal(16,0) NOT NULL,
  `created_at` timestamp NULL DEFAULT NULL,
  `updated_at` timestamp NULL DEFAULT NULL,
  PRIMARY KEY (`id`),
  KEY `invest_renew_lists_invest_renew_id_foreign` (`invest_renew_id`),
  KEY `invest_renew_lists_investor_id_foreign` (`investor_id`),
  CONSTRAINT `invest_renew_lists_invest_renew_id_foreign` FOREIGN KEY (`invest_renew_id`) REFERENCES `invest_renews` (`id`) ON DELETE CASCADE,
  CONSTRAINT `invest_renew_lists_investor_id_foreign` FOREIGN KEY (`investor_id`) REFERENCES `investors` (`id`) ON DELETE CASCADE
) ENGINE=InnoDB DEFAULT CHARSET=utf8mb4 COLLATE=utf8mb4_unicode_ci;

-- Dumping data for table amar_hostel.invest_renew_lists: ~0 rows (approximately)
DELETE FROM `invest_renew_lists`;

-- Dumping structure for table amar_hostel.invest_sattlements
DROP TABLE IF EXISTS `invest_sattlements`;
CREATE TABLE IF NOT EXISTS `invest_sattlements` (
  `id` bigint unsigned NOT NULL AUTO_INCREMENT,
  `company_id` bigint unsigned NOT NULL,
  `investor_id` bigint unsigned NOT NULL,
  `sattlement_no` varchar(255) COLLATE utf8mb4_unicode_ci NOT NULL,
  `date` date DEFAULT NULL,
  `qty` int NOT NULL,
  `amount` decimal(16,0) NOT NULL,
  `payment_type` varchar(255) COLLATE utf8mb4_unicode_ci NOT NULL,
  `remarks` text COLLATE utf8mb4_unicode_ci,
  `approved` tinyint(1) NOT NULL DEFAULT '0',
  `status` varchar(255) COLLATE utf8mb4_unicode_ci NOT NULL DEFAULT 'Pending',
  `coa_setup_id` bigint unsigned DEFAULT NULL,
  `created_by` bigint unsigned DEFAULT NULL,
  `updated_by` bigint unsigned DEFAULT NULL,
  `deleted_by` bigint unsigned DEFAULT NULL,
  `deleted_at` timestamp NULL DEFAULT NULL,
  `created_at` timestamp NULL DEFAULT NULL,
  `updated_at` timestamp NULL DEFAULT NULL,
  PRIMARY KEY (`id`),
  KEY `invest_sattlements_investor_id_foreign` (`investor_id`),
  CONSTRAINT `invest_sattlements_investor_id_foreign` FOREIGN KEY (`investor_id`) REFERENCES `investors` (`id`) ON DELETE CASCADE
) ENGINE=InnoDB DEFAULT CHARSET=utf8mb4 COLLATE=utf8mb4_unicode_ci;

-- Dumping data for table amar_hostel.invest_sattlements: ~0 rows (approximately)
DELETE FROM `invest_sattlements`;

-- Dumping structure for table amar_hostel.invest_sattlement_lists
DROP TABLE IF EXISTS `invest_sattlement_lists`;
CREATE TABLE IF NOT EXISTS `invest_sattlement_lists` (
  `id` bigint unsigned NOT NULL AUTO_INCREMENT,
  `invest_sattlement_id` bigint unsigned NOT NULL,
  `invest_id` bigint unsigned NOT NULL,
  `qty` int NOT NULL,
  `amount` decimal(16,0) NOT NULL,
  `created_at` timestamp NULL DEFAULT NULL,
  `updated_at` timestamp NULL DEFAULT NULL,
  PRIMARY KEY (`id`),
  KEY `invest_sattlement_lists_invest_sattlement_id_foreign` (`invest_sattlement_id`),
  KEY `invest_sattlement_lists_invest_id_foreign` (`invest_id`),
  CONSTRAINT `invest_sattlement_lists_invest_id_foreign` FOREIGN KEY (`invest_id`) REFERENCES `invests` (`id`) ON DELETE CASCADE,
  CONSTRAINT `invest_sattlement_lists_invest_sattlement_id_foreign` FOREIGN KEY (`invest_sattlement_id`) REFERENCES `invest_sattlements` (`id`) ON DELETE CASCADE
) ENGINE=InnoDB DEFAULT CHARSET=utf8mb4 COLLATE=utf8mb4_unicode_ci;

-- Dumping data for table amar_hostel.invest_sattlement_lists: ~0 rows (approximately)
DELETE FROM `invest_sattlement_lists`;

-- Dumping structure for table amar_hostel.jobs
DROP TABLE IF EXISTS `jobs`;
CREATE TABLE IF NOT EXISTS `jobs` (
  `id` bigint unsigned NOT NULL AUTO_INCREMENT,
  `queue` varchar(255) COLLATE utf8mb4_unicode_ci NOT NULL,
  `payload` longtext COLLATE utf8mb4_unicode_ci NOT NULL,
  `attempts` tinyint unsigned NOT NULL,
  `reserved_at` int unsigned DEFAULT NULL,
  `available_at` int unsigned NOT NULL,
  `created_at` int unsigned NOT NULL,
  PRIMARY KEY (`id`),
  KEY `jobs_queue_index` (`queue`)
) ENGINE=InnoDB DEFAULT CHARSET=utf8mb4 COLLATE=utf8mb4_unicode_ci;

-- Dumping data for table amar_hostel.jobs: ~0 rows (approximately)
DELETE FROM `jobs`;

-- Dumping structure for table amar_hostel.job_batches
DROP TABLE IF EXISTS `job_batches`;
CREATE TABLE IF NOT EXISTS `job_batches` (
  `id` varchar(255) COLLATE utf8mb4_unicode_ci NOT NULL,
  `name` varchar(255) COLLATE utf8mb4_unicode_ci NOT NULL,
  `total_jobs` int NOT NULL,
  `pending_jobs` int NOT NULL,
  `failed_jobs` int NOT NULL,
  `failed_job_ids` longtext COLLATE utf8mb4_unicode_ci NOT NULL,
  `options` mediumtext COLLATE utf8mb4_unicode_ci,
  `cancelled_at` int DEFAULT NULL,
  `created_at` int NOT NULL,
  `finished_at` int DEFAULT NULL,
  PRIMARY KEY (`id`)
) ENGINE=InnoDB DEFAULT CHARSET=utf8mb4 COLLATE=utf8mb4_unicode_ci;

-- Dumping data for table amar_hostel.job_batches: ~0 rows (approximately)
DELETE FROM `job_batches`;

-- Dumping structure for table amar_hostel.migrations
DROP TABLE IF EXISTS `migrations`;
CREATE TABLE IF NOT EXISTS `migrations` (
  `id` int unsigned NOT NULL AUTO_INCREMENT,
  `migration` varchar(255) COLLATE utf8mb4_unicode_ci NOT NULL,
  `batch` int NOT NULL,
  PRIMARY KEY (`id`)
) ENGINE=InnoDB AUTO_INCREMENT=32 DEFAULT CHARSET=utf8mb4 COLLATE=utf8mb4_unicode_ci;

-- Dumping data for table amar_hostel.migrations: ~27 rows (approximately)
DELETE FROM `migrations`;
INSERT INTO `migrations` (`id`, `migration`, `batch`) VALUES
	(1, '0001_01_01_000000_create_users_table', 1),
	(2, '0001_01_01_000001_create_cache_table', 1),
	(3, '0001_01_01_000002_create_jobs_table', 1),
	(7, '2026_02_03_114908_create_testimonials_table', 2),
	(8, '2026_02_03_114145_create_rooms_table', 3),
	(9, '2026_02_03_114748_create_bookings_table', 4),
	(11, '2026_02_08_084842_create_categories_table', 5),
	(12, '2023_12_07_101641_create_coa_setups_table', 6),
	(13, '2023_12_10_095150_create_account_transaction_autos_table', 6),
	(14, '2023_12_10_095155_create_account_transactions_table', 6),
	(15, '2024_09_22_145154_create_investors_table', 6),
	(16, '2024_09_22_145251_create_invests_table', 6),
	(17, '2024_09_22_155251_create_invest_months_table', 6),
	(18, '2024_09_22_162233_create_wallets_table', 6),
	(19, '2024_09_22_175429_create_investor_profits_table', 6),
	(20, '2024_09_22_175614_create_investor_profit_lists_table', 6),
	(21, '2024_09_23_095148_create_investor_payments_table', 6),
	(22, '2024_11_06_122025_create_invest_renews_table', 6),
	(23, '2024_11_06_122030_create_invest_renew_lists_table', 6),
	(24, '2024_11_06_190458_create_invest_sattlements_table', 6),
	(25, '2024_11_06_190508_create_invest_sattlement_lists_table', 6),
	(26, '2025_05_07_083259_create_permission_tables', 7),
	(27, '2025_05_07_083431_create_admin_menus_table', 7),
	(28, '2025_05_07_083444_create_admin_menu_actions_table', 7),
	(29, '2025_05_07_084137_create_admin_settings_table', 7),
	(30, '2025_05_07_084409_create_settings_table', 8),
	(31, '2026_02_03_114623_create_services_table', 9);

-- Dumping structure for table amar_hostel.model_has_permissions
DROP TABLE IF EXISTS `model_has_permissions`;
CREATE TABLE IF NOT EXISTS `model_has_permissions` (
  `permission_id` bigint unsigned NOT NULL,
  `model_type` varchar(255) COLLATE utf8mb4_unicode_ci NOT NULL,
  `model_id` bigint unsigned NOT NULL,
  PRIMARY KEY (`permission_id`,`model_id`,`model_type`),
  KEY `model_has_permissions_model_id_model_type_index` (`model_id`,`model_type`),
  CONSTRAINT `model_has_permissions_permission_id_foreign` FOREIGN KEY (`permission_id`) REFERENCES `permissions` (`id`) ON DELETE CASCADE
) ENGINE=InnoDB DEFAULT CHARSET=utf8mb4 COLLATE=utf8mb4_unicode_ci;

-- Dumping data for table amar_hostel.model_has_permissions: ~0 rows (approximately)
DELETE FROM `model_has_permissions`;

-- Dumping structure for table amar_hostel.model_has_roles
DROP TABLE IF EXISTS `model_has_roles`;
CREATE TABLE IF NOT EXISTS `model_has_roles` (
  `role_id` bigint unsigned NOT NULL,
  `model_type` varchar(255) COLLATE utf8mb4_unicode_ci NOT NULL,
  `model_id` bigint unsigned NOT NULL,
  PRIMARY KEY (`role_id`,`model_id`,`model_type`),
  KEY `model_has_roles_model_id_model_type_index` (`model_id`,`model_type`),
  CONSTRAINT `model_has_roles_role_id_foreign` FOREIGN KEY (`role_id`) REFERENCES `roles` (`id`) ON DELETE CASCADE
) ENGINE=InnoDB DEFAULT CHARSET=utf8mb4 COLLATE=utf8mb4_unicode_ci;

-- Dumping data for table amar_hostel.model_has_roles: ~21 rows (approximately)
DELETE FROM `model_has_roles`;
INSERT INTO `model_has_roles` (`role_id`, `model_type`, `model_id`) VALUES
	(1, 'App\\Models\\User', 1),
	(3, 'App\\Models\\User', 4),
	(3, 'App\\Models\\User', 5),
	(3, 'App\\Models\\User', 6),
	(3, 'App\\Models\\User', 7),
	(3, 'App\\Models\\User', 8),
	(3, 'App\\Models\\User', 9),
	(2, 'App\\Models\\User', 10),
	(3, 'App\\Models\\User', 13),
	(3, 'App\\Models\\User', 14),
	(3, 'App\\Models\\User', 15),
	(3, 'App\\Models\\User', 16),
	(3, 'App\\Models\\User', 17),
	(3, 'App\\Models\\User', 18),
	(3, 'App\\Models\\User', 19),
	(3, 'App\\Models\\User', 20),
	(3, 'App\\Models\\User', 21),
	(3, 'App\\Models\\User', 22),
	(3, 'App\\Models\\User', 23),
	(3, 'App\\Models\\User', 24),
	(3, 'App\\Models\\User', 25);

-- Dumping structure for table amar_hostel.password_reset_tokens
DROP TABLE IF EXISTS `password_reset_tokens`;
CREATE TABLE IF NOT EXISTS `password_reset_tokens` (
  `email` varchar(255) COLLATE utf8mb4_unicode_ci NOT NULL,
  `token` varchar(255) COLLATE utf8mb4_unicode_ci NOT NULL,
  `created_at` timestamp NULL DEFAULT NULL,
  PRIMARY KEY (`email`)
) ENGINE=InnoDB DEFAULT CHARSET=utf8mb4 COLLATE=utf8mb4_unicode_ci;

-- Dumping data for table amar_hostel.password_reset_tokens: ~0 rows (approximately)
DELETE FROM `password_reset_tokens`;

-- Dumping structure for table amar_hostel.payments
DROP TABLE IF EXISTS `payments`;
CREATE TABLE IF NOT EXISTS `payments` (
  `id` bigint unsigned NOT NULL AUTO_INCREMENT,
  `investor_id` bigint unsigned NOT NULL,
  `coa_id` bigint unsigned DEFAULT NULL,
  `payment_type` enum('Advance','Payment','Adjust') CHARACTER SET utf8mb4 COLLATE utf8mb4_unicode_ci NOT NULL DEFAULT 'Advance',
  `payment_no` varchar(255) CHARACTER SET utf8mb4 COLLATE utf8mb4_unicode_ci NOT NULL,
  `date` date NOT NULL,
  `amount` decimal(16,0) NOT NULL,
  `remarks` text CHARACTER SET utf8mb4 COLLATE utf8mb4_unicode_ci,
  `created_by` bigint unsigned DEFAULT NULL,
  `updated_by` bigint unsigned DEFAULT NULL,
  `deleted_by` bigint unsigned DEFAULT NULL,
  `deleted_at` timestamp NULL DEFAULT NULL,
  `created_at` timestamp NULL DEFAULT NULL,
  `updated_at` timestamp NULL DEFAULT NULL,
  PRIMARY KEY (`id`),
  UNIQUE KEY `payments_payment_no_unique` (`payment_no`),
  KEY `payments_investor_id_foreign` (`investor_id`),
  KEY `payments_coa_id_foreign` (`coa_id`),
  KEY `payments_created_by_foreign` (`created_by`),
  KEY `payments_updated_by_foreign` (`updated_by`),
  KEY `payments_deleted_by_foreign` (`deleted_by`),
  CONSTRAINT `payments_coa_id_foreign` FOREIGN KEY (`coa_id`) REFERENCES `coas` (`id`) ON DELETE SET NULL,
  CONSTRAINT `payments_created_by_foreign` FOREIGN KEY (`created_by`) REFERENCES `users` (`id`) ON DELETE SET NULL,
  CONSTRAINT `payments_deleted_by_foreign` FOREIGN KEY (`deleted_by`) REFERENCES `users` (`id`) ON DELETE SET NULL,
  CONSTRAINT `payments_investor_id_foreign` FOREIGN KEY (`investor_id`) REFERENCES `investors` (`id`) ON DELETE CASCADE,
  CONSTRAINT `payments_updated_by_foreign` FOREIGN KEY (`updated_by`) REFERENCES `users` (`id`) ON DELETE SET NULL
) ENGINE=InnoDB AUTO_INCREMENT=33 DEFAULT CHARSET=utf8mb4 COLLATE=utf8mb4_unicode_ci;

-- Dumping data for table amar_hostel.payments: ~23 rows (approximately)
DELETE FROM `payments`;
INSERT INTO `payments` (`id`, `investor_id`, `coa_id`, `payment_type`, `payment_no`, `date`, `amount`, `remarks`, `created_by`, `updated_by`, `deleted_by`, `deleted_at`, `created_at`, `updated_at`) VALUES
	(1, 4, 13, 'Advance', 'IP2509001', '2025-11-18', 4000, NULL, 1, 1, NULL, NULL, '2025-08-31 22:51:07', '2025-11-18 10:12:05'),
	(2, 9, 13, 'Advance', 'IP2511001', '2025-11-06', 6000, NULL, 1, NULL, NULL, NULL, '2025-11-18 10:03:54', '2025-11-18 10:03:54'),
	(3, 8, 13, 'Advance', 'IP2511002', '2025-11-18', 48000, NULL, 1, 10, NULL, NULL, '2025-11-18 10:08:46', '2025-11-19 01:00:59'),
	(4, 7, 13, 'Advance', 'IP2511003', '2025-11-18', 6000, NULL, 1, NULL, NULL, NULL, '2025-11-18 10:09:18', '2025-11-18 10:09:18'),
	(5, 6, 13, 'Advance', 'IP2511004', '2025-11-18', 6000, NULL, 1, NULL, NULL, NULL, '2025-11-18 10:10:24', '2025-11-18 10:10:24'),
	(6, 5, 13, 'Advance', 'IP2511005', '2025-11-18', 3000, NULL, 1, NULL, NULL, NULL, '2025-11-18 10:10:52', '2025-11-18 10:10:52'),
	(7, 3, 13, 'Advance', 'IP2511006', '2025-11-18', 4000, NULL, 1, NULL, NULL, NULL, '2025-11-18 10:11:18', '2025-11-18 10:11:18'),
	(12, 7, 13, 'Advance', 'IP2511011', '2025-11-23', 7324, NULL, 10, NULL, 10, '2025-12-30 00:57:32', '2025-11-23 00:56:43', '2025-12-30 00:57:32'),
	(13, 8, NULL, 'Adjust', 'IP2511012', '2025-11-26', 37890, NULL, 10, NULL, 10, NULL, '2025-11-26 01:23:53', '2025-11-26 01:24:18'),
	(14, 9, 13, 'Payment', 'IP2512001', '2025-12-24', 40368, NULL, 10, NULL, NULL, NULL, '2025-12-23 22:42:14', '2025-12-23 22:42:14'),
	(20, 6, NULL, 'Adjust', 'IP2512003', '2025-12-29', 6000, NULL, 10, NULL, NULL, NULL, '2025-12-30 00:51:26', '2025-12-30 00:51:26'),
	(21, 6, 13, 'Payment', 'IP2512004', '2025-12-29', 585, NULL, 10, 10, 10, NULL, '2025-12-30 00:51:41', '2025-12-31 03:37:38'),
	(22, 3, NULL, 'Adjust', 'IP2512005', '2025-12-30', 4000, NULL, 10, NULL, NULL, NULL, '2025-12-30 00:53:19', '2025-12-30 00:53:19'),
	(23, 3, 13, 'Payment', 'IP2512006', '2025-12-30', 2585, NULL, 10, NULL, NULL, NULL, '2025-12-30 00:53:35', '2025-12-30 00:53:35'),
	(24, 4, NULL, 'Adjust', 'IP2512007', '2025-12-30', 4000, NULL, 10, NULL, NULL, NULL, '2025-12-30 00:55:03', '2025-12-30 00:55:03'),
	(25, 4, 13, 'Payment', 'IP2512008', '2025-12-30', 2585, NULL, 10, NULL, NULL, NULL, '2025-12-30 00:55:12', '2025-12-30 00:55:12'),
	(26, 5, 13, 'Adjust', 'IP2512009', '2025-12-30', 3000, NULL, 10, NULL, NULL, NULL, '2025-12-30 00:56:41', '2025-12-30 00:56:41'),
	(27, 5, 13, 'Payment', 'IP2512010', '2025-12-30', 3585, NULL, 10, NULL, NULL, NULL, '2025-12-30 00:56:52', '2025-12-30 00:56:52'),
	(28, 7, 13, 'Adjust', 'IP2512011', '2025-12-30', 6000, NULL, 10, NULL, NULL, NULL, '2025-12-30 00:57:52', '2025-12-30 00:57:52'),
	(29, 7, 13, 'Payment', 'IP2512012', '2025-12-30', 7170, NULL, 10, NULL, NULL, NULL, '2025-12-30 00:58:05', '2025-12-30 00:58:05'),
	(30, 8, NULL, 'Adjust', 'IP2512013', '2025-12-30', 10110, NULL, 10, NULL, NULL, NULL, '2025-12-30 00:59:40', '2025-12-30 00:59:40'),
	(31, 8, 13, 'Payment', 'IP2512014', '2025-12-30', 18055, NULL, 10, NULL, NULL, NULL, '2025-12-30 00:59:54', '2025-12-30 00:59:54'),
	(32, 15, 13, 'Payment', 'IP2512015', '2025-12-30', 5633, NULL, 10, NULL, NULL, NULL, '2025-12-30 01:00:38', '2025-12-30 01:00:38');

-- Dumping structure for table amar_hostel.payment_lists
DROP TABLE IF EXISTS `payment_lists`;
CREATE TABLE IF NOT EXISTS `payment_lists` (
  `id` bigint unsigned NOT NULL AUTO_INCREMENT,
  `payment_id` bigint unsigned NOT NULL,
  `distribution_list_id` bigint unsigned NOT NULL,
  `invest_id` bigint unsigned NOT NULL,
  `investor_id` bigint unsigned NOT NULL,
  `amount` decimal(16,0) NOT NULL,
  `created_at` timestamp NULL DEFAULT NULL,
  `updated_at` timestamp NULL DEFAULT NULL,
  PRIMARY KEY (`id`),
  KEY `payment_lists_payment_id_foreign` (`payment_id`),
  KEY `payment_lists_distribution_list_id_foreign` (`distribution_list_id`),
  KEY `payment_lists_invest_id_foreign` (`invest_id`),
  KEY `payment_lists_investor_id_foreign` (`investor_id`),
  CONSTRAINT `payment_lists_distribution_list_id_foreign` FOREIGN KEY (`distribution_list_id`) REFERENCES `profit_distribution_lists` (`id`) ON DELETE CASCADE,
  CONSTRAINT `payment_lists_invest_id_foreign` FOREIGN KEY (`invest_id`) REFERENCES `invests` (`id`) ON DELETE CASCADE,
  CONSTRAINT `payment_lists_investor_id_foreign` FOREIGN KEY (`investor_id`) REFERENCES `investors` (`id`) ON DELETE CASCADE,
  CONSTRAINT `payment_lists_payment_id_foreign` FOREIGN KEY (`payment_id`) REFERENCES `payments` (`id`) ON DELETE CASCADE
) ENGINE=InnoDB AUTO_INCREMENT=31 DEFAULT CHARSET=utf8mb4 COLLATE=utf8mb4_unicode_ci;

-- Dumping data for table amar_hostel.payment_lists: ~17 rows (approximately)
DELETE FROM `payment_lists`;
INSERT INTO `payment_lists` (`id`, `payment_id`, `distribution_list_id`, `invest_id`, `investor_id`, `amount`, `created_at`, `updated_at`) VALUES
	(8, 13, 17, 16, 8, 18945, '2025-11-26 01:23:53', '2025-11-26 01:23:53'),
	(9, 13, 18, 22, 8, 18945, '2025-11-26 01:23:53', '2025-11-26 01:23:53'),
	(10, 14, 19, 17, 9, 20184, '2025-12-23 22:42:14', '2025-12-23 22:42:14'),
	(11, 14, 20, 23, 9, 20184, '2025-12-23 22:42:14', '2025-12-23 22:42:14'),
	(17, 20, 30, 14, 6, 6000, '2025-12-30 00:51:26', '2025-12-30 00:51:26'),
	(19, 22, 27, 10, 3, 4000, '2025-12-30 00:53:19', '2025-12-30 00:53:19'),
	(20, 23, 27, 10, 3, 2585, '2025-12-30 00:53:35', '2025-12-30 00:53:35'),
	(21, 24, 28, 11, 4, 4000, '2025-12-30 00:55:03', '2025-12-30 00:55:03'),
	(22, 25, 28, 11, 4, 2585, '2025-12-30 00:55:12', '2025-12-30 00:55:12'),
	(23, 26, 29, 13, 5, 3000, '2025-12-30 00:56:41', '2025-12-30 00:56:41'),
	(24, 27, 29, 13, 5, 3585, '2025-12-30 00:56:52', '2025-12-30 00:56:52'),
	(25, 28, 31, 15, 7, 6000, '2025-12-30 00:57:52', '2025-12-30 00:57:52'),
	(26, 29, 31, 15, 7, 7170, '2025-12-30 00:58:05', '2025-12-30 00:58:05'),
	(27, 30, 33, 24, 8, 10110, '2025-12-30 00:59:40', '2025-12-30 00:59:40'),
	(28, 31, 33, 24, 8, 18055, '2025-12-30 00:59:54', '2025-12-30 00:59:54'),
	(29, 32, 32, 20, 15, 5633, '2025-12-30 01:00:39', '2025-12-30 01:00:39'),
	(30, 21, 30, 14, 6, 585, '2025-12-31 03:37:38', '2025-12-31 03:37:38');

-- Dumping structure for table amar_hostel.permissions
DROP TABLE IF EXISTS `permissions`;
CREATE TABLE IF NOT EXISTS `permissions` (
  `id` bigint unsigned NOT NULL AUTO_INCREMENT,
  `name` varchar(255) COLLATE utf8mb4_unicode_ci NOT NULL,
  `guard_name` varchar(255) COLLATE utf8mb4_unicode_ci NOT NULL,
  `created_at` timestamp NULL DEFAULT NULL,
  `updated_at` timestamp NULL DEFAULT NULL,
  PRIMARY KEY (`id`),
  UNIQUE KEY `permissions_name_guard_name_unique` (`name`,`guard_name`)
) ENGINE=InnoDB AUTO_INCREMENT=240 DEFAULT CHARSET=utf8mb4 COLLATE=utf8mb4_unicode_ci;

-- Dumping data for table amar_hostel.permissions: ~169 rows (approximately)
DELETE FROM `permissions`;
INSERT INTO `permissions` (`id`, `name`, `guard_name`, `created_at`, `updated_at`) VALUES
	(1, 'Dashboard', 'web', '2025-06-17 05:07:50', '2025-06-17 05:07:50'),
	(2, 'System Settings', 'web', '2025-06-17 05:10:14', '2025-06-17 05:10:14'),
	(3, 'Roles', 'web', '2025-06-17 05:10:36', '2025-06-17 05:10:36'),
	(4, 'Users', 'web', '2025-06-17 05:11:10', '2025-06-17 05:11:10'),
	(5, 'Menu', 'web', '2025-06-17 05:11:51', '2025-06-17 05:11:51'),
	(6, 'Admin Settings', 'web', '2025-06-17 05:12:59', '2025-06-17 05:12:59'),
	(7, 'Investors', 'web', '2025-06-17 05:13:38', '2025-06-17 05:13:38'),
	(8, 'admin.admin-menu.create', 'web', '2025-06-17 05:30:00', '2025-06-17 05:30:00'),
	(9, 'admin.admin-menu.edit', 'web', '2025-06-17 05:30:15', '2025-06-17 05:30:15'),
	(10, 'admin.admin-menu.destroy', 'web', '2025-06-17 05:30:19', '2025-06-17 05:30:19'),
	(11, 'admin.admin-menu-action.index', 'web', '2025-06-17 05:30:59', '2025-06-17 05:30:59'),
	(12, 'admin.admin-menu-action.create', 'web', '2025-06-17 05:31:06', '2025-06-17 05:31:06'),
	(13, 'admin.admin-menu-action.edit', 'web', '2025-06-17 05:31:15', '2025-06-17 05:31:15'),
	(14, 'admin.admin-menu-action.destroy', 'web', '2025-06-17 05:31:21', '2025-06-17 05:31:21'),
	(15, 'admin.role.create', 'web', '2025-06-17 05:32:05', '2025-06-17 05:32:05'),
	(16, 'admin.role.edit', 'web', '2025-06-17 05:32:09', '2025-06-17 05:32:09'),
	(17, 'admin.role.destroy', 'web', '2025-06-17 05:32:15', '2025-06-17 05:32:15'),
	(18, 'admin.role-permission.edit', 'web', '2025-06-17 05:32:50', '2025-06-17 05:32:50'),
	(19, 'admin.user.create', 'web', '2025-06-17 05:33:17', '2025-06-17 05:33:17'),
	(20, 'admin.user.edit', 'web', '2025-06-17 05:33:20', '2025-06-17 05:33:20'),
	(23, 'admin.investor.create', 'web', '2025-06-17 05:34:17', '2025-06-17 05:34:17'),
	(24, 'admin.investor.edit', 'web', '2025-06-17 05:34:20', '2025-06-17 05:34:20'),
	(25, 'admin.investor.destroy', 'web', '2025-06-17 05:34:27', '2025-06-17 05:34:27'),
	(26, 'admin.investor.trash', 'web', '2025-06-17 05:34:33', '2025-06-17 05:34:33'),
	(27, 'Invest Process', 'web', '2025-06-17 05:37:47', '2025-06-17 05:37:47'),
	(28, 'admin.invest.create', 'web', '2025-06-17 05:38:48', '2025-06-17 05:38:48'),
	(29, 'admin.invest.edit', 'web', '2025-06-17 05:38:52', '2025-06-17 05:38:52'),
	(32, 'Sattlement', 'web', '2025-06-17 05:40:52', '2025-06-17 05:40:52'),
	(33, 'admin.invest-sattlement.create', 'web', '2025-06-17 05:41:09', '2025-06-23 04:19:25'),
	(34, 'admin.invest-sattlement.edit', 'web', '2025-06-17 05:41:13', '2025-06-23 04:19:31'),
	(37, 'General Accounting', 'web', '2025-06-17 05:42:20', '2025-06-17 05:42:20'),
	(38, 'Transaction', 'web', '2025-06-17 05:42:51', '2025-06-17 05:42:51'),
	(39, 'Reports', 'web', '2025-06-17 05:43:04', '2025-06-17 05:43:04'),
	(40, 'Chart of Accounts', 'web', '2025-06-17 05:43:37', '2025-06-17 05:43:37'),
	(41, 'admin.coa.create', 'web', '2025-06-17 05:44:10', '2025-06-17 05:44:10'),
	(42, 'admin.coa.edit', 'web', '2025-06-17 05:44:15', '2025-06-17 05:44:15'),
	(43, 'admin.coa.destroy', 'web', '2025-06-17 05:44:20', '2025-06-17 05:44:20'),
	(44, 'Debit Voucher', 'web', '2025-06-17 05:45:02', '2025-06-17 05:45:02'),
	(45, 'admin.debit-voucher.create', 'web', '2025-06-17 05:45:12', '2025-06-17 05:45:12'),
	(46, 'admin.debit-voucher.edit', 'web', '2025-06-17 05:45:17', '2025-06-17 05:45:17'),
	(49, 'Credit Voucher', 'web', '2025-06-17 05:46:11', '2025-06-17 05:46:11'),
	(50, 'admin.credit-voucher.create', 'web', '2025-06-17 05:46:23', '2025-06-17 05:46:23'),
	(51, 'admin.credit-voucher.edit', 'web', '2025-06-17 05:46:27', '2025-06-17 05:46:27'),
	(54, 'Journal Voucher', 'web', '2025-06-17 05:46:57', '2025-06-17 05:46:57'),
	(55, 'admin.journal-voucher.create', 'web', '2025-06-17 05:47:08', '2025-06-17 05:47:08'),
	(56, 'admin.journal-voucher.edit', 'web', '2025-06-17 05:47:13', '2025-06-17 05:47:13'),
	(59, 'admin.voucher-approve.index', 'web', '2025-06-17 05:48:10', '2025-06-17 05:56:08'),
	(60, 'admin.voucher-approve.show', 'web', '2025-06-17 05:48:51', '2025-06-17 05:48:51'),
	(61, 'admin.voucher-approve.edit', 'web', '2025-06-17 05:49:08', '2025-06-17 05:49:08'),
	(62, 'admin.voucher-refuse.index', 'web', '2025-06-17 05:50:19', '2025-06-17 05:56:21'),
	(63, 'admin.voucher-refuse.show', 'web', '2025-06-17 05:50:44', '2025-06-17 05:50:44'),
	(64, 'admin.voucher-refuse.edit', 'web', '2025-06-17 05:50:49', '2025-06-17 05:50:49'),
	(65, 'admin.automation-approve.index', 'web', '2025-06-17 05:51:28', '2025-06-17 05:56:39'),
	(66, 'admin.automation-approve.show', 'web', '2025-06-17 05:51:41', '2025-06-17 05:51:41'),
	(67, 'admin.automation-approve.edit', 'web', '2025-06-17 05:51:52', '2025-06-17 05:51:52'),
	(68, 'admin.automation-refuse.index', 'web', '2025-06-17 05:52:56', '2025-06-17 05:56:47'),
	(69, 'admin.automation-refuse.show', 'web', '2025-06-17 05:53:09', '2025-06-17 05:53:09'),
	(70, 'admin.automation-refuse.edit', 'web', '2025-06-17 05:53:17', '2025-06-17 05:53:17'),
	(71, 'Chart of Accounts 1', 'web', '2025-06-17 06:02:09', '2025-06-17 06:02:09'),
	(72, 'Daily Voucher List', 'web', '2025-06-17 06:02:32', '2025-06-17 06:02:32'),
	(73, 'Daily Cash Book', 'web', '2025-06-17 06:03:05', '2025-06-17 06:03:05'),
	(74, 'Bank Book', 'web', '2025-06-17 06:03:16', '2025-06-17 06:03:16'),
	(75, 'Transaction Ledger', 'web', '2025-06-17 06:03:36', '2025-06-17 06:03:36'),
	(76, 'General Ledger', 'web', '2025-06-17 06:03:52', '2025-06-17 06:03:52'),
	(77, 'Cash Flow Statement', 'web', '2025-06-17 06:04:23', '2025-06-17 06:04:23'),
	(78, 'Trial Balance', 'web', '2025-06-17 06:04:35', '2025-06-17 06:04:35'),
	(79, 'Income Statement', 'web', '2025-06-17 06:04:58', '2025-06-17 06:04:58'),
	(80, 'Balance Sheet', 'web', '2025-06-17 06:05:13', '2025-06-17 06:05:13'),
	(81, 'admin.debit-voucher.show', 'web', '2025-06-18 04:03:34', '2025-06-18 04:03:34'),
	(82, 'admin.debit-voucher.print', 'web', '2025-06-18 04:03:38', '2025-06-18 04:03:38'),
	(83, 'admin.debit-voucher.destroy', 'web', '2025-06-18 04:03:43', '2025-06-18 04:03:43'),
	(84, 'admin.debit-voucher.trash', 'web', '2025-06-18 04:03:47', '2025-06-18 04:03:47'),
	(85, 'admin.credit-voucher.show', 'web', '2025-06-18 22:26:47', '2025-06-18 22:26:47'),
	(86, 'admin.credit-voucher.print', 'web', '2025-06-18 22:26:51', '2025-06-18 22:26:51'),
	(87, 'admin.credit-voucher.destroy', 'web', '2025-06-18 22:26:59', '2025-06-18 22:26:59'),
	(88, 'admin.credit-voucher.trash', 'web', '2025-06-18 22:27:02', '2025-06-18 22:27:02'),
	(90, 'admin.invest.destroy', 'web', '2025-06-19 08:47:54', '2025-06-19 08:47:54'),
	(91, 'admin.invest.trash', 'web', '2025-06-19 08:47:58', '2025-06-19 08:47:58'),
	(100, 'admin.product.index', 'web', '2025-06-22 08:35:45', '2025-07-13 02:14:18'),
	(101, 'admin.product.create', 'web', '2025-06-22 08:36:30', '2025-07-13 02:14:48'),
	(102, 'admin.product.edit', 'web', '2025-06-22 08:36:33', '2025-07-13 02:14:53'),
	(127, 'admin.invest-sattlement.show', 'web', '2025-06-23 04:19:47', '2025-06-23 04:19:47'),
	(128, 'admin.invest-sattlement.destroy', 'web', '2025-06-23 04:19:56', '2025-06-23 04:19:56'),
	(129, 'admin.invest-sattlement.trash', 'web', '2025-06-23 04:20:01', '2025-06-23 04:20:01'),
	(130, 'admin.user.password', 'web', '2025-06-23 22:35:11', '2025-06-23 22:35:11'),
	(131, 'admin.user.destroy', 'web', '2025-06-23 22:35:16', '2025-06-23 22:35:16'),
	(132, 'admin.user.trash', 'web', '2025-06-23 22:35:21', '2025-06-23 22:35:21'),
	(135, 'admin.product-edition.index', 'web', '2025-07-16 22:24:15', '2025-07-17 06:25:16'),
	(138, 'Inventory', 'web', '2025-07-17 04:00:10', '2025-07-17 04:00:10'),
	(139, 'Productions', 'web', '2025-07-17 04:01:15', '2025-07-17 04:01:15'),
	(142, 'admin.product-edition.store', 'web', '2025-07-17 06:27:56', '2025-07-17 06:29:13'),
	(143, 'admin.product-edition.edit', 'web', '2025-07-17 06:28:06', '2025-07-17 06:28:06'),
	(144, 'admin.product-edition.destroy', 'web', '2025-07-17 06:28:19', '2025-07-17 06:28:19'),
	(145, 'admin.product.destroy', 'web', '2025-07-17 06:28:23', '2025-07-17 06:28:23'),
	(146, 'admin.product.trash', 'web', '2025-07-17 06:28:28', '2025-07-17 06:28:28'),
	(147, 'admin.production.create', 'web', '2025-07-18 22:28:23', '2025-07-18 22:28:23'),
	(148, 'admin.production.edit', 'web', '2025-07-18 22:28:27', '2025-07-18 22:28:27'),
	(149, 'admin.production.show', 'web', '2025-07-18 22:28:33', '2025-07-18 22:28:33'),
	(152, 'admin.production.print', 'web', '2025-07-19 04:38:54', '2025-07-19 04:38:54'),
	(153, 'admin.production.destroy', 'web', '2025-07-19 04:38:59', '2025-07-19 04:38:59'),
	(154, 'admin.production.trash', 'web', '2025-07-19 04:39:06', '2025-07-19 04:39:06'),
	(155, 'Sales Management', 'web', '2025-07-19 04:47:23', '2025-07-19 04:47:23'),
	(156, 'Dealers', 'web', '2025-07-19 04:49:14', '2025-07-19 04:49:14'),
	(157, 'Sales 1', 'web', '2025-07-19 04:49:37', '2025-07-19 04:49:37'),
	(158, 'admin.client.create', 'web', '2025-07-19 04:49:55', '2025-07-19 04:49:55'),
	(159, 'admin.client.edit', 'web', '2025-07-19 04:50:00', '2025-07-19 04:50:00'),
	(160, 'admin.client.destroy', 'web', '2025-07-19 04:50:07', '2025-07-19 04:50:07'),
	(161, 'admin.client.trash', 'web', '2025-07-19 04:50:11', '2025-07-19 04:50:11'),
	(162, 'admin.sales.create', 'web', '2025-07-19 04:50:26', '2025-07-19 04:50:26'),
	(163, 'admin.sales.edit', 'web', '2025-07-19 04:50:29', '2025-07-19 04:50:29'),
	(164, 'admin.sales.show', 'web', '2025-07-19 04:50:33', '2025-07-20 07:51:18'),
	(166, 'Stock', 'web', '2025-07-19 04:51:17', '2025-07-19 04:51:17'),
	(167, 'System Setup', 'web', '2025-07-19 05:13:16', '2025-07-19 05:13:16'),
	(168, 'Regions', 'web', '2025-07-19 05:14:11', '2025-07-19 05:14:11'),
	(169, 'Area', 'web', '2025-07-19 05:14:30', '2025-07-19 05:14:30'),
	(170, 'Territory', 'web', '2025-07-19 05:14:48', '2025-07-19 05:14:48'),
	(171, 'admin.region.create', 'web', '2025-07-19 06:11:34', '2025-07-19 06:11:34'),
	(172, 'admin.region.edit', 'web', '2025-07-19 06:11:40', '2025-07-19 06:11:40'),
	(173, 'admin.region.destroy', 'web', '2025-07-19 06:11:45', '2025-07-19 06:11:45'),
	(174, 'admin.region.trash', 'web', '2025-07-19 06:11:50', '2025-07-19 06:11:50'),
	(175, 'admin.area.create', 'web', '2025-07-19 06:12:18', '2025-07-19 06:12:18'),
	(176, 'admin.area.edit', 'web', '2025-07-19 06:12:21', '2025-07-19 06:12:21'),
	(177, 'admin.area.destroy', 'web', '2025-07-19 06:12:33', '2025-07-19 06:12:33'),
	(178, 'admin.area.trash', 'web', '2025-07-19 06:12:40', '2025-07-19 06:12:40'),
	(179, 'admin.territory.create', 'web', '2025-07-19 06:12:53', '2025-07-19 06:12:53'),
	(180, 'admin.territory.edit', 'web', '2025-07-19 06:12:56', '2025-07-19 06:12:56'),
	(181, 'admin.territory.destroy', 'web', '2025-07-19 06:13:00', '2025-07-19 06:13:00'),
	(182, 'admin.territory.trash', 'web', '2025-07-19 06:13:06', '2025-07-19 06:13:06'),
	(183, 'Stores', 'web', '2025-07-19 06:14:16', '2025-07-19 06:14:16'),
	(184, 'admin.store.create', 'web', '2025-07-19 06:14:31', '2025-07-19 06:14:31'),
	(185, 'admin.store.edit', 'web', '2025-07-19 06:14:34', '2025-07-19 06:14:34'),
	(186, 'admin.store.destroy', 'web', '2025-07-19 06:14:39', '2025-07-19 06:14:39'),
	(187, 'admin.store.trash', 'web', '2025-07-19 06:14:45', '2025-07-19 06:14:45'),
	(188, 'admin.sales.destroy', 'web', '2025-07-20 07:36:18', '2025-07-20 07:36:18'),
	(189, 'admin.sales.trash', 'web', '2025-07-20 07:36:23', '2025-07-20 07:36:23'),
	(190, 'Collections', 'web', '2025-07-20 07:50:25', '2025-07-20 07:50:25'),
	(191, 'admin.collection.create', 'web', '2025-07-20 07:50:36', '2025-07-20 07:50:36'),
	(192, 'admin.collection.edit', 'web', '2025-07-20 07:50:41', '2025-07-20 07:50:41'),
	(193, 'admin.collection.show', 'web', '2025-07-20 07:50:45', '2025-07-20 07:50:45'),
	(194, 'admin.collection.destroy', 'web', '2025-07-20 07:50:52', '2025-07-20 07:50:52'),
	(195, 'admin.collection.trash', 'web', '2025-07-20 07:50:56', '2025-07-20 07:50:56'),
	(196, 'Sales Returns', 'web', '2025-07-21 05:38:18', '2025-07-21 05:38:18'),
	(197, 'admin.sales-return.create', 'web', '2025-07-21 05:38:34', '2025-07-21 05:38:34'),
	(198, 'admin.sales-return.edit', 'web', '2025-07-21 05:38:45', '2025-07-21 05:38:45'),
	(199, 'admin.sales-return.show', 'web', '2025-07-21 05:38:49', '2025-07-21 05:38:49'),
	(200, 'admin.sales-return.destroy', 'web', '2025-07-21 05:38:55', '2025-07-21 05:38:55'),
	(201, 'admin.sales-return.trash', 'web', '2025-07-21 05:39:07', '2025-07-21 05:39:07'),
	(208, 'Profit Distribution', 'web', '2025-07-22 02:47:36', '2025-07-22 02:47:36'),
	(209, 'admin.profit-distribution.create', 'web', '2025-07-22 02:47:59', '2025-07-22 02:47:59'),
	(210, 'admin.profit-distribution.edit', 'web', '2025-07-22 02:48:05', '2025-07-22 02:48:05'),
	(211, 'admin.profit-distribution.show', 'web', '2025-07-22 02:48:09', '2025-07-22 02:48:09'),
	(212, 'admin.profit-distribution.destroy', 'web', '2025-07-22 02:48:16', '2025-07-22 02:48:16'),
	(213, 'admin.profit-distribution.trash', 'web', '2025-07-22 02:48:22', '2025-07-22 02:48:22'),
	(214, 'Investor Payment', 'web', '2025-07-22 06:50:16', '2025-07-22 06:50:16'),
	(215, 'admin.investor-payment.create', 'web', '2025-07-22 06:50:27', '2025-07-22 06:50:27'),
	(216, 'admin.investor-payment.edit', 'web', '2025-07-22 06:50:31', '2025-07-22 06:50:31'),
	(217, 'admin.investor-payment.show', 'web', '2025-07-22 06:50:38', '2025-07-22 06:50:38'),
	(218, 'admin.investor-payment.destroy', 'web', '2025-07-22 06:50:44', '2025-07-22 06:50:44'),
	(219, 'admin.investor-payment.trash', 'web', '2025-07-22 06:50:50', '2025-07-22 06:50:50'),
	(220, 'Investor Statement', 'web', '2025-07-22 22:46:53', '2025-07-22 22:46:53'),
	(221, 'admin.journal-voucher.show', 'web', '2025-08-31 23:33:11', '2025-08-31 23:33:11'),
	(222, 'admin.journal-voucher.print', 'web', '2025-08-31 23:33:17', '2025-08-31 23:33:17'),
	(223, 'admin.journal-voucher.destroy', 'web', '2025-08-31 23:33:21', '2025-08-31 23:33:21'),
	(224, 'admin.journal-voucher.trash', 'web', '2025-08-31 23:34:07', '2025-08-31 23:34:07'),
	(230, 'Rooms Management', 'web', '2026-02-09 01:27:40', '2026-02-09 01:27:40'),
	(231, 'Room Manage', 'web', '2026-02-09 01:29:43', '2026-02-09 01:29:43'),
	(232, 'Room Type Management', 'web', '2026-02-09 01:39:17', '2026-02-09 01:39:17'),
	(233, 'Room Type 1', 'web', '2026-02-09 01:41:19', '2026-02-09 01:41:19'),
	(234, 'Booking Management', 'web', '2026-02-09 05:31:56', '2026-02-09 05:31:56'),
	(235, 'Booking Manage 1', 'web', '2026-02-09 05:33:01', '2026-02-09 05:33:01'),
	(236, 'admin.services.index', 'web', '2026-02-09 22:13:17', '2026-02-14 22:58:10'),
	(237, 'Gallery Manage', 'web', '2026-02-09 22:14:03', '2026-02-09 22:14:03'),
	(238, 'Testimonial Manage', 'web', '2026-02-09 22:14:36', '2026-02-09 22:14:36'),
	(239, 'About Manage', 'web', '2026-02-09 22:15:15', '2026-02-09 22:15:15');

-- Dumping structure for table amar_hostel.productions
DROP TABLE IF EXISTS `productions`;
CREATE TABLE IF NOT EXISTS `productions` (
  `id` bigint unsigned NOT NULL AUTO_INCREMENT,
  `store_id` bigint unsigned NOT NULL,
  `production_no` varchar(255) CHARACTER SET utf8mb4 COLLATE utf8mb4_unicode_ci NOT NULL,
  `date` date NOT NULL,
  `total_qty` decimal(16,0) NOT NULL,
  `remarks` text CHARACTER SET utf8mb4 COLLATE utf8mb4_unicode_ci,
  `is_approved` tinyint(1) NOT NULL DEFAULT '0',
  `created_by` bigint unsigned DEFAULT NULL,
  `updated_by` bigint unsigned DEFAULT NULL,
  `deleted_by` bigint unsigned DEFAULT NULL,
  `deleted_at` timestamp NULL DEFAULT NULL,
  `created_at` timestamp NULL DEFAULT NULL,
  `updated_at` timestamp NULL DEFAULT NULL,
  PRIMARY KEY (`id`),
  UNIQUE KEY `productions_production_no_unique` (`production_no`),
  KEY `productions_store_id_foreign` (`store_id`),
  KEY `productions_created_by_foreign` (`created_by`),
  KEY `productions_updated_by_foreign` (`updated_by`),
  KEY `productions_deleted_by_foreign` (`deleted_by`),
  CONSTRAINT `productions_created_by_foreign` FOREIGN KEY (`created_by`) REFERENCES `users` (`id`) ON DELETE SET NULL,
  CONSTRAINT `productions_deleted_by_foreign` FOREIGN KEY (`deleted_by`) REFERENCES `users` (`id`) ON DELETE SET NULL,
  CONSTRAINT `productions_store_id_foreign` FOREIGN KEY (`store_id`) REFERENCES `stores` (`id`) ON DELETE CASCADE,
  CONSTRAINT `productions_updated_by_foreign` FOREIGN KEY (`updated_by`) REFERENCES `users` (`id`) ON DELETE SET NULL
) ENGINE=InnoDB AUTO_INCREMENT=31 DEFAULT CHARSET=utf8mb4 COLLATE=utf8mb4_unicode_ci;

-- Dumping data for table amar_hostel.productions: ~12 rows (approximately)
DELETE FROM `productions`;
INSERT INTO `productions` (`id`, `store_id`, `production_no`, `date`, `total_qty`, `remarks`, `is_approved`, `created_by`, `updated_by`, `deleted_by`, `deleted_at`, `created_at`, `updated_at`) VALUES
	(30, 1, 'PP2602001', '2026-02-17', 7, NULL, 0, 1, 1, NULL, NULL, '2026-02-17 00:58:52', '2026-02-17 01:05:00');

-- Dumping structure for table amar_hostel.production_lists
DROP TABLE IF EXISTS `production_lists`;
CREATE TABLE IF NOT EXISTS `production_lists` (
  `id` bigint unsigned NOT NULL AUTO_INCREMENT,
  `production_id` bigint unsigned NOT NULL,
  `store_id` bigint unsigned NOT NULL,
  `product_id` bigint unsigned NOT NULL,
  `qty` decimal(16,0) NOT NULL,
  `created_at` timestamp NULL DEFAULT NULL,
  `updated_at` timestamp NULL DEFAULT NULL,
  PRIMARY KEY (`id`),
  KEY `production_lists_production_id_foreign` (`production_id`),
  KEY `production_lists_store_id_foreign` (`store_id`),
  KEY `production_lists_product_id_foreign` (`product_id`)
) ENGINE=InnoDB AUTO_INCREMENT=38 DEFAULT CHARSET=utf8mb4 COLLATE=utf8mb4_unicode_ci;

-- Dumping data for table amar_hostel.production_lists: ~13 rows (approximately)
DELETE FROM `production_lists`;
INSERT INTO `production_lists` (`id`, `production_id`, `store_id`, `product_id`, `qty`, `created_at`, `updated_at`) VALUES
	(36, 30, 1, 2, 4, '2026-02-17 01:05:01', '2026-02-17 01:05:01'),
	(37, 30, 1, 9, 3, '2026-02-17 01:05:01', '2026-02-17 01:05:01');

-- Dumping structure for table amar_hostel.profit_distributions
DROP TABLE IF EXISTS `profit_distributions`;
CREATE TABLE IF NOT EXISTS `profit_distributions` (
  `id` bigint unsigned NOT NULL AUTO_INCREMENT,
  `serial_no` varchar(255) CHARACTER SET utf8mb4 COLLATE utf8mb4_unicode_ci NOT NULL,
  `year` int NOT NULL,
  `month` varchar(255) CHARACTER SET utf8mb4 COLLATE utf8mb4_unicode_ci NOT NULL,
  `date` date NOT NULL,
  `product_id` bigint unsigned DEFAULT NULL,
  `invest_qty` decimal(16,0) NOT NULL,
  `production_qty` int NOT NULL,
  `sales_qty` int NOT NULL,
  `sales_amount` decimal(12,0) NOT NULL,
  `invest_amount` decimal(16,0) NOT NULL,
  `profit_amount` decimal(16,0) NOT NULL,
  `created_by` bigint unsigned DEFAULT NULL,
  `updated_by` bigint unsigned DEFAULT NULL,
  `deleted_by` bigint unsigned DEFAULT NULL,
  `deleted_at` timestamp NULL DEFAULT NULL,
  `created_at` timestamp NULL DEFAULT NULL,
  `updated_at` timestamp NULL DEFAULT NULL,
  PRIMARY KEY (`id`),
  UNIQUE KEY `profit_distributions_serial_no_unique` (`serial_no`),
  KEY `profit_distributions_created_by_foreign` (`created_by`),
  KEY `profit_distributions_updated_by_foreign` (`updated_by`),
  KEY `profit_distributions_deleted_by_foreign` (`deleted_by`),
  CONSTRAINT `profit_distributions_created_by_foreign` FOREIGN KEY (`created_by`) REFERENCES `users` (`id`) ON DELETE SET NULL,
  CONSTRAINT `profit_distributions_deleted_by_foreign` FOREIGN KEY (`deleted_by`) REFERENCES `users` (`id`) ON DELETE SET NULL,
  CONSTRAINT `profit_distributions_updated_by_foreign` FOREIGN KEY (`updated_by`) REFERENCES `users` (`id`) ON DELETE SET NULL
) ENGINE=InnoDB AUTO_INCREMENT=21 DEFAULT CHARSET=utf8mb4 COLLATE=utf8mb4_unicode_ci;

-- Dumping data for table amar_hostel.profit_distributions: ~4 rows (approximately)
DELETE FROM `profit_distributions`;
INSERT INTO `profit_distributions` (`id`, `serial_no`, `year`, `month`, `date`, `product_id`, `invest_qty`, `production_qty`, `sales_qty`, `sales_amount`, `invest_amount`, `profit_amount`, `created_by`, `updated_by`, `deleted_by`, `deleted_at`, `created_at`, `updated_at`) VALUES
	(14, 'PD2511001', 2025, 'November', '2025-11-26', 12, 6, 1013, 842, 185328, 180000, 37890, 10, NULL, NULL, NULL, '2025-11-26 01:17:55', '2025-11-26 01:17:55'),
	(15, 'PD2512001', 2025, 'December', '2025-12-24', 4, 6, 1107, 897, 186638, 180000, 40365, 10, NULL, NULL, NULL, '2025-12-23 22:40:41', '2025-12-23 22:40:41'),
	(19, 'PD2512002', 2025, 'December', '2025-12-29', 3, 6, 987, 878, 203580, 180000, 39510, 10, NULL, NULL, NULL, '2025-12-29 23:51:54', '2025-12-29 23:51:54'),
	(20, 'PD2512003', 2025, 'December', '2025-12-30', 2, 6, 1100, 751, 144115, 180000, 33795, 10, NULL, NULL, NULL, '2025-12-29 23:54:16', '2025-12-29 23:54:16');

-- Dumping structure for table amar_hostel.profit_distribution_lists
DROP TABLE IF EXISTS `profit_distribution_lists`;
CREATE TABLE IF NOT EXISTS `profit_distribution_lists` (
  `id` bigint unsigned NOT NULL AUTO_INCREMENT,
  `profit_distribution_id` bigint unsigned NOT NULL,
  `invest_id` bigint unsigned NOT NULL,
  `investor_id` bigint unsigned NOT NULL,
  `product_id` bigint unsigned NOT NULL,
  `profit_per_sale` decimal(16,0) NOT NULL,
  `sales_qty` decimal(16,0) DEFAULT NULL,
  `invest_qty` decimal(16,0) NOT NULL,
  `invest_amount` decimal(16,0) NOT NULL,
  `amount` decimal(16,0) NOT NULL,
  `paid_amount` decimal(16,0) NOT NULL DEFAULT '0',
  `created_at` timestamp NULL DEFAULT NULL,
  `updated_at` timestamp NULL DEFAULT NULL,
  PRIMARY KEY (`id`),
  KEY `profit_distribution_lists_profit_distribution_id_foreign` (`profit_distribution_id`),
  KEY `profit_distribution_lists_invest_id_foreign` (`invest_id`),
  KEY `profit_distribution_lists_investor_id_foreign` (`investor_id`),
  KEY `profit_distribution_lists_product_id_foreign` (`product_id`),
  CONSTRAINT `profit_distribution_lists_invest_id_foreign` FOREIGN KEY (`invest_id`) REFERENCES `invests` (`id`) ON DELETE CASCADE,
  CONSTRAINT `profit_distribution_lists_investor_id_foreign` FOREIGN KEY (`investor_id`) REFERENCES `investors` (`id`) ON DELETE CASCADE,
  CONSTRAINT `profit_distribution_lists_product_id_foreign` FOREIGN KEY (`product_id`) REFERENCES `products` (`id`) ON DELETE CASCADE,
  CONSTRAINT `profit_distribution_lists_profit_distribution_id_foreign` FOREIGN KEY (`profit_distribution_id`) REFERENCES `profit_distributions` (`id`) ON DELETE CASCADE
) ENGINE=InnoDB AUTO_INCREMENT=34 DEFAULT CHARSET=utf8mb4 COLLATE=utf8mb4_unicode_ci;

-- Dumping data for table amar_hostel.profit_distribution_lists: ~11 rows (approximately)
DELETE FROM `profit_distribution_lists`;
INSERT INTO `profit_distribution_lists` (`id`, `profit_distribution_id`, `invest_id`, `investor_id`, `product_id`, `profit_per_sale`, `sales_qty`, `invest_qty`, `invest_amount`, `amount`, `paid_amount`, `created_at`, `updated_at`) VALUES
	(17, 14, 16, 8, 12, 45, 842, 3, 90000, 18945, 18945, '2025-11-26 01:17:55', '2025-11-26 01:24:18'),
	(18, 14, 22, 8, 12, 45, 842, 3, 90000, 18945, 18945, '2025-11-26 01:17:55', '2025-11-26 01:24:18'),
	(19, 15, 17, 9, 4, 45, 897, 3, 90000, 20184, 20184, '2025-12-23 22:40:41', '2025-12-23 22:42:14'),
	(20, 15, 23, 9, 4, 45, 897, 3, 90000, 20184, 20184, '2025-12-23 22:40:41', '2025-12-23 22:42:14'),
	(27, 19, 10, 3, 3, 45, 878, 1, 30000, 6585, 6585, '2025-12-29 23:51:54', '2025-12-30 00:53:35'),
	(28, 19, 11, 4, 3, 45, 878, 1, 30000, 6585, 6585, '2025-12-29 23:51:54', '2025-12-30 00:55:12'),
	(29, 19, 13, 5, 3, 45, 878, 1, 30000, 6585, 6585, '2025-12-29 23:51:54', '2025-12-30 00:56:52'),
	(30, 19, 14, 6, 3, 45, 878, 1, 30000, 6585, 6585, '2025-12-29 23:51:54', '2025-12-31 03:37:38'),
	(31, 19, 15, 7, 3, 45, 878, 2, 60000, 13170, 13170, '2025-12-29 23:51:54', '2025-12-30 00:58:05'),
	(32, 20, 20, 15, 2, 45, 751, 1, 30000, 5633, 5633, '2025-12-29 23:54:16', '2025-12-30 01:00:39'),
	(33, 20, 24, 8, 2, 45, 751, 5, 150000, 28165, 28165, '2025-12-29 23:54:16', '2025-12-30 00:59:54');

-- Dumping structure for table amar_hostel.regions
DROP TABLE IF EXISTS `regions`;
CREATE TABLE IF NOT EXISTS `regions` (
  `id` bigint unsigned NOT NULL AUTO_INCREMENT,
  `code` varchar(255) CHARACTER SET utf8mb4 COLLATE utf8mb4_unicode_ci DEFAULT NULL,
  `name` varchar(255) CHARACTER SET utf8mb4 COLLATE utf8mb4_unicode_ci NOT NULL,
  `incharge` varchar(255) CHARACTER SET utf8mb4 COLLATE utf8mb4_unicode_ci DEFAULT NULL,
  `phone` varchar(255) CHARACTER SET utf8mb4 COLLATE utf8mb4_unicode_ci DEFAULT NULL,
  `email` varchar(255) CHARACTER SET utf8mb4 COLLATE utf8mb4_unicode_ci DEFAULT NULL,
  `address` varchar(255) CHARACTER SET utf8mb4 COLLATE utf8mb4_unicode_ci DEFAULT NULL,
  `status` tinyint(1) NOT NULL DEFAULT '1',
  `created_by` bigint unsigned DEFAULT NULL,
  `updated_by` bigint unsigned DEFAULT NULL,
  `deleted_by` bigint unsigned DEFAULT NULL,
  `deleted_at` timestamp NULL DEFAULT NULL,
  `created_at` timestamp NULL DEFAULT NULL,
  `updated_at` timestamp NULL DEFAULT NULL,
  PRIMARY KEY (`id`),
  UNIQUE KEY `regions_code_unique` (`code`),
  KEY `regions_created_by_foreign` (`created_by`),
  KEY `regions_updated_by_foreign` (`updated_by`),
  KEY `regions_deleted_by_foreign` (`deleted_by`),
  CONSTRAINT `regions_created_by_foreign` FOREIGN KEY (`created_by`) REFERENCES `users` (`id`) ON DELETE SET NULL,
  CONSTRAINT `regions_deleted_by_foreign` FOREIGN KEY (`deleted_by`) REFERENCES `users` (`id`) ON DELETE SET NULL,
  CONSTRAINT `regions_updated_by_foreign` FOREIGN KEY (`updated_by`) REFERENCES `users` (`id`) ON DELETE SET NULL
) ENGINE=InnoDB AUTO_INCREMENT=10 DEFAULT CHARSET=utf8mb4 COLLATE=utf8mb4_unicode_ci;

-- Dumping data for table amar_hostel.regions: ~9 rows (approximately)
DELETE FROM `regions`;
INSERT INTO `regions` (`id`, `code`, `name`, `incharge`, `phone`, `email`, `address`, `status`, `created_by`, `updated_by`, `deleted_by`, `deleted_at`, `created_at`, `updated_at`) VALUES
	(1, NULL, 'Dhaka', NULL, NULL, NULL, NULL, 1, 1, 10, NULL, NULL, '2025-07-22 03:18:28', '2025-10-26 00:13:07'),
	(2, NULL, 'Barishal', NULL, NULL, NULL, NULL, 1, 10, NULL, NULL, NULL, '2025-10-25 23:48:53', '2025-10-25 23:48:53'),
	(3, NULL, 'Khulna', NULL, NULL, NULL, NULL, 1, 10, NULL, NULL, NULL, '2025-10-25 23:49:05', '2025-10-25 23:49:05'),
	(4, NULL, 'Mymensingh', NULL, NULL, NULL, NULL, 1, 10, NULL, NULL, NULL, '2025-10-25 23:49:32', '2025-10-25 23:49:32'),
	(5, NULL, 'Rajshahi', NULL, NULL, NULL, NULL, 1, 10, NULL, NULL, NULL, '2025-10-25 23:49:47', '2025-10-25 23:49:47'),
	(6, NULL, 'Rangpur', NULL, NULL, NULL, NULL, 1, 10, NULL, NULL, NULL, '2025-10-25 23:50:31', '2025-10-25 23:50:31'),
	(7, NULL, 'Chattogram', NULL, NULL, NULL, NULL, 1, 10, NULL, NULL, NULL, '2025-10-25 23:50:52', '2025-10-25 23:50:52'),
	(8, NULL, 'Sylhet', NULL, NULL, NULL, NULL, 1, 10, NULL, NULL, NULL, '2025-10-25 23:51:18', '2025-10-25 23:51:18'),
	(9, NULL, 'Region-1', NULL, NULL, NULL, NULL, 0, 10, NULL, NULL, NULL, '2025-10-26 00:18:44', '2025-11-01 01:45:01');

-- Dumping structure for table amar_hostel.roles
DROP TABLE IF EXISTS `roles`;
CREATE TABLE IF NOT EXISTS `roles` (
  `id` bigint unsigned NOT NULL AUTO_INCREMENT,
  `name` varchar(255) COLLATE utf8mb4_unicode_ci NOT NULL,
  `guard_name` varchar(255) COLLATE utf8mb4_unicode_ci NOT NULL,
  `created_at` timestamp NULL DEFAULT NULL,
  `updated_at` timestamp NULL DEFAULT NULL,
  PRIMARY KEY (`id`),
  UNIQUE KEY `roles_name_guard_name_unique` (`name`,`guard_name`)
) ENGINE=InnoDB AUTO_INCREMENT=4 DEFAULT CHARSET=utf8mb4 COLLATE=utf8mb4_unicode_ci;

-- Dumping data for table amar_hostel.roles: ~3 rows (approximately)
DELETE FROM `roles`;
INSERT INTO `roles` (`id`, `name`, `guard_name`, `created_at`, `updated_at`) VALUES
	(1, 'Software Admin', 'web', '2025-06-17 05:01:01', '2025-06-17 05:01:01'),
	(2, 'System Admin', 'web', '2025-06-17 06:06:58', '2025-06-17 06:06:58'),
	(3, 'Investor', 'web', '2025-06-19 05:43:06', '2025-06-19 05:43:06');

-- Dumping structure for table amar_hostel.role_has_permissions
DROP TABLE IF EXISTS `role_has_permissions`;
CREATE TABLE IF NOT EXISTS `role_has_permissions` (
  `permission_id` bigint unsigned NOT NULL,
  `role_id` bigint unsigned NOT NULL,
  PRIMARY KEY (`permission_id`,`role_id`),
  KEY `role_has_permissions_role_id_foreign` (`role_id`),
  CONSTRAINT `role_has_permissions_permission_id_foreign` FOREIGN KEY (`permission_id`) REFERENCES `permissions` (`id`) ON DELETE CASCADE,
  CONSTRAINT `role_has_permissions_role_id_foreign` FOREIGN KEY (`role_id`) REFERENCES `roles` (`id`) ON DELETE CASCADE
) ENGINE=InnoDB DEFAULT CHARSET=utf8mb4 COLLATE=utf8mb4_unicode_ci;

-- Dumping data for table amar_hostel.role_has_permissions: ~316 rows (approximately)
DELETE FROM `role_has_permissions`;
INSERT INTO `role_has_permissions` (`permission_id`, `role_id`) VALUES
	(1, 1),
	(2, 1),
	(3, 1),
	(4, 1),
	(5, 1),
	(6, 1),
	(7, 1),
	(8, 1),
	(9, 1),
	(10, 1),
	(11, 1),
	(12, 1),
	(13, 1),
	(14, 1),
	(15, 1),
	(16, 1),
	(17, 1),
	(18, 1),
	(19, 1),
	(20, 1),
	(23, 1),
	(24, 1),
	(25, 1),
	(26, 1),
	(27, 1),
	(28, 1),
	(29, 1),
	(32, 1),
	(33, 1),
	(34, 1),
	(37, 1),
	(38, 1),
	(39, 1),
	(40, 1),
	(41, 1),
	(42, 1),
	(43, 1),
	(44, 1),
	(45, 1),
	(46, 1),
	(49, 1),
	(50, 1),
	(51, 1),
	(54, 1),
	(55, 1),
	(56, 1),
	(59, 1),
	(60, 1),
	(61, 1),
	(62, 1),
	(63, 1),
	(64, 1),
	(65, 1),
	(66, 1),
	(67, 1),
	(68, 1),
	(69, 1),
	(70, 1),
	(71, 1),
	(72, 1),
	(73, 1),
	(74, 1),
	(75, 1),
	(76, 1),
	(77, 1),
	(78, 1),
	(79, 1),
	(80, 1),
	(81, 1),
	(82, 1),
	(83, 1),
	(84, 1),
	(85, 1),
	(86, 1),
	(87, 1),
	(88, 1),
	(90, 1),
	(91, 1),
	(100, 1),
	(101, 1),
	(102, 1),
	(127, 1),
	(128, 1),
	(129, 1),
	(130, 1),
	(131, 1),
	(132, 1),
	(135, 1),
	(138, 1),
	(139, 1),
	(142, 1),
	(143, 1),
	(144, 1),
	(145, 1),
	(146, 1),
	(147, 1),
	(148, 1),
	(149, 1),
	(152, 1),
	(153, 1),
	(154, 1),
	(155, 1),
	(156, 1),
	(157, 1),
	(158, 1),
	(159, 1),
	(160, 1),
	(161, 1),
	(162, 1),
	(163, 1),
	(164, 1),
	(166, 1),
	(167, 1),
	(168, 1),
	(169, 1),
	(170, 1),
	(171, 1),
	(172, 1),
	(173, 1),
	(174, 1),
	(175, 1),
	(176, 1),
	(177, 1),
	(178, 1),
	(179, 1),
	(180, 1),
	(181, 1),
	(182, 1),
	(183, 1),
	(184, 1),
	(185, 1),
	(186, 1),
	(187, 1),
	(188, 1),
	(189, 1),
	(190, 1),
	(191, 1),
	(192, 1),
	(193, 1),
	(194, 1),
	(195, 1),
	(196, 1),
	(197, 1),
	(198, 1),
	(199, 1),
	(200, 1),
	(201, 1),
	(208, 1),
	(209, 1),
	(210, 1),
	(211, 1),
	(212, 1),
	(213, 1),
	(214, 1),
	(215, 1),
	(216, 1),
	(217, 1),
	(218, 1),
	(219, 1),
	(220, 1),
	(221, 1),
	(222, 1),
	(223, 1),
	(224, 1),
	(230, 1),
	(231, 1),
	(232, 1),
	(233, 1),
	(234, 1),
	(235, 1),
	(236, 1),
	(237, 1),
	(238, 1),
	(239, 1),
	(1, 2),
	(2, 2),
	(3, 2),
	(6, 2),
	(7, 2),
	(15, 2),
	(16, 2),
	(18, 2),
	(23, 2),
	(24, 2),
	(25, 2),
	(26, 2),
	(27, 2),
	(28, 2),
	(29, 2),
	(32, 2),
	(33, 2),
	(34, 2),
	(37, 2),
	(38, 2),
	(39, 2),
	(40, 2),
	(41, 2),
	(42, 2),
	(43, 2),
	(44, 2),
	(45, 2),
	(46, 2),
	(49, 2),
	(50, 2),
	(51, 2),
	(54, 2),
	(55, 2),
	(56, 2),
	(59, 2),
	(60, 2),
	(61, 2),
	(62, 2),
	(63, 2),
	(64, 2),
	(65, 2),
	(66, 2),
	(67, 2),
	(68, 2),
	(69, 2),
	(70, 2),
	(71, 2),
	(72, 2),
	(73, 2),
	(74, 2),
	(75, 2),
	(76, 2),
	(77, 2),
	(78, 2),
	(79, 2),
	(80, 2),
	(81, 2),
	(82, 2),
	(83, 2),
	(84, 2),
	(85, 2),
	(86, 2),
	(87, 2),
	(88, 2),
	(90, 2),
	(91, 2),
	(100, 2),
	(101, 2),
	(102, 2),
	(127, 2),
	(128, 2),
	(129, 2),
	(135, 2),
	(142, 2),
	(143, 2),
	(144, 2),
	(145, 2),
	(146, 2),
	(155, 2),
	(156, 2),
	(157, 2),
	(158, 2),
	(159, 2),
	(160, 2),
	(161, 2),
	(162, 2),
	(163, 2),
	(164, 2),
	(167, 2),
	(168, 2),
	(169, 2),
	(170, 2),
	(171, 2),
	(172, 2),
	(173, 2),
	(174, 2),
	(175, 2),
	(176, 2),
	(177, 2),
	(178, 2),
	(179, 2),
	(180, 2),
	(181, 2),
	(182, 2),
	(183, 2),
	(184, 2),
	(185, 2),
	(186, 2),
	(187, 2),
	(188, 2),
	(189, 2),
	(190, 2),
	(191, 2),
	(192, 2),
	(193, 2),
	(194, 2),
	(195, 2),
	(196, 2),
	(197, 2),
	(198, 2),
	(199, 2),
	(200, 2),
	(201, 2),
	(208, 2),
	(209, 2),
	(210, 2),
	(211, 2),
	(212, 2),
	(213, 2),
	(214, 2),
	(215, 2),
	(216, 2),
	(217, 2),
	(218, 2),
	(219, 2),
	(220, 2),
	(221, 2),
	(222, 2),
	(223, 2),
	(224, 2),
	(1, 3),
	(220, 3);

-- Dumping structure for table amar_hostel.rooms
DROP TABLE IF EXISTS `rooms`;
CREATE TABLE IF NOT EXISTS `rooms` (
  `id` bigint unsigned NOT NULL AUTO_INCREMENT,
  `name` varchar(255) COLLATE utf8mb4_unicode_ci NOT NULL,
  `category_id` int DEFAULT NULL,
  `description` text COLLATE utf8mb4_unicode_ci,
  `price` decimal(10,2) NOT NULL,
  `profit` double DEFAULT '0',
  `required_share` double DEFAULT '0',
  `show_dashboard` int DEFAULT '1',
  `serial` int DEFAULT '1',
  `code` varchar(255) COLLATE utf8mb4_unicode_ci DEFAULT NULL,
  `status` int DEFAULT '1',
  `capacity` int NOT NULL,
  `available` int NOT NULL DEFAULT '8',
  `image` varchar(255) COLLATE utf8mb4_unicode_ci DEFAULT NULL,
  `image2` varchar(255) COLLATE utf8mb4_unicode_ci DEFAULT NULL,
  `image3` varchar(255) COLLATE utf8mb4_unicode_ci DEFAULT NULL,
  `image4` varchar(255) COLLATE utf8mb4_unicode_ci DEFAULT NULL,
  `meta_title` varchar(255) COLLATE utf8mb4_unicode_ci DEFAULT NULL,
  `meta_description` text COLLATE utf8mb4_unicode_ci,
  `meta_keywords` varchar(255) COLLATE utf8mb4_unicode_ci DEFAULT NULL,
  `meta_image` varchar(255) COLLATE utf8mb4_unicode_ci DEFAULT NULL,
  `slug` varchar(255) COLLATE utf8mb4_unicode_ci NOT NULL,
  `created_at` timestamp NULL DEFAULT NULL,
  `updated_at` timestamp NULL DEFAULT NULL,
  PRIMARY KEY (`id`),
  UNIQUE KEY `rooms_slug_unique` (`slug`)
) ENGINE=InnoDB AUTO_INCREMENT=14 DEFAULT CHARSET=utf8mb4 COLLATE=utf8mb4_unicode_ci;

-- Dumping data for table amar_hostel.rooms: ~8 rows (approximately)
DELETE FROM `rooms`;
INSERT INTO `rooms` (`id`, `name`, `category_id`, `description`, `price`, `profit`, `required_share`, `show_dashboard`, `serial`, `code`, `status`, `capacity`, `available`, `image`, `image2`, `image3`, `image4`, `meta_title`, `meta_description`, `meta_keywords`, `meta_image`, `slug`, `created_at`, `updated_at`) VALUES
	(2, 'Double Deluxe Room SingleTest1', 1, 'Double Deluxe Room', 22.00, 0, 0, 1, 1, NULL, 1, 8, 7, 'rooms/gKQZ9ERAkiJBua6520o88AgSJrTPvCwZfnYHCKk6.jpg', 'rooms/VryKQgMJ4d3dqJCwyND3wn5rZ8C2uGAgSlFOGhAG.jpg', 'rooms/eZ2bj1wfI9C7jYOUtLe9vLwWKs5F8MtjwL9Pl2XN.jpg', 'rooms/zK4XnNRRz65cuHZEPHcALdgtdakEm66orYj9P7iV.jpg', 'Double Deluxe Room', 'Double Deluxe Room', 'Double Deluxe Room', 'rooms/seo/xlzCxMZis93zTeaqXatfgSi692N3Ex8t4YTUrn3b.jpg', 'double-deluxe-room-singletest1', '2026-02-04 23:55:23', '2026-02-15 22:07:42'),
	(6, 'AM-01-02', 3, 'Single Deluxe Room', 22.00, 0, 0, 1, 1, NULL, 1, 4, 1, 'rooms/jQGC8Up2uQcdsQ485hBHMkwsoFyOR39UkVDE6w7m.jpg', 'rooms/krenxliAQiLbzNdcV6UumxYxqiBOMpSWWOknmxq6.jpg', 'rooms/oGuw0H6HvzCur4VbL3VE2v7mBMcWQLbE14qz4dmU.jpg', 'rooms/brsXiCzeWmd3loFgcAmGG0ArOw7cGVHhsUem4Lvp.jpg', 'Single Deluxe Room', 'Single Deluxe Room', 'Single Deluxe Room', 'rooms/seo/TK8eBehnfFPqOyHtdVbt8XtKfgt5CSJmP9llaX1L.jpg', 'am-01-02', '2026-02-05 00:35:14', '2026-02-10 00:45:41'),
	(8, 'Honeymoon Suit', 2, 'Honeymoon Suit', 44.00, 0, 0, 1, 1, NULL, 1, 4, 2, 'rooms/qJzeXPi69vZw9FmhXtQuMScHPbowl0t03SP12qin.jpg', NULL, NULL, NULL, 'Honeymoon Suit', 'Honeymoon Suit', 'Honeymoon Suit', 'rooms/seo/UR956rfk7fScdUPPuoLHdAB5Qw15asy3kGuPQtwu.jpg', 'honeymoon-suit', '2026-02-05 05:59:41', '2026-02-09 05:37:39'),
	(9, 'Economy Double', 4, 'Economy Double', 45.00, 0, 0, 1, 1, NULL, 1, 4, 0, 'rooms/3KWBC1gjw6q4QEdBYiplMhRynxBVrUpley90z050.jpg', NULL, NULL, NULL, 'Economy Double', 'Economy Double', 'Economy Double', 'rooms/seo/sqSsbp08Msx83HSBx2colnxug0tKawEsdQpLhWMw.jpg', 'economy-double', '2026-02-05 06:00:59', '2026-02-10 04:13:10'),
	(10, 'Economy Double Classic', 2, 'Economy Double Classic', 44.00, 0, 0, 1, 1, NULL, 1, 8, 2, 'rooms/pKEohB8fOkFqhl9n0ubdGVYNSYPH2xqQYNIMIuuK.jpg', NULL, NULL, NULL, 'Economy Double Classic', 'Economy Double Classic', NULL, 'rooms/seo/6XXxiC1a9l3UrstTjRxPyCm8gyCFTAvi9212o8q2.jpg', 'economy-double-classic', '2026-02-05 06:01:57', '2026-02-08 03:43:19'),
	(11, 'Economy Double Classic2', 2, 'Economy Double Classic', 33.00, 0, 0, 1, 1, NULL, 1, 8, 3, 'rooms/K1RVpYBMz2jCCudYVxFg5g3fAJWp7xN1fVJNmueR.jpg', NULL, NULL, NULL, NULL, NULL, NULL, NULL, 'economy-double-classic2', '2026-02-05 06:02:32', '2026-02-10 03:47:54'),
	(12, 'tes', 2, 'asdsa', 22.00, 0, 0, 1, 1, NULL, 1, 8, 3, 'rooms/paLEZRVGbv84UIJTcWRh7xBrjuCWxcGQvDOr644I.jpg', 'rooms/HB3wxWuY4uqS8zGp21FB8TA9fwxmC78bp090i2DP.jpg', 'rooms/qDNH5X6YSTT1jAfwR9Gcnpn1kJSryt5FPBUmsmaV.jpg', 'rooms/e69trXFTaxhrezIeJlfvCmwSeYnjaBFVD4IIXkIo.jpg', NULL, NULL, NULL, NULL, 'tes', '2026-02-10 00:36:07', '2026-02-10 00:36:07'),
	(13, 'Test2', 3, 'asdsasdad', 333.00, 0, 0, 1, 1, NULL, 1, 4, 1, 'rooms/B91NxjsI4oJNZgQNPPTKaeydUZD2kBVM9vGo6TXQ.jpg', 'rooms/lYR3hlMuqA6AwweoiAQ6jVWXzAijPqulRpJpHIXR.jpg', 'rooms/8tMlYvi6n1iuzdwF2mweMQo9o7czr8u29WG1ORvN.jpg', 'rooms/TSr0a7pNltHQNEsu3bcEWRI8LjW4g85SvJadWxwQ.jpg', NULL, NULL, NULL, NULL, 'test2', '2026-02-10 00:41:56', '2026-02-10 00:41:56');

-- Dumping structure for table amar_hostel.sales
DROP TABLE IF EXISTS `sales`;
CREATE TABLE IF NOT EXISTS `sales` (
  `id` bigint unsigned NOT NULL AUTO_INCREMENT,
  `client_id` bigint unsigned NOT NULL,
  `store_id` bigint unsigned DEFAULT NULL,
  `sales_officer_id` bigint unsigned DEFAULT NULL,
  `coa_id` bigint unsigned DEFAULT NULL,
  `sale_type` enum('Credit','Cash') CHARACTER SET utf8mb4 COLLATE utf8mb4_unicode_ci NOT NULL DEFAULT 'Credit',
  `invoice` varchar(255) CHARACTER SET utf8mb4 COLLATE utf8mb4_unicode_ci NOT NULL,
  `date` date NOT NULL,
  `amount` decimal(16,2) NOT NULL,
  `discount` decimal(16,2) NOT NULL DEFAULT '0.00',
  `net_amount` decimal(16,2) NOT NULL,
  `paid` decimal(16,2) NOT NULL DEFAULT '0.00',
  `return_amount` decimal(16,2) NOT NULL DEFAULT '0.00',
  `return_paid` decimal(16,2) NOT NULL DEFAULT '0.00',
  `remarks` text CHARACTER SET utf8mb4 COLLATE utf8mb4_unicode_ci,
  `created_by` bigint unsigned DEFAULT NULL,
  `updated_by` bigint unsigned DEFAULT NULL,
  `deleted_by` bigint unsigned DEFAULT NULL,
  `deleted_at` timestamp NULL DEFAULT NULL,
  `created_at` timestamp NULL DEFAULT NULL,
  `updated_at` timestamp NULL DEFAULT NULL,
  PRIMARY KEY (`id`),
  UNIQUE KEY `sales_invoice_unique` (`invoice`),
  KEY `sales_client_id_foreign` (`client_id`),
  KEY `sales_store_id_foreign` (`store_id`),
  KEY `sales_sales_officer_id_foreign` (`sales_officer_id`),
  KEY `sales_coa_id_foreign` (`coa_id`),
  KEY `sales_created_by_foreign` (`created_by`),
  KEY `sales_updated_by_foreign` (`updated_by`),
  KEY `sales_deleted_by_foreign` (`deleted_by`),
  CONSTRAINT `sales_client_id_foreign` FOREIGN KEY (`client_id`) REFERENCES `clients` (`id`) ON DELETE CASCADE,
  CONSTRAINT `sales_coa_id_foreign` FOREIGN KEY (`coa_id`) REFERENCES `coas` (`id`) ON DELETE SET NULL,
  CONSTRAINT `sales_created_by_foreign` FOREIGN KEY (`created_by`) REFERENCES `users` (`id`) ON DELETE SET NULL,
  CONSTRAINT `sales_deleted_by_foreign` FOREIGN KEY (`deleted_by`) REFERENCES `users` (`id`) ON DELETE SET NULL,
  CONSTRAINT `sales_sales_officer_id_foreign` FOREIGN KEY (`sales_officer_id`) REFERENCES `sales_officers` (`id`) ON DELETE CASCADE,
  CONSTRAINT `sales_store_id_foreign` FOREIGN KEY (`store_id`) REFERENCES `stores` (`id`) ON DELETE CASCADE,
  CONSTRAINT `sales_updated_by_foreign` FOREIGN KEY (`updated_by`) REFERENCES `users` (`id`) ON DELETE SET NULL
) ENGINE=InnoDB AUTO_INCREMENT=445 DEFAULT CHARSET=utf8mb4 COLLATE=utf8mb4_unicode_ci;

-- Dumping data for table amar_hostel.sales: ~293 rows (approximately)
DELETE FROM `sales`;
INSERT INTO `sales` (`id`, `client_id`, `store_id`, `sales_officer_id`, `coa_id`, `sale_type`, `invoice`, `date`, `amount`, `discount`, `net_amount`, `paid`, `return_amount`, `return_paid`, `remarks`, `created_by`, `updated_by`, `deleted_by`, `deleted_at`, `created_at`, `updated_at`) VALUES
	(143, 22, 1, 2, NULL, 'Credit', 'CS2512001', '2025-09-29', 5500.00, 0.00, 5500.00, 5000.00, 0.00, 0.00, NULL, 10, 10, NULL, NULL, '2025-12-21 21:45:32', '2026-02-04 07:01:56'),
	(144, 23, 1, 2, NULL, 'Credit', 'CS2512002', '2025-09-29', 5500.00, 0.00, 5500.00, 0.00, 0.00, 0.00, NULL, 10, NULL, NULL, NULL, '2025-12-21 21:46:58', '2025-12-21 21:46:58'),
	(145, 24, 1, 2, NULL, 'Credit', 'CS2512003', '2025-09-29', 2200.00, 0.00, 2200.00, 0.00, 0.00, 0.00, NULL, 10, NULL, NULL, NULL, '2025-12-21 21:47:26', '2025-12-21 21:47:26'),
	(146, 24, 1, 3, NULL, 'Credit', 'CS2512004', '2025-10-07', 1100.00, 0.00, 1100.00, 0.00, 0.00, 0.00, NULL, 10, NULL, NULL, NULL, '2025-12-21 21:48:17', '2025-12-21 21:48:17'),
	(147, 27, 1, 3, NULL, 'Credit', 'CS2512005', '2025-10-07', 1100.00, 0.00, 1100.00, 0.00, 0.00, 0.00, NULL, 10, NULL, NULL, NULL, '2025-12-21 21:48:43', '2025-12-21 21:48:43'),
	(148, 28, 1, 3, NULL, 'Credit', 'CS2512006', '2025-10-07', 1100.00, 0.00, 1100.00, 0.00, 0.00, 0.00, NULL, 10, NULL, NULL, NULL, '2025-12-21 21:49:07', '2025-12-21 21:49:07'),
	(149, 29, 1, 3, NULL, 'Credit', 'CS2512007', '2025-10-07', 1100.00, 0.00, 1100.00, 0.00, 0.00, 0.00, NULL, 10, NULL, NULL, NULL, '2025-12-21 21:49:24', '2025-12-21 21:49:24'),
	(150, 58, 1, 3, NULL, 'Credit', 'CS2512008', '2025-11-22', 4400.00, 0.00, 4400.00, 0.00, 0.00, 0.00, NULL, 10, NULL, NULL, NULL, '2025-12-21 21:53:14', '2025-12-21 21:53:14'),
	(151, 59, 1, 3, NULL, 'Credit', 'CS2512009', '2025-11-24', 660.00, 0.00, 660.00, 0.00, 0.00, 0.00, NULL, 10, NULL, NULL, NULL, '2025-12-21 21:56:58', '2025-12-21 21:56:58'),
	(152, 60, 1, 3, NULL, 'Credit', 'CS2512010', '2025-11-24', 660.00, 0.00, 660.00, 0.00, 0.00, 0.00, NULL, 10, NULL, NULL, NULL, '2025-12-21 21:57:24', '2025-12-21 21:57:24'),
	(153, 61, 1, 3, NULL, 'Credit', 'CS2512011', '2025-11-24', 4180.00, 0.00, 4180.00, 4180.00, 0.00, 0.00, NULL, 10, NULL, NULL, NULL, '2025-12-21 21:57:57', '2026-01-11 09:17:37'),
	(154, 53, 1, 3, NULL, 'Credit', 'CS2512012', '2025-11-26', 6600.00, 0.00, 6600.00, 6600.00, 0.00, 0.00, NULL, 10, NULL, NULL, NULL, '2025-12-21 21:58:34', '2026-02-04 07:07:32'),
	(155, 52, 1, 3, NULL, 'Credit', 'CS2512013', '2025-11-26', 4400.00, 0.00, 4400.00, 0.00, 0.00, 0.00, NULL, 10, NULL, NULL, NULL, '2025-12-21 21:58:56', '2025-12-21 21:58:56'),
	(156, 50, 1, 3, NULL, 'Credit', 'CS2512014', '2025-11-26', 4400.00, 0.00, 4400.00, 0.00, 0.00, 0.00, NULL, 10, NULL, NULL, NULL, '2025-12-21 21:59:29', '2025-12-21 21:59:29'),
	(157, 37, 1, 3, NULL, 'Credit', 'CS2512015', '2025-11-26', 6600.00, 0.00, 6600.00, 2500.00, 0.00, 0.00, NULL, 10, NULL, NULL, NULL, '2025-12-21 21:59:51', '2026-01-11 23:57:57'),
	(158, 30, 1, 5, NULL, 'Credit', 'CS2512016', '2025-11-27', 1100.00, 0.00, 1100.00, 0.00, 0.00, 0.00, NULL, 10, NULL, NULL, NULL, '2025-12-21 22:00:57', '2025-12-21 22:00:57'),
	(159, 32, 1, 3, NULL, 'Credit', 'CS2512017', '2025-11-30', 4400.00, 0.00, 4400.00, 0.00, 0.00, 0.00, NULL, 10, NULL, NULL, NULL, '2025-12-21 22:02:16', '2025-12-21 22:02:16'),
	(160, 30, 1, 3, NULL, 'Credit', 'CS2512018', '2025-11-30', 4400.00, 0.00, 4400.00, 0.00, 0.00, 0.00, NULL, 10, NULL, NULL, NULL, '2025-12-21 22:02:37', '2025-12-23 09:27:38'),
	(161, 33, 1, 3, NULL, 'Credit', 'CS2512019', '2025-11-30', 6600.00, 0.00, 6600.00, 0.00, 5500.00, 0.00, NULL, 10, NULL, NULL, NULL, '2025-12-21 22:03:02', '2025-12-21 22:12:51'),
	(162, 31, 1, 3, NULL, 'Credit', 'CS2512020', '2025-11-30', 1100.00, 0.00, 1100.00, 0.00, 0.00, 0.00, NULL, 10, NULL, NULL, NULL, '2025-12-21 22:03:25', '2025-12-21 22:03:25'),
	(163, 11, 1, 2, NULL, 'Credit', 'CS2512021', '2025-09-01', 2320.00, 0.00, 2320.00, 0.00, 928.00, 0.00, NULL, 10, NULL, NULL, NULL, '2025-12-21 22:19:02', '2025-12-22 05:05:06'),
	(164, 12, 1, 2, NULL, 'Credit', 'CS2512022', '2025-09-01', 11600.00, 0.00, 11600.00, 0.00, 9280.00, 0.00, NULL, 10, NULL, NULL, NULL, '2025-12-21 22:20:24', '2025-12-22 01:20:21'),
	(165, 14, 1, 2, NULL, 'Credit', 'CS2512023', '2025-09-02', 9744.00, 0.00, 9744.00, 2500.00, 2552.00, 0.00, NULL, 10, NULL, NULL, NULL, '2025-12-21 22:20:55', '2026-01-11 23:58:48'),
	(167, 15, 1, 2, NULL, 'Credit', 'CS2512025', '2025-09-03', 9280.00, 0.00, 9280.00, 0.00, 0.00, 0.00, NULL, 10, NULL, NULL, NULL, '2025-12-21 22:22:21', '2025-12-21 22:22:21'),
	(168, 39, 1, 2, NULL, 'Credit', 'CS2512026', '2025-09-04', 10440.00, 0.00, 10440.00, 0.00, 4640.00, 0.00, NULL, 10, NULL, NULL, NULL, '2025-12-21 22:22:53', '2026-01-08 07:33:24'),
	(169, 37, 1, 2, NULL, 'Credit', 'CS2512027', '2025-09-07', 10440.00, 0.00, 10440.00, 0.00, 2320.00, 0.00, NULL, 10, 1, NULL, NULL, '2025-12-21 22:23:27', '2026-01-08 07:02:02'),
	(170, 35, 1, 2, NULL, 'Credit', 'CS2512028', '2025-09-10', 5800.00, 0.00, 5800.00, 0.00, 0.00, 0.00, NULL, 10, NULL, NULL, NULL, '2025-12-21 22:24:07', '2025-12-21 22:24:07'),
	(171, 57, 1, 2, NULL, 'Credit', 'CS2512029', '2025-09-11', 11600.00, 0.00, 11600.00, 0.00, 0.00, 0.00, NULL, 10, NULL, NULL, NULL, '2025-12-21 22:24:49', '2025-12-21 22:24:49'),
	(172, 16, 1, 2, NULL, 'Credit', 'CS2512030', '2025-09-13', 5800.00, 0.00, 5800.00, 0.00, 0.00, 0.00, NULL, 10, 10, NULL, NULL, '2025-12-21 22:25:19', '2025-12-23 09:56:31'),
	(173, 17, 1, 2, NULL, 'Credit', 'CS2512031', '2025-09-13', 5800.00, 0.00, 5800.00, 0.00, 0.00, 0.00, NULL, 10, NULL, NULL, NULL, '2025-12-21 22:26:44', '2025-12-21 22:26:44'),
	(174, 18, 1, 2, NULL, 'Credit', 'CS2512032', '2025-09-13', 5800.00, 0.00, 5800.00, 0.00, 0.00, 0.00, NULL, 10, NULL, NULL, NULL, '2025-12-21 22:27:18', '2025-12-21 22:27:18'),
	(175, 19, 1, 2, NULL, 'Credit', 'CS2512033', '2025-09-17', 5800.00, 0.00, 5800.00, 0.00, 0.00, 0.00, NULL, 10, NULL, NULL, NULL, '2025-12-21 22:28:18', '2025-12-21 22:28:18'),
	(176, 56, 1, 2, NULL, 'Credit', 'CS2512034', '2025-09-17', 5800.00, 0.00, 5800.00, 0.00, 0.00, 0.00, NULL, 10, NULL, NULL, NULL, '2025-12-21 22:28:38', '2025-12-21 22:28:38'),
	(177, 56, 1, 2, NULL, 'Credit', 'CS2512035', '2025-09-20', 5800.00, 0.00, 5800.00, 0.00, 0.00, 0.00, NULL, 10, 10, NULL, NULL, '2025-12-21 22:32:44', '2025-12-21 22:33:10'),
	(178, 20, 1, 2, NULL, 'Credit', 'CS2512036', '2025-09-21', 2320.00, 0.00, 2320.00, 0.00, 0.00, 0.00, NULL, 10, 10, NULL, NULL, '2025-12-21 22:33:49', '2025-12-21 22:34:07'),
	(179, 21, 1, 2, NULL, 'Credit', 'CS2512037', '2025-09-27', 5800.00, 0.00, 5800.00, 0.00, 0.00, 0.00, NULL, 10, NULL, NULL, NULL, '2025-12-21 22:34:47', '2025-12-21 22:34:47'),
	(180, 22, 1, 2, NULL, 'Credit', 'CS2512038', '2025-09-29', 5800.00, 0.00, 5800.00, 0.00, 0.00, 0.00, NULL, 10, NULL, 10, NULL, '2025-12-21 22:35:14', '2025-12-21 22:37:54'),
	(181, 23, 1, 2, NULL, 'Credit', 'CS2512039', '2025-09-29', 5800.00, 0.00, 5800.00, 0.00, 0.00, 0.00, NULL, 10, NULL, 10, NULL, '2025-12-21 22:35:43', '2025-12-21 22:38:12'),
	(182, 24, 1, 2, NULL, 'Credit', 'CS2512040', '2025-09-29', 2320.00, 0.00, 2320.00, 0.00, 0.00, 0.00, NULL, 10, NULL, NULL, NULL, '2025-12-22 00:10:14', '2025-12-22 00:10:14'),
	(183, 25, 1, 2, NULL, 'Credit', 'CS2512041', '2025-09-29', 5800.00, 0.00, 5800.00, 5800.00, 0.00, 0.00, NULL, 10, NULL, NULL, NULL, '2025-12-22 00:25:48', '2026-02-04 07:00:08'),
	(184, 25, 1, 3, NULL, 'Credit', 'CS2512042', '2025-10-03', 5800.00, 0.00, 5800.00, 700.00, 0.00, 0.00, NULL, 10, 10, NULL, NULL, '2025-12-22 00:26:23', '2026-02-04 07:00:08'),
	(185, 26, 1, 3, NULL, 'Credit', 'CS2512043', '2025-10-07', 6960.00, 0.00, 6960.00, 0.00, 0.00, 0.00, NULL, 10, 10, NULL, NULL, '2025-12-22 00:43:34', '2025-12-22 00:45:47'),
	(186, 27, 1, 3, NULL, 'Credit', 'CS2512044', '2025-10-07', 5800.00, 0.00, 5800.00, 0.00, 0.00, 0.00, NULL, 10, 10, NULL, NULL, '2025-12-22 00:43:58', '2025-12-22 00:46:24'),
	(187, 28, 1, 3, NULL, 'Credit', 'CS2512045', '2025-10-07', 10440.00, 0.00, 10440.00, 0.00, 0.00, 0.00, NULL, 10, NULL, NULL, NULL, '2025-12-22 00:46:52', '2025-12-22 00:46:52'),
	(188, 29, 1, 3, NULL, 'Credit', 'CS2512046', '2025-10-07', 6960.00, 0.00, 6960.00, 0.00, 0.00, 0.00, NULL, 10, NULL, NULL, NULL, '2025-12-22 00:52:55', '2025-12-22 00:52:55'),
	(189, 30, 1, 2, NULL, 'Credit', 'CS2512047', '2025-10-11', 5800.00, 0.00, 5800.00, 0.00, 0.00, 0.00, NULL, 10, 10, NULL, NULL, '2025-12-22 00:53:48', '2025-12-22 00:54:28'),
	(190, 31, 1, 2, NULL, 'Credit', 'CS2512048', '2025-10-11', 5800.00, 0.00, 5800.00, 0.00, 5336.00, 0.00, NULL, 10, 10, NULL, NULL, '2025-12-22 00:54:08', '2025-12-22 01:19:20'),
	(191, 32, 1, 2, NULL, 'Credit', 'CS2512049', '2025-10-11', 4640.00, 0.00, 4640.00, 0.00, 0.00, 0.00, NULL, 10, NULL, NULL, NULL, '2025-12-22 00:54:55', '2025-12-22 00:54:55'),
	(192, 33, 1, 2, NULL, 'Credit', 'CS2512050', '2025-10-11', 4640.00, 0.00, 4640.00, 0.00, 3944.00, 0.00, NULL, 10, NULL, NULL, NULL, '2025-12-22 00:55:08', '2026-01-12 23:51:01'),
	(193, 41, 1, 3, NULL, 'Credit', 'CS2512051', '2025-10-16', 4640.00, 0.00, 4640.00, 0.00, 0.00, 0.00, NULL, 10, NULL, NULL, NULL, '2025-12-22 01:10:33', '2025-12-22 01:10:33'),
	(194, 42, 1, 3, NULL, 'Credit', 'CS2512052', '2025-10-16', 3480.00, 0.00, 3480.00, 0.00, 0.00, 0.00, NULL, 10, 10, NULL, NULL, '2025-12-22 01:10:48', '2025-12-22 01:18:31'),
	(195, 43, 1, 3, NULL, 'Credit', 'CS2512053', '2025-10-16', 6960.00, 0.00, 6960.00, 0.00, 0.00, 0.00, NULL, 10, NULL, NULL, NULL, '2025-12-22 01:11:04', '2025-12-22 01:11:04'),
	(196, 44, 1, 3, NULL, 'Credit', 'CS2512054', '2025-10-16', 4640.00, 0.00, 4640.00, 4000.00, 0.00, 0.00, NULL, 10, NULL, NULL, NULL, '2025-12-22 01:12:15', '2026-02-04 07:05:13'),
	(197, 49, 1, 3, NULL, 'Credit', 'CS2512055', '2025-10-16', 6960.00, 0.00, 6960.00, 0.00, 0.00, 0.00, NULL, 10, NULL, NULL, NULL, '2025-12-22 01:13:23', '2025-12-22 01:13:23'),
	(198, 50, 1, 3, NULL, 'Credit', 'CS2512056', '2025-10-16', 3480.00, 0.00, 3480.00, 0.00, 0.00, 0.00, NULL, 10, NULL, NULL, NULL, '2025-12-22 01:13:50', '2025-12-22 01:13:50'),
	(199, 54, 1, 3, NULL, 'Credit', 'CS2512057', '2025-10-16', 3480.00, 0.00, 3480.00, 0.00, 0.00, 0.00, NULL, 10, NULL, NULL, NULL, '2025-12-22 01:16:06', '2025-12-22 01:16:06'),
	(200, 51, 1, 3, NULL, 'Credit', 'CS2512058', '2025-10-16', 4640.00, 0.00, 4640.00, 0.00, 0.00, 0.00, NULL, 10, NULL, NULL, NULL, '2025-12-22 01:16:24', '2025-12-22 01:16:24'),
	(201, 48, 1, 3, NULL, 'Credit', 'CS2512059', '2025-10-16', 2320.00, 0.00, 2320.00, 2320.00, 0.00, 0.00, NULL, 10, NULL, NULL, NULL, '2025-12-22 01:16:47', '2026-02-04 07:06:24'),
	(202, 44, 1, 2, NULL, 'Credit', 'CS2512060', '2025-12-13', 4640.00, 0.00, 4640.00, 0.00, 0.00, 0.00, NULL, 10, NULL, NULL, NULL, '2025-12-22 05:06:09', '2025-12-22 05:06:09'),
	(203, 22, 1, 2, NULL, 'Credit', 'CS2512061', '2025-12-13', 3480.00, 0.00, 3480.00, 0.00, 0.00, 0.00, NULL, 10, NULL, NULL, NULL, '2025-12-22 05:06:29', '2025-12-22 05:06:29'),
	(204, 44, 1, 2, NULL, 'Credit', 'CS2512062', '2025-12-14', 2320.00, 0.00, 2320.00, 0.00, 0.00, 0.00, NULL, 10, NULL, NULL, NULL, '2025-12-22 05:06:59', '2025-12-22 05:06:59'),
	(205, 35, 1, 2, NULL, 'Credit', 'CS2512063', '2025-09-10', 4800.00, 0.00, 4800.00, 0.00, 0.00, 0.00, NULL, 10, 10, NULL, NULL, '2025-12-22 05:59:05', '2025-12-22 05:59:53'),
	(206, 57, 1, 2, NULL, 'Credit', 'CS2512064', '2025-09-11', 9600.00, 0.00, 9600.00, 0.00, 0.00, 0.00, NULL, 10, NULL, NULL, NULL, '2025-12-22 06:00:34', '2025-12-22 06:00:34'),
	(207, 16, 1, 2, NULL, 'Credit', 'CS2512065', '2025-09-13', 4800.00, 0.00, 4800.00, 0.00, 0.00, 0.00, NULL, 10, NULL, NULL, NULL, '2025-12-22 06:01:04', '2025-12-22 06:01:04'),
	(208, 17, 1, 2, NULL, 'Credit', 'CS2512066', '2025-09-15', 4800.00, 0.00, 4800.00, 0.00, 0.00, 0.00, NULL, 10, NULL, NULL, NULL, '2025-12-22 06:01:34', '2025-12-22 06:01:34'),
	(209, 18, 1, 2, NULL, 'Credit', 'CS2512067', '2025-09-15', 4800.00, 0.00, 4800.00, 0.00, 0.00, 0.00, NULL, 10, NULL, NULL, NULL, '2025-12-22 06:01:54', '2025-12-22 06:01:54'),
	(210, 19, 1, 2, NULL, 'Credit', 'CS2512068', '2025-09-17', 4800.00, 0.00, 4800.00, 0.00, 0.00, 0.00, NULL, 10, 10, NULL, NULL, '2025-12-22 06:02:47', '2025-12-22 06:02:56'),
	(211, 56, 1, 2, NULL, 'Credit', 'CS2512069', '2025-09-17', 4800.00, 0.00, 4800.00, 0.00, 0.00, 0.00, NULL, 10, NULL, NULL, NULL, '2025-12-22 06:03:22', '2025-12-22 06:03:22'),
	(212, 55, 1, 2, NULL, 'Credit', 'CS2512070', '2025-09-20', 4800.00, 0.00, 4800.00, 0.00, 0.00, 0.00, NULL, 10, 10, NULL, NULL, '2025-12-22 06:13:47', '2025-12-22 06:13:59'),
	(213, 20, 1, 2, NULL, 'Credit', 'CS2512071', '2025-09-21', 1920.00, 0.00, 1920.00, 0.00, 0.00, 0.00, NULL, 10, NULL, NULL, NULL, '2025-12-22 06:14:30', '2025-12-22 06:14:30'),
	(214, 21, 1, 2, NULL, 'Credit', 'CS2512072', '2025-09-27', 4800.00, 0.00, 4800.00, 0.00, 0.00, 0.00, NULL, 10, NULL, NULL, NULL, '2025-12-22 06:15:08', '2025-12-22 06:15:08'),
	(215, 22, 1, 2, NULL, 'Credit', 'CS2512073', '2025-09-29', 4800.00, 0.00, 4800.00, 0.00, 0.00, 0.00, NULL, 10, NULL, NULL, NULL, '2025-12-22 06:15:32', '2025-12-22 06:15:32'),
	(216, 23, 1, 2, NULL, 'Credit', 'CS2512074', '2025-09-29', 4800.00, 0.00, 4800.00, 0.00, 0.00, 0.00, NULL, 10, NULL, NULL, NULL, '2025-12-22 06:15:55', '2025-12-22 06:15:55'),
	(217, 24, 1, 2, NULL, 'Credit', 'CS2512075', '2025-09-29', 1920.00, 0.00, 1920.00, 0.00, 0.00, 0.00, NULL, 10, NULL, NULL, NULL, '2025-12-22 06:16:11', '2025-12-22 06:16:11'),
	(218, 25, 1, 2, NULL, 'Credit', 'CS2512076', '2025-10-03', 4800.00, 0.00, 4800.00, 0.00, 0.00, 0.00, NULL, 10, 10, NULL, NULL, '2025-12-22 06:17:06', '2025-12-22 06:18:44'),
	(219, 26, 1, 3, NULL, 'Credit', 'CS2512077', '2025-10-07', 3840.00, 0.00, 3840.00, 0.00, 0.00, 0.00, NULL, 10, 10, NULL, NULL, '2025-12-22 06:17:33', '2025-12-22 06:18:52'),
	(220, 27, 1, 3, NULL, 'Credit', 'CS2512078', '2025-10-07', 4800.00, 0.00, 4800.00, 0.00, 0.00, 0.00, NULL, 10, NULL, NULL, NULL, '2025-12-22 06:19:01', '2025-12-22 06:19:01'),
	(221, 28, 1, 3, NULL, 'Credit', 'CS2512079', '2025-10-07', 5760.00, 0.00, 5760.00, 0.00, 0.00, 0.00, NULL, 10, NULL, NULL, NULL, '2025-12-22 06:19:21', '2025-12-22 06:19:21'),
	(222, 29, 1, 3, NULL, 'Credit', 'CS2512080', '2025-10-07', 3840.00, 0.00, 3840.00, 0.00, 0.00, 0.00, NULL, 10, NULL, NULL, NULL, '2025-12-22 06:19:43', '2025-12-22 06:19:43'),
	(223, 30, 1, 2, NULL, 'Credit', 'CS2512081', '2025-10-11', 4800.00, 0.00, 4800.00, 0.00, 0.00, 0.00, NULL, 10, NULL, NULL, NULL, '2025-12-22 06:21:39', '2025-12-22 06:21:39'),
	(224, 31, 1, 2, NULL, 'Credit', 'CS2512082', '2025-10-11', 4800.00, 0.00, 4800.00, 0.00, 4416.00, 0.00, NULL, 10, NULL, NULL, NULL, '2025-12-22 06:22:13', '2025-12-22 06:38:30'),
	(225, 32, 1, 2, NULL, 'Credit', 'CS2512083', '2025-10-11', 3840.00, 0.00, 3840.00, 0.00, 576.00, 0.00, NULL, 10, NULL, NULL, NULL, '2025-12-22 06:22:52', '2026-01-12 23:57:07'),
	(226, 33, 1, 2, NULL, 'Credit', 'CS2512084', '2025-10-11', 3840.00, 0.00, 3840.00, 0.00, 3840.00, 0.00, NULL, 10, NULL, NULL, NULL, '2025-12-22 06:24:25', '2026-01-12 23:53:26'),
	(227, 41, 1, 3, NULL, 'Credit', 'CS2512085', '2025-10-16', 3840.00, 0.00, 3840.00, 0.00, 0.00, 0.00, NULL, 10, NULL, NULL, NULL, '2025-12-22 06:24:59', '2025-12-22 06:24:59'),
	(228, 42, 1, 3, NULL, 'Credit', 'CS2512086', '2025-10-16', 2880.00, 0.00, 2880.00, 0.00, 0.00, 0.00, NULL, 10, NULL, NULL, NULL, '2025-12-22 06:26:03', '2025-12-22 06:26:03'),
	(229, 43, 1, 3, NULL, 'Credit', 'CS2512087', '2025-10-16', 5760.00, 0.00, 5760.00, 0.00, 0.00, 0.00, NULL, 10, NULL, NULL, NULL, '2025-12-22 06:26:50', '2025-12-22 06:26:50'),
	(230, 44, 1, 3, NULL, 'Credit', 'CS2512088', '2025-10-16', 2880.00, 0.00, 2880.00, 0.00, 0.00, 0.00, NULL, 10, NULL, NULL, NULL, '2025-12-22 06:27:12', '2025-12-22 06:27:12'),
	(231, 49, 1, 3, NULL, 'Credit', 'CS2512089', '2025-10-16', 5760.00, 0.00, 5760.00, 0.00, 0.00, 0.00, NULL, 10, NULL, NULL, NULL, '2025-12-22 06:27:33', '2025-12-22 06:27:33'),
	(232, 50, 1, 3, NULL, 'Credit', 'CS2512090', '2025-10-16', 2880.00, 0.00, 2880.00, 0.00, 0.00, 0.00, NULL, 10, NULL, NULL, NULL, '2025-12-22 06:27:58', '2025-12-22 06:27:58'),
	(233, 54, 1, 3, NULL, 'Credit', 'CS2512091', '2025-10-16', 2880.00, 0.00, 2880.00, 0.00, 0.00, 0.00, NULL, 10, NULL, NULL, NULL, '2025-12-22 06:28:26', '2025-12-22 06:28:26'),
	(234, 51, 1, 3, NULL, 'Credit', 'CS2512092', '2025-10-16', 2880.00, 0.00, 2880.00, 0.00, 0.00, 0.00, NULL, 10, NULL, NULL, NULL, '2025-12-22 06:28:41', '2025-12-22 06:28:41'),
	(235, 48, 1, 3, NULL, 'Credit', 'CS2512093', '2025-10-22', 3840.00, 0.00, 3840.00, 3840.00, 0.00, 0.00, NULL, 10, NULL, NULL, NULL, '2025-12-22 06:29:17', '2026-02-04 07:06:24'),
	(236, 61, 1, 3, NULL, 'Credit', 'CS2512094', '2025-11-03', 1344.00, 0.00, 1344.00, 1344.00, 0.00, 0.00, NULL, 10, NULL, NULL, NULL, '2025-12-22 06:30:03', '2026-01-11 09:17:37'),
	(237, 15, 1, 3, NULL, 'Credit', 'CS2512095', '2025-11-04', 2112.00, 0.00, 2112.00, 0.00, 0.00, 0.00, NULL, 10, 10, NULL, NULL, '2025-12-22 06:31:30', '2025-12-22 06:31:38'),
	(238, 61, 1, 3, NULL, 'Credit', 'CS2512096', '2025-11-04', 1728.00, 0.00, 1728.00, 1728.00, 0.00, 0.00, NULL, 10, NULL, NULL, NULL, '2025-12-22 06:32:14', '2026-01-11 23:56:50'),
	(239, 14, 1, 3, NULL, 'Credit', 'CS2512097', '2025-11-05', 2112.00, 0.00, 2112.00, 0.00, 0.00, 0.00, NULL, 10, NULL, NULL, NULL, '2025-12-22 06:33:19', '2025-12-22 06:33:19'),
	(240, 36, 1, 3, NULL, 'Credit', 'CS2512098', '2025-11-10', 5376.00, 0.00, 5376.00, 0.00, 0.00, 0.00, NULL, 10, NULL, NULL, NULL, '2025-12-22 06:33:51', '2025-12-22 06:33:51'),
	(241, 53, 1, 3, NULL, 'Credit', 'CS2512099', '2025-11-26', 2880.00, 0.00, 2880.00, 1400.00, 0.00, 0.00, NULL, 10, NULL, NULL, NULL, '2025-12-22 06:35:22', '2026-02-04 07:07:32'),
	(242, 52, 1, 3, NULL, 'Credit', 'CS2512100', '2025-11-26', 2496.00, 0.00, 2496.00, 0.00, 0.00, 0.00, NULL, 10, NULL, NULL, NULL, '2025-12-22 06:35:38', '2025-12-22 06:35:38'),
	(243, 50, 1, 3, NULL, 'Credit', 'CS2512101', '2025-11-26', 2496.00, 0.00, 2496.00, 0.00, 0.00, 0.00, NULL, 10, NULL, NULL, NULL, '2025-12-22 06:36:01', '2025-12-22 06:36:01'),
	(244, 37, 1, 3, NULL, 'Credit', 'CS2512102', '2025-11-26', 5760.00, 0.00, 5760.00, 0.00, 0.00, 0.00, NULL, 10, NULL, NULL, NULL, '2025-12-22 06:36:22', '2025-12-22 06:36:22'),
	(245, 30, 1, 3, NULL, 'Credit', 'CS2512103', '2025-11-30', 1920.00, 0.00, 1920.00, 0.00, 0.00, 0.00, NULL, 10, NULL, NULL, NULL, '2025-12-22 06:36:55', '2025-12-22 06:36:55'),
	(246, 31, 1, 3, NULL, 'Credit', 'CS2512104', '2025-11-30', 960.00, 0.00, 960.00, 0.00, 0.00, 0.00, NULL, 10, NULL, NULL, NULL, '2025-12-22 06:37:19', '2025-12-22 06:37:19'),
	(247, 55, 1, 2, NULL, 'Credit', 'CS2512105', '2025-09-20', 5200.00, 0.00, 5200.00, 0.00, 0.00, 0.00, NULL, 10, NULL, NULL, NULL, '2025-12-22 06:56:48', '2025-12-22 06:56:48'),
	(248, 20, 1, 2, NULL, 'Credit', 'CS2512106', '2025-09-21', 2080.00, 0.00, 2080.00, 0.00, 0.00, 0.00, NULL, 10, 10, NULL, NULL, '2025-12-22 06:57:23', '2025-12-22 06:57:32'),
	(249, 21, 1, 2, NULL, 'Credit', 'CS2512107', '2025-09-27', 5200.00, 0.00, 5200.00, 0.00, 0.00, 0.00, NULL, 10, NULL, NULL, NULL, '2025-12-22 06:57:58', '2025-12-22 06:57:58'),
	(250, 22, 1, 2, NULL, 'Credit', 'CS2512108', '2025-09-29', 5200.00, 0.00, 5200.00, 0.00, 0.00, 0.00, NULL, 10, NULL, NULL, NULL, '2025-12-22 07:03:04', '2025-12-22 07:03:04'),
	(251, 23, 1, 2, NULL, 'Credit', 'CS2512109', '2025-09-29', 5200.00, 0.00, 5200.00, 0.00, 0.00, 0.00, NULL, 10, NULL, NULL, NULL, '2025-12-22 07:09:47', '2025-12-22 07:09:47'),
	(252, 24, 1, 2, NULL, 'Credit', 'CS2512110', '2025-09-29', 2080.00, 0.00, 2080.00, 0.00, 0.00, 0.00, NULL, 10, NULL, NULL, NULL, '2025-12-22 08:07:05', '2025-12-22 08:07:05'),
	(253, 25, 1, 2, NULL, 'Credit', 'CS2512111', '2025-09-29', 5200.00, 0.00, 5200.00, 0.00, 0.00, 0.00, NULL, 10, NULL, NULL, NULL, '2025-12-22 08:14:08', '2025-12-22 08:14:08'),
	(254, 25, 1, 2, NULL, 'Credit', 'CS2512112', '2025-10-03', 5200.00, 0.00, 5200.00, 0.00, 0.00, 0.00, NULL, 10, NULL, NULL, NULL, '2025-12-22 08:14:31', '2025-12-22 08:14:31'),
	(255, 26, 1, 3, NULL, 'Credit', 'CS2512113', '2025-10-07', 6240.00, 0.00, 6240.00, 0.00, 0.00, 0.00, NULL, 10, 10, NULL, NULL, '2025-12-22 08:17:16', '2025-12-22 08:17:34'),
	(257, 27, 1, 3, NULL, 'Credit', 'CS2512115', '2025-10-07', 5200.00, 0.00, 5200.00, 0.00, 0.00, 0.00, NULL, 10, NULL, NULL, NULL, '2025-12-22 08:18:57', '2025-12-22 08:18:57'),
	(258, 28, 1, 3, NULL, 'Credit', 'CS2512116', '2025-10-07', 9360.00, 0.00, 9360.00, 0.00, 0.00, 0.00, NULL, 10, NULL, NULL, NULL, '2025-12-22 08:38:43', '2025-12-22 08:38:43'),
	(259, 29, 1, 3, NULL, 'Credit', 'CS2512117', '2025-10-07', 6240.00, 0.00, 6240.00, 0.00, 0.00, 0.00, NULL, 10, NULL, NULL, NULL, '2025-12-22 08:40:48', '2025-12-22 08:40:48'),
	(260, 30, 1, 2, NULL, 'Credit', 'CS2512118', '2025-10-11', 5200.00, 0.00, 5200.00, 0.00, 0.00, 0.00, NULL, 10, NULL, NULL, NULL, '2025-12-22 08:41:18', '2025-12-22 08:41:18'),
	(261, 31, 1, 2, NULL, 'Credit', 'CS2512119', '2025-10-11', 5200.00, 0.00, 5200.00, 0.00, 0.00, 0.00, NULL, 10, NULL, NULL, NULL, '2025-12-22 08:43:09', '2025-12-22 08:43:09'),
	(262, 32, 1, 2, NULL, 'Credit', 'CS2512120', '2025-10-11', 4160.00, 0.00, 4160.00, 0.00, 0.00, 0.00, NULL, 10, NULL, NULL, NULL, '2025-12-22 08:43:28', '2025-12-22 08:43:28'),
	(263, 33, 1, 2, NULL, 'Credit', 'CS2512121', '2025-10-11', 4160.00, 0.00, 4160.00, 0.00, 3120.00, 0.00, NULL, 10, NULL, NULL, NULL, '2025-12-22 08:46:55', '2026-01-08 04:44:13'),
	(264, 41, 1, 3, NULL, 'Credit', 'CS2512122', '2025-10-16', 4160.00, 0.00, 4160.00, 0.00, 0.00, 0.00, NULL, 10, 10, NULL, NULL, '2025-12-22 08:55:49', '2025-12-22 08:56:20'),
	(265, 42, 1, 3, NULL, 'Credit', 'CS2512123', '2025-10-16', 4160.00, 0.00, 4160.00, 0.00, 0.00, 0.00, NULL, 10, NULL, NULL, NULL, '2025-12-22 08:56:13', '2025-12-22 08:56:13'),
	(266, 43, 1, 3, NULL, 'Credit', 'CS2512124', '2025-10-16', 6240.00, 0.00, 6240.00, 0.00, 0.00, 0.00, NULL, 10, NULL, NULL, NULL, '2025-12-22 08:57:53', '2025-12-22 08:57:53'),
	(267, 44, 1, 3, NULL, 'Credit', 'CS2512125', '2025-10-16', 5200.00, 0.00, 5200.00, 0.00, 0.00, 0.00, NULL, 10, NULL, NULL, NULL, '2025-12-22 08:58:11', '2025-12-22 08:58:11'),
	(268, 49, 1, 3, NULL, 'Credit', 'CS2512126', '2025-10-16', 7280.00, 0.00, 7280.00, 0.00, 0.00, 0.00, NULL, 10, 10, NULL, NULL, '2025-12-22 08:58:40', '2025-12-22 09:02:12'),
	(269, 50, 1, 3, NULL, 'Credit', 'CS2512127', '2025-10-16', 4160.00, 0.00, 4160.00, 0.00, 0.00, 0.00, NULL, 10, NULL, NULL, NULL, '2025-12-22 08:59:00', '2025-12-22 08:59:00'),
	(270, 54, 1, 3, NULL, 'Credit', 'CS2512128', '2025-10-16', 4160.00, 0.00, 4160.00, 0.00, 0.00, 0.00, NULL, 10, NULL, NULL, NULL, '2025-12-22 08:59:16', '2025-12-22 08:59:16'),
	(271, 51, 1, 3, NULL, 'Credit', 'CS2512129', '2025-10-16', 4160.00, 0.00, 4160.00, 0.00, 0.00, 0.00, NULL, 10, NULL, NULL, NULL, '2025-12-22 09:03:22', '2025-12-22 09:03:22'),
	(272, 48, 1, 3, NULL, 'Credit', 'CS2512130', '2025-10-22', 5200.00, 0.00, 5200.00, 5200.00, 0.00, 0.00, NULL, 10, NULL, NULL, NULL, '2025-12-22 09:03:43', '2026-02-04 07:06:24'),
	(273, 59, 1, 3, NULL, 'Credit', 'CS2512131', '2025-11-03', 1040.00, 0.00, 1040.00, 0.00, 0.00, 0.00, NULL, 10, NULL, NULL, NULL, '2025-12-22 09:04:53', '2025-12-22 09:04:53'),
	(274, 61, 1, 3, NULL, 'Credit', 'CS2512132', '2025-11-03', 2912.00, 0.00, 2912.00, 419.00, 0.00, 0.00, NULL, 10, NULL, NULL, NULL, '2025-12-22 09:05:23', '2026-01-11 23:56:50'),
	(275, 15, 1, 3, NULL, 'Credit', 'CS2512133', '2025-11-04', 2496.00, 0.00, 2496.00, 0.00, 0.00, 0.00, NULL, 10, NULL, NULL, NULL, '2025-12-22 09:05:59', '2025-12-22 09:05:59'),
	(276, 61, 1, 3, NULL, 'Credit', 'CS2512134', '2025-11-04', 1040.00, 0.00, 1040.00, 0.00, 0.00, 0.00, NULL, 10, NULL, NULL, NULL, '2025-12-22 09:06:31', '2025-12-22 09:06:31'),
	(277, 14, 1, 3, NULL, 'Credit', 'CS2512135', '2025-11-05', 2704.00, 0.00, 2704.00, 0.00, 416.00, 0.00, NULL, 10, NULL, NULL, NULL, '2025-12-22 09:10:40', '2026-01-08 04:53:16'),
	(278, 36, 1, 3, NULL, 'Credit', 'CS2512136', '2025-11-10', 5824.00, 0.00, 5824.00, 0.00, 0.00, 0.00, NULL, 10, NULL, NULL, NULL, '2025-12-22 09:13:05', '2025-12-22 09:13:05'),
	(279, 35, 1, 3, NULL, 'Credit', 'CS2512137', '2025-11-12', 3120.00, 0.00, 3120.00, 0.00, 0.00, 0.00, NULL, 10, NULL, NULL, NULL, '2025-12-22 09:14:31', '2025-12-22 09:14:31'),
	(280, 57, 1, 3, NULL, 'Credit', 'CS2512138', '2025-11-12', 4160.00, 0.00, 4160.00, 0.00, 0.00, 0.00, NULL, 10, NULL, NULL, NULL, '2025-12-22 09:17:48', '2025-12-22 09:17:48'),
	(281, 34, 1, 3, NULL, 'Credit', 'CS2512139', '2025-11-12', 1664.00, 0.00, 1664.00, 0.00, 0.00, 0.00, NULL, 10, NULL, NULL, NULL, '2025-12-22 09:19:16', '2025-12-22 09:19:16'),
	(282, 16, 1, 3, NULL, 'Credit', 'CS2512140', '2025-11-12', 1040.00, 0.00, 1040.00, 0.00, 0.00, 0.00, NULL, 10, NULL, NULL, NULL, '2025-12-22 09:19:41', '2025-12-22 09:19:41'),
	(283, 17, 1, 3, NULL, 'Credit', 'CS2512141', '2025-11-12', 2912.00, 0.00, 2912.00, 0.00, 0.00, 0.00, NULL, 10, NULL, NULL, NULL, '2025-12-22 09:20:09', '2025-12-22 09:20:09'),
	(284, 18, 1, 3, NULL, 'Credit', 'CS2512142', '2025-11-12', 3328.00, 0.00, 3328.00, 0.00, 0.00, 0.00, NULL, 10, NULL, NULL, NULL, '2025-12-22 09:20:45', '2025-12-22 09:20:45'),
	(285, 56, 1, 3, NULL, 'Credit', 'CS2512143', '2025-11-12', 4576.00, 0.00, 4576.00, 0.00, 0.00, 0.00, NULL, 10, NULL, NULL, NULL, '2025-12-22 09:22:51', '2025-12-22 09:22:51'),
	(286, 19, 1, 3, NULL, 'Credit', 'CS2512144', '2025-11-12', 4784.00, 0.00, 4784.00, 0.00, 0.00, 0.00, NULL, 10, NULL, NULL, NULL, '2025-12-22 09:23:45', '2025-12-22 09:23:45'),
	(287, 19, 1, 3, NULL, 'Credit', 'CS2512145', '2025-11-12', 1248.00, 0.00, 1248.00, 0.00, 0.00, 0.00, NULL, 10, NULL, NULL, NULL, '2025-12-22 09:28:10', '2025-12-22 09:28:10'),
	(288, 58, 1, 3, NULL, 'Credit', 'CS2512146', '2025-11-12', 2704.00, 0.00, 2704.00, 0.00, 0.00, 0.00, NULL, 10, 10, NULL, NULL, '2025-12-22 09:30:48', '2025-12-22 09:41:00'),
	(289, 30, 1, 3, NULL, 'Credit', 'CS2512147', '2025-11-12', 4160.00, 0.00, 4160.00, 0.00, 0.00, 0.00, NULL, 10, NULL, 10, NULL, '2025-12-22 09:31:56', '2025-12-22 09:38:02'),
	(290, 59, 1, 3, NULL, 'Credit', 'CS2512148', '2025-11-25', 2080.00, 0.00, 2080.00, 0.00, 0.00, 0.00, NULL, 10, NULL, 10, NULL, '2025-12-22 09:33:29', '2025-12-22 09:40:46'),
	(291, 58, 1, 3, NULL, 'Credit', 'CS2512149', '2025-11-25', 624.00, 0.00, 624.00, 0.00, 0.00, 0.00, NULL, 10, NULL, NULL, NULL, '2025-12-22 09:42:19', '2025-12-22 09:42:19'),
	(292, 53, 1, 3, NULL, 'Credit', 'CS2512150', '2025-11-26', 3120.00, 0.00, 3120.00, 0.00, 0.00, 0.00, NULL, 10, NULL, NULL, NULL, '2025-12-22 09:43:22', '2025-12-22 09:43:22'),
	(293, 52, 1, 3, NULL, 'Credit', 'CS2512151', '2025-11-26', 4160.00, 0.00, 4160.00, 0.00, 0.00, 0.00, NULL, 10, NULL, NULL, NULL, '2025-12-22 09:43:43', '2025-12-22 09:43:43'),
	(294, 50, 1, 3, NULL, 'Credit', 'CS2512152', '2025-11-26', 5200.00, 0.00, 5200.00, 0.00, 0.00, 0.00, NULL, 10, NULL, NULL, NULL, '2025-12-22 09:44:05', '2025-12-22 09:44:05'),
	(295, 37, 1, 3, NULL, 'Credit', 'CS2512153', '2025-11-26', 6240.00, 0.00, 6240.00, 0.00, 0.00, 0.00, NULL, 10, NULL, NULL, NULL, '2025-12-22 09:45:41', '2025-12-22 09:45:41'),
	(296, 30, 1, 3, NULL, 'Credit', 'CS2512154', '2025-11-30', 4160.00, 0.00, 4160.00, 0.00, 0.00, 0.00, NULL, 10, NULL, NULL, NULL, '2025-12-22 09:46:07', '2025-12-22 09:46:07'),
	(297, 32, 1, 3, NULL, 'Credit', 'CS2512155', '2025-11-30', 3120.00, 0.00, 3120.00, 0.00, 0.00, 0.00, NULL, 10, NULL, NULL, NULL, '2025-12-22 09:46:25', '2025-12-22 09:46:25'),
	(298, 33, 1, 3, NULL, 'Credit', 'CS2512156', '2025-11-30', 3120.00, 0.00, 3120.00, 0.00, 3120.00, 0.00, NULL, 10, NULL, NULL, NULL, '2025-12-22 09:46:42', '2025-12-22 09:48:08'),
	(299, 31, 1, 3, NULL, 'Credit', 'CS2512157', '2025-11-30', 2080.00, 0.00, 2080.00, 0.00, 0.00, 0.00, NULL, 10, NULL, NULL, NULL, '2025-12-22 09:46:51', '2025-12-22 09:46:51'),
	(300, 50, 1, 3, NULL, 'Credit', 'CS2512158', '2025-12-07', 1040.00, 0.00, 1040.00, 0.00, 0.00, 0.00, NULL, 10, NULL, NULL, NULL, '2025-12-22 09:49:11', '2025-12-22 09:49:11'),
	(301, 26, 1, 3, NULL, 'Credit', 'CS2512159', '2025-10-07', 4160.00, 0.00, 4160.00, 0.00, 0.00, 0.00, NULL, 10, NULL, NULL, NULL, '2025-12-22 09:52:34', '2025-12-22 09:52:34'),
	(302, 27, 1, 3, NULL, 'Credit', 'CS2512160', '2025-10-07', 3120.00, 0.00, 3120.00, 0.00, 0.00, 0.00, NULL, 10, NULL, NULL, NULL, '2025-12-22 09:52:47', '2025-12-22 09:52:47'),
	(303, 28, 1, 3, NULL, 'Credit', 'CS2512161', '2025-10-07', 5200.00, 0.00, 5200.00, 0.00, 0.00, 0.00, NULL, 10, NULL, NULL, NULL, '2025-12-22 09:53:04', '2025-12-22 09:53:04'),
	(304, 29, 1, 3, NULL, 'Credit', 'CS2512162', '2025-10-07', 3120.00, 0.00, 3120.00, 0.00, 0.00, 0.00, NULL, 10, NULL, NULL, NULL, '2025-12-22 09:53:22', '2025-12-22 09:53:22'),
	(305, 30, 1, 2, NULL, 'Credit', 'CS2512163', '2025-10-11', 5200.00, 0.00, 5200.00, 0.00, 0.00, 0.00, NULL, 10, NULL, NULL, NULL, '2025-12-22 09:54:12', '2025-12-22 09:54:12'),
	(306, 31, 1, 2, NULL, 'Credit', 'CS2512164', '2025-10-11', 5200.00, 0.00, 5200.00, 0.00, 4784.00, 0.00, NULL, 10, NULL, NULL, NULL, '2025-12-22 09:56:04', '2025-12-23 09:25:23'),
	(307, 32, 1, 2, NULL, 'Credit', 'CS2512165', '2025-10-11', 4160.00, 0.00, 4160.00, 0.00, 624.00, 0.00, NULL, 10, NULL, NULL, NULL, '2025-12-22 09:56:25', '2026-01-13 00:03:47'),
	(308, 33, 1, 2, NULL, 'Credit', 'CS2512166', '2025-10-11', 4160.00, 0.00, 4160.00, 0.00, 4160.00, 0.00, NULL, 10, NULL, NULL, NULL, '2025-12-22 09:56:42', '2026-01-13 00:02:36'),
	(309, 41, 1, 3, NULL, 'Credit', 'CS2512167', '2025-10-16', 4160.00, 0.00, 4160.00, 0.00, 0.00, 0.00, NULL, 10, NULL, NULL, NULL, '2025-12-22 09:57:04', '2025-12-22 09:57:04'),
	(310, 42, 1, 3, NULL, 'Credit', 'CS2512168', '2025-10-16', 4160.00, 0.00, 4160.00, 0.00, 0.00, 0.00, NULL, 10, NULL, NULL, NULL, '2025-12-22 09:57:20', '2025-12-22 09:57:20'),
	(311, 43, 1, 3, NULL, 'Credit', 'CS2512169', '2025-10-16', 6240.00, 0.00, 6240.00, 0.00, 0.00, 0.00, NULL, 10, NULL, NULL, NULL, '2025-12-22 09:57:33', '2025-12-22 09:57:33'),
	(312, 44, 1, 3, NULL, 'Credit', 'CS2512170', '2025-10-16', 4160.00, 0.00, 4160.00, 0.00, 0.00, 0.00, NULL, 10, NULL, NULL, NULL, '2025-12-22 09:57:49', '2025-12-22 09:57:49'),
	(313, 49, 1, 3, NULL, 'Credit', 'CS2512171', '2025-10-16', 6240.00, 0.00, 6240.00, 0.00, 0.00, 0.00, NULL, 10, NULL, NULL, NULL, '2025-12-22 09:58:04', '2025-12-22 09:58:04'),
	(314, 50, 1, 3, NULL, 'Credit', 'CS2512172', '2025-10-16', 3120.00, 0.00, 3120.00, 0.00, 0.00, 0.00, NULL, 10, NULL, NULL, NULL, '2025-12-22 09:58:30', '2025-12-22 09:58:30'),
	(315, 54, 1, 3, NULL, 'Credit', 'CS2512173', '2025-10-16', 4160.00, 0.00, 4160.00, 0.00, 0.00, 0.00, NULL, 10, NULL, NULL, NULL, '2025-12-22 09:58:49', '2025-12-22 09:58:49'),
	(316, 51, 1, 3, NULL, 'Credit', 'CS2512174', '2025-10-16', 4160.00, 0.00, 4160.00, 0.00, 0.00, 0.00, NULL, 10, NULL, NULL, NULL, '2025-12-22 09:59:25', '2025-12-22 09:59:25'),
	(317, 48, 1, 3, NULL, 'Credit', 'CS2512175', '2025-10-22', 5200.00, 0.00, 5200.00, 4640.00, 0.00, 0.00, NULL, 10, NULL, NULL, NULL, '2025-12-22 09:59:50', '2026-02-04 07:06:24'),
	(318, 61, 1, 3, NULL, 'Credit', 'CS2512176', '2025-11-03', 3328.00, 0.00, 3328.00, 0.00, 0.00, 0.00, NULL, 10, NULL, 10, NULL, '2025-12-22 10:00:08', '2025-12-23 08:35:21'),
	(319, 15, 1, 3, NULL, 'Credit', 'CS2512177', '2025-11-04', 2288.00, 0.00, 2288.00, 0.00, 0.00, 0.00, NULL, 10, NULL, 10, NULL, '2025-12-22 10:04:44', '2025-12-23 08:37:30'),
	(320, 14, 1, 3, NULL, 'Credit', 'CS2512178', '2025-11-05', 2496.00, 0.00, 2496.00, 0.00, 416.00, 0.00, NULL, 10, NULL, 10, NULL, '2025-12-22 10:05:47', '2026-01-08 04:58:16'),
	(321, 36, 1, 3, NULL, 'Credit', 'CS2512179', '2025-11-10', 5824.00, 0.00, 5824.00, 0.00, 0.00, 0.00, NULL, 10, NULL, 10, NULL, '2025-12-22 10:07:13', '2025-12-23 08:38:18'),
	(322, 35, 1, 3, NULL, 'Credit', 'CS2512180', '2025-11-12', 3120.00, 0.00, 3120.00, 0.00, 0.00, 0.00, NULL, 10, NULL, 10, NULL, '2025-12-22 10:07:59', '2025-12-23 08:38:28'),
	(323, 57, 1, 3, NULL, 'Credit', 'CS2512181', '2025-11-12', 3952.00, 0.00, 3952.00, 0.00, 0.00, 0.00, NULL, 10, NULL, 10, NULL, '2025-12-22 10:08:14', '2025-12-23 08:38:57'),
	(324, 34, 1, 3, NULL, 'Credit', 'CS2512182', '2025-11-12', 1664.00, 0.00, 1664.00, 0.00, 0.00, 0.00, NULL, 10, NULL, 10, NULL, '2025-12-22 10:08:35', '2025-12-23 08:39:03'),
	(325, 16, 1, 3, NULL, 'Credit', 'CS2512183', '2025-11-12', 1456.00, 0.00, 1456.00, 0.00, 0.00, 0.00, NULL, 10, 10, 10, NULL, '2025-12-22 10:09:02', '2025-12-23 08:39:07'),
	(326, 17, 1, 3, NULL, 'Credit', 'CS2512184', '2025-11-12', 2080.00, 0.00, 2080.00, 0.00, 0.00, 0.00, NULL, 10, NULL, 10, NULL, '2025-12-22 10:09:12', '2025-12-23 08:39:11'),
	(327, 18, 1, 3, NULL, 'Credit', 'CS2512185', '2025-11-12', 4160.00, 0.00, 4160.00, 0.00, 0.00, 0.00, NULL, 10, NULL, 10, NULL, '2025-12-22 10:10:01', '2025-12-23 08:39:15'),
	(328, 56, 1, 3, NULL, 'Credit', 'CS2512186', '2025-11-12', 5824.00, 0.00, 5824.00, 0.00, 0.00, 0.00, NULL, 10, NULL, 10, NULL, '2025-12-22 10:10:29', '2025-12-23 08:39:19'),
	(329, 19, 1, 3, NULL, 'Credit', 'CS2512187', '2025-11-12', 3536.00, 0.00, 3536.00, 0.00, 0.00, 0.00, NULL, 10, NULL, 10, NULL, '2025-12-22 10:10:56', '2025-12-23 08:39:24'),
	(330, 19, 1, 3, NULL, 'Credit', 'CS2512188', '2025-11-12', 1248.00, 0.00, 1248.00, 0.00, 0.00, 0.00, NULL, 10, NULL, 10, NULL, '2025-12-22 10:11:22', '2025-12-23 08:39:28'),
	(331, 58, 1, 3, NULL, 'Credit', 'CS2512189', '2025-11-12', 416.00, 0.00, 416.00, 0.00, 0.00, 0.00, NULL, 10, 10, 10, NULL, '2025-12-22 10:12:20', '2025-12-23 08:39:37'),
	(332, 59, 1, 3, NULL, 'Credit', 'CS2512190', '2025-11-15', 416.00, 0.00, 416.00, 0.00, 0.00, 0.00, NULL, 10, 10, 10, NULL, '2025-12-22 10:14:02', '2025-12-23 09:21:43'),
	(333, 58, 1, 3, NULL, 'Credit', 'CS2512191', '2025-11-22', 3328.00, 0.00, 3328.00, 0.00, 0.00, 0.00, NULL, 10, NULL, 10, NULL, '2025-12-22 10:15:26', '2025-12-23 09:21:50'),
	(334, 53, 1, 3, NULL, 'Credit', 'CS2512192', '2025-11-26', 3120.00, 0.00, 3120.00, 0.00, 0.00, 0.00, NULL, 10, NULL, 10, NULL, '2025-12-22 10:20:13', '2025-12-23 09:21:56'),
	(335, 52, 1, 3, NULL, 'Credit', 'CS2512193', '2025-11-26', 2704.00, 0.00, 2704.00, 0.00, 0.00, 0.00, NULL, 10, 10, 10, NULL, '2025-12-22 10:30:44', '2025-12-23 09:24:57'),
	(336, 50, 1, 3, NULL, 'Credit', 'CS2512194', '2025-11-26', 3744.00, 0.00, 3744.00, 0.00, 0.00, 0.00, NULL, 10, NULL, 10, NULL, '2025-12-22 10:31:07', '2025-12-23 09:22:05'),
	(337, 37, 1, 3, NULL, 'Credit', 'CS2512195', '2025-11-26', 6240.00, 0.00, 6240.00, 0.00, 0.00, 0.00, NULL, 10, NULL, 10, NULL, '2025-12-22 10:34:49', '2025-12-23 09:22:11'),
	(338, 30, 1, 3, NULL, 'Credit', 'CS2512196', '2025-11-30', 2080.00, 0.00, 2080.00, 0.00, 0.00, 0.00, NULL, 10, 10, 10, NULL, '2025-12-22 10:36:35', '2025-12-23 09:25:12'),
	(339, 31, 1, 3, NULL, 'Credit', 'CS2512197', '2025-11-30', 1040.00, 0.00, 1040.00, 0.00, 0.00, 0.00, NULL, 10, 10, 10, NULL, '2025-12-22 10:39:24', '2025-12-23 09:25:14'),
	(340, 35, 1, 3, NULL, 'Credit', 'CS2512198', '2025-10-11', 3600.00, 0.00, 3600.00, 0.00, 0.00, 0.00, NULL, 10, NULL, NULL, NULL, '2025-12-22 18:23:45', '2025-12-22 18:23:45'),
	(341, 57, 1, 3, NULL, 'Credit', 'CS2512199', '2025-10-11', 7200.00, 0.00, 7200.00, 0.00, 0.00, 0.00, NULL, 10, NULL, NULL, NULL, '2025-12-22 18:23:57', '2025-12-22 18:23:57'),
	(342, 16, 1, 3, NULL, 'Credit', 'CS2512200', '2025-10-11', 3600.00, 0.00, 3600.00, 0.00, 0.00, 0.00, NULL, 10, NULL, NULL, NULL, '2025-12-22 18:24:13', '2025-12-22 18:24:13'),
	(343, 17, 1, 3, NULL, 'Credit', 'CS2512201', '2025-10-11', 4800.00, 0.00, 4800.00, 0.00, 0.00, 0.00, NULL, 10, NULL, NULL, NULL, '2025-12-22 18:24:22', '2025-12-22 18:24:22'),
	(344, 56, 1, 3, NULL, 'Credit', 'CS2512202', '2025-10-11', 7200.00, 0.00, 7200.00, 0.00, 0.00, 0.00, NULL, 10, NULL, NULL, NULL, '2025-12-22 18:24:35', '2025-12-22 18:24:35'),
	(345, 19, 1, 3, NULL, 'Credit', 'CS2512203', '2025-10-11', 6000.00, 0.00, 6000.00, 0.00, 0.00, 0.00, NULL, 10, NULL, NULL, NULL, '2025-12-22 18:24:54', '2025-12-22 18:24:54'),
	(346, 58, 1, 3, NULL, 'Credit', 'CS2512204', '2025-11-12', 7200.00, 0.00, 7200.00, 0.00, 0.00, 0.00, NULL, 10, NULL, NULL, NULL, '2025-12-22 18:25:47', '2025-12-22 18:25:47'),
	(347, 59, 1, 3, NULL, 'Credit', 'CS2512205', '2025-11-24', 6000.00, 0.00, 6000.00, 0.00, 0.00, 0.00, NULL, 10, 10, NULL, NULL, '2025-12-22 18:26:10', '2025-12-22 18:26:28'),
	(348, 53, 1, 3, NULL, 'Credit', 'CS2512206', '2025-11-26', 3600.00, 0.00, 3600.00, 0.00, 0.00, 0.00, NULL, 10, NULL, NULL, NULL, '2025-12-22 18:26:51', '2025-12-22 18:26:51'),
	(349, 52, 1, 3, NULL, 'Credit', 'CS2512207', '2025-11-26', 3120.00, 0.00, 3120.00, 0.00, 0.00, 0.00, NULL, 10, NULL, NULL, NULL, '2025-12-22 18:27:15', '2025-12-22 18:27:15'),
	(350, 50, 1, 3, NULL, 'Credit', 'CS2512208', '2025-11-26', 4800.00, 0.00, 4800.00, 0.00, 0.00, 0.00, NULL, 10, NULL, NULL, NULL, '2025-12-22 18:27:42', '2025-12-22 18:27:42'),
	(351, 37, 1, 3, NULL, 'Credit', 'CS2512209', '2025-11-26', 9600.00, 0.00, 9600.00, 0.00, 0.00, 0.00, NULL, 10, NULL, NULL, NULL, '2025-12-22 18:28:06', '2025-12-22 18:28:06'),
	(352, 30, 1, 5, NULL, 'Credit', 'CS2512210', '2025-11-27', 4800.00, 0.00, 4800.00, 0.00, 0.00, 0.00, NULL, 10, NULL, NULL, NULL, '2025-12-22 18:28:42', '2025-12-22 18:28:42'),
	(353, 30, 1, 3, NULL, 'Credit', 'CS2512211', '2025-11-30', 4800.00, 0.00, 4800.00, 0.00, 0.00, 0.00, NULL, 10, NULL, NULL, NULL, '2025-12-22 18:29:05', '2025-12-22 18:29:05'),
	(354, 32, 1, 3, NULL, 'Credit', 'CS2512212', '2025-11-30', 4800.00, 0.00, 4800.00, 0.00, 0.00, 0.00, NULL, 10, NULL, NULL, NULL, '2025-12-22 18:29:24', '2025-12-22 18:29:24'),
	(355, 33, 1, 3, NULL, 'Credit', 'CS2512213', '2025-11-30', 7200.00, 0.00, 7200.00, 0.00, 7200.00, 0.00, NULL, 10, NULL, NULL, NULL, '2025-12-22 18:29:44', '2025-12-22 18:32:30'),
	(356, 15, 1, 3, NULL, 'Credit', 'CS2512214', '2025-11-30', 1200.00, 0.00, 1200.00, 0.00, 0.00, 0.00, NULL, 10, NULL, NULL, NULL, '2025-12-22 18:29:57', '2025-12-22 18:29:57'),
	(357, 31, 1, 3, NULL, 'Credit', 'CS2512215', '2025-11-30', 2400.00, 0.00, 2400.00, 0.00, 0.00, 0.00, NULL, 10, NULL, NULL, NULL, '2025-12-22 18:30:14', '2025-12-22 18:30:14'),
	(358, 36, 1, 5, NULL, 'Credit', 'CS2512216', '2025-12-05', 4800.00, 0.00, 4800.00, 0.00, 0.00, 0.00, NULL, 10, NULL, NULL, NULL, '2025-12-22 18:31:47', '2025-12-22 18:31:47'),
	(359, 49, 1, 3, NULL, 'Credit', 'CS2512217', '2025-12-07', 12000.00, 0.00, 12000.00, 0.00, 0.00, 0.00, NULL, 10, 10, NULL, NULL, '2025-12-22 18:33:05', '2025-12-22 18:33:12'),
	(360, 54, 1, 3, NULL, 'Credit', 'CS2512218', '2025-12-08', 7200.00, 0.00, 7200.00, 0.00, 0.00, 0.00, NULL, 10, NULL, NULL, NULL, '2025-12-22 18:34:25', '2025-12-22 18:34:25'),
	(361, 51, 1, 3, NULL, 'Credit', 'CS2512219', '2025-12-08', 9600.00, 0.00, 9600.00, 0.00, 0.00, 0.00, NULL, 10, NULL, NULL, NULL, '2025-12-22 18:34:48', '2025-12-22 18:34:48'),
	(362, 48, 1, 3, NULL, 'Credit', 'CS2512220', '2025-12-08', 7200.00, 0.00, 7200.00, 0.00, 0.00, 0.00, NULL, 10, NULL, NULL, NULL, '2025-12-22 18:35:04', '2025-12-22 18:35:04'),
	(363, 24, 1, 3, NULL, 'Credit', 'CS2512221', '2025-12-08', 7200.00, 0.00, 7200.00, 0.00, 0.00, 0.00, NULL, 10, NULL, NULL, NULL, '2025-12-22 18:35:34', '2025-12-22 18:35:34'),
	(364, 41, 1, 3, NULL, 'Credit', 'CS2512222', '2025-12-10', 9600.00, 0.00, 9600.00, 0.00, 0.00, 0.00, NULL, 10, NULL, NULL, NULL, '2025-12-22 18:36:02', '2025-12-22 18:36:02'),
	(370, 44, 1, 3, NULL, 'Credit', 'CS2512228', '2025-12-13', 624.00, 0.00, 624.00, 0.00, 0.00, 0.00, NULL, 10, NULL, 10, NULL, '2025-12-23 08:17:57', '2025-12-23 09:25:16'),
	(371, 30, 1, 3, NULL, 'Credit', 'CS2512229', '2025-12-13', 2200.00, 0.00, 2200.00, 0.00, 0.00, 0.00, NULL, 10, NULL, NULL, NULL, '2025-12-23 09:28:32', '2025-12-23 09:28:32'),
	(372, 62, 1, 4, NULL, 'Credit', 'CS2512230', '2025-12-03', 8150.00, 0.00, 8150.00, 0.00, 0.00, 0.00, NULL, 10, NULL, NULL, NULL, '2025-12-23 21:49:13', '2025-12-23 21:49:13'),
	(373, 36, 1, 4, NULL, 'Credit', 'CS2512231', '2025-12-03', 3912.00, 0.00, 3912.00, 0.00, 0.00, 0.00, NULL, 10, NULL, NULL, NULL, '2025-12-23 21:51:58', '2025-12-23 21:51:58'),
	(374, 30, 1, 4, NULL, 'Credit', 'CS2512232', '2025-12-04', 8150.00, 0.00, 8150.00, 0.00, 0.00, 0.00, NULL, 10, NULL, NULL, NULL, '2025-12-23 21:52:39', '2025-12-23 21:52:39'),
	(375, 50, 1, 3, NULL, 'Credit', 'CS2512233', '2025-12-07', 6520.00, 0.00, 6520.00, 0.00, 0.00, 0.00, NULL, 10, NULL, NULL, NULL, '2025-12-23 21:53:06', '2025-12-23 21:53:06'),
	(376, 49, 1, 3, NULL, 'Credit', 'CS2512234', '2025-12-07', 15485.00, 0.00, 15485.00, 0.00, 0.00, 0.00, NULL, 10, NULL, NULL, NULL, '2025-12-23 21:54:05', '2025-12-23 21:54:05'),
	(377, 58, 1, 3, NULL, 'Credit', 'CS2512235', '2025-12-07', 6520.00, 0.00, 6520.00, 0.00, 0.00, 0.00, NULL, 10, NULL, NULL, NULL, '2025-12-23 21:54:24', '2025-12-23 21:54:24'),
	(378, 52, 1, 3, NULL, 'Credit', 'CS2512236', '2025-12-08', 6520.00, 0.00, 6520.00, 0.00, 0.00, 0.00, NULL, 10, NULL, NULL, NULL, '2025-12-23 21:55:08', '2025-12-23 21:55:08'),
	(379, 54, 1, 3, NULL, 'Credit', 'CS2512237', '2025-12-08', 8150.00, 0.00, 8150.00, 0.00, 0.00, 0.00, NULL, 10, NULL, NULL, NULL, '2025-12-23 21:55:30', '2025-12-23 21:55:30'),
	(380, 51, 1, 3, NULL, 'Credit', 'CS2512238', '2025-12-08', 7335.00, 0.00, 7335.00, 0.00, 0.00, 0.00, NULL, 10, NULL, NULL, NULL, '2025-12-23 21:56:08', '2025-12-23 21:56:08'),
	(381, 53, 1, 3, NULL, 'Credit', 'CS2512239', '2025-12-08', 7335.00, 0.00, 7335.00, 0.00, 0.00, 0.00, NULL, 10, NULL, NULL, NULL, '2025-12-23 21:56:25', '2025-12-23 21:56:25'),
	(382, 48, 1, 3, NULL, 'Credit', 'CS2512240', '2025-12-08', 7335.00, 0.00, 7335.00, 0.00, 0.00, 0.00, NULL, 10, NULL, NULL, NULL, '2025-12-23 21:56:56', '2025-12-23 21:56:56'),
	(383, 24, 1, 3, NULL, 'Credit', 'CS2512241', '2025-12-08', 8150.00, 0.00, 8150.00, 0.00, 0.00, 0.00, NULL, 10, NULL, NULL, NULL, '2025-12-23 21:57:12', '2025-12-23 21:57:12'),
	(384, 30, 1, 3, NULL, 'Credit', 'CS2512242', '2025-12-08', 4075.00, 0.00, 4075.00, 0.00, 0.00, 0.00, NULL, 10, NULL, NULL, NULL, '2025-12-23 21:57:36', '2025-12-23 21:57:36'),
	(385, 41, 1, 3, NULL, 'Credit', 'CS2512243', '2025-12-08', 6520.00, 0.00, 6520.00, 0.00, 0.00, 0.00, NULL, 10, NULL, NULL, NULL, '2025-12-23 21:57:51', '2025-12-23 21:57:51'),
	(386, 30, 1, 3, NULL, 'Credit', 'CS2512244', '2025-12-13', 8150.00, 0.00, 8150.00, 0.00, 0.00, 0.00, NULL, 10, NULL, NULL, NULL, '2025-12-23 21:58:52', '2025-12-23 21:58:52'),
	(387, 22, 1, 3, NULL, 'Credit', 'CS2512245', '2025-12-13', 3260.00, 0.00, 3260.00, 0.00, 0.00, 0.00, NULL, 10, NULL, NULL, NULL, '2025-12-23 21:59:09', '2025-12-23 21:59:09'),
	(388, 44, 1, 3, NULL, 'Credit', 'CS2512246', '2025-12-13', 4890.00, 0.00, 4890.00, 0.00, 0.00, 0.00, NULL, 10, NULL, NULL, NULL, '2025-12-23 21:59:29', '2025-12-23 21:59:29'),
	(389, 44, 1, 3, NULL, 'Credit', 'CS2512247', '2025-12-14', 3260.00, 0.00, 3260.00, 0.00, 0.00, 0.00, NULL, 10, NULL, NULL, NULL, '2025-12-23 21:59:48', '2025-12-23 21:59:48'),
	(390, 49, 1, 3, NULL, 'Credit', 'CS2512248', '2025-12-15', 3260.00, 0.00, 3260.00, 0.00, 0.00, 0.00, NULL, 10, NULL, NULL, NULL, '2025-12-23 22:00:07', '2025-12-23 22:00:07'),
	(391, 43, 1, 3, NULL, 'Credit', 'CS2512249', '2025-12-17', 16300.00, 0.00, 16300.00, 0.00, 0.00, 0.00, NULL, 10, NULL, NULL, NULL, '2025-12-23 22:01:01', '2025-12-23 22:01:01'),
	(392, 30, 1, 3, NULL, 'Credit', 'CS2512250', '2025-12-18', 6520.00, 0.00, 6520.00, 0.00, 0.00, 0.00, NULL, 10, NULL, 10, NULL, '2025-12-23 22:01:32', '2025-12-23 22:03:17'),
	(395, 44, 1, 3, NULL, 'Credit', 'CS2601003', '2026-01-03', 720.00, 180.00, 540.00, 0.00, 0.00, 0.00, NULL, 28, 28, NULL, NULL, '2026-01-03 06:43:41', '2026-01-03 07:21:35'),
	(396, 17, 1, 3, NULL, 'Credit', 'CS2601004', '2026-01-01', 10500.00, 2100.00, 8400.00, 0.00, 0.00, 0.00, NULL, 28, NULL, NULL, NULL, '2026-01-03 06:57:49', '2026-01-03 06:57:49'),
	(397, 31, 1, 3, NULL, 'Credit', 'CS2601005', '2026-01-03', 2600.00, 520.00, 2080.00, 0.00, 0.00, 0.00, NULL, 28, NULL, NULL, NULL, '2026-01-03 07:39:54', '2026-01-03 07:39:54'),
	(398, 44, 1, 3, NULL, 'Credit', 'CS2601006', '2025-12-05', 6000.00, 1500.00, 4500.00, 0.00, 0.00, 0.00, NULL, 28, NULL, NULL, NULL, '2026-01-03 07:53:08', '2026-01-03 07:53:08'),
	(399, 49, 1, 3, NULL, 'Credit', 'CS2601007', '2026-01-03', 3600.00, 720.00, 2880.00, 0.00, 0.00, 0.00, NULL, 28, NULL, NULL, NULL, '2026-01-03 07:56:44', '2026-01-03 07:56:44'),
	(400, 49, 1, 3, NULL, 'Credit', 'CS2601008', '2026-01-03', 3600.00, 720.00, 2880.00, 0.00, 0.00, 0.00, NULL, 28, NULL, NULL, NULL, '2026-01-03 07:56:45', '2026-01-03 07:56:45'),
	(401, 43, 1, 3, NULL, 'Credit', 'CS2601009', '2026-01-03', 18000.00, 3600.00, 14400.00, 0.00, 0.00, 0.00, NULL, 28, NULL, NULL, NULL, '2026-01-03 08:04:24', '2026-01-03 08:04:24'),
	(402, 26, 1, 3, NULL, 'Credit', 'CS2601010', '2026-01-03', 10500.00, 2100.00, 8400.00, 0.00, 0.00, 0.00, NULL, 28, NULL, NULL, NULL, '2026-01-03 08:06:56', '2026-01-03 08:06:56'),
	(403, 48, 1, 3, NULL, 'Credit', 'CS2601011', '2026-01-08', 5500.00, 1100.00, 4400.00, 0.00, 0.00, 0.00, NULL, 28, NULL, NULL, NULL, '2026-01-08 04:30:23', '2026-01-08 04:30:23'),
	(404, 50, 1, 3, NULL, 'Credit', 'CS2601012', '2025-12-07', 1300.00, 260.00, 1040.00, 0.00, 0.00, 0.00, NULL, 28, NULL, NULL, NULL, '2026-01-08 04:48:59', '2026-01-08 04:48:59'),
	(405, 43, 1, 3, NULL, 'Credit', 'CS2601013', '2026-01-08', 9100.00, 1820.00, 7280.00, 0.00, 0.00, 0.00, NULL, 28, NULL, NULL, NULL, '2026-01-08 04:51:21', '2026-01-08 04:51:21'),
	(406, 61, 1, 3, NULL, 'Credit', 'CS2601014', '2025-12-30', 4800.00, 960.00, 3840.00, 0.00, 0.00, 0.00, NULL, 28, NULL, NULL, NULL, '2026-01-08 05:46:30', '2026-01-08 05:46:30'),
	(407, 59, 1, 3, NULL, 'Credit', 'CS2601015', '2026-01-08', 1200.00, 240.00, 960.00, 0.00, 0.00, 0.00, NULL, 28, NULL, NULL, NULL, '2026-01-08 05:48:44', '2026-01-08 05:48:44'),
	(408, 17, 1, 3, NULL, 'Credit', 'CS2601016', '2025-12-31', 9600.00, 1920.00, 7680.00, 0.00, 0.00, 0.00, NULL, 28, NULL, NULL, NULL, '2026-01-08 05:51:31', '2026-01-08 05:51:31'),
	(409, 18, 1, 3, NULL, 'Credit', 'CS2601017', '2025-12-31', 12000.00, 2400.00, 9600.00, 0.00, 0.00, 0.00, NULL, 28, NULL, NULL, NULL, '2026-01-08 05:54:36', '2026-01-08 05:54:36'),
	(410, 19, 1, 3, NULL, 'Credit', 'CS2601018', '2025-12-31', 15600.00, 3120.00, 12480.00, 0.00, 0.00, 0.00, NULL, 28, NULL, NULL, NULL, '2026-01-08 05:57:35', '2026-01-08 05:57:35'),
	(411, 26, 1, 3, NULL, 'Credit', 'CS2601019', '2026-01-01', 9600.00, 1920.00, 7680.00, 0.00, 0.00, 0.00, NULL, 28, NULL, NULL, NULL, '2026-01-08 06:00:14', '2026-01-08 06:00:14'),
	(412, 37, 1, 3, NULL, 'Credit', 'CS2601020', '2026-01-03', 7920.00, 1584.00, 6336.00, 0.00, 0.00, 0.00, NULL, 28, NULL, NULL, NULL, '2026-01-08 06:02:12', '2026-01-08 06:02:12'),
	(413, 14, 1, 3, NULL, 'Credit', 'CS2601021', '2026-01-04', 2400.00, 480.00, 1920.00, 0.00, 0.00, 0.00, NULL, 28, NULL, NULL, NULL, '2026-01-08 06:05:13', '2026-01-08 06:05:13'),
	(414, 40, 1, 3, NULL, 'Credit', 'CS2601022', '2026-01-05', 1440.00, 288.00, 1152.00, 680.00, 0.00, 0.00, NULL, 28, NULL, NULL, NULL, '2026-01-08 06:07:43', '2026-01-11 08:57:19'),
	(415, 48, 1, 3, NULL, 'Credit', 'CS2601023', '2026-01-07', 2400.00, 480.00, 1920.00, 0.00, 0.00, 0.00, NULL, 28, NULL, NULL, NULL, '2026-01-08 06:09:28', '2026-01-08 06:09:28'),
	(416, 48, 1, 3, NULL, 'Credit', 'CS2601024', '2026-01-08', 2900.00, 580.00, 2320.00, 0.00, 0.00, 0.00, NULL, 28, NULL, NULL, NULL, '2026-01-08 07:35:24', '2026-01-08 07:35:24'),
	(417, 25, 1, 3, NULL, 'Credit', 'CS2601025', '2026-01-08', 290.00, 58.00, 232.00, 0.00, 0.00, 0.00, NULL, 28, NULL, NULL, NULL, '2026-01-08 07:37:21', '2026-01-08 07:37:21'),
	(418, 63, 1, 3, NULL, 'Credit', 'CS2601026', '2026-01-24', 192.00, 0.00, 192.00, 192.00, 0.00, 0.00, NULL, 28, NULL, NULL, NULL, '2026-01-24 05:28:30', '2026-02-09 05:24:46'),
	(419, 63, 1, 3, NULL, 'Credit', 'CS2601027', '2026-01-27', 192.00, 0.00, 192.00, 192.00, 0.00, 0.00, NULL, 28, NULL, NULL, NULL, '2026-01-27 23:38:54', '2026-02-09 05:24:46'),
	(420, 24, 1, 3, NULL, 'Credit', 'CS2601028', '2026-01-25', 15120.00, 0.00, 15120.00, 0.00, 0.00, 0.00, NULL, 28, NULL, NULL, NULL, '2026-01-30 09:11:27', '2026-01-30 09:11:27'),
	(421, 21, 1, 3, NULL, 'Credit', 'CS2601029', '2026-01-25', 10800.00, 0.00, 10800.00, 0.00, 0.00, 0.00, NULL, 28, 28, NULL, NULL, '2026-01-30 09:13:39', '2026-01-30 09:15:53'),
	(422, 41, 1, 3, NULL, 'Credit', 'CS2601030', '2026-01-25', 10800.00, 0.00, 10800.00, 0.00, 0.00, 0.00, NULL, 28, 28, NULL, NULL, '2026-01-30 09:15:19', '2026-01-30 09:16:14'),
	(423, 22, 1, 3, NULL, 'Credit', 'CS2601031', '2026-01-25', 10800.00, 0.00, 10800.00, 0.00, 0.00, 0.00, NULL, 28, 28, NULL, NULL, '2026-01-30 09:20:03', '2026-01-30 09:20:21'),
	(424, 25, 1, 3, NULL, 'Credit', 'CS2601032', '2026-01-25', 25920.00, 0.00, 25920.00, 0.00, 0.00, 0.00, NULL, 28, 28, NULL, NULL, '2026-01-30 09:22:12', '2026-01-30 09:22:46'),
	(425, 43, 1, 3, NULL, 'Credit', 'CS2601033', '2026-01-25', 19440.00, 0.00, 19440.00, 0.00, 0.00, 0.00, NULL, 28, NULL, NULL, NULL, '2026-01-30 09:24:28', '2026-01-30 09:24:28'),
	(426, 64, 1, 3, NULL, 'Credit', 'CS2601034', '2026-01-25', 10800.00, 0.00, 10800.00, 0.00, 0.00, 0.00, NULL, 28, 28, NULL, NULL, '2026-01-30 09:37:21', '2026-01-30 09:37:36'),
	(427, 44, 1, 3, NULL, 'Credit', 'CS2601035', '2026-01-29', 17280.00, 0.00, 17280.00, 0.00, 0.00, 0.00, NULL, 28, NULL, NULL, NULL, '2026-01-30 09:38:51', '2026-01-30 09:38:51'),
	(428, 52, 1, 3, NULL, 'Credit', 'CS2601036', '2026-01-29', 10800.00, 0.00, 10800.00, 0.00, 0.00, 0.00, NULL, 28, 28, NULL, NULL, '2026-01-30 09:40:52', '2026-01-30 09:42:41'),
	(429, 48, 1, 3, NULL, 'Credit', 'CS2601037', '2026-01-29', 10800.00, 0.00, 10800.00, 0.00, 0.00, 0.00, NULL, 28, NULL, NULL, NULL, '2026-01-30 09:42:23', '2026-01-30 09:42:23'),
	(430, 66, 1, 3, NULL, 'Credit', 'CS2601038', '2026-01-28', 11450.00, 2290.00, 9160.00, 0.00, 0.00, 0.00, NULL, 28, NULL, NULL, NULL, '2026-01-30 10:01:14', '2026-01-30 10:01:14'),
	(431, 66, 1, 3, NULL, 'Credit', 'CS2601039', '2026-01-28', 2800.00, 560.00, 2240.00, 0.00, 0.00, 0.00, NULL, 28, 28, NULL, NULL, '2026-01-30 10:03:39', '2026-01-30 10:04:00'),
	(432, 49, 1, 3, NULL, 'Credit', 'CS2601040', '2026-01-31', 32320.00, 0.00, 32320.00, 0.00, 0.00, 0.00, NULL, 28, NULL, NULL, NULL, '2026-01-31 07:57:12', '2026-01-31 07:57:12'),
	(433, 44, 1, 3, NULL, 'Credit', 'CS2602001', '2026-02-01', 42000.00, 8400.00, 33600.00, 0.00, 0.00, 0.00, NULL, 28, NULL, NULL, NULL, '2026-02-01 09:51:20', '2026-02-01 09:51:20'),
	(434, 30, 1, 3, NULL, 'Credit', 'CS2602002', '2026-02-01', 19300.00, 3860.00, 15440.00, 0.00, 0.00, 0.00, NULL, 28, NULL, NULL, NULL, '2026-02-01 09:57:52', '2026-02-01 09:57:52'),
	(435, 63, 1, 3, NULL, 'Credit', 'CS2602003', '2026-02-02', 946.00, 0.00, 946.00, 946.00, 0.00, 0.00, NULL, 28, NULL, NULL, NULL, '2026-02-01 23:57:12', '2026-02-09 05:24:46'),
	(436, 53, 1, 3, NULL, 'Credit', 'CS2602004', '2026-02-03', 9720.00, 0.00, 9720.00, 0.00, 0.00, 0.00, NULL, 28, NULL, NULL, NULL, '2026-02-03 07:53:48', '2026-02-03 07:53:48'),
	(437, 50, 1, 3, NULL, 'Credit', 'CS2602005', '2026-02-03', 8640.00, 0.00, 8640.00, 0.00, 0.00, 0.00, NULL, 28, NULL, NULL, NULL, '2026-02-03 07:56:00', '2026-02-03 07:56:00'),
	(438, 51, 1, 3, NULL, 'Credit', 'CS2602006', '2026-02-03', 9720.00, 0.00, 9720.00, 0.00, 0.00, 0.00, NULL, 28, NULL, NULL, NULL, '2026-02-03 07:57:35', '2026-02-03 07:57:35'),
	(439, 67, 1, 3, NULL, 'Credit', 'CS2602007', '2026-02-03', 34600.00, 0.00, 34600.00, 6000.00, 0.00, 0.00, NULL, 28, 28, NULL, NULL, '2026-02-04 05:49:06', '2026-02-09 05:22:29'),
	(440, 52, 1, 3, NULL, 'Credit', 'CS2602008', '2026-02-04', 10560.00, 0.00, 10560.00, 0.00, 0.00, 0.00, NULL, 28, NULL, NULL, NULL, '2026-02-04 06:28:48', '2026-02-04 06:28:48'),
	(441, 53, 1, 3, NULL, 'Credit', 'CS2602009', '2026-02-04', 11208.00, 0.00, 11208.00, 0.00, 0.00, 0.00, NULL, 28, NULL, NULL, NULL, '2026-02-04 06:31:59', '2026-02-04 06:31:59'),
	(442, 63, 1, 3, NULL, 'Credit', 'CS2602010', '2026-02-05', 178.00, 0.00, 178.00, 178.00, 0.00, 0.00, NULL, 28, NULL, NULL, NULL, '2026-02-05 08:07:29', '2026-02-09 05:24:46'),
	(443, 63, 1, 3, NULL, 'Credit', 'CS2602011', '2026-02-07', 178.00, 0.00, 178.00, 178.00, 0.00, 0.00, NULL, 28, NULL, NULL, NULL, '2026-02-07 05:48:57', '2026-02-09 05:24:46'),
	(444, 63, 1, 3, NULL, 'Credit', 'CS2602012', '2026-02-09', 384.00, 0.00, 384.00, 141.00, 0.00, 0.00, NULL, 28, NULL, NULL, NULL, '2026-02-09 05:18:38', '2026-02-09 05:24:46');

-- Dumping structure for table amar_hostel.sales_lists
DROP TABLE IF EXISTS `sales_lists`;
CREATE TABLE IF NOT EXISTS `sales_lists` (
  `id` bigint unsigned NOT NULL AUTO_INCREMENT,
  `sales_id` bigint unsigned NOT NULL,
  `client_id` bigint unsigned NOT NULL,
  `store_id` bigint unsigned NOT NULL,
  `product_id` bigint unsigned NOT NULL,
  `product_edition_id` bigint unsigned DEFAULT NULL,
  `price` decimal(16,2) NOT NULL,
  `commission` decimal(16,2) NOT NULL DEFAULT '0.00',
  `commission_amount` decimal(16,2) NOT NULL DEFAULT '0.00',
  `rate` decimal(16,2) NOT NULL,
  `qty` decimal(16,2) NOT NULL,
  `amount` decimal(16,2) NOT NULL,
  `discount` decimal(16,2) NOT NULL DEFAULT '0.00',
  `net_amount` decimal(16,2) NOT NULL DEFAULT '0.00',
  `return_qty` decimal(16,2) NOT NULL DEFAULT '0.00',
  `return_amount` decimal(16,2) NOT NULL DEFAULT '0.00',
  `distributed` tinyint(1) NOT NULL DEFAULT '0',
  `created_at` timestamp NULL DEFAULT NULL,
  `updated_at` timestamp NULL DEFAULT NULL,
  PRIMARY KEY (`id`),
  KEY `sales_lists_sales_id_foreign` (`sales_id`),
  KEY `sales_lists_client_id_foreign` (`client_id`),
  KEY `sales_lists_store_id_foreign` (`store_id`),
  KEY `sales_lists_product_id_foreign` (`product_id`),
  KEY `sales_lists_product_edition_id_foreign` (`product_edition_id`),
  CONSTRAINT `sales_lists_client_id_foreign` FOREIGN KEY (`client_id`) REFERENCES `clients` (`id`) ON DELETE CASCADE,
  CONSTRAINT `sales_lists_product_edition_id_foreign` FOREIGN KEY (`product_edition_id`) REFERENCES `product_editions` (`id`) ON DELETE SET NULL,
  CONSTRAINT `sales_lists_product_id_foreign` FOREIGN KEY (`product_id`) REFERENCES `products` (`id`) ON DELETE CASCADE,
  CONSTRAINT `sales_lists_sales_id_foreign` FOREIGN KEY (`sales_id`) REFERENCES `sales` (`id`) ON DELETE CASCADE,
  CONSTRAINT `sales_lists_store_id_foreign` FOREIGN KEY (`store_id`) REFERENCES `stores` (`id`) ON DELETE CASCADE
) ENGINE=InnoDB AUTO_INCREMENT=685 DEFAULT CHARSET=utf8mb4 COLLATE=utf8mb4_unicode_ci;

-- Dumping data for table amar_hostel.sales_lists: ~316 rows (approximately)
DELETE FROM `sales_lists`;
INSERT INTO `sales_lists` (`id`, `sales_id`, `client_id`, `store_id`, `product_id`, `product_edition_id`, `price`, `commission`, `commission_amount`, `rate`, `qty`, `amount`, `discount`, `net_amount`, `return_qty`, `return_amount`, `distributed`, `created_at`, `updated_at`) VALUES
	(306, 143, 22, 1, 12, 4, 275.00, 20.00, 500.00, 220.00, 25.00, 5500.00, 0.00, 5500.00, 0.00, 0.00, 0, '2025-12-21 21:46:11', '2025-12-21 21:46:11'),
	(307, 144, 23, 1, 12, 4, 275.00, 20.00, 500.00, 220.00, 25.00, 5500.00, 0.00, 5500.00, 0.00, 0.00, 0, '2025-12-21 21:46:58', '2025-12-21 21:46:58'),
	(308, 145, 24, 1, 12, 4, 275.00, 20.00, 200.00, 220.00, 10.00, 2200.00, 0.00, 2200.00, 0.00, 0.00, 0, '2025-12-21 21:47:26', '2025-12-21 21:47:26'),
	(309, 146, 24, 1, 12, 4, 275.00, 20.00, 100.00, 220.00, 5.00, 1100.00, 0.00, 1100.00, 0.00, 0.00, 0, '2025-12-21 21:48:17', '2025-12-21 21:48:17'),
	(310, 147, 27, 1, 12, 4, 275.00, 20.00, 100.00, 220.00, 5.00, 1100.00, 0.00, 1100.00, 0.00, 0.00, 0, '2025-12-21 21:48:43', '2025-12-21 21:48:43'),
	(311, 148, 28, 1, 12, 4, 275.00, 20.00, 100.00, 220.00, 5.00, 1100.00, 0.00, 1100.00, 0.00, 0.00, 0, '2025-12-21 21:49:07', '2025-12-21 21:49:07'),
	(312, 149, 29, 1, 12, 4, 275.00, 20.00, 100.00, 220.00, 5.00, 1100.00, 0.00, 1100.00, 0.00, 0.00, 0, '2025-12-21 21:49:24', '2025-12-21 21:49:24'),
	(313, 150, 58, 1, 12, 4, 275.00, 20.00, 400.00, 220.00, 20.00, 4400.00, 0.00, 4400.00, 0.00, 0.00, 0, '2025-12-21 21:53:14', '2025-12-21 21:53:14'),
	(314, 151, 59, 1, 12, 4, 275.00, 20.00, 60.00, 220.00, 3.00, 660.00, 0.00, 660.00, 0.00, 0.00, 0, '2025-12-21 21:56:58', '2025-12-21 21:56:58'),
	(315, 152, 60, 1, 12, 4, 275.00, 20.00, 60.00, 220.00, 3.00, 660.00, 0.00, 660.00, 0.00, 0.00, 0, '2025-12-21 21:57:24', '2025-12-21 21:57:24'),
	(316, 153, 61, 1, 12, 4, 275.00, 20.00, 380.00, 220.00, 19.00, 4180.00, 0.00, 4180.00, 0.00, 0.00, 0, '2025-12-21 21:57:57', '2025-12-21 21:57:57'),
	(317, 154, 53, 1, 12, 4, 275.00, 20.00, 600.00, 220.00, 30.00, 6600.00, 0.00, 6600.00, 0.00, 0.00, 0, '2025-12-21 21:58:34', '2025-12-21 21:58:34'),
	(318, 155, 52, 1, 12, 4, 275.00, 20.00, 400.00, 220.00, 20.00, 4400.00, 0.00, 4400.00, 0.00, 0.00, 0, '2025-12-21 21:58:56', '2025-12-21 21:58:56'),
	(319, 156, 50, 1, 12, 4, 275.00, 20.00, 400.00, 220.00, 20.00, 4400.00, 0.00, 4400.00, 0.00, 0.00, 0, '2025-12-21 21:59:29', '2025-12-21 21:59:29'),
	(320, 157, 37, 1, 12, 4, 275.00, 20.00, 600.00, 220.00, 30.00, 6600.00, 0.00, 6600.00, 0.00, 0.00, 0, '2025-12-21 21:59:51', '2025-12-21 21:59:51'),
	(321, 158, 30, 1, 12, 4, 275.00, 20.00, 100.00, 220.00, 5.00, 1100.00, 0.00, 1100.00, 0.00, 0.00, 0, '2025-12-21 22:00:57', '2025-12-21 22:00:57'),
	(322, 159, 32, 1, 12, 4, 275.00, 20.00, 400.00, 220.00, 20.00, 4400.00, 0.00, 4400.00, 0.00, 0.00, 0, '2025-12-21 22:02:16', '2025-12-21 22:02:16'),
	(323, 160, 30, 1, 12, 4, 275.00, 20.00, 400.00, 220.00, 20.00, 4400.00, 0.00, 4400.00, 0.00, 0.00, 0, '2025-12-21 22:02:37', '2025-12-23 09:27:38'),
	(324, 161, 33, 1, 12, 4, 275.00, 20.00, 600.00, 220.00, 30.00, 6600.00, 0.00, 6600.00, 25.00, 5500.00, 0, '2025-12-21 22:03:02', '2025-12-21 22:12:51'),
	(325, 162, 31, 1, 12, 4, 275.00, 20.00, 100.00, 220.00, 5.00, 1100.00, 0.00, 1100.00, 0.00, 0.00, 0, '2025-12-21 22:03:25', '2025-12-21 22:03:25'),
	(326, 163, 11, 1, 3, 7, 290.00, 20.00, 200.00, 232.00, 10.00, 2320.00, 0.00, 2320.00, 4.00, 928.00, 0, '2025-12-21 22:19:02', '2025-12-22 05:05:06'),
	(327, 164, 12, 1, 3, 7, 290.00, 20.00, 1000.00, 232.00, 50.00, 11600.00, 0.00, 11600.00, 40.00, 9280.00, 0, '2025-12-21 22:20:24', '2025-12-22 01:20:21'),
	(328, 165, 14, 1, 3, 7, 290.00, 20.00, 840.00, 232.00, 42.00, 9744.00, 0.00, 9744.00, 11.00, 2552.00, 0, '2025-12-21 22:20:55', '2026-01-08 06:57:36'),
	(330, 167, 15, 1, 3, 7, 290.00, 20.00, 800.00, 232.00, 40.00, 9280.00, 0.00, 9280.00, 0.00, 0.00, 0, '2025-12-21 22:22:21', '2025-12-21 22:22:21'),
	(331, 168, 39, 1, 3, 7, 290.00, 20.00, 900.00, 232.00, 45.00, 10440.00, 0.00, 10440.00, 20.00, 4640.00, 0, '2025-12-21 22:22:53', '2026-01-08 07:33:24'),
	(333, 170, 35, 1, 3, 7, 290.00, 20.00, 500.00, 232.00, 25.00, 5800.00, 0.00, 5800.00, 0.00, 0.00, 0, '2025-12-21 22:24:07', '2025-12-21 22:24:07'),
	(334, 171, 57, 1, 3, 7, 290.00, 20.00, 1000.00, 232.00, 50.00, 11600.00, 0.00, 11600.00, 0.00, 0.00, 0, '2025-12-21 22:24:49', '2025-12-21 22:24:49'),
	(337, 173, 17, 1, 3, 7, 290.00, 20.00, 500.00, 232.00, 25.00, 5800.00, 0.00, 5800.00, 0.00, 0.00, 0, '2025-12-21 22:26:44', '2025-12-21 22:26:44'),
	(338, 174, 18, 1, 3, 7, 290.00, 20.00, 500.00, 232.00, 25.00, 5800.00, 0.00, 5800.00, 0.00, 0.00, 0, '2025-12-21 22:27:18', '2025-12-21 22:27:18'),
	(339, 175, 19, 1, 3, 7, 290.00, 20.00, 500.00, 232.00, 25.00, 5800.00, 0.00, 5800.00, 0.00, 0.00, 0, '2025-12-21 22:28:18', '2025-12-21 22:28:18'),
	(340, 176, 56, 1, 3, 7, 290.00, 20.00, 500.00, 232.00, 25.00, 5800.00, 0.00, 5800.00, 0.00, 0.00, 0, '2025-12-21 22:28:38', '2025-12-21 22:28:38'),
	(342, 177, 56, 1, 3, 7, 290.00, 20.00, 500.00, 232.00, 25.00, 5800.00, 0.00, 5800.00, 0.00, 0.00, 0, '2025-12-21 22:33:10', '2025-12-21 22:33:10'),
	(344, 178, 20, 1, 3, 7, 290.00, 20.00, 200.00, 232.00, 10.00, 2320.00, 0.00, 2320.00, 0.00, 0.00, 0, '2025-12-21 22:34:07', '2025-12-21 22:34:07'),
	(345, 179, 21, 1, 3, 7, 290.00, 20.00, 500.00, 232.00, 25.00, 5800.00, 0.00, 5800.00, 0.00, 0.00, 0, '2025-12-21 22:34:47', '2025-12-21 22:34:47'),
	(346, 180, 22, 1, 3, 7, 290.00, 20.00, 500.00, 232.00, 25.00, 5800.00, 0.00, 5800.00, 0.00, 0.00, 0, '2025-12-21 22:35:14', '2025-12-21 22:35:14'),
	(347, 181, 23, 1, 3, 7, 290.00, 20.00, 500.00, 232.00, 25.00, 5800.00, 0.00, 5800.00, 0.00, 0.00, 0, '2025-12-21 22:35:43', '2025-12-21 22:35:43'),
	(348, 182, 24, 1, 3, 7, 290.00, 20.00, 200.00, 232.00, 10.00, 2320.00, 0.00, 2320.00, 0.00, 0.00, 0, '2025-12-22 00:10:14', '2025-12-22 00:10:14'),
	(349, 183, 25, 1, 3, 7, 290.00, 20.00, 500.00, 232.00, 25.00, 5800.00, 0.00, 5800.00, 0.00, 0.00, 0, '2025-12-22 00:25:48', '2025-12-22 00:25:48'),
	(354, 184, 25, 1, 3, 7, 290.00, 20.00, 500.00, 232.00, 25.00, 5800.00, 0.00, 5800.00, 0.00, 0.00, 0, '2025-12-22 00:45:30', '2025-12-22 00:45:30'),
	(355, 185, 26, 1, 3, 7, 290.00, 20.00, 600.00, 232.00, 30.00, 6960.00, 0.00, 6960.00, 0.00, 0.00, 0, '2025-12-22 00:45:47', '2025-12-22 00:45:47'),
	(356, 186, 27, 1, 3, 7, 290.00, 20.00, 500.00, 232.00, 25.00, 5800.00, 0.00, 5800.00, 0.00, 0.00, 0, '2025-12-22 00:46:24', '2025-12-22 00:46:24'),
	(357, 187, 28, 1, 3, 7, 290.00, 20.00, 900.00, 232.00, 45.00, 10440.00, 0.00, 10440.00, 0.00, 0.00, 0, '2025-12-22 00:46:52', '2025-12-22 00:46:52'),
	(358, 188, 29, 1, 3, 7, 290.00, 20.00, 600.00, 232.00, 30.00, 6960.00, 0.00, 6960.00, 0.00, 0.00, 0, '2025-12-22 00:52:55', '2025-12-22 00:52:55'),
	(361, 190, 31, 1, 3, 7, 290.00, 20.00, 500.00, 232.00, 25.00, 5800.00, 0.00, 5800.00, 23.00, 5336.00, 0, '2025-12-22 00:54:24', '2025-12-22 01:19:20'),
	(362, 189, 30, 1, 3, 7, 290.00, 20.00, 500.00, 232.00, 25.00, 5800.00, 0.00, 5800.00, 0.00, 0.00, 0, '2025-12-22 00:54:28', '2025-12-22 00:54:28'),
	(363, 191, 32, 1, 3, 7, 290.00, 20.00, 400.00, 232.00, 20.00, 4640.00, 0.00, 4640.00, 0.00, 0.00, 0, '2025-12-22 00:54:55', '2025-12-22 00:54:55'),
	(364, 192, 33, 1, 3, 7, 290.00, 20.00, 400.00, 232.00, 20.00, 4640.00, 0.00, 4640.00, 17.00, 3944.00, 0, '2025-12-22 00:55:08', '2026-01-12 23:51:01'),
	(365, 193, 41, 1, 3, 7, 290.00, 20.00, 400.00, 232.00, 20.00, 4640.00, 0.00, 4640.00, 0.00, 0.00, 0, '2025-12-22 01:10:33', '2025-12-22 01:10:33'),
	(367, 195, 43, 1, 3, 7, 290.00, 20.00, 600.00, 232.00, 30.00, 6960.00, 0.00, 6960.00, 0.00, 0.00, 0, '2025-12-22 01:11:04', '2025-12-22 01:11:04'),
	(368, 196, 44, 1, 3, 7, 290.00, 20.00, 400.00, 232.00, 20.00, 4640.00, 0.00, 4640.00, 0.00, 0.00, 0, '2025-12-22 01:12:15', '2025-12-22 01:12:15'),
	(369, 197, 49, 1, 3, 7, 290.00, 20.00, 600.00, 232.00, 30.00, 6960.00, 0.00, 6960.00, 0.00, 0.00, 0, '2025-12-22 01:13:23', '2025-12-22 01:13:23'),
	(370, 198, 50, 1, 3, 7, 290.00, 20.00, 300.00, 232.00, 15.00, 3480.00, 0.00, 3480.00, 0.00, 0.00, 0, '2025-12-22 01:13:50', '2025-12-22 01:13:50'),
	(371, 199, 54, 1, 3, 7, 290.00, 20.00, 300.00, 232.00, 15.00, 3480.00, 0.00, 3480.00, 0.00, 0.00, 0, '2025-12-22 01:16:06', '2025-12-22 01:16:06'),
	(372, 200, 51, 1, 3, 7, 290.00, 20.00, 400.00, 232.00, 20.00, 4640.00, 0.00, 4640.00, 0.00, 0.00, 0, '2025-12-22 01:16:24', '2025-12-22 01:16:24'),
	(373, 201, 48, 1, 3, 7, 290.00, 20.00, 200.00, 232.00, 10.00, 2320.00, 0.00, 2320.00, 0.00, 0.00, 0, '2025-12-22 01:16:47', '2025-12-22 01:16:47'),
	(374, 194, 42, 1, 3, 7, 290.00, 20.00, 300.00, 232.00, 15.00, 3480.00, 0.00, 3480.00, 0.00, 0.00, 0, '2025-12-22 01:18:31', '2025-12-22 01:18:31'),
	(375, 202, 44, 1, 3, 7, 290.00, 20.00, 400.00, 232.00, 20.00, 4640.00, 0.00, 4640.00, 0.00, 0.00, 0, '2025-12-22 05:06:09', '2025-12-22 05:06:09'),
	(376, 203, 22, 1, 3, 7, 290.00, 20.00, 300.00, 232.00, 15.00, 3480.00, 0.00, 3480.00, 0.00, 0.00, 0, '2025-12-22 05:06:29', '2025-12-22 05:06:29'),
	(377, 204, 44, 1, 3, 7, 290.00, 20.00, 200.00, 232.00, 10.00, 2320.00, 0.00, 2320.00, 0.00, 0.00, 0, '2025-12-22 05:06:59', '2025-12-22 05:06:59'),
	(379, 205, 35, 1, 2, 3, 240.00, 20.00, 500.00, 192.00, 25.00, 4800.00, 0.00, 4800.00, 0.00, 0.00, 0, '2025-12-22 05:59:53', '2025-12-22 05:59:53'),
	(380, 206, 57, 1, 2, 3, 240.00, 20.00, 1000.00, 192.00, 50.00, 9600.00, 0.00, 9600.00, 0.00, 0.00, 0, '2025-12-22 06:00:34', '2025-12-22 06:00:34'),
	(381, 207, 16, 1, 2, 3, 240.00, 20.00, 500.00, 192.00, 25.00, 4800.00, 0.00, 4800.00, 0.00, 0.00, 0, '2025-12-22 06:01:04', '2025-12-22 06:01:04'),
	(382, 208, 17, 1, 2, 3, 240.00, 20.00, 500.00, 192.00, 25.00, 4800.00, 0.00, 4800.00, 0.00, 0.00, 0, '2025-12-22 06:01:34', '2025-12-22 06:01:34'),
	(383, 209, 18, 1, 2, 3, 240.00, 20.00, 500.00, 192.00, 25.00, 4800.00, 0.00, 4800.00, 0.00, 0.00, 0, '2025-12-22 06:01:54', '2025-12-22 06:01:54'),
	(385, 210, 19, 1, 2, 3, 240.00, 20.00, 500.00, 192.00, 25.00, 4800.00, 0.00, 4800.00, 0.00, 0.00, 0, '2025-12-22 06:02:56', '2025-12-22 06:02:56'),
	(386, 211, 56, 1, 2, 3, 240.00, 20.00, 500.00, 192.00, 25.00, 4800.00, 0.00, 4800.00, 0.00, 0.00, 0, '2025-12-22 06:03:22', '2025-12-22 06:03:22'),
	(388, 212, 55, 1, 2, 3, 240.00, 20.00, 500.00, 192.00, 25.00, 4800.00, 0.00, 4800.00, 0.00, 0.00, 0, '2025-12-22 06:13:59', '2025-12-22 06:13:59'),
	(389, 213, 20, 1, 2, 3, 240.00, 20.00, 200.00, 192.00, 10.00, 1920.00, 0.00, 1920.00, 0.00, 0.00, 0, '2025-12-22 06:14:30', '2025-12-22 06:14:30'),
	(390, 214, 21, 1, 2, 3, 240.00, 20.00, 500.00, 192.00, 25.00, 4800.00, 0.00, 4800.00, 0.00, 0.00, 0, '2025-12-22 06:15:08', '2025-12-22 06:15:08'),
	(391, 215, 22, 1, 2, 3, 240.00, 20.00, 500.00, 192.00, 25.00, 4800.00, 0.00, 4800.00, 0.00, 0.00, 0, '2025-12-22 06:15:32', '2025-12-22 06:15:32'),
	(392, 216, 23, 1, 2, 3, 240.00, 20.00, 500.00, 192.00, 25.00, 4800.00, 0.00, 4800.00, 0.00, 0.00, 0, '2025-12-22 06:15:55', '2025-12-22 06:15:55'),
	(393, 217, 24, 1, 2, 3, 240.00, 20.00, 200.00, 192.00, 10.00, 1920.00, 0.00, 1920.00, 0.00, 0.00, 0, '2025-12-22 06:16:11', '2025-12-22 06:16:11'),
	(397, 218, 25, 1, 2, 3, 240.00, 20.00, 500.00, 192.00, 25.00, 4800.00, 0.00, 4800.00, 0.00, 0.00, 0, '2025-12-22 06:18:44', '2025-12-22 06:18:44'),
	(398, 219, 26, 1, 2, 3, 240.00, 20.00, 400.00, 192.00, 20.00, 3840.00, 0.00, 3840.00, 0.00, 0.00, 0, '2025-12-22 06:18:52', '2025-12-22 06:18:52'),
	(399, 220, 27, 1, 2, 3, 240.00, 20.00, 500.00, 192.00, 25.00, 4800.00, 0.00, 4800.00, 0.00, 0.00, 0, '2025-12-22 06:19:01', '2025-12-22 06:19:01'),
	(400, 221, 28, 1, 2, 3, 240.00, 20.00, 600.00, 192.00, 30.00, 5760.00, 0.00, 5760.00, 0.00, 0.00, 0, '2025-12-22 06:19:21', '2025-12-22 06:19:21'),
	(401, 222, 29, 1, 2, 3, 240.00, 20.00, 400.00, 192.00, 20.00, 3840.00, 0.00, 3840.00, 0.00, 0.00, 0, '2025-12-22 06:19:43', '2025-12-22 06:19:43'),
	(402, 223, 30, 1, 2, 3, 240.00, 20.00, 500.00, 192.00, 25.00, 4800.00, 0.00, 4800.00, 0.00, 0.00, 0, '2025-12-22 06:21:39', '2025-12-22 06:21:39'),
	(403, 224, 31, 1, 2, 3, 240.00, 20.00, 500.00, 192.00, 25.00, 4800.00, 0.00, 4800.00, 23.00, 4416.00, 0, '2025-12-22 06:22:13', '2025-12-22 06:38:30'),
	(404, 225, 32, 1, 2, 3, 240.00, 20.00, 400.00, 192.00, 20.00, 3840.00, 0.00, 3840.00, 3.00, 576.00, 0, '2025-12-22 06:22:52', '2026-01-12 23:57:07'),
	(405, 226, 33, 1, 2, 3, 240.00, 20.00, 400.00, 192.00, 20.00, 3840.00, 0.00, 3840.00, 20.00, 3840.00, 0, '2025-12-22 06:24:25', '2026-01-12 23:53:26'),
	(406, 227, 41, 1, 2, 3, 240.00, 20.00, 400.00, 192.00, 20.00, 3840.00, 0.00, 3840.00, 0.00, 0.00, 0, '2025-12-22 06:24:59', '2025-12-22 06:24:59'),
	(407, 228, 42, 1, 2, 3, 240.00, 20.00, 300.00, 192.00, 15.00, 2880.00, 0.00, 2880.00, 0.00, 0.00, 0, '2025-12-22 06:26:03', '2025-12-22 06:26:03'),
	(408, 229, 43, 1, 2, 3, 240.00, 20.00, 600.00, 192.00, 30.00, 5760.00, 0.00, 5760.00, 0.00, 0.00, 0, '2025-12-22 06:26:50', '2025-12-22 06:26:50'),
	(409, 230, 44, 1, 2, 3, 240.00, 20.00, 300.00, 192.00, 15.00, 2880.00, 0.00, 2880.00, 0.00, 0.00, 0, '2025-12-22 06:27:12', '2025-12-22 06:27:12'),
	(410, 231, 49, 1, 2, 3, 240.00, 20.00, 600.00, 192.00, 30.00, 5760.00, 0.00, 5760.00, 0.00, 0.00, 0, '2025-12-22 06:27:33', '2025-12-22 06:27:33'),
	(411, 232, 50, 1, 2, 3, 240.00, 20.00, 300.00, 192.00, 15.00, 2880.00, 0.00, 2880.00, 0.00, 0.00, 0, '2025-12-22 06:27:58', '2025-12-22 06:27:58'),
	(412, 233, 54, 1, 2, 3, 240.00, 20.00, 300.00, 192.00, 15.00, 2880.00, 0.00, 2880.00, 0.00, 0.00, 0, '2025-12-22 06:28:26', '2025-12-22 06:28:26'),
	(413, 234, 51, 1, 2, 3, 240.00, 20.00, 300.00, 192.00, 15.00, 2880.00, 0.00, 2880.00, 0.00, 0.00, 0, '2025-12-22 06:28:41', '2025-12-22 06:28:41'),
	(414, 235, 48, 1, 2, 3, 240.00, 20.00, 400.00, 192.00, 20.00, 3840.00, 0.00, 3840.00, 0.00, 0.00, 0, '2025-12-22 06:29:17', '2025-12-22 06:29:17'),
	(415, 236, 61, 1, 2, 3, 240.00, 20.00, 140.00, 192.00, 7.00, 1344.00, 0.00, 1344.00, 0.00, 0.00, 0, '2025-12-22 06:30:03', '2025-12-22 06:30:03'),
	(417, 237, 15, 1, 2, 3, 240.00, 20.00, 220.00, 192.00, 11.00, 2112.00, 0.00, 2112.00, 0.00, 0.00, 0, '2025-12-22 06:31:38', '2025-12-22 06:31:38'),
	(418, 238, 61, 1, 2, 3, 240.00, 20.00, 180.00, 192.00, 9.00, 1728.00, 0.00, 1728.00, 0.00, 0.00, 0, '2025-12-22 06:32:14', '2025-12-22 06:32:14'),
	(419, 239, 14, 1, 2, 3, 240.00, 20.00, 220.00, 192.00, 11.00, 2112.00, 0.00, 2112.00, 0.00, 0.00, 0, '2025-12-22 06:33:19', '2025-12-22 06:33:19'),
	(420, 240, 36, 1, 2, 3, 240.00, 20.00, 560.00, 192.00, 28.00, 5376.00, 0.00, 5376.00, 0.00, 0.00, 0, '2025-12-22 06:33:51', '2025-12-22 06:33:51'),
	(421, 241, 53, 1, 2, 3, 240.00, 20.00, 300.00, 192.00, 15.00, 2880.00, 0.00, 2880.00, 0.00, 0.00, 0, '2025-12-22 06:35:22', '2025-12-22 06:35:22'),
	(422, 242, 52, 1, 2, 3, 240.00, 20.00, 260.00, 192.00, 13.00, 2496.00, 0.00, 2496.00, 0.00, 0.00, 0, '2025-12-22 06:35:38', '2025-12-22 06:35:38'),
	(423, 243, 50, 1, 2, 3, 240.00, 20.00, 260.00, 192.00, 13.00, 2496.00, 0.00, 2496.00, 0.00, 0.00, 0, '2025-12-22 06:36:01', '2025-12-22 06:36:01'),
	(424, 244, 37, 1, 2, 3, 240.00, 20.00, 600.00, 192.00, 30.00, 5760.00, 0.00, 5760.00, 0.00, 0.00, 0, '2025-12-22 06:36:22', '2025-12-22 06:36:22'),
	(425, 245, 30, 1, 2, 3, 240.00, 20.00, 200.00, 192.00, 10.00, 1920.00, 0.00, 1920.00, 0.00, 0.00, 0, '2025-12-22 06:36:55', '2025-12-22 06:36:55'),
	(426, 246, 31, 1, 2, 3, 240.00, 20.00, 100.00, 192.00, 5.00, 960.00, 0.00, 960.00, 0.00, 0.00, 0, '2025-12-22 06:37:19', '2025-12-22 06:37:19'),
	(427, 247, 55, 1, 4, 9, 260.00, 20.00, 500.00, 208.00, 25.00, 5200.00, 0.00, 5200.00, 0.00, 0.00, 0, '2025-12-22 06:56:48', '2025-12-22 06:56:48'),
	(429, 248, 20, 1, 4, 9, 260.00, 20.00, 200.00, 208.00, 10.00, 2080.00, 0.00, 2080.00, 0.00, 0.00, 0, '2025-12-22 06:57:32', '2025-12-22 06:57:32'),
	(430, 249, 21, 1, 4, 9, 260.00, 20.00, 500.00, 208.00, 25.00, 5200.00, 0.00, 5200.00, 0.00, 0.00, 0, '2025-12-22 06:57:58', '2025-12-22 06:57:58'),
	(431, 250, 22, 1, 4, 9, 260.00, 20.00, 500.00, 208.00, 25.00, 5200.00, 0.00, 5200.00, 0.00, 0.00, 0, '2025-12-22 07:03:04', '2025-12-22 07:03:04'),
	(432, 251, 23, 1, 4, 9, 260.00, 20.00, 500.00, 208.00, 25.00, 5200.00, 0.00, 5200.00, 0.00, 0.00, 0, '2025-12-22 07:09:47', '2025-12-22 07:09:47'),
	(433, 252, 24, 1, 4, 9, 260.00, 20.00, 200.00, 208.00, 10.00, 2080.00, 0.00, 2080.00, 0.00, 0.00, 0, '2025-12-22 08:07:05', '2025-12-22 08:07:05'),
	(434, 253, 25, 1, 4, 9, 260.00, 20.00, 500.00, 208.00, 25.00, 5200.00, 0.00, 5200.00, 0.00, 0.00, 0, '2025-12-22 08:14:08', '2025-12-22 08:14:08'),
	(435, 254, 25, 1, 4, 9, 260.00, 20.00, 500.00, 208.00, 25.00, 5200.00, 0.00, 5200.00, 0.00, 0.00, 0, '2025-12-22 08:14:31', '2025-12-22 08:14:31'),
	(437, 255, 26, 1, 4, 9, 260.00, 20.00, 600.00, 208.00, 30.00, 6240.00, 0.00, 6240.00, 0.00, 0.00, 0, '2025-12-22 08:17:34', '2025-12-22 08:17:34'),
	(439, 257, 27, 1, 4, 9, 260.00, 20.00, 500.00, 208.00, 25.00, 5200.00, 0.00, 5200.00, 0.00, 0.00, 0, '2025-12-22 08:18:57', '2025-12-22 08:18:57'),
	(441, 258, 28, 1, 4, 9, 260.00, 20.00, 900.00, 208.00, 45.00, 9360.00, 0.00, 9360.00, 0.00, 0.00, 0, '2025-12-22 08:38:43', '2025-12-22 08:38:43'),
	(442, 259, 29, 1, 4, 9, 260.00, 20.00, 600.00, 208.00, 30.00, 6240.00, 0.00, 6240.00, 0.00, 0.00, 0, '2025-12-22 08:40:48', '2025-12-22 08:40:48'),
	(443, 260, 30, 1, 4, 9, 260.00, 20.00, 500.00, 208.00, 25.00, 5200.00, 0.00, 5200.00, 0.00, 0.00, 0, '2025-12-22 08:41:18', '2025-12-22 08:41:18'),
	(444, 261, 31, 1, 4, 9, 260.00, 20.00, 500.00, 208.00, 25.00, 5200.00, 0.00, 5200.00, 0.00, 0.00, 0, '2025-12-22 08:43:09', '2025-12-22 08:43:09'),
	(445, 262, 32, 1, 4, 9, 260.00, 20.00, 400.00, 208.00, 20.00, 4160.00, 0.00, 4160.00, 0.00, 0.00, 0, '2025-12-22 08:43:28', '2025-12-22 08:43:28'),
	(446, 263, 33, 1, 4, 9, 260.00, 20.00, 400.00, 208.00, 20.00, 4160.00, 0.00, 4160.00, 15.00, 3120.00, 0, '2025-12-22 08:46:55', '2026-01-08 04:44:13'),
	(448, 265, 42, 1, 4, 9, 260.00, 20.00, 400.00, 208.00, 20.00, 4160.00, 0.00, 4160.00, 0.00, 0.00, 0, '2025-12-22 08:56:13', '2025-12-22 08:56:13'),
	(449, 264, 41, 1, 4, 9, 260.00, 20.00, 400.00, 208.00, 20.00, 4160.00, 0.00, 4160.00, 0.00, 0.00, 0, '2025-12-22 08:56:20', '2025-12-22 08:56:20'),
	(450, 266, 43, 1, 4, 9, 260.00, 20.00, 600.00, 208.00, 30.00, 6240.00, 0.00, 6240.00, 0.00, 0.00, 0, '2025-12-22 08:57:53', '2025-12-22 08:57:53'),
	(451, 267, 44, 1, 4, 9, 260.00, 20.00, 500.00, 208.00, 25.00, 5200.00, 0.00, 5200.00, 0.00, 0.00, 0, '2025-12-22 08:58:11', '2025-12-22 08:58:11'),
	(453, 269, 50, 1, 4, 9, 260.00, 20.00, 400.00, 208.00, 20.00, 4160.00, 0.00, 4160.00, 0.00, 0.00, 0, '2025-12-22 08:59:00', '2025-12-22 08:59:00'),
	(454, 270, 54, 1, 4, 9, 260.00, 20.00, 400.00, 208.00, 20.00, 4160.00, 0.00, 4160.00, 0.00, 0.00, 0, '2025-12-22 08:59:16', '2025-12-22 08:59:16'),
	(455, 268, 49, 1, 4, 9, 260.00, 20.00, 700.00, 208.00, 35.00, 7280.00, 0.00, 7280.00, 0.00, 0.00, 0, '2025-12-22 09:02:12', '2025-12-22 09:02:12'),
	(456, 271, 51, 1, 4, 9, 260.00, 20.00, 400.00, 208.00, 20.00, 4160.00, 0.00, 4160.00, 0.00, 0.00, 0, '2025-12-22 09:03:22', '2025-12-22 09:03:22'),
	(457, 272, 48, 1, 4, 9, 260.00, 20.00, 500.00, 208.00, 25.00, 5200.00, 0.00, 5200.00, 0.00, 0.00, 0, '2025-12-22 09:03:43', '2025-12-22 09:03:43'),
	(458, 273, 59, 1, 4, 9, 260.00, 20.00, 100.00, 208.00, 5.00, 1040.00, 0.00, 1040.00, 0.00, 0.00, 0, '2025-12-22 09:04:53', '2025-12-22 09:04:53'),
	(459, 274, 61, 1, 4, 9, 260.00, 20.00, 280.00, 208.00, 14.00, 2912.00, 0.00, 2912.00, 0.00, 0.00, 0, '2025-12-22 09:05:23', '2025-12-22 09:05:23'),
	(460, 275, 15, 1, 4, 9, 260.00, 20.00, 240.00, 208.00, 12.00, 2496.00, 0.00, 2496.00, 0.00, 0.00, 0, '2025-12-22 09:05:59', '2025-12-22 09:05:59'),
	(461, 276, 61, 1, 4, 9, 260.00, 20.00, 100.00, 208.00, 5.00, 1040.00, 0.00, 1040.00, 0.00, 0.00, 0, '2025-12-22 09:06:31', '2025-12-22 09:06:31'),
	(462, 277, 14, 1, 4, 9, 260.00, 20.00, 260.00, 208.00, 13.00, 2704.00, 0.00, 2704.00, 2.00, 416.00, 0, '2025-12-22 09:10:40', '2026-01-08 04:53:16'),
	(463, 278, 36, 1, 4, 9, 260.00, 20.00, 560.00, 208.00, 28.00, 5824.00, 0.00, 5824.00, 0.00, 0.00, 0, '2025-12-22 09:13:05', '2025-12-22 09:13:05'),
	(464, 279, 35, 1, 4, 9, 260.00, 20.00, 300.00, 208.00, 15.00, 3120.00, 0.00, 3120.00, 0.00, 0.00, 0, '2025-12-22 09:14:31', '2025-12-22 09:14:31'),
	(465, 280, 57, 1, 4, 9, 260.00, 20.00, 400.00, 208.00, 20.00, 4160.00, 0.00, 4160.00, 0.00, 0.00, 0, '2025-12-22 09:17:48', '2025-12-22 09:17:48'),
	(466, 281, 34, 1, 4, 9, 260.00, 20.00, 160.00, 208.00, 8.00, 1664.00, 0.00, 1664.00, 0.00, 0.00, 0, '2025-12-22 09:19:16', '2025-12-22 09:19:16'),
	(467, 282, 16, 1, 4, 9, 260.00, 20.00, 100.00, 208.00, 5.00, 1040.00, 0.00, 1040.00, 0.00, 0.00, 0, '2025-12-22 09:19:41', '2025-12-22 09:19:41'),
	(468, 283, 17, 1, 4, 9, 260.00, 20.00, 280.00, 208.00, 14.00, 2912.00, 0.00, 2912.00, 0.00, 0.00, 0, '2025-12-22 09:20:09', '2025-12-22 09:20:09'),
	(469, 284, 18, 1, 4, 9, 260.00, 20.00, 320.00, 208.00, 16.00, 3328.00, 0.00, 3328.00, 0.00, 0.00, 0, '2025-12-22 09:20:45', '2025-12-22 09:20:45'),
	(470, 285, 56, 1, 4, 9, 260.00, 20.00, 440.00, 208.00, 22.00, 4576.00, 0.00, 4576.00, 0.00, 0.00, 0, '2025-12-22 09:22:51', '2025-12-22 09:22:51'),
	(471, 286, 19, 1, 4, 9, 260.00, 20.00, 460.00, 208.00, 23.00, 4784.00, 0.00, 4784.00, 0.00, 0.00, 0, '2025-12-22 09:23:45', '2025-12-22 09:23:45'),
	(472, 287, 19, 1, 4, 9, 260.00, 20.00, 120.00, 208.00, 6.00, 1248.00, 0.00, 1248.00, 0.00, 0.00, 0, '2025-12-22 09:28:10', '2025-12-22 09:28:10'),
	(474, 289, 30, 1, 4, 9, 260.00, 20.00, 400.00, 208.00, 20.00, 4160.00, 0.00, 4160.00, 0.00, 0.00, 0, '2025-12-22 09:31:56', '2025-12-22 09:31:56'),
	(475, 290, 59, 1, 4, 9, 260.00, 20.00, 200.00, 208.00, 10.00, 2080.00, 0.00, 2080.00, 0.00, 0.00, 0, '2025-12-22 09:33:29', '2025-12-22 09:33:29'),
	(476, 288, 58, 1, 4, 9, 260.00, 20.00, 260.00, 208.00, 13.00, 2704.00, 0.00, 2704.00, 0.00, 0.00, 0, '2025-12-22 09:41:00', '2025-12-22 09:41:00'),
	(477, 291, 58, 1, 4, 9, 260.00, 20.00, 60.00, 208.00, 3.00, 624.00, 0.00, 624.00, 0.00, 0.00, 0, '2025-12-22 09:42:19', '2025-12-22 09:42:19'),
	(478, 292, 53, 1, 4, 9, 260.00, 20.00, 300.00, 208.00, 15.00, 3120.00, 0.00, 3120.00, 0.00, 0.00, 0, '2025-12-22 09:43:22', '2025-12-22 09:43:22'),
	(479, 293, 52, 1, 4, 9, 260.00, 20.00, 400.00, 208.00, 20.00, 4160.00, 0.00, 4160.00, 0.00, 0.00, 0, '2025-12-22 09:43:43', '2025-12-22 09:43:43'),
	(480, 294, 50, 1, 4, 9, 260.00, 20.00, 500.00, 208.00, 25.00, 5200.00, 0.00, 5200.00, 0.00, 0.00, 0, '2025-12-22 09:44:05', '2025-12-22 09:44:05'),
	(481, 295, 37, 1, 4, 9, 260.00, 20.00, 600.00, 208.00, 30.00, 6240.00, 0.00, 6240.00, 0.00, 0.00, 0, '2025-12-22 09:45:41', '2025-12-22 09:45:41'),
	(482, 296, 30, 1, 4, 9, 260.00, 20.00, 400.00, 208.00, 20.00, 4160.00, 0.00, 4160.00, 0.00, 0.00, 0, '2025-12-22 09:46:07', '2025-12-22 09:46:07'),
	(483, 297, 32, 1, 4, 9, 260.00, 20.00, 300.00, 208.00, 15.00, 3120.00, 0.00, 3120.00, 0.00, 0.00, 0, '2025-12-22 09:46:25', '2025-12-22 09:46:25'),
	(484, 298, 33, 1, 4, 9, 260.00, 20.00, 300.00, 208.00, 15.00, 3120.00, 0.00, 3120.00, 15.00, 3120.00, 0, '2025-12-22 09:46:42', '2025-12-22 09:48:08'),
	(485, 299, 31, 1, 4, 9, 260.00, 20.00, 200.00, 208.00, 10.00, 2080.00, 0.00, 2080.00, 0.00, 0.00, 0, '2025-12-22 09:46:51', '2025-12-22 09:46:51'),
	(486, 300, 50, 1, 4, 9, 260.00, 20.00, 100.00, 208.00, 5.00, 1040.00, 0.00, 1040.00, 0.00, 0.00, 0, '2025-12-22 09:49:11', '2025-12-22 09:49:11'),
	(487, 301, 26, 1, 7, 5, 260.00, 20.00, 400.00, 208.00, 20.00, 4160.00, 0.00, 4160.00, 0.00, 0.00, 0, '2025-12-22 09:52:34', '2025-12-22 09:52:34'),
	(488, 302, 27, 1, 7, 5, 260.00, 20.00, 300.00, 208.00, 15.00, 3120.00, 0.00, 3120.00, 0.00, 0.00, 0, '2025-12-22 09:52:47', '2025-12-22 09:52:47'),
	(489, 303, 28, 1, 7, 5, 260.00, 20.00, 500.00, 208.00, 25.00, 5200.00, 0.00, 5200.00, 0.00, 0.00, 0, '2025-12-22 09:53:04', '2025-12-22 09:53:04'),
	(490, 304, 29, 1, 7, 5, 260.00, 20.00, 300.00, 208.00, 15.00, 3120.00, 0.00, 3120.00, 0.00, 0.00, 0, '2025-12-22 09:53:22', '2025-12-22 09:53:22'),
	(491, 305, 30, 1, 7, 5, 260.00, 20.00, 500.00, 208.00, 25.00, 5200.00, 0.00, 5200.00, 0.00, 0.00, 0, '2025-12-22 09:54:12', '2025-12-22 09:54:12'),
	(492, 306, 31, 1, 7, 5, 260.00, 20.00, 500.00, 208.00, 25.00, 5200.00, 0.00, 5200.00, 23.00, 4784.00, 0, '2025-12-22 09:56:04', '2025-12-23 09:25:23'),
	(493, 307, 32, 1, 7, 5, 260.00, 20.00, 400.00, 208.00, 20.00, 4160.00, 0.00, 4160.00, 3.00, 624.00, 0, '2025-12-22 09:56:25', '2026-01-13 00:03:47'),
	(494, 308, 33, 1, 7, 5, 260.00, 20.00, 400.00, 208.00, 20.00, 4160.00, 0.00, 4160.00, 20.00, 4160.00, 0, '2025-12-22 09:56:42', '2026-01-13 00:02:36'),
	(495, 309, 41, 1, 7, 5, 260.00, 20.00, 400.00, 208.00, 20.00, 4160.00, 0.00, 4160.00, 0.00, 0.00, 0, '2025-12-22 09:57:04', '2025-12-22 09:57:04'),
	(496, 310, 42, 1, 7, 5, 260.00, 20.00, 400.00, 208.00, 20.00, 4160.00, 0.00, 4160.00, 0.00, 0.00, 0, '2025-12-22 09:57:20', '2025-12-22 09:57:20'),
	(497, 311, 43, 1, 7, 5, 260.00, 20.00, 600.00, 208.00, 30.00, 6240.00, 0.00, 6240.00, 0.00, 0.00, 0, '2025-12-22 09:57:33', '2025-12-22 09:57:33'),
	(498, 312, 44, 1, 7, 5, 260.00, 20.00, 400.00, 208.00, 20.00, 4160.00, 0.00, 4160.00, 0.00, 0.00, 0, '2025-12-22 09:57:49', '2025-12-22 09:57:49'),
	(499, 313, 49, 1, 7, 5, 260.00, 20.00, 600.00, 208.00, 30.00, 6240.00, 0.00, 6240.00, 0.00, 0.00, 0, '2025-12-22 09:58:04', '2025-12-22 09:58:04'),
	(500, 314, 50, 1, 7, 5, 260.00, 20.00, 300.00, 208.00, 15.00, 3120.00, 0.00, 3120.00, 0.00, 0.00, 0, '2025-12-22 09:58:30', '2025-12-22 09:58:30'),
	(501, 315, 54, 1, 7, 5, 260.00, 20.00, 400.00, 208.00, 20.00, 4160.00, 0.00, 4160.00, 0.00, 0.00, 0, '2025-12-22 09:58:49', '2025-12-22 09:58:49'),
	(502, 316, 51, 1, 7, 5, 260.00, 20.00, 400.00, 208.00, 20.00, 4160.00, 0.00, 4160.00, 0.00, 0.00, 0, '2025-12-22 09:59:25', '2025-12-22 09:59:25'),
	(503, 317, 48, 1, 7, 5, 260.00, 20.00, 500.00, 208.00, 25.00, 5200.00, 0.00, 5200.00, 0.00, 0.00, 0, '2025-12-22 09:59:50', '2025-12-22 09:59:50'),
	(504, 318, 61, 1, 7, 5, 260.00, 20.00, 320.00, 208.00, 16.00, 3328.00, 0.00, 3328.00, 0.00, 0.00, 0, '2025-12-22 10:00:08', '2025-12-22 10:00:08'),
	(505, 319, 15, 1, 7, 5, 260.00, 20.00, 220.00, 208.00, 11.00, 2288.00, 0.00, 2288.00, 0.00, 0.00, 0, '2025-12-22 10:04:44', '2025-12-22 10:04:44'),
	(506, 320, 14, 1, 7, 5, 260.00, 20.00, 240.00, 208.00, 12.00, 2496.00, 0.00, 2496.00, 2.00, 416.00, 0, '2025-12-22 10:05:47', '2026-01-08 04:58:16'),
	(507, 321, 36, 1, 7, 5, 260.00, 20.00, 560.00, 208.00, 28.00, 5824.00, 0.00, 5824.00, 0.00, 0.00, 0, '2025-12-22 10:07:13', '2025-12-22 10:07:13'),
	(508, 322, 35, 1, 7, 5, 260.00, 20.00, 300.00, 208.00, 15.00, 3120.00, 0.00, 3120.00, 0.00, 0.00, 0, '2025-12-22 10:07:59', '2025-12-22 10:07:59'),
	(509, 323, 57, 1, 7, 5, 260.00, 20.00, 380.00, 208.00, 19.00, 3952.00, 0.00, 3952.00, 0.00, 0.00, 0, '2025-12-22 10:08:14', '2025-12-22 10:08:14'),
	(510, 324, 34, 1, 7, 5, 260.00, 20.00, 160.00, 208.00, 8.00, 1664.00, 0.00, 1664.00, 0.00, 0.00, 0, '2025-12-22 10:08:35', '2025-12-22 10:08:35'),
	(512, 326, 17, 1, 7, 5, 260.00, 20.00, 200.00, 208.00, 10.00, 2080.00, 0.00, 2080.00, 0.00, 0.00, 0, '2025-12-22 10:09:12', '2025-12-22 10:09:12'),
	(513, 327, 18, 1, 7, 5, 260.00, 20.00, 400.00, 208.00, 20.00, 4160.00, 0.00, 4160.00, 0.00, 0.00, 0, '2025-12-22 10:10:01', '2025-12-22 10:10:01'),
	(514, 328, 56, 1, 7, 5, 260.00, 20.00, 560.00, 208.00, 28.00, 5824.00, 0.00, 5824.00, 0.00, 0.00, 0, '2025-12-22 10:10:29', '2025-12-22 10:10:29'),
	(515, 329, 19, 1, 7, 5, 260.00, 20.00, 340.00, 208.00, 17.00, 3536.00, 0.00, 3536.00, 0.00, 0.00, 0, '2025-12-22 10:10:56', '2025-12-22 10:10:56'),
	(516, 330, 19, 1, 7, 5, 260.00, 20.00, 120.00, 208.00, 6.00, 1248.00, 0.00, 1248.00, 0.00, 0.00, 0, '2025-12-22 10:11:22', '2025-12-22 10:11:22'),
	(519, 332, 59, 1, 7, 5, 260.00, 20.00, 40.00, 208.00, 2.00, 416.00, 0.00, 416.00, 0.00, 0.00, 0, '2025-12-22 10:14:21', '2025-12-22 10:14:21'),
	(520, 333, 58, 1, 7, 5, 260.00, 20.00, 320.00, 208.00, 16.00, 3328.00, 0.00, 3328.00, 0.00, 0.00, 0, '2025-12-22 10:15:26', '2025-12-22 10:15:26'),
	(521, 334, 53, 1, 7, 5, 260.00, 20.00, 300.00, 208.00, 15.00, 3120.00, 0.00, 3120.00, 0.00, 0.00, 0, '2025-12-22 10:20:13', '2025-12-22 10:20:13'),
	(523, 336, 50, 1, 7, 5, 260.00, 20.00, 360.00, 208.00, 18.00, 3744.00, 0.00, 3744.00, 0.00, 0.00, 0, '2025-12-22 10:31:07', '2025-12-22 10:31:07'),
	(524, 337, 37, 1, 7, 5, 260.00, 20.00, 600.00, 208.00, 30.00, 6240.00, 0.00, 6240.00, 0.00, 0.00, 0, '2025-12-22 10:34:49', '2025-12-22 10:34:49'),
	(527, 340, 35, 1, 16, 10, 300.00, 20.00, 300.00, 240.00, 15.00, 3600.00, 0.00, 3600.00, 0.00, 0.00, 0, '2025-12-22 18:23:45', '2025-12-22 18:23:45'),
	(528, 341, 57, 1, 16, 10, 300.00, 20.00, 600.00, 240.00, 30.00, 7200.00, 0.00, 7200.00, 0.00, 0.00, 0, '2025-12-22 18:23:57', '2025-12-22 18:23:57'),
	(529, 342, 16, 1, 16, 10, 300.00, 20.00, 300.00, 240.00, 15.00, 3600.00, 0.00, 3600.00, 0.00, 0.00, 0, '2025-12-22 18:24:13', '2025-12-22 18:24:13'),
	(530, 343, 17, 1, 16, 10, 300.00, 20.00, 400.00, 240.00, 20.00, 4800.00, 0.00, 4800.00, 0.00, 0.00, 0, '2025-12-22 18:24:22', '2025-12-22 18:24:22'),
	(531, 344, 56, 1, 16, 10, 300.00, 20.00, 600.00, 240.00, 30.00, 7200.00, 0.00, 7200.00, 0.00, 0.00, 0, '2025-12-22 18:24:35', '2025-12-22 18:24:35'),
	(532, 345, 19, 1, 16, 10, 300.00, 20.00, 500.00, 240.00, 25.00, 6000.00, 0.00, 6000.00, 0.00, 0.00, 0, '2025-12-22 18:24:54', '2025-12-22 18:24:54'),
	(533, 346, 58, 1, 16, 10, 300.00, 20.00, 600.00, 240.00, 30.00, 7200.00, 0.00, 7200.00, 0.00, 0.00, 0, '2025-12-22 18:25:47', '2025-12-22 18:25:47'),
	(535, 347, 59, 1, 16, 10, 300.00, 20.00, 500.00, 240.00, 25.00, 6000.00, 0.00, 6000.00, 0.00, 0.00, 0, '2025-12-22 18:26:28', '2025-12-22 18:26:28'),
	(536, 348, 53, 1, 16, 10, 300.00, 20.00, 300.00, 240.00, 15.00, 3600.00, 0.00, 3600.00, 0.00, 0.00, 0, '2025-12-22 18:26:51', '2025-12-22 18:26:51'),
	(537, 349, 52, 1, 16, 10, 300.00, 20.00, 260.00, 240.00, 13.00, 3120.00, 0.00, 3120.00, 0.00, 0.00, 0, '2025-12-22 18:27:15', '2025-12-22 18:27:15'),
	(538, 350, 50, 1, 16, 10, 300.00, 20.00, 400.00, 240.00, 20.00, 4800.00, 0.00, 4800.00, 0.00, 0.00, 0, '2025-12-22 18:27:42', '2025-12-22 18:27:42'),
	(539, 351, 37, 1, 16, 10, 300.00, 20.00, 800.00, 240.00, 40.00, 9600.00, 0.00, 9600.00, 0.00, 0.00, 0, '2025-12-22 18:28:06', '2025-12-22 18:28:06'),
	(540, 352, 30, 1, 16, 10, 300.00, 20.00, 400.00, 240.00, 20.00, 4800.00, 0.00, 4800.00, 0.00, 0.00, 0, '2025-12-22 18:28:42', '2025-12-22 18:28:42'),
	(541, 353, 30, 1, 16, 10, 300.00, 20.00, 400.00, 240.00, 20.00, 4800.00, 0.00, 4800.00, 0.00, 0.00, 0, '2025-12-22 18:29:05', '2025-12-22 18:29:05'),
	(542, 354, 32, 1, 16, 10, 300.00, 20.00, 400.00, 240.00, 20.00, 4800.00, 0.00, 4800.00, 0.00, 0.00, 0, '2025-12-22 18:29:24', '2025-12-22 18:29:24'),
	(543, 355, 33, 1, 16, 10, 300.00, 20.00, 600.00, 240.00, 30.00, 7200.00, 0.00, 7200.00, 30.00, 7200.00, 0, '2025-12-22 18:29:44', '2025-12-22 18:32:30'),
	(544, 356, 15, 1, 16, 10, 300.00, 20.00, 100.00, 240.00, 5.00, 1200.00, 0.00, 1200.00, 0.00, 0.00, 0, '2025-12-22 18:29:57', '2025-12-22 18:29:57'),
	(545, 357, 31, 1, 16, 10, 300.00, 20.00, 200.00, 240.00, 10.00, 2400.00, 0.00, 2400.00, 0.00, 0.00, 0, '2025-12-22 18:30:14', '2025-12-22 18:30:14'),
	(546, 358, 36, 1, 16, 10, 300.00, 20.00, 400.00, 240.00, 20.00, 4800.00, 0.00, 4800.00, 0.00, 0.00, 0, '2025-12-22 18:31:47', '2025-12-22 18:31:47'),
	(548, 359, 49, 1, 16, 10, 300.00, 20.00, 1000.00, 240.00, 50.00, 12000.00, 0.00, 12000.00, 0.00, 0.00, 0, '2025-12-22 18:33:12', '2025-12-22 18:33:12'),
	(549, 360, 54, 1, 16, 10, 300.00, 20.00, 600.00, 240.00, 30.00, 7200.00, 0.00, 7200.00, 0.00, 0.00, 0, '2025-12-22 18:34:25', '2025-12-22 18:34:25'),
	(550, 361, 51, 1, 16, 10, 300.00, 20.00, 800.00, 240.00, 40.00, 9600.00, 0.00, 9600.00, 0.00, 0.00, 0, '2025-12-22 18:34:48', '2025-12-22 18:34:48'),
	(551, 362, 48, 1, 16, 10, 300.00, 20.00, 600.00, 240.00, 30.00, 7200.00, 0.00, 7200.00, 0.00, 0.00, 0, '2025-12-22 18:35:04', '2025-12-22 18:35:04'),
	(552, 363, 24, 1, 16, 10, 300.00, 20.00, 600.00, 240.00, 30.00, 7200.00, 0.00, 7200.00, 0.00, 0.00, 0, '2025-12-22 18:35:34', '2025-12-22 18:35:34'),
	(553, 364, 41, 1, 16, 10, 300.00, 20.00, 800.00, 240.00, 40.00, 9600.00, 0.00, 9600.00, 0.00, 0.00, 0, '2025-12-22 18:36:02', '2025-12-22 18:36:02'),
	(560, 325, 16, 1, 7, 5, 260.00, 20.00, 140.00, 208.00, 7.00, 1456.00, 0.00, 1456.00, 0.00, 0.00, 0, '2025-12-23 08:08:33', '2025-12-23 08:08:33'),
	(561, 331, 58, 1, 7, 5, 260.00, 20.00, 40.00, 208.00, 2.00, 416.00, 0.00, 416.00, 0.00, 0.00, 0, '2025-12-23 08:10:27', '2025-12-23 08:10:27'),
	(562, 370, 44, 1, 7, 5, 260.00, 20.00, 60.00, 208.00, 3.00, 624.00, 0.00, 624.00, 0.00, 0.00, 0, '2025-12-23 08:17:57', '2025-12-23 08:17:57'),
	(563, 338, 30, 1, 7, 5, 260.00, 20.00, 200.00, 208.00, 10.00, 2080.00, 0.00, 2080.00, 0.00, 0.00, 0, '2025-12-23 08:23:49', '2025-12-23 08:23:49'),
	(564, 339, 31, 1, 7, 5, 260.00, 20.00, 100.00, 208.00, 5.00, 1040.00, 0.00, 1040.00, 0.00, 0.00, 0, '2025-12-23 08:24:09', '2025-12-23 08:24:09'),
	(565, 335, 52, 1, 7, 5, 260.00, 20.00, 260.00, 208.00, 13.00, 2704.00, 0.00, 2704.00, 0.00, 0.00, 0, '2025-12-23 09:24:57', '2025-12-23 09:24:57'),
	(566, 371, 30, 1, 12, 4, 275.00, 20.00, 200.00, 220.00, 10.00, 2200.00, 0.00, 2200.00, 0.00, 0.00, 0, '2025-12-23 09:28:32', '2025-12-23 09:28:32'),
	(567, 172, 16, 1, 3, 7, 290.00, 20.00, 500.00, 232.00, 25.00, 5800.00, 0.00, 5800.00, 0.00, 0.00, 0, '2025-12-23 09:56:31', '2025-12-23 09:56:31'),
	(568, 372, 62, 1, 13, 11, 250.00, 35.00, 1750.00, 163.00, 50.00, 8150.00, 0.00, 8150.00, 0.00, 0.00, 0, '2025-12-23 21:49:13', '2025-12-23 21:49:13'),
	(569, 373, 36, 1, 13, 11, 250.00, 35.00, 840.00, 163.00, 24.00, 3912.00, 0.00, 3912.00, 0.00, 0.00, 0, '2025-12-23 21:51:58', '2025-12-23 21:51:58'),
	(570, 374, 30, 1, 13, 11, 250.00, 35.00, 1750.00, 163.00, 50.00, 8150.00, 0.00, 8150.00, 0.00, 0.00, 0, '2025-12-23 21:52:39', '2025-12-23 21:52:39'),
	(571, 375, 50, 1, 13, 11, 250.00, 35.00, 1400.00, 163.00, 40.00, 6520.00, 0.00, 6520.00, 0.00, 0.00, 0, '2025-12-23 21:53:06', '2025-12-23 21:53:06'),
	(572, 376, 49, 1, 13, 11, 250.00, 35.00, 3325.00, 163.00, 95.00, 15485.00, 0.00, 15485.00, 0.00, 0.00, 0, '2025-12-23 21:54:05', '2025-12-23 21:54:05'),
	(573, 377, 58, 1, 13, 11, 250.00, 35.00, 1400.00, 163.00, 40.00, 6520.00, 0.00, 6520.00, 0.00, 0.00, 0, '2025-12-23 21:54:24', '2025-12-23 21:54:24'),
	(574, 378, 52, 1, 13, 11, 250.00, 35.00, 1400.00, 163.00, 40.00, 6520.00, 0.00, 6520.00, 0.00, 0.00, 0, '2025-12-23 21:55:08', '2025-12-23 21:55:08'),
	(575, 379, 54, 1, 13, 11, 250.00, 35.00, 1750.00, 163.00, 50.00, 8150.00, 0.00, 8150.00, 0.00, 0.00, 0, '2025-12-23 21:55:30', '2025-12-23 21:55:30'),
	(576, 380, 51, 1, 13, 11, 250.00, 35.00, 1575.00, 163.00, 45.00, 7335.00, 0.00, 7335.00, 0.00, 0.00, 0, '2025-12-23 21:56:08', '2025-12-23 21:56:08'),
	(577, 381, 53, 1, 13, 11, 250.00, 35.00, 1575.00, 163.00, 45.00, 7335.00, 0.00, 7335.00, 0.00, 0.00, 0, '2025-12-23 21:56:25', '2025-12-23 21:56:25'),
	(578, 382, 48, 1, 13, 11, 250.00, 35.00, 1575.00, 163.00, 45.00, 7335.00, 0.00, 7335.00, 0.00, 0.00, 0, '2025-12-23 21:56:56', '2025-12-23 21:56:56'),
	(579, 383, 24, 1, 13, 11, 250.00, 35.00, 1750.00, 163.00, 50.00, 8150.00, 0.00, 8150.00, 0.00, 0.00, 0, '2025-12-23 21:57:12', '2025-12-23 21:57:12'),
	(580, 384, 30, 1, 13, 11, 250.00, 35.00, 875.00, 163.00, 25.00, 4075.00, 0.00, 4075.00, 0.00, 0.00, 0, '2025-12-23 21:57:36', '2025-12-23 21:57:36'),
	(581, 385, 41, 1, 13, 11, 250.00, 35.00, 1400.00, 163.00, 40.00, 6520.00, 0.00, 6520.00, 0.00, 0.00, 0, '2025-12-23 21:57:51', '2025-12-23 21:57:51'),
	(582, 386, 30, 1, 13, 11, 250.00, 35.00, 1750.00, 163.00, 50.00, 8150.00, 0.00, 8150.00, 0.00, 0.00, 0, '2025-12-23 21:58:52', '2025-12-23 21:58:52'),
	(583, 387, 22, 1, 13, 11, 250.00, 35.00, 700.00, 163.00, 20.00, 3260.00, 0.00, 3260.00, 0.00, 0.00, 0, '2025-12-23 21:59:09', '2025-12-23 21:59:09'),
	(584, 388, 44, 1, 13, 11, 250.00, 35.00, 1050.00, 163.00, 30.00, 4890.00, 0.00, 4890.00, 0.00, 0.00, 0, '2025-12-23 21:59:29', '2025-12-23 21:59:29'),
	(585, 389, 44, 1, 13, 11, 250.00, 35.00, 700.00, 163.00, 20.00, 3260.00, 0.00, 3260.00, 0.00, 0.00, 0, '2025-12-23 21:59:48', '2025-12-23 21:59:48'),
	(586, 390, 49, 1, 13, 11, 250.00, 35.00, 700.00, 163.00, 20.00, 3260.00, 0.00, 3260.00, 0.00, 0.00, 0, '2025-12-23 22:00:07', '2025-12-23 22:00:07'),
	(587, 391, 43, 1, 13, 11, 250.00, 35.00, 3500.00, 163.00, 100.00, 16300.00, 0.00, 16300.00, 0.00, 0.00, 0, '2025-12-23 22:01:01', '2025-12-23 22:01:01'),
	(588, 392, 30, 1, 13, 11, 250.00, 35.00, 1400.00, 163.00, 40.00, 6520.00, 0.00, 6520.00, 0.00, 0.00, 0, '2025-12-23 22:01:32', '2025-12-23 22:01:32'),
	(593, 396, 17, 1, 16, 10, 600.00, 50.00, 1750.00, 300.00, 35.00, 10500.00, 2100.00, 8400.00, 0.00, 0.00, 0, '2026-01-03 06:57:49', '2026-01-03 06:57:49'),
	(598, 395, 44, 1, 2, 3, 480.00, 50.00, 150.00, 240.00, 3.00, 720.00, 180.00, 540.00, 0.00, 0.00, 0, '2026-01-03 07:21:35', '2026-01-03 07:21:35'),
	(599, 397, 31, 1, 4, 9, 520.00, 50.00, 500.00, 260.00, 10.00, 2600.00, 520.00, 2080.00, 0.00, 0.00, 0, '2026-01-03 07:39:54', '2026-01-03 07:39:54'),
	(600, 398, 44, 1, 16, 10, 600.00, 50.00, 1000.00, 300.00, 20.00, 6000.00, 1500.00, 4500.00, 0.00, 0.00, 0, '2026-01-03 07:53:08', '2026-01-03 07:53:08'),
	(601, 399, 49, 1, 16, 10, 300.00, 20.00, 300.00, 240.00, 15.00, 3600.00, 720.00, 2880.00, 0.00, 0.00, 0, '2026-01-03 07:56:44', '2026-01-03 07:56:44'),
	(602, 400, 49, 1, 16, 10, 300.00, 20.00, 300.00, 240.00, 15.00, 3600.00, 720.00, 2880.00, 0.00, 0.00, 0, '2026-01-03 07:56:45', '2026-01-03 07:56:45'),
	(603, 401, 43, 1, 16, 10, 600.00, 50.00, 3000.00, 300.00, 60.00, 18000.00, 3600.00, 14400.00, 0.00, 0.00, 0, '2026-01-03 08:04:24', '2026-01-03 08:04:24'),
	(604, 402, 26, 1, 16, 10, 600.00, 50.00, 1750.00, 300.00, 35.00, 10500.00, 2100.00, 8400.00, 0.00, 0.00, 0, '2026-01-03 08:06:56', '2026-01-03 08:06:56'),
	(605, 403, 48, 1, 12, 4, 550.00, 50.00, 1000.00, 275.00, 20.00, 5500.00, 1100.00, 4400.00, 0.00, 0.00, 0, '2026-01-08 04:30:23', '2026-01-08 04:30:23'),
	(606, 404, 50, 1, 4, 9, 520.00, 50.00, 250.00, 260.00, 5.00, 1300.00, 260.00, 1040.00, 0.00, 0.00, 0, '2026-01-08 04:48:59', '2026-01-08 04:48:59'),
	(607, 405, 43, 1, 4, 9, 520.00, 50.00, 1750.00, 260.00, 35.00, 9100.00, 1820.00, 7280.00, 0.00, 0.00, 0, '2026-01-08 04:51:21', '2026-01-08 04:51:21'),
	(608, 406, 61, 1, 13, 11, 480.00, 50.00, 1000.00, 240.00, 20.00, 4800.00, 960.00, 3840.00, 0.00, 0.00, 0, '2026-01-08 05:46:30', '2026-01-08 05:46:30'),
	(609, 407, 59, 1, 13, 11, 480.00, 50.00, 250.00, 240.00, 5.00, 1200.00, 240.00, 960.00, 0.00, 0.00, 0, '2026-01-08 05:48:44', '2026-01-08 05:48:44'),
	(610, 408, 17, 1, 13, 11, 480.00, 50.00, 2000.00, 240.00, 40.00, 9600.00, 1920.00, 7680.00, 0.00, 0.00, 0, '2026-01-08 05:51:31', '2026-01-08 05:51:31'),
	(611, 409, 18, 1, 13, 11, 480.00, 50.00, 2500.00, 240.00, 50.00, 12000.00, 2400.00, 9600.00, 0.00, 0.00, 0, '2026-01-08 05:54:36', '2026-01-08 05:54:36'),
	(612, 410, 19, 1, 13, 11, 480.00, 50.00, 3250.00, 240.00, 65.00, 15600.00, 3120.00, 12480.00, 0.00, 0.00, 0, '2026-01-08 05:57:35', '2026-01-08 05:57:35'),
	(613, 411, 26, 1, 13, 11, 480.00, 50.00, 2000.00, 240.00, 40.00, 9600.00, 1920.00, 7680.00, 0.00, 0.00, 0, '2026-01-08 06:00:14', '2026-01-08 06:00:14'),
	(614, 412, 37, 1, 13, 11, 480.00, 50.00, 1650.00, 240.00, 33.00, 7920.00, 1584.00, 6336.00, 0.00, 0.00, 0, '2026-01-08 06:02:12', '2026-01-08 06:02:12'),
	(615, 413, 14, 1, 13, 11, 480.00, 50.00, 500.00, 240.00, 10.00, 2400.00, 480.00, 1920.00, 0.00, 0.00, 0, '2026-01-08 06:05:13', '2026-01-08 06:05:13'),
	(616, 414, 40, 1, 13, 11, 480.00, 50.00, 300.00, 240.00, 6.00, 1440.00, 288.00, 1152.00, 0.00, 0.00, 0, '2026-01-08 06:07:43', '2026-01-08 06:07:43'),
	(617, 415, 48, 1, 13, 11, 480.00, 50.00, 500.00, 240.00, 10.00, 2400.00, 480.00, 1920.00, 0.00, 0.00, 0, '2026-01-08 06:09:28', '2026-01-08 06:09:28'),
	(618, 169, 37, 1, 3, 7, 290.00, 20.00, 900.00, 232.00, 45.00, 10440.00, 0.00, 10440.00, 10.00, 2320.00, 0, '2026-01-08 06:49:12', '2026-01-08 07:02:02'),
	(619, 416, 48, 1, 3, 7, 580.00, 50.00, 500.00, 290.00, 10.00, 2900.00, 580.00, 2320.00, 0.00, 0.00, 0, '2026-01-08 07:35:24', '2026-01-08 07:35:24'),
	(620, 417, 25, 1, 3, 7, 580.00, 50.00, 50.00, 290.00, 1.00, 290.00, 58.00, 232.00, 0.00, 0.00, 0, '2026-01-08 07:37:21', '2026-01-08 07:37:21'),
	(621, 418, 63, 1, 4, 9, 520.00, 63.00, 63.00, 192.00, 1.00, 192.00, 0.00, 192.00, 0.00, 0.00, 0, '2026-01-24 05:28:30', '2026-01-24 05:28:30'),
	(622, 419, 63, 1, 4, 9, 520.00, 63.00, 63.00, 192.00, 1.00, 192.00, 0.00, 192.00, 0.00, 0.00, 0, '2026-01-27 23:38:54', '2026-01-27 23:38:54'),
	(623, 420, 24, 1, 18, 12, 540.00, 60.00, 4200.00, 216.00, 70.00, 15120.00, 0.00, 15120.00, 0.00, 0.00, 0, '2026-01-30 09:11:27', '2026-01-30 09:11:27'),
	(626, 421, 21, 1, 18, 12, 540.00, 60.00, 3000.00, 216.00, 50.00, 10800.00, 0.00, 10800.00, 0.00, 0.00, 0, '2026-01-30 09:15:53', '2026-01-30 09:15:53'),
	(627, 422, 41, 1, 18, 12, 540.00, 60.00, 3000.00, 216.00, 50.00, 10800.00, 0.00, 10800.00, 0.00, 0.00, 0, '2026-01-30 09:16:14', '2026-01-30 09:16:14'),
	(629, 423, 22, 1, 18, 12, 540.00, 60.00, 3000.00, 216.00, 50.00, 10800.00, 0.00, 10800.00, 0.00, 0.00, 0, '2026-01-30 09:20:21', '2026-01-30 09:20:21'),
	(631, 424, 25, 1, 18, 12, 540.00, 60.00, 7200.00, 216.00, 120.00, 25920.00, 0.00, 25920.00, 0.00, 0.00, 0, '2026-01-30 09:22:46', '2026-01-30 09:22:46'),
	(632, 425, 43, 1, 18, 12, 540.00, 60.00, 5400.00, 216.00, 90.00, 19440.00, 0.00, 19440.00, 0.00, 0.00, 0, '2026-01-30 09:24:28', '2026-01-30 09:24:28'),
	(634, 426, 64, 1, 18, 12, 540.00, 60.00, 3000.00, 216.00, 50.00, 10800.00, 0.00, 10800.00, 0.00, 0.00, 0, '2026-01-30 09:37:36', '2026-01-30 09:37:36'),
	(635, 427, 44, 1, 18, 12, 540.00, 60.00, 4800.00, 216.00, 80.00, 17280.00, 0.00, 17280.00, 0.00, 0.00, 0, '2026-01-30 09:38:51', '2026-01-30 09:38:51'),
	(637, 429, 48, 1, 18, 12, 540.00, 60.00, 3000.00, 216.00, 50.00, 10800.00, 0.00, 10800.00, 0.00, 0.00, 0, '2026-01-30 09:42:23', '2026-01-30 09:42:23'),
	(638, 428, 52, 1, 18, 12, 540.00, 60.00, 3000.00, 216.00, 50.00, 10800.00, 0.00, 10800.00, 0.00, 0.00, 0, '2026-01-30 09:42:41', '2026-01-30 09:42:41'),
	(639, 430, 66, 1, 16, 10, 600.00, 50.00, 1250.00, 300.00, 25.00, 7500.00, 1500.00, 6000.00, 0.00, 0.00, 0, '2026-01-30 10:01:14', '2026-01-30 10:01:14'),
	(640, 430, 66, 1, 7, 5, 520.00, 50.00, 250.00, 260.00, 5.00, 1300.00, 260.00, 1040.00, 0.00, 0.00, 0, '2026-01-30 10:01:14', '2026-01-30 10:01:14'),
	(641, 430, 66, 1, 2, 3, 480.00, 50.00, 250.00, 240.00, 5.00, 1200.00, 240.00, 960.00, 0.00, 0.00, 0, '2026-01-30 10:01:14', '2026-01-30 10:01:14'),
	(642, 430, 66, 1, 3, 7, 580.00, 50.00, 250.00, 290.00, 5.00, 1450.00, 290.00, 1160.00, 0.00, 0.00, 0, '2026-01-30 10:01:14', '2026-01-30 10:01:14'),
	(645, 431, 66, 1, 16, 10, 600.00, 50.00, 250.00, 300.00, 5.00, 1500.00, 300.00, 1200.00, 0.00, 0.00, 0, '2026-01-30 10:04:00', '2026-01-30 10:04:00'),
	(646, 431, 66, 1, 7, 5, 520.00, 50.00, 250.00, 260.00, 5.00, 1300.00, 260.00, 1040.00, 0.00, 0.00, 0, '2026-01-30 10:04:00', '2026-01-30 10:04:00'),
	(647, 432, 49, 1, 2, 3, 480.00, 60.00, 1200.00, 192.00, 20.00, 3840.00, 0.00, 3840.00, 0.00, 0.00, 0, '2026-01-31 07:57:12', '2026-01-31 07:57:12'),
	(648, 432, 49, 1, 7, 5, 520.00, 60.00, 1200.00, 208.00, 20.00, 4160.00, 0.00, 4160.00, 0.00, 0.00, 0, '2026-01-31 07:57:12', '2026-01-31 07:57:12'),
	(649, 432, 49, 1, 12, 4, 550.00, 60.00, 1200.00, 220.00, 20.00, 4400.00, 0.00, 4400.00, 0.00, 0.00, 0, '2026-01-31 07:57:12', '2026-01-31 07:57:12'),
	(650, 432, 49, 1, 18, 12, 540.00, 60.00, 4200.00, 216.00, 70.00, 15120.00, 0.00, 15120.00, 0.00, 0.00, 0, '2026-01-31 07:57:12', '2026-01-31 07:57:12'),
	(651, 432, 49, 1, 16, 10, 600.00, 60.00, 1200.00, 240.00, 20.00, 4800.00, 0.00, 4800.00, 0.00, 0.00, 0, '2026-01-31 07:57:12', '2026-01-31 07:57:12'),
	(652, 433, 44, 1, 12, 4, 550.00, 50.00, 4000.00, 275.00, 80.00, 22000.00, 4400.00, 17600.00, 0.00, 0.00, 0, '2026-02-01 09:51:20', '2026-02-01 09:51:20'),
	(653, 433, 44, 1, 16, 10, 600.00, 50.00, 2500.00, 300.00, 50.00, 15000.00, 3000.00, 12000.00, 0.00, 0.00, 0, '2026-02-01 09:51:20', '2026-02-01 09:51:20'),
	(654, 433, 44, 1, 7, 5, 520.00, 50.00, 500.00, 260.00, 10.00, 2600.00, 520.00, 2080.00, 0.00, 0.00, 0, '2026-02-01 09:51:20', '2026-02-01 09:51:20'),
	(655, 433, 44, 1, 2, 3, 480.00, 50.00, 500.00, 240.00, 10.00, 2400.00, 480.00, 1920.00, 0.00, 0.00, 0, '2026-02-01 09:51:20', '2026-02-01 09:51:20'),
	(656, 434, 30, 1, 3, 7, 580.00, 50.00, 1000.00, 290.00, 20.00, 5800.00, 1160.00, 4640.00, 0.00, 0.00, 0, '2026-02-01 09:57:52', '2026-02-01 09:57:52'),
	(657, 434, 30, 1, 18, 12, 540.00, 50.00, 2500.00, 270.00, 50.00, 13500.00, 2700.00, 10800.00, 0.00, 0.00, 0, '2026-02-01 09:57:52', '2026-02-01 09:57:52'),
	(658, 435, 63, 1, 7, 5, 520.00, 63.00, 126.00, 192.00, 2.00, 384.00, 0.00, 384.00, 0.00, 0.00, 0, '2026-02-01 23:57:12', '2026-02-01 23:57:12'),
	(659, 435, 63, 1, 13, 11, 480.00, 63.00, 63.00, 178.00, 1.00, 178.00, 0.00, 178.00, 0.00, 0.00, 0, '2026-02-01 23:57:12', '2026-02-01 23:57:12'),
	(660, 435, 63, 1, 4, 9, 520.00, 63.00, 126.00, 192.00, 2.00, 384.00, 0.00, 384.00, 0.00, 0.00, 0, '2026-02-01 23:57:12', '2026-02-01 23:57:12'),
	(661, 436, 53, 1, 18, 12, 540.00, 60.00, 2700.00, 216.00, 45.00, 9720.00, 0.00, 9720.00, 0.00, 0.00, 0, '2026-02-03 07:53:48', '2026-02-03 07:53:48'),
	(662, 437, 50, 1, 18, 12, 540.00, 60.00, 2400.00, 216.00, 40.00, 8640.00, 0.00, 8640.00, 0.00, 0.00, 0, '2026-02-03 07:56:00', '2026-02-03 07:56:00'),
	(663, 438, 51, 1, 18, 12, 540.00, 60.00, 2700.00, 216.00, 45.00, 9720.00, 0.00, 9720.00, 0.00, 0.00, 0, '2026-02-03 07:57:35', '2026-02-03 07:57:35'),
	(670, 440, 52, 1, 16, 10, 600.00, 60.00, 1800.00, 240.00, 30.00, 7200.00, 0.00, 7200.00, 0.00, 0.00, 0, '2026-02-04 06:28:48', '2026-02-04 06:28:48'),
	(671, 440, 52, 1, 3, 7, 580.00, 60.00, 300.00, 232.00, 5.00, 1160.00, 0.00, 1160.00, 0.00, 0.00, 0, '2026-02-04 06:28:48', '2026-02-04 06:28:48'),
	(672, 440, 52, 1, 12, 4, 550.00, 60.00, 600.00, 220.00, 10.00, 2200.00, 0.00, 2200.00, 0.00, 0.00, 0, '2026-02-04 06:28:48', '2026-02-04 06:28:48'),
	(673, 439, 67, 1, 18, 12, 540.00, 60.00, 1800.00, 216.00, 30.00, 6480.00, 0.00, 6480.00, 0.00, 0.00, 0, '2026-02-04 06:29:10', '2026-02-04 06:29:10'),
	(674, 439, 67, 1, 16, 10, 600.00, 60.00, 1800.00, 240.00, 30.00, 7200.00, 0.00, 7200.00, 0.00, 0.00, 0, '2026-02-04 06:29:10', '2026-02-04 06:29:10'),
	(675, 439, 67, 1, 2, 3, 480.00, 60.00, 1800.00, 192.00, 30.00, 5760.00, 0.00, 5760.00, 0.00, 0.00, 0, '2026-02-04 06:29:10', '2026-02-04 06:29:10'),
	(676, 439, 67, 1, 7, 5, 520.00, 60.00, 1800.00, 208.00, 30.00, 6240.00, 0.00, 6240.00, 0.00, 0.00, 0, '2026-02-04 06:29:10', '2026-02-04 06:29:10'),
	(677, 439, 67, 1, 3, 7, 580.00, 60.00, 600.00, 232.00, 10.00, 2320.00, 0.00, 2320.00, 0.00, 0.00, 0, '2026-02-04 06:29:10', '2026-02-04 06:29:10'),
	(678, 439, 67, 1, 12, 4, 550.00, 60.00, 1800.00, 220.00, 30.00, 6600.00, 0.00, 6600.00, 0.00, 0.00, 0, '2026-02-04 06:29:10', '2026-02-04 06:29:10'),
	(679, 441, 53, 1, 16, 10, 600.00, 60.00, 1800.00, 240.00, 30.00, 7200.00, 0.00, 7200.00, 0.00, 0.00, 0, '2026-02-04 06:31:59', '2026-02-04 06:31:59'),
	(680, 441, 53, 1, 3, 7, 580.00, 60.00, 540.00, 232.00, 9.00, 2088.00, 0.00, 2088.00, 0.00, 0.00, 0, '2026-02-04 06:31:59', '2026-02-04 06:31:59'),
	(681, 441, 53, 1, 2, 3, 480.00, 60.00, 600.00, 192.00, 10.00, 1920.00, 0.00, 1920.00, 0.00, 0.00, 0, '2026-02-04 06:31:59', '2026-02-04 06:31:59'),
	(682, 442, 63, 1, 13, 11, 480.00, 63.00, 63.00, 178.00, 1.00, 178.00, 0.00, 178.00, 0.00, 0.00, 0, '2026-02-05 08:07:29', '2026-02-05 08:07:29'),
	(683, 443, 63, 1, 13, 11, 480.00, 63.00, 63.00, 178.00, 1.00, 178.00, 0.00, 178.00, 0.00, 0.00, 0, '2026-02-07 05:48:57', '2026-02-07 05:48:57'),
	(684, 444, 63, 1, 7, 5, 520.00, 63.00, 126.00, 192.00, 2.00, 384.00, 0.00, 384.00, 0.00, 0.00, 0, '2026-02-09 05:18:38', '2026-02-09 05:18:38');

-- Dumping structure for table amar_hostel.sales_officers
DROP TABLE IF EXISTS `sales_officers`;
CREATE TABLE IF NOT EXISTS `sales_officers` (
  `id` bigint unsigned NOT NULL AUTO_INCREMENT,
  `code` varchar(255) CHARACTER SET utf8mb4 COLLATE utf8mb4_unicode_ci DEFAULT NULL,
  `name` varchar(255) CHARACTER SET utf8mb4 COLLATE utf8mb4_unicode_ci NOT NULL,
  `phone` varchar(255) CHARACTER SET utf8mb4 COLLATE utf8mb4_unicode_ci DEFAULT NULL,
  `email` varchar(255) CHARACTER SET utf8mb4 COLLATE utf8mb4_unicode_ci DEFAULT NULL,
  `status` tinyint(1) NOT NULL DEFAULT '1',
  `created_by` bigint unsigned DEFAULT NULL,
  `updated_by` bigint unsigned DEFAULT NULL,
  `deleted_by` bigint unsigned DEFAULT NULL,
  `deleted_at` timestamp NULL DEFAULT NULL,
  `created_at` timestamp NULL DEFAULT NULL,
  `updated_at` timestamp NULL DEFAULT NULL,
  PRIMARY KEY (`id`),
  UNIQUE KEY `sales_officers_code_unique` (`code`),
  KEY `sales_officers_created_by_foreign` (`created_by`),
  KEY `sales_officers_updated_by_foreign` (`updated_by`),
  KEY `sales_officers_deleted_by_foreign` (`deleted_by`),
  CONSTRAINT `sales_officers_created_by_foreign` FOREIGN KEY (`created_by`) REFERENCES `users` (`id`) ON DELETE SET NULL,
  CONSTRAINT `sales_officers_deleted_by_foreign` FOREIGN KEY (`deleted_by`) REFERENCES `users` (`id`) ON DELETE SET NULL,
  CONSTRAINT `sales_officers_updated_by_foreign` FOREIGN KEY (`updated_by`) REFERENCES `users` (`id`) ON DELETE SET NULL
) ENGINE=InnoDB AUTO_INCREMENT=6 DEFAULT CHARSET=utf8mb4 COLLATE=utf8mb4_unicode_ci;

-- Dumping data for table amar_hostel.sales_officers: ~4 rows (approximately)
DELETE FROM `sales_officers`;
INSERT INTO `sales_officers` (`id`, `code`, `name`, `phone`, `email`, `status`, `created_by`, `updated_by`, `deleted_by`, `deleted_at`, `created_at`, `updated_at`) VALUES
	(2, NULL, 'Tso Mostafa', NULL, NULL, 1, 10, NULL, NULL, NULL, '2025-11-02 01:54:45', '2025-11-02 01:54:45'),
	(3, NULL, 'Tso Anamul', NULL, NULL, 1, 10, NULL, NULL, NULL, '2025-11-02 01:55:01', '2025-11-02 01:55:01'),
	(4, NULL, 'Ali Ahmed Bahar', NULL, NULL, 1, 10, NULL, NULL, NULL, '2025-11-02 01:55:30', '2025-11-02 01:55:30'),
	(5, NULL, 'Tso Rasel', NULL, NULL, 1, 10, 10, NULL, NULL, '2025-12-21 22:00:16', '2025-12-21 22:01:37');

-- Dumping structure for table amar_hostel.sales_returns
DROP TABLE IF EXISTS `sales_returns`;
CREATE TABLE IF NOT EXISTS `sales_returns` (
  `id` bigint unsigned NOT NULL AUTO_INCREMENT,
  `client_id` bigint unsigned NOT NULL,
  `store_id` bigint unsigned NOT NULL,
  `return_no` varchar(255) CHARACTER SET utf8mb4 COLLATE utf8mb4_unicode_ci NOT NULL,
  `date` date NOT NULL,
  `amount` decimal(16,2) NOT NULL,
  `remarks` varchar(255) CHARACTER SET utf8mb4 COLLATE utf8mb4_unicode_ci DEFAULT NULL,
  `created_by` bigint unsigned DEFAULT NULL,
  `updated_by` bigint unsigned DEFAULT NULL,
  `deleted_by` bigint unsigned DEFAULT NULL,
  `deleted_at` timestamp NULL DEFAULT NULL,
  `created_at` timestamp NULL DEFAULT NULL,
  `updated_at` timestamp NULL DEFAULT NULL,
  PRIMARY KEY (`id`),
  UNIQUE KEY `sales_returns_return_no_unique` (`return_no`),
  KEY `sales_returns_client_id_foreign` (`client_id`),
  KEY `sales_returns_store_id_foreign` (`store_id`),
  KEY `sales_returns_created_by_foreign` (`created_by`),
  KEY `sales_returns_updated_by_foreign` (`updated_by`),
  KEY `sales_returns_deleted_by_foreign` (`deleted_by`),
  CONSTRAINT `sales_returns_client_id_foreign` FOREIGN KEY (`client_id`) REFERENCES `clients` (`id`) ON DELETE CASCADE,
  CONSTRAINT `sales_returns_created_by_foreign` FOREIGN KEY (`created_by`) REFERENCES `users` (`id`) ON DELETE SET NULL,
  CONSTRAINT `sales_returns_deleted_by_foreign` FOREIGN KEY (`deleted_by`) REFERENCES `users` (`id`) ON DELETE SET NULL,
  CONSTRAINT `sales_returns_store_id_foreign` FOREIGN KEY (`store_id`) REFERENCES `stores` (`id`) ON DELETE CASCADE,
  CONSTRAINT `sales_returns_updated_by_foreign` FOREIGN KEY (`updated_by`) REFERENCES `users` (`id`) ON DELETE SET NULL
) ENGINE=InnoDB AUTO_INCREMENT=25 DEFAULT CHARSET=utf8mb4 COLLATE=utf8mb4_unicode_ci;

-- Dumping data for table amar_hostel.sales_returns: ~20 rows (approximately)
DELETE FROM `sales_returns`;
INSERT INTO `sales_returns` (`id`, `client_id`, `store_id`, `return_no`, `date`, `amount`, `remarks`, `created_by`, `updated_by`, `deleted_by`, `deleted_at`, `created_at`, `updated_at`) VALUES
	(2, 33, 1, 'SR2512001', '2025-12-05', 5500.00, NULL, 10, NULL, NULL, NULL, '2025-12-21 22:12:51', '2025-12-21 22:12:51'),
	(4, 31, 1, 'SR2512003', '2025-11-05', 5336.00, NULL, 10, NULL, NULL, NULL, '2025-12-22 01:19:20', '2025-12-22 01:19:20'),
	(5, 12, 1, 'SR2512004', '2025-12-12', 9280.00, NULL, 10, NULL, NULL, NULL, '2025-12-22 01:20:21', '2025-12-22 01:20:21'),
	(6, 11, 1, 'SR2512005', '2025-12-12', 928.00, NULL, 10, NULL, NULL, NULL, '2025-12-22 05:05:06', '2025-12-22 05:05:06'),
	(7, 31, 1, 'SR2512006', '2025-12-05', 4416.00, NULL, 10, NULL, NULL, NULL, '2025-12-22 06:38:30', '2025-12-22 06:38:30'),
	(8, 33, 1, 'SR2512007', '2025-12-05', 3120.00, NULL, 10, NULL, NULL, NULL, '2025-12-22 09:48:08', '2025-12-22 09:48:08'),
	(9, 31, 1, 'SR2512008', '2025-12-12', 4784.00, NULL, 10, NULL, 10, NULL, '2025-12-22 10:40:39', '2025-12-23 09:25:23'),
	(10, 33, 1, 'SR2512009', '2025-12-05', 7200.00, NULL, 10, NULL, NULL, NULL, '2025-12-22 18:32:30', '2025-12-22 18:32:30'),
	(11, 33, 1, 'SR2601001', '2026-01-08', 3120.00, NULL, 28, NULL, NULL, NULL, '2026-01-08 04:44:13', '2026-01-08 04:44:13'),
	(12, 14, 1, 'SR2601002', '2026-01-04', 416.00, NULL, 28, NULL, NULL, NULL, '2026-01-08 04:53:16', '2026-01-08 04:53:16'),
	(13, 14, 1, 'SR2601003', '2026-01-08', 416.00, NULL, 28, NULL, NULL, NULL, '2026-01-08 04:58:16', '2026-01-08 04:58:16'),
	(15, 14, 1, 'SR2601004', '2026-01-03', 2552.00, NULL, 28, NULL, NULL, NULL, '2026-01-08 06:57:36', '2026-01-08 06:57:36'),
	(16, 37, 1, 'SR2601005', '2026-01-03', 2320.00, NULL, 28, NULL, NULL, NULL, '2026-01-08 07:02:02', '2026-01-08 07:02:02'),
	(18, 39, 1, 'SR2601006', '2026-01-05', 2320.00, NULL, 28, NULL, NULL, NULL, '2026-01-08 07:29:58', '2026-01-08 07:29:58'),
	(19, 39, 1, 'SR2601007', '2026-01-05', 2320.00, NULL, 28, NULL, NULL, NULL, '2026-01-08 07:33:24', '2026-01-08 07:33:24'),
	(20, 33, 1, 'SR2601008', '2026-01-13', 3944.00, NULL, 28, NULL, NULL, NULL, '2026-01-12 23:51:01', '2026-01-12 23:51:01'),
	(21, 33, 1, 'SR2601009', '2026-01-13', 3840.00, NULL, 28, NULL, NULL, NULL, '2026-01-12 23:53:26', '2026-01-12 23:53:26'),
	(22, 32, 1, 'SR2601010', '2026-01-13', 576.00, NULL, 28, NULL, NULL, NULL, '2026-01-12 23:57:07', '2026-01-12 23:57:07'),
	(23, 33, 1, 'SR2601011', '2026-01-13', 4160.00, NULL, 28, NULL, NULL, NULL, '2026-01-13 00:02:36', '2026-01-13 00:02:36'),
	(24, 32, 1, 'SR2601012', '2026-01-13', 624.00, NULL, 28, NULL, NULL, NULL, '2026-01-13 00:03:47', '2026-01-13 00:03:47');

-- Dumping structure for table amar_hostel.sales_return_lists
DROP TABLE IF EXISTS `sales_return_lists`;
CREATE TABLE IF NOT EXISTS `sales_return_lists` (
  `id` bigint unsigned NOT NULL AUTO_INCREMENT,
  `sales_return_id` bigint unsigned NOT NULL,
  `client_id` bigint unsigned NOT NULL,
  `store_id` bigint unsigned NOT NULL,
  `sales_id` bigint unsigned NOT NULL,
  `sales_list_id` bigint unsigned NOT NULL,
  `product_id` bigint unsigned NOT NULL,
  `product_edition_id` bigint unsigned DEFAULT NULL,
  `rate` decimal(16,2) NOT NULL,
  `qty` decimal(16,2) NOT NULL,
  `amount` decimal(16,2) NOT NULL,
  `created_at` timestamp NULL DEFAULT NULL,
  `updated_at` timestamp NULL DEFAULT NULL,
  PRIMARY KEY (`id`),
  KEY `sales_return_lists_sales_return_id_foreign` (`sales_return_id`),
  KEY `sales_return_lists_client_id_foreign` (`client_id`),
  KEY `sales_return_lists_store_id_foreign` (`store_id`),
  KEY `sales_return_lists_sales_id_foreign` (`sales_id`),
  KEY `sales_return_lists_sales_list_id_foreign` (`sales_list_id`),
  KEY `sales_return_lists_product_id_foreign` (`product_id`),
  KEY `sales_return_lists_product_edition_id_foreign` (`product_edition_id`),
  CONSTRAINT `sales_return_lists_client_id_foreign` FOREIGN KEY (`client_id`) REFERENCES `clients` (`id`) ON DELETE CASCADE,
  CONSTRAINT `sales_return_lists_product_edition_id_foreign` FOREIGN KEY (`product_edition_id`) REFERENCES `product_editions` (`id`) ON DELETE SET NULL,
  CONSTRAINT `sales_return_lists_product_id_foreign` FOREIGN KEY (`product_id`) REFERENCES `products` (`id`) ON DELETE CASCADE,
  CONSTRAINT `sales_return_lists_sales_id_foreign` FOREIGN KEY (`sales_id`) REFERENCES `sales` (`id`) ON DELETE CASCADE,
  CONSTRAINT `sales_return_lists_sales_list_id_foreign` FOREIGN KEY (`sales_list_id`) REFERENCES `sales_lists` (`id`) ON DELETE CASCADE,
  CONSTRAINT `sales_return_lists_sales_return_id_foreign` FOREIGN KEY (`sales_return_id`) REFERENCES `sales_returns` (`id`) ON DELETE CASCADE,
  CONSTRAINT `sales_return_lists_store_id_foreign` FOREIGN KEY (`store_id`) REFERENCES `stores` (`id`) ON DELETE CASCADE
) ENGINE=InnoDB AUTO_INCREMENT=25 DEFAULT CHARSET=utf8mb4 COLLATE=utf8mb4_unicode_ci;

-- Dumping data for table amar_hostel.sales_return_lists: ~20 rows (approximately)
DELETE FROM `sales_return_lists`;
INSERT INTO `sales_return_lists` (`id`, `sales_return_id`, `client_id`, `store_id`, `sales_id`, `sales_list_id`, `product_id`, `product_edition_id`, `rate`, `qty`, `amount`, `created_at`, `updated_at`) VALUES
	(2, 2, 33, 1, 161, 324, 12, 4, 220.00, 25.00, 5500.00, '2025-12-21 22:12:51', '2025-12-21 22:12:51'),
	(4, 4, 31, 1, 190, 361, 3, 7, 232.00, 23.00, 5336.00, '2025-12-22 01:19:20', '2025-12-22 01:19:20'),
	(5, 5, 12, 1, 164, 327, 3, 7, 232.00, 40.00, 9280.00, '2025-12-22 01:20:21', '2025-12-22 01:20:21'),
	(6, 6, 11, 1, 163, 326, 3, 7, 232.00, 4.00, 928.00, '2025-12-22 05:05:06', '2025-12-22 05:05:06'),
	(7, 7, 31, 1, 224, 403, 2, 3, 192.00, 23.00, 4416.00, '2025-12-22 06:38:30', '2025-12-22 06:38:30'),
	(8, 8, 33, 1, 298, 484, 4, 9, 208.00, 15.00, 3120.00, '2025-12-22 09:48:08', '2025-12-22 09:48:08'),
	(9, 9, 31, 1, 306, 492, 7, 5, 208.00, 23.00, 4784.00, '2025-12-22 10:40:39', '2025-12-22 10:40:39'),
	(10, 10, 33, 1, 355, 543, 16, 10, 240.00, 30.00, 7200.00, '2025-12-22 18:32:30', '2025-12-22 18:32:30'),
	(11, 11, 33, 1, 263, 446, 4, 9, 208.00, 15.00, 3120.00, '2026-01-08 04:44:13', '2026-01-08 04:44:13'),
	(12, 12, 14, 1, 277, 462, 4, 9, 208.00, 2.00, 416.00, '2026-01-08 04:53:16', '2026-01-08 04:53:16'),
	(13, 13, 14, 1, 320, 506, 7, 5, 208.00, 2.00, 416.00, '2026-01-08 04:58:16', '2026-01-08 04:58:16'),
	(15, 15, 14, 1, 165, 328, 3, 7, 232.00, 11.00, 2552.00, '2026-01-08 06:57:36', '2026-01-08 06:57:36'),
	(16, 16, 37, 1, 169, 618, 3, 7, 232.00, 10.00, 2320.00, '2026-01-08 07:02:02', '2026-01-08 07:02:02'),
	(18, 18, 39, 1, 168, 331, 3, 7, 232.00, 10.00, 2320.00, '2026-01-08 07:29:58', '2026-01-08 07:29:58'),
	(19, 19, 39, 1, 168, 331, 3, 7, 232.00, 10.00, 2320.00, '2026-01-08 07:33:24', '2026-01-08 07:33:24'),
	(20, 20, 33, 1, 192, 364, 3, 7, 232.00, 17.00, 3944.00, '2026-01-12 23:51:01', '2026-01-12 23:51:01'),
	(21, 21, 33, 1, 226, 405, 2, 3, 192.00, 20.00, 3840.00, '2026-01-12 23:53:26', '2026-01-12 23:53:26'),
	(22, 22, 32, 1, 225, 404, 2, 3, 192.00, 3.00, 576.00, '2026-01-12 23:57:07', '2026-01-12 23:57:07'),
	(23, 23, 33, 1, 308, 494, 7, 5, 208.00, 20.00, 4160.00, '2026-01-13 00:02:36', '2026-01-13 00:02:36'),
	(24, 24, 32, 1, 307, 493, 7, 5, 208.00, 3.00, 624.00, '2026-01-13 00:03:47', '2026-01-13 00:03:47');

-- Dumping structure for table amar_hostel.sales_return_payments
DROP TABLE IF EXISTS `sales_return_payments`;
CREATE TABLE IF NOT EXISTS `sales_return_payments` (
  `id` bigint unsigned NOT NULL AUTO_INCREMENT,
  `sales_return_id` bigint unsigned NOT NULL,
  `sales_id` bigint unsigned NOT NULL,
  `amount` decimal(16,2) NOT NULL,
  `created_at` timestamp NULL DEFAULT NULL,
  `updated_at` timestamp NULL DEFAULT NULL,
  PRIMARY KEY (`id`),
  KEY `sales_return_payments_sales_return_id_foreign` (`sales_return_id`),
  KEY `sales_return_payments_sales_id_foreign` (`sales_id`),
  CONSTRAINT `sales_return_payments_sales_id_foreign` FOREIGN KEY (`sales_id`) REFERENCES `sales` (`id`) ON DELETE CASCADE,
  CONSTRAINT `sales_return_payments_sales_return_id_foreign` FOREIGN KEY (`sales_return_id`) REFERENCES `sales_returns` (`id`) ON DELETE CASCADE
) ENGINE=InnoDB DEFAULT CHARSET=utf8mb4 COLLATE=utf8mb4_unicode_ci;

-- Dumping data for table amar_hostel.sales_return_payments: ~0 rows (approximately)
DELETE FROM `sales_return_payments`;

-- Dumping structure for table amar_hostel.services
DROP TABLE IF EXISTS `services`;
CREATE TABLE IF NOT EXISTS `services` (
  `id` bigint unsigned NOT NULL AUTO_INCREMENT,
  `room_id` bigint unsigned DEFAULT NULL,
  `type` varchar(255) COLLATE utf8mb4_unicode_ci DEFAULT NULL,
  `image` varchar(255) COLLATE utf8mb4_unicode_ci DEFAULT NULL,
  `name` varchar(255) COLLATE utf8mb4_unicode_ci NOT NULL,
  `description` text COLLATE utf8mb4_unicode_ci,
  `icon` varchar(255) COLLATE utf8mb4_unicode_ci DEFAULT NULL,
  `created_at` timestamp NULL DEFAULT NULL,
  `updated_at` timestamp NULL DEFAULT NULL,
  PRIMARY KEY (`id`),
  KEY `services_room_id_foreign` (`room_id`),
  CONSTRAINT `services_room_id_foreign` FOREIGN KEY (`room_id`) REFERENCES `rooms` (`id`) ON DELETE CASCADE
) ENGINE=InnoDB AUTO_INCREMENT=14 DEFAULT CHARSET=utf8mb4 COLLATE=utf8mb4_unicode_ci;

-- Dumping data for table amar_hostel.services: ~11 rows (approximately)
DELETE FROM `services`;
INSERT INTO `services` (`id`, `room_id`, `type`, `image`, `name`, `description`, `icon`, `created_at`, `updated_at`) VALUES
	(1, 6, 'menu', 'services/bB0yGNVaqiDg7R8NJGbtYN7qAPHeMI3nla3oyNRc.png', 'Bar', 'ASDASD', 'WWWW', '2026-02-14 22:22:07', '2026-02-14 22:39:42'),
	(3, NULL, 'about', 'services/GngBmtmUUKGSjSHG3Zu55cVocWGib6JBBdJQKOGp.jpg', 'About', 'czczccsdsadasd', 'sdsada', '2026-02-14 23:06:28', '2026-02-15 00:57:03'),
	(4, NULL, 'gallery', 'services/Usm4hF3D8jqe1qVknnDJwoaMA1IOdt8qTy9yAGwX.jpg', 'Test', 'as', 'aas', '2026-02-15 00:05:20', '2026-02-15 00:05:20'),
	(5, NULL, 'menu', 'services/97c29VRdoxwJ2SLA60VBzjYsnxoXCTyEHxnF6Wbd.jpg', 'Gym Facilities', 'descrisasas', '1222', '2026-02-15 00:19:02', '2026-02-15 00:19:02'),
	(6, NULL, 'home', 'services/YJPa01QJBQfAnFQrsBsytMviJHsezWtp5wnIejEI.jpg', 'Restaurant', 'Usage of the Internet is becoming more common due to rapid advancement of technology and power.', 'lnr lnr-dinner', '2026-02-15 00:35:51', '2026-02-15 00:37:11'),
	(7, NULL, 'home', 'services/n2VeLYJCqJDwqJebC0ERblWaBIK2Pcn6hFvfYom8.jpg', 'Sports CLub', 'Usage of the Internet is becoming more common due to rapid advancement of technology and power.', 'lnr lnr-bicycle', '2026-02-15 00:41:56', '2026-02-15 00:41:56'),
	(8, NULL, 'home', 'services/ecdBLguVrPU5LxkfhjfQragqXYkCAw76OdngPJNE.jpg', 'Swimming Pool', 'Usage of the Internet is becoming more common due to rapid advancement of technology and power.\r\nUsage of the Internet is becoming more common due to rapid advancement of technology and power.\r\nUsage of the Internet is becoming more common due to rapid advancement of technology and power.\r\nUsage of the Internet is becoming more common due to rapid advancement of technology and power.\r\nUsage of the Internet is becoming more common due to rapid advancement of technology and power.', 'lnr lnr-shirt', '2026-02-15 00:43:55', '2026-02-15 00:52:09'),
	(9, NULL, 'testimonial', 'services/LF1EWw8PmB5rn6JzHEYdyzUQBJWMb1bqOxVn5Oz2.jpg', 'Mr. Fency Tiger', 'Information is structured data, facts, or knowledge conveyed through communication, observation, or research. It reduces uncertainty, informs decisions, and exists in various forms, including text, signals, or patterns. Information is vital for understanding, often distinguished from raw data by its organization and context.', 'as', '2026-02-15 01:00:50', '2026-02-15 01:00:50'),
	(10, NULL, 'testimonial', 'services/OvU7OxlT87gRcyX6XH2FZf3v25ndhxBdaFdrlDo0.jpg', 'Tailor', 'Information is structured data, facts, or knowledge conveyed through communication, observation, or research. It reduces uncertainty, informs decisions, and exists in various forms, including text, signals, or patterns. Information is vital for understanding, often distinguished from raw data by its organization and context.', NULL, '2026-02-15 01:02:30', '2026-02-15 01:02:30'),
	(11, NULL, 'about', 'services/R9P33SVgwLPxSVcHwolkpS7STSNjjjv2cqzfhlu7.jpg', 'Malway', 'Information is structured data, facts, or knowledge conveyed through communication, observation, or research. It reduces uncertainty, informs decisions, and exists in various forms, including text, signals, or patterns. Information is vital for understanding, often distinguished from raw data by its organization and context.', NULL, '2026-02-15 01:02:58', '2026-02-15 01:02:58'),
	(12, NULL, 'footer_col1', 'services/6erjcbZaFXeRJGjsdYKrW6yPPiguH0YaOCOr9ZqA.jpg', 'Refund Policy', 'asdasdad', NULL, '2026-02-15 01:10:54', '2026-02-15 01:10:54'),
	(13, NULL, 'footer_col2', 'services/k02GqwD4e1e3bvkOuwU8wZ9YIV38W9gwUyvd9bvV.jpg', 'Security', 'sfsfsfd', NULL, '2026-02-15 01:11:34', '2026-02-15 01:11:34');

-- Dumping structure for table amar_hostel.sessions
DROP TABLE IF EXISTS `sessions`;
CREATE TABLE IF NOT EXISTS `sessions` (
  `id` varchar(255) COLLATE utf8mb4_unicode_ci NOT NULL,
  `user_id` bigint unsigned DEFAULT NULL,
  `ip_address` varchar(45) COLLATE utf8mb4_unicode_ci DEFAULT NULL,
  `user_agent` text COLLATE utf8mb4_unicode_ci,
  `payload` longtext COLLATE utf8mb4_unicode_ci NOT NULL,
  `last_activity` int NOT NULL,
  PRIMARY KEY (`id`),
  KEY `sessions_user_id_index` (`user_id`),
  KEY `sessions_last_activity_index` (`last_activity`)
) ENGINE=InnoDB DEFAULT CHARSET=utf8mb4 COLLATE=utf8mb4_unicode_ci;

-- Dumping data for table amar_hostel.sessions: ~1 rows (approximately)
DELETE FROM `sessions`;
INSERT INTO `sessions` (`id`, `user_id`, `ip_address`, `user_agent`, `payload`, `last_activity`) VALUES
	('9bzi7Ha96bl9CwllWWMJ1Yb6wNyrPJSf9v5yGjHy', 1, '127.0.0.1', 'Mozilla/5.0 (Windows NT 10.0; Win64; x64) AppleWebKit/537.36 (KHTML, like Gecko) Chrome/144.0.0.0 Safari/537.36', 'YTo0OntzOjY6Il90b2tlbiI7czo0MDoiRzBBZkIwSG1GQXlqWWZlSXBkSFhLSlE1aDloamEzTVpLSnJVQkRzYyI7czo5OiJfcHJldmlvdXMiO2E6MTp7czozOiJ1cmwiO3M6NDA6Imh0dHA6Ly8xMjcuMC4wLjE6ODAwMC9hZG1pbi9zYWxlcy9jcmVhdGUiO31zOjY6Il9mbGFzaCI7YToyOntzOjM6Im9sZCI7YTowOnt9czozOiJuZXciO2E6MDp7fX1zOjUwOiJsb2dpbl93ZWJfNTliYTM2YWRkYzJiMmY5NDAxNTgwZjAxNGM3ZjU4ZWE0ZTMwOTg5ZCI7aToxO30=', 1771318938);

-- Dumping structure for table amar_hostel.settings
DROP TABLE IF EXISTS `settings`;
CREATE TABLE IF NOT EXISTS `settings` (
  `id` bigint unsigned NOT NULL AUTO_INCREMENT,
  `app_name` varchar(255) COLLATE utf8mb4_unicode_ci DEFAULT NULL,
  `title` varchar(255) COLLATE utf8mb4_unicode_ci DEFAULT NULL,
  `primary_phone` varchar(255) COLLATE utf8mb4_unicode_ci DEFAULT NULL,
  `secondary_phone` varchar(255) COLLATE utf8mb4_unicode_ci DEFAULT NULL,
  `primary_email` varchar(255) COLLATE utf8mb4_unicode_ci DEFAULT NULL,
  `secondary_email` varchar(255) COLLATE utf8mb4_unicode_ci DEFAULT NULL,
  `office_time` varchar(255) COLLATE utf8mb4_unicode_ci DEFAULT NULL,
  `address` text COLLATE utf8mb4_unicode_ci,
  `description` text COLLATE utf8mb4_unicode_ci,
  `banner_one` varchar(255) COLLATE utf8mb4_unicode_ci DEFAULT NULL,
  `banner_one_link` varchar(255) COLLATE utf8mb4_unicode_ci DEFAULT NULL,
  `banner_one_status` tinyint(1) NOT NULL DEFAULT '1',
  `banner_two` varchar(255) COLLATE utf8mb4_unicode_ci DEFAULT NULL,
  `banner_two_link` varchar(255) COLLATE utf8mb4_unicode_ci DEFAULT NULL,
  `banner_two_status` tinyint(1) NOT NULL DEFAULT '1',
  `page_heading_bg` varchar(255) COLLATE utf8mb4_unicode_ci DEFAULT NULL,
  `meta_title` varchar(255) COLLATE utf8mb4_unicode_ci DEFAULT NULL,
  `meta_keyword` text COLLATE utf8mb4_unicode_ci,
  `meta_description` text COLLATE utf8mb4_unicode_ci,
  `meta_image` text COLLATE utf8mb4_unicode_ci,
  `google_map` text COLLATE utf8mb4_unicode_ci,
  `favicon` varchar(255) COLLATE utf8mb4_unicode_ci DEFAULT NULL,
  `logo` varchar(255) COLLATE utf8mb4_unicode_ci DEFAULT NULL,
  `footer_logo` varchar(255) COLLATE utf8mb4_unicode_ci DEFAULT NULL,
  `placeholder` varchar(255) COLLATE utf8mb4_unicode_ci DEFAULT NULL,
  `facebook_page` varchar(255) COLLATE utf8mb4_unicode_ci DEFAULT NULL,
  `facebook_group` varchar(255) COLLATE utf8mb4_unicode_ci DEFAULT NULL,
  `youtube` varchar(255) COLLATE utf8mb4_unicode_ci DEFAULT NULL,
  `twitter` varchar(255) COLLATE utf8mb4_unicode_ci DEFAULT NULL,
  `linkedin` varchar(255) COLLATE utf8mb4_unicode_ci DEFAULT NULL,
  `google` varchar(255) COLLATE utf8mb4_unicode_ci DEFAULT NULL,
  `whatsapp` varchar(255) COLLATE utf8mb4_unicode_ci DEFAULT NULL,
  `instagram` varchar(255) COLLATE utf8mb4_unicode_ci DEFAULT NULL,
  `pinterest` varchar(255) COLLATE utf8mb4_unicode_ci DEFAULT NULL,
  `sms_api_url` json DEFAULT NULL,
  `sms_api_key` json DEFAULT NULL,
  `sms_api_id` json DEFAULT NULL,
  `bkash_status` tinyint(1) NOT NULL DEFAULT '1',
  `nagad_status` tinyint(1) NOT NULL DEFAULT '1',
  `created_at` timestamp NULL DEFAULT NULL,
  `updated_at` timestamp NULL DEFAULT NULL,
  PRIMARY KEY (`id`)
) ENGINE=InnoDB AUTO_INCREMENT=2 DEFAULT CHARSET=utf8mb4 COLLATE=utf8mb4_unicode_ci;

-- Dumping data for table amar_hostel.settings: ~0 rows (approximately)
DELETE FROM `settings`;
INSERT INTO `settings` (`id`, `app_name`, `title`, `primary_phone`, `secondary_phone`, `primary_email`, `secondary_email`, `office_time`, `address`, `description`, `banner_one`, `banner_one_link`, `banner_one_status`, `banner_two`, `banner_two_link`, `banner_two_status`, `page_heading_bg`, `meta_title`, `meta_keyword`, `meta_description`, `meta_image`, `google_map`, `favicon`, `logo`, `footer_logo`, `placeholder`, `facebook_page`, `facebook_group`, `youtube`, `twitter`, `linkedin`, `google`, `whatsapp`, `instagram`, `pinterest`, `sms_api_url`, `sms_api_key`, `sms_api_id`, `bkash_status`, `nagad_status`, `created_at`, `updated_at`) VALUES
	(1, 'Amar Hostel', 'Amar Hostel', '33333', '33333', 'amar@hostel.com', 'amar@hostel.com', NULL, 'dsad', 'dsaddas', NULL, NULL, 1, NULL, NULL, 1, NULL, 'dasd', 'sads', 'dsad', NULL, NULL, 'storage/settings/2026-02-09-wkH0tkT84jkJmtu0033kjVvSl3rAcpimAEPbgCC0.webp', 'storage/settings/2026-02-09-WXI1ydTdwGPz6e9NiIub10XzXUuCNiFVTLdvgubk.webp', NULL, NULL, NULL, NULL, NULL, NULL, NULL, NULL, NULL, NULL, NULL, NULL, NULL, NULL, 1, 1, '2026-02-09 02:27:22', '2026-02-09 02:27:22');

-- Dumping structure for table amar_hostel.stores
DROP TABLE IF EXISTS `stores`;
CREATE TABLE IF NOT EXISTS `stores` (
  `id` bigint unsigned NOT NULL AUTO_INCREMENT,
  `code` varchar(255) CHARACTER SET utf8mb4 COLLATE utf8mb4_unicode_ci DEFAULT NULL,
  `type` varchar(255) CHARACTER SET utf8mb4 COLLATE utf8mb4_unicode_ci DEFAULT NULL,
  `name` varchar(255) CHARACTER SET utf8mb4 COLLATE utf8mb4_unicode_ci NOT NULL,
  `address` text CHARACTER SET utf8mb4 COLLATE utf8mb4_unicode_ci,
  `remarks` text CHARACTER SET utf8mb4 COLLATE utf8mb4_unicode_ci,
  `status` tinyint(1) NOT NULL DEFAULT '1',
  `created_by` bigint unsigned DEFAULT NULL,
  `updated_by` bigint unsigned DEFAULT NULL,
  `deleted_by` bigint unsigned DEFAULT NULL,
  `deleted_at` timestamp NULL DEFAULT NULL,
  `created_at` timestamp NULL DEFAULT NULL,
  `updated_at` timestamp NULL DEFAULT NULL,
  PRIMARY KEY (`id`),
  UNIQUE KEY `stores_code_unique` (`code`),
  KEY `stores_created_by_foreign` (`created_by`),
  KEY `stores_updated_by_foreign` (`updated_by`),
  KEY `stores_deleted_by_foreign` (`deleted_by`),
  CONSTRAINT `stores_created_by_foreign` FOREIGN KEY (`created_by`) REFERENCES `users` (`id`) ON DELETE SET NULL,
  CONSTRAINT `stores_deleted_by_foreign` FOREIGN KEY (`deleted_by`) REFERENCES `users` (`id`) ON DELETE SET NULL,
  CONSTRAINT `stores_updated_by_foreign` FOREIGN KEY (`updated_by`) REFERENCES `users` (`id`) ON DELETE SET NULL
) ENGINE=InnoDB AUTO_INCREMENT=2 DEFAULT CHARSET=utf8mb4 COLLATE=utf8mb4_unicode_ci;

-- Dumping data for table amar_hostel.stores: ~1 rows (approximately)
DELETE FROM `stores`;
INSERT INTO `stores` (`id`, `code`, `type`, `name`, `address`, `remarks`, `status`, `created_by`, `updated_by`, `deleted_by`, `deleted_at`, `created_at`, `updated_at`) VALUES
	(1, NULL, 'Product Stock,Damage Stock', 'Main Store', NULL, NULL, 1, 1, NULL, NULL, NULL, '2025-07-22 03:19:10', '2025-07-22 03:19:10');

-- Dumping structure for table amar_hostel.territories
DROP TABLE IF EXISTS `territories`;
CREATE TABLE IF NOT EXISTS `territories` (
  `id` bigint unsigned NOT NULL AUTO_INCREMENT,
  `region_id` bigint unsigned NOT NULL,
  `area_id` bigint unsigned NOT NULL,
  `code` varchar(255) CHARACTER SET utf8mb4 COLLATE utf8mb4_unicode_ci DEFAULT NULL,
  `name` varchar(255) CHARACTER SET utf8mb4 COLLATE utf8mb4_unicode_ci NOT NULL,
  `incharge` varchar(255) CHARACTER SET utf8mb4 COLLATE utf8mb4_unicode_ci DEFAULT NULL,
  `phone` varchar(255) CHARACTER SET utf8mb4 COLLATE utf8mb4_unicode_ci DEFAULT NULL,
  `email` varchar(255) CHARACTER SET utf8mb4 COLLATE utf8mb4_unicode_ci DEFAULT NULL,
  `address` varchar(255) CHARACTER SET utf8mb4 COLLATE utf8mb4_unicode_ci DEFAULT NULL,
  `status` tinyint(1) NOT NULL DEFAULT '1',
  `created_by` bigint unsigned DEFAULT NULL,
  `updated_by` bigint unsigned DEFAULT NULL,
  `deleted_by` bigint unsigned DEFAULT NULL,
  `deleted_at` timestamp NULL DEFAULT NULL,
  `created_at` timestamp NULL DEFAULT NULL,
  `updated_at` timestamp NULL DEFAULT NULL,
  PRIMARY KEY (`id`),
  UNIQUE KEY `territories_code_unique` (`code`),
  KEY `territories_region_id_foreign` (`region_id`),
  KEY `territories_area_id_foreign` (`area_id`),
  KEY `territories_created_by_foreign` (`created_by`),
  KEY `territories_updated_by_foreign` (`updated_by`),
  KEY `territories_deleted_by_foreign` (`deleted_by`),
  CONSTRAINT `territories_area_id_foreign` FOREIGN KEY (`area_id`) REFERENCES `areas` (`id`) ON DELETE CASCADE,
  CONSTRAINT `territories_created_by_foreign` FOREIGN KEY (`created_by`) REFERENCES `users` (`id`) ON DELETE SET NULL,
  CONSTRAINT `territories_deleted_by_foreign` FOREIGN KEY (`deleted_by`) REFERENCES `users` (`id`) ON DELETE SET NULL,
  CONSTRAINT `territories_region_id_foreign` FOREIGN KEY (`region_id`) REFERENCES `regions` (`id`) ON DELETE CASCADE,
  CONSTRAINT `territories_updated_by_foreign` FOREIGN KEY (`updated_by`) REFERENCES `users` (`id`) ON DELETE SET NULL
) ENGINE=InnoDB AUTO_INCREMENT=55 DEFAULT CHARSET=utf8mb4 COLLATE=utf8mb4_unicode_ci;

-- Dumping data for table amar_hostel.territories: ~54 rows (approximately)
DELETE FROM `territories`;
INSERT INTO `territories` (`id`, `region_id`, `area_id`, `code`, `name`, `incharge`, `phone`, `email`, `address`, `status`, `created_by`, `updated_by`, `deleted_by`, `deleted_at`, `created_at`, `updated_at`) VALUES
	(1, 9, 14, NULL, 'Territory 1', NULL, NULL, NULL, NULL, 1, 1, 10, NULL, NULL, '2025-07-22 03:18:54', '2025-10-26 00:19:55'),
	(2, 5, 15, NULL, 'Territory-1', NULL, NULL, NULL, NULL, 1, 10, 10, NULL, NULL, '2025-10-26 00:31:40', '2025-10-26 00:32:46'),
	(3, 7, 18, NULL, 'Area-1', NULL, NULL, NULL, NULL, 1, 10, NULL, 10, '2025-10-26 01:14:11', '2025-10-26 01:13:55', '2025-10-26 01:14:11'),
	(4, 7, 16, NULL, 'Territory-1', NULL, NULL, NULL, NULL, 1, 10, NULL, NULL, NULL, '2025-10-26 01:16:06', '2025-10-26 01:16:06'),
	(5, 6, 45, NULL, 'পঞ্চগড়', NULL, NULL, NULL, NULL, 1, 10, NULL, NULL, NULL, '2025-10-31 22:43:40', '2025-10-31 22:43:40'),
	(6, 6, 45, NULL, 'পঞ্চগড়', NULL, NULL, NULL, NULL, 1, 10, NULL, 10, '2025-10-31 22:46:12', '2025-10-31 22:43:41', '2025-10-31 22:46:12'),
	(7, 6, 8, NULL, 'গাইবান্ধা', NULL, NULL, NULL, NULL, 1, 10, NULL, NULL, NULL, '2025-10-31 22:52:14', '2025-10-31 22:52:14'),
	(8, 6, 44, NULL, 'রংপুর', NULL, NULL, NULL, NULL, 1, 10, NULL, NULL, NULL, '2025-10-31 23:59:02', '2025-10-31 23:59:02'),
	(9, 5, 3, NULL, 'বগুড়া', NULL, NULL, NULL, NULL, 1, 10, NULL, NULL, NULL, '2025-10-31 23:59:48', '2025-10-31 23:59:48'),
	(10, 5, 42, NULL, 'রাজশাহী', NULL, NULL, NULL, NULL, 1, 10, NULL, NULL, NULL, '2025-11-01 00:00:04', '2025-11-01 00:00:04'),
	(11, 5, 41, NULL, 'পাবনা', NULL, NULL, NULL, NULL, 1, 10, NULL, NULL, NULL, '2025-11-01 00:19:37', '2025-11-01 00:19:37'),
	(12, 5, 40, NULL, 'সিরাজগঞ্জ', NULL, NULL, NULL, NULL, 1, 10, NULL, NULL, NULL, '2025-11-01 00:20:38', '2025-11-01 00:20:38'),
	(13, 8, 39, NULL, 'সুনামগঞ্জ', NULL, NULL, NULL, NULL, 1, 10, NULL, NULL, NULL, '2025-11-01 00:21:55', '2025-11-01 00:21:55'),
	(14, 8, 38, NULL, 'মৌলভীবাজার', NULL, NULL, NULL, NULL, 1, 10, 10, NULL, NULL, '2025-11-01 00:24:39', '2025-11-01 00:25:02'),
	(15, 8, 37, NULL, 'হবিগঞ্জ', NULL, NULL, NULL, NULL, 1, 10, NULL, NULL, NULL, '2025-11-01 00:25:22', '2025-11-01 00:25:22'),
	(16, 8, 36, NULL, 'সিলেট', NULL, NULL, NULL, NULL, 1, 10, NULL, NULL, NULL, '2025-11-01 00:25:51', '2025-11-01 00:25:51'),
	(17, 7, 35, NULL, 'চাঁদপুর', NULL, NULL, NULL, NULL, 1, 10, NULL, NULL, NULL, '2025-11-01 00:26:10', '2025-11-01 00:26:10'),
	(18, 7, 34, NULL, 'ফেনী', NULL, NULL, NULL, NULL, 1, 10, NULL, NULL, NULL, '2025-11-01 00:26:45', '2025-11-01 00:26:45'),
	(19, 7, 32, NULL, 'কুমিল্লা', NULL, NULL, NULL, NULL, 1, 10, NULL, NULL, NULL, '2025-11-01 00:26:59', '2025-11-01 00:26:59'),
	(20, 7, 33, NULL, 'চট্টগ্রাম', NULL, NULL, NULL, NULL, 1, 10, NULL, NULL, NULL, '2025-11-01 00:27:40', '2025-11-01 00:27:40'),
	(21, 4, 31, NULL, 'ময়মনসিংহ', NULL, NULL, NULL, NULL, 1, 10, NULL, NULL, NULL, '2025-11-01 00:27:58', '2025-11-01 00:27:58'),
	(22, 4, 30, NULL, 'টাঙ্গাইল', NULL, NULL, NULL, NULL, 1, 10, NULL, NULL, NULL, '2025-11-01 00:28:16', '2025-11-01 00:28:16'),
	(23, 4, 29, NULL, 'নেত্রকোনা', NULL, NULL, NULL, NULL, 1, 10, NULL, NULL, NULL, '2025-11-01 00:28:31', '2025-11-01 00:28:31'),
	(24, 4, 28, NULL, 'জামালপুর', NULL, NULL, NULL, NULL, 1, 10, NULL, NULL, NULL, '2025-11-01 00:28:53', '2025-11-01 00:28:53'),
	(25, 3, 27, NULL, 'নোয়াপাড়া, খুলনা', NULL, NULL, NULL, NULL, 1, 10, NULL, NULL, NULL, '2025-11-01 00:32:05', '2025-11-01 00:32:05'),
	(26, 3, 26, NULL, 'যশোর', NULL, NULL, NULL, NULL, 1, 10, NULL, NULL, NULL, '2025-11-01 00:32:33', '2025-11-01 00:32:33'),
	(27, 2, 25, NULL, 'বরগুনা', NULL, NULL, NULL, NULL, 1, 10, NULL, 10, '2025-11-01 01:03:36', '2025-11-01 00:33:35', '2025-11-01 01:03:36'),
	(28, 2, 24, NULL, 'পিরোজপুর', NULL, NULL, NULL, NULL, 1, 10, NULL, NULL, NULL, '2025-11-01 00:34:00', '2025-11-01 00:34:00'),
	(29, 1, 22, NULL, 'নরসিংদী মাধবদী', NULL, NULL, NULL, NULL, 1, 10, NULL, NULL, NULL, '2025-11-01 00:34:26', '2025-11-01 00:34:26'),
	(30, 1, 21, NULL, 'মুন্সীগঞ্জ', NULL, NULL, NULL, NULL, 1, 10, 10, NULL, NULL, '2025-11-01 00:35:27', '2025-11-01 01:20:48'),
	(31, 1, 21, NULL, 'মুন্সীগঞ্জ, নারায়ণগঞ্জ', NULL, NULL, NULL, NULL, 1, 10, NULL, 10, '2025-11-01 00:36:07', '2025-11-01 00:35:27', '2025-11-01 00:36:07'),
	(32, 1, 20, NULL, 'সাভার', NULL, NULL, NULL, NULL, 1, 10, NULL, NULL, NULL, '2025-11-01 00:35:44', '2025-11-01 00:35:44'),
	(33, 5, 13, NULL, 'ঈশ্বরদী', NULL, NULL, NULL, NULL, 1, 10, NULL, NULL, NULL, '2025-11-01 00:36:53', '2025-11-01 00:36:53'),
	(34, 5, 13, NULL, 'ঈশ্বরদী', NULL, NULL, NULL, NULL, 1, 10, NULL, 10, '2025-11-01 00:37:54', '2025-11-01 00:36:53', '2025-11-01 00:37:54'),
	(35, 5, 12, NULL, 'চাঁপাইনবাবগঞ্জ', NULL, NULL, NULL, NULL, 1, 10, NULL, NULL, NULL, '2025-11-01 00:38:33', '2025-11-01 00:38:33'),
	(36, 1, 11, NULL, 'নরসিংদী', NULL, NULL, NULL, NULL, 1, 10, NULL, NULL, NULL, '2025-11-01 00:41:07', '2025-11-01 00:41:07'),
	(37, 6, 10, NULL, 'লালমনিরহাট', NULL, NULL, NULL, NULL, 1, 10, NULL, NULL, NULL, '2025-11-01 00:56:07', '2025-11-01 00:56:07'),
	(38, 6, 9, NULL, 'দিনাজপুর', NULL, NULL, NULL, NULL, 1, 10, NULL, NULL, NULL, '2025-11-01 00:56:51', '2025-11-01 00:56:51'),
	(39, 3, 7, NULL, 'কুষ্টিয়া', NULL, NULL, NULL, NULL, 1, 10, NULL, NULL, NULL, '2025-11-01 00:57:35', '2025-11-01 00:57:35'),
	(40, 4, 6, NULL, 'শেরপুর', NULL, NULL, NULL, NULL, 1, 10, NULL, NULL, NULL, '2025-11-01 00:58:05', '2025-11-01 00:58:05'),
	(41, 5, 5, NULL, 'নওগাঁ', NULL, NULL, NULL, NULL, 1, 10, NULL, NULL, NULL, '2025-11-01 00:58:47', '2025-11-01 00:58:47'),
	(42, 5, 5, NULL, 'নওগাঁ', NULL, NULL, NULL, NULL, 1, 10, NULL, 10, '2025-11-01 00:59:41', '2025-11-01 00:58:47', '2025-11-01 00:59:41'),
	(43, 1, 11, NULL, 'নরসিংদী', NULL, NULL, NULL, NULL, 1, 10, NULL, 10, '2025-11-01 01:48:34', '2025-11-01 01:01:40', '2025-11-01 01:48:34'),
	(44, 1, 1, NULL, 'নীলক্ষেত', NULL, NULL, NULL, NULL, 1, 10, NULL, NULL, NULL, '2025-11-01 01:02:07', '2025-11-01 01:02:07'),
	(45, 2, 4, NULL, 'পটুয়াখালী', NULL, NULL, NULL, NULL, 1, 10, NULL, NULL, NULL, '2025-11-01 01:03:03', '2025-11-01 01:03:03'),
	(46, 2, 25, NULL, 'বরগুনা', NULL, NULL, NULL, NULL, 1, 10, NULL, NULL, NULL, '2025-11-01 01:03:25', '2025-11-01 01:03:25'),
	(47, 1, 23, NULL, 'মাওনা', NULL, NULL, NULL, NULL, 1, 10, 10, NULL, NULL, '2025-11-01 01:04:16', '2025-11-01 01:18:42'),
	(48, 2, 2, NULL, 'ভোলা', NULL, NULL, NULL, NULL, 1, 10, NULL, NULL, NULL, '2025-11-01 01:04:56', '2025-11-01 01:04:56'),
	(49, 1, 47, NULL, 'মালিবাগ', NULL, NULL, NULL, NULL, 1, 10, NULL, NULL, NULL, '2025-11-01 01:08:56', '2025-11-01 01:08:56'),
	(50, 2, 48, NULL, 'ঝালকাঠি', NULL, NULL, NULL, NULL, 1, 10, NULL, NULL, NULL, '2025-11-01 01:17:20', '2025-11-01 01:17:20'),
	(51, 1, 49, NULL, 'নারায়ণগঞ্জ', NULL, NULL, NULL, NULL, 1, 10, NULL, NULL, NULL, '2025-11-01 01:20:33', '2025-11-01 01:20:33'),
	(52, 3, 46, NULL, 'খুলনা', NULL, NULL, NULL, NULL, 1, 10, NULL, NULL, NULL, '2025-11-02 02:42:42', '2025-11-02 02:42:42'),
	(53, 2, 50, NULL, 'বরিশাল', NULL, NULL, NULL, NULL, 1, 10, NULL, NULL, NULL, '2025-11-02 03:06:03', '2025-11-02 03:06:03'),
	(54, 1, 51, NULL, 'ঢাকা দক্ষিণ', NULL, NULL, NULL, NULL, 1, 1, NULL, NULL, NULL, '2026-01-24 05:22:03', '2026-01-24 05:22:03');

-- Dumping structure for table amar_hostel.testimonials
DROP TABLE IF EXISTS `testimonials`;
CREATE TABLE IF NOT EXISTS `testimonials` (
  `id` bigint unsigned NOT NULL AUTO_INCREMENT,
  `name` varchar(255) COLLATE utf8mb4_unicode_ci NOT NULL,
  `message` text COLLATE utf8mb4_unicode_ci NOT NULL,
  `image` varchar(255) COLLATE utf8mb4_unicode_ci DEFAULT NULL,
  `created_at` timestamp NULL DEFAULT NULL,
  `updated_at` timestamp NULL DEFAULT NULL,
  PRIMARY KEY (`id`)
) ENGINE=InnoDB DEFAULT CHARSET=utf8mb4 COLLATE=utf8mb4_unicode_ci;

-- Dumping data for table amar_hostel.testimonials: ~0 rows (approximately)
DELETE FROM `testimonials`;

-- Dumping structure for table amar_hostel.users
DROP TABLE IF EXISTS `users`;
CREATE TABLE IF NOT EXISTS `users` (
  `id` bigint unsigned NOT NULL AUTO_INCREMENT,
  `name` varchar(255) COLLATE utf8mb4_unicode_ci DEFAULT NULL,
  `user_name` varchar(255) COLLATE utf8mb4_unicode_ci DEFAULT NULL,
  `email` varchar(255) COLLATE utf8mb4_unicode_ci DEFAULT NULL,
  `phone` varchar(255) COLLATE utf8mb4_unicode_ci DEFAULT NULL,
  `address` text COLLATE utf8mb4_unicode_ci,
  `image` varchar(255) COLLATE utf8mb4_unicode_ci DEFAULT NULL,
  `cover_image` varchar(255) COLLATE utf8mb4_unicode_ci DEFAULT NULL,
  `role_status` int NOT NULL DEFAULT '0',
  `status` tinyint(1) NOT NULL DEFAULT '1',
  `email_verified_at` timestamp NULL DEFAULT NULL,
  `otp` varchar(6) COLLATE utf8mb4_unicode_ci DEFAULT NULL,
  `otp_expire` datetime DEFAULT NULL,
  `password` varchar(255) COLLATE utf8mb4_unicode_ci NOT NULL,
  `remember_token` varchar(100) COLLATE utf8mb4_unicode_ci DEFAULT NULL,
  `created_by` bigint unsigned DEFAULT NULL,
  `updated_by` bigint unsigned DEFAULT NULL,
  `deleted_by` bigint unsigned DEFAULT NULL,
  `deleted_at` timestamp NULL DEFAULT NULL,
  `created_at` timestamp NULL DEFAULT NULL,
  `updated_at` timestamp NULL DEFAULT NULL,
  PRIMARY KEY (`id`),
  UNIQUE KEY `users_user_name_unique` (`user_name`),
  UNIQUE KEY `users_email_unique` (`email`),
  KEY `users_created_by_foreign` (`created_by`),
  KEY `users_updated_by_foreign` (`updated_by`),
  KEY `users_deleted_by_foreign` (`deleted_by`),
  CONSTRAINT `users_created_by_foreign` FOREIGN KEY (`created_by`) REFERENCES `users` (`id`) ON DELETE SET NULL,
  CONSTRAINT `users_deleted_by_foreign` FOREIGN KEY (`deleted_by`) REFERENCES `users` (`id`) ON DELETE SET NULL,
  CONSTRAINT `users_updated_by_foreign` FOREIGN KEY (`updated_by`) REFERENCES `users` (`id`) ON DELETE SET NULL
) ENGINE=InnoDB AUTO_INCREMENT=8 DEFAULT CHARSET=utf8mb4 COLLATE=utf8mb4_unicode_ci;

-- Dumping data for table amar_hostel.users: ~3 rows (approximately)
DELETE FROM `users`;
INSERT INTO `users` (`id`, `name`, `user_name`, `email`, `phone`, `address`, `image`, `cover_image`, `role_status`, `status`, `email_verified_at`, `otp`, `otp_expire`, `password`, `remember_token`, `created_by`, `updated_by`, `deleted_by`, `deleted_at`, `created_at`, `updated_at`) VALUES
	(1, 'Admin', 'admin', 'wali@gmail.com', '01711111111', NULL, NULL, NULL, 1, 1, NULL, NULL, NULL, '$2y$12$ZUsjvxfb7txNaFEKaCvFeeMrlJVbVM0Fdmf2c7kOzUeLMkAQJgJ56', NULL, NULL, NULL, NULL, NULL, '2026-02-03 03:19:59', '2026-02-03 03:19:59'),
	(3, 'ww', 'ww', 'wasi@gmail.com', NULL, NULL, NULL, NULL, 0, 1, NULL, NULL, NULL, '$2y$12$iONyaTWlMDUGzmhgZXQ1Cu4vNkUSlqxVA9YuGlBhrrpXjqo3eUh4m', NULL, NULL, NULL, NULL, NULL, '2026-02-07 23:51:00', '2026-02-07 23:51:00'),
	(6, 'Investor 1', '01997316189', NULL, '01997316189', NULL, NULL, NULL, 0, 1, NULL, NULL, NULL, '$2y$12$66yI.icak6oOYd/xksn9pOFuzWgmCx3ZhvCqBEfSg5cqePk6gJCcW', 'sNHEHQr0cc1lCqJ2gUQ34mwdGkTwcJIgrC3BwruwerFBuogV8uDZIUKQVR41', 1, NULL, NULL, NULL, '2026-02-09 22:23:41', '2026-02-09 22:23:41'),
	(7, 'Wali', '01921588567', 'w@gmail.com', '01921588567', NULL, NULL, NULL, 0, 1, NULL, NULL, NULL, '$2y$12$WDaWYQ89vRplC9Do3a2Cd.GHViXk9q0DGVZnI71yU7Zux4/VH3f2O', NULL, 1, NULL, NULL, NULL, '2026-02-15 04:26:31', '2026-02-15 04:26:31');

-- Dumping structure for table amar_hostel.wallets
DROP TABLE IF EXISTS `wallets`;
CREATE TABLE IF NOT EXISTS `wallets` (
  `id` bigint unsigned NOT NULL AUTO_INCREMENT,
  `investor_id` bigint unsigned NOT NULL,
  `invest_id` bigint unsigned DEFAULT NULL,
  `investor_profit_id` bigint unsigned DEFAULT NULL,
  `investor_payment_id` bigint unsigned DEFAULT NULL,
  `sattlement_id` bigint unsigned DEFAULT NULL,
  `date` date DEFAULT NULL,
  `amount_in` decimal(16,0) NOT NULL DEFAULT '0',
  `amount_out` decimal(16,0) NOT NULL DEFAULT '0',
  `type` varchar(255) COLLATE utf8mb4_unicode_ci NOT NULL,
  `approved` tinyint NOT NULL DEFAULT '0',
  `created_by` bigint unsigned DEFAULT NULL,
  `updated_by` bigint unsigned DEFAULT NULL,
  `deleted_by` bigint unsigned DEFAULT NULL,
  `deleted_at` timestamp NULL DEFAULT NULL,
  `created_at` timestamp NULL DEFAULT NULL,
  `updated_at` timestamp NULL DEFAULT NULL,
  PRIMARY KEY (`id`),
  KEY `wallets_investor_id_foreign` (`investor_id`),
  CONSTRAINT `wallets_investor_id_foreign` FOREIGN KEY (`investor_id`) REFERENCES `investors` (`id`) ON DELETE CASCADE
) ENGINE=InnoDB AUTO_INCREMENT=2 DEFAULT CHARSET=utf8mb4 COLLATE=utf8mb4_unicode_ci;

-- Dumping data for table amar_hostel.wallets: ~1 rows (approximately)
DELETE FROM `wallets`;
INSERT INTO `wallets` (`id`, `investor_id`, `invest_id`, `investor_profit_id`, `investor_payment_id`, `sattlement_id`, `date`, `amount_in`, `amount_out`, `type`, `approved`, `created_by`, `updated_by`, `deleted_by`, `deleted_at`, `created_at`, `updated_at`) VALUES
	(1, 1, 1, NULL, NULL, NULL, '2026-02-10', 140000, 0, 'Invest', 1, 1, 1, NULL, NULL, '2026-02-09 22:42:48', '2026-02-15 02:11:04');

/*!40103 SET TIME_ZONE=IFNULL(@OLD_TIME_ZONE, 'system') */;
/*!40101 SET SQL_MODE=IFNULL(@OLD_SQL_MODE, '') */;
/*!40014 SET FOREIGN_KEY_CHECKS=IFNULL(@OLD_FOREIGN_KEY_CHECKS, 1) */;
/*!40101 SET CHARACTER_SET_CLIENT=@OLD_CHARACTER_SET_CLIENT */;
/*!40111 SET SQL_NOTES=IFNULL(@OLD_SQL_NOTES, 1) */;
